0.00000000,0.00000000,1.00000000,0.00000000,1.00000000,0.00000000,-1.00000000,0.00000000,0.00000000,0.00000000,0.00000000,0.50000000,0.00000000
0.00000000,0.00000000,1.00000000,0.00000000,1.00000000,0.00000000,-1.00000000,0.00000000,0.00000000,0.00000009,0.00000000,0.50000000,0.00000000
0.00000000,0.00000000,1.00000000,0.00000000,1.00000000,0.00000000,-1.00000000,0.00000000,0.00000000,0.00000070,0.00000000,0.50000002,0.00000000
-0.00000168,0.00000000,1.00000000,0.00000000,1.00000000,0.00000000,-1.00000000,0.00000000,-0.00000168,0.00000234,0.00000000,0.50000008,0.00000000
-0.00000397,0.00000000,1.00000000,0.00000000,1.00000000,0.00000000,-1.00000000,0.00000000,-0.00000397,0.00000554,0.00000000,0.50000019,0.00000000
-0.00000774,0.00000000,1.00000000,0.00000000,1.00000000,0.00000000,-1.00000000,0.00000000,-0.00000774,0.00001079,0.00000000,0.50000037,0.00000000
-0.00001333,0.00000000,1.00000000,0.00000000,1.00000000,0.00000000,-1.00000000,0.00000000,-0.00001333,0.00001859,0.00000000,0.50000063,0.00000000
-0.00002110,0.00000000,1.00000000,0.00000000,1.00000000,0.00000000,-1.00000000,0.00000000,-0.00002110,0.00002943,0.00000000,0.50000100,0.00000000
-0.00003140,0.00000000,1.00000000,0.00000000,1.00000000,0.00000000,-1.00000000,0.00000000,-0.00003140,0.00004379,0.00000000,0.50000149,0.00000000
-0.00004458,0.00000000,1.00000000,0.00000000,1.00000000,0.00000000,-1.00000000,0.00000000,-0.00004458,0.00006217,0.00000000,0.50000211,0.00000000
-0.00006096,0.00000000,1.00000000,0.00000000,1.00000000,0.00000000,-1.00000000,0.00000000,-0.00006096,0.00008502,0.00000000,0.50000288,0.00000000
-0.00008089,0.00000000,1.00000000,0.00000000,1.00000000,0.00000000,-1.00000000,0.00000000,-0.00008089,0.00011282,0.00000000,0.50000382,0.00000000
-0.00010470,0.00000000,0.99999999,0.00000000,1.00000000,0.00000000,-0.99999999,0.00000000,-0.00010470,0.00014602,0.00000000,0.50000495,0.00000000
-0.00013271,0.00000000,0.99999999,0.00000000,1.00000000,0.00000000,-0.99999999,0.00000000,-0.00013271,0.00018508,0.00000000,0.50000627,0.00000000
-0.00016525,0.00000000,0.99999999,0.00000000,1.00000000,0.00000000,-0.99999999,0.00000000,-0.00016525,0.00023046,0.00000000,0.50000780,0.00000000
-0.00020263,0.00000000,0.99999998,0.00000000,1.00000000,0.00000000,-0.99999998,0.00000000,-0.00020263,0.00028259,0.00000000,0.50000956,0.00000000
-0.00024516,0.00000000,0.99999997,0.00000000,1.00000000,0.00000000,-0.99999997,0.00000000,-0.00024516,0.00034191,0.00000000,0.50001156,0.00000000
-0.00029316,0.00000000,0.99999996,0.00000000,1.00000000,0.00000000,-0.99999996,0.00000000,-0.00029316,0.00040885,0.00000000,0.50001382,0.00000000
-0.00034693,0.00000000,0.99999994,0.00000000,1.00000000,0.00000000,-0.99999994,0.00000000,-0.00034693,0.00048384,0.00000000,0.50001634,0.00000000
-0.00040677,0.00000000,0.99999992,0.00000000,1.00000000,0.00000000,-0.99999992,0.00000000,-0.00040677,0.00056729,0.00000000,0.50001914,0.00000000
-0.00047298,0.00000000,0.99999989,0.00000000,1.00000000,0.00000000,-0.99999989,0.00000000,-0.00047298,0.00065962,0.00000000,0.50002223,0.00000000
-0.00054584,0.00000000,0.99999985,0.00000000,1.00000000,0.00000000,-0.99999985,0.00000000,-0.00054584,0.00076124,0.00000000,0.50002563,0.00000000
-0.00062565,0.00000000,0.99999980,0.00000000,1.00000000,0.00000000,-0.99999980,0.00000000,-0.00062565,0.00087255,0.00000000,0.50002934,0.00000000
-0.00071270,0.00000000,0.99999975,0.00000000,1.00000000,0.00000000,-0.99999975,0.00000000,-0.00071270,0.00099394,0.00000000,0.50003338,0.00000000
-0.00080725,0.00000000,0.99999967,0.00000000,1.00000000,0.00000000,-0.99999967,0.00000000,-0.00080725,0.00112581,0.00000000,0.50003776,0.00000000
-0.00090959,0.00000000,0.99999959,0.00000000,1.00000000,0.00000000,-0.99999959,0.00000000,-0.00090959,0.00126854,0.00000000,0.50004248,0.00000000
-0.00101999,0.00000000,0.99999948,0.00000000,1.00000000,0.00000000,-0.99999948,0.00000000,-0.00101999,0.00142250,0.00000000,0.50004756,0.00000000
-0.00113871,0.00000000,0.99999935,0.00000000,1.00000000,0.00000000,-0.99999935,0.00000000,-0.00113871,0.00158808,0.00000000,0.50005300,0.00000000
-0.00126602,0.00000000,0.99999920,0.00000000,1.00000000,0.00000000,-0.99999920,0.00000000,-0.00126602,0.00176564,0.00000000,0.50005881,0.00000000
-0.00140218,0.00000000,0.99999902,0.00000000,1.00000000,0.00000000,-0.99999902,0.00000000,-0.00140218,0.00195554,0.00000000,0.50006500,0.00000000
-0.00154744,0.00000000,0.99999880,0.00000000,1.00000000,0.00000000,-0.99999880,0.00000000,-0.00154744,0.00215813,0.00000000,0.50007158,0.00000000
-0.00170206,0.00000000,0.99999855,0.00000000,1.00000000,0.00000000,-0.99999855,0.00000000,-0.00170206,0.00237377,0.00000000,0.50007855,0.00000000
-0.00186628,0.00000000,0.99999826,0.00000000,1.00000000,0.00000000,-0.99999826,0.00000000,-0.00186628,0.00260281,0.00000000,0.50008591,0.00000000
-0.00204035,0.00000000,0.99999792,0.00000000,1.00000000,0.00000000,-0.99999792,0.00000000,-0.00204035,0.00284558,0.00000000,0.50009368,0.00000000
-0.00222450,0.00000000,0.99999753,0.00000000,1.00000000,0.00000000,-0.99999753,0.00000000,-0.00222450,0.00310242,0.00000000,0.50010185,0.00000000
-0.00241897,0.00000000,0.99999707,0.00000000,1.00000000,0.00000000,-0.99999707,0.00000000,-0.00241897,0.00337365,0.00000000,0.50011042,0.00000000
-0.00262400,0.00000000,0.99999656,0.00000000,1.00000000,0.00000000,-0.99999656,0.00000000,-0.00262400,0.00365961,0.00000000,0.50011941,0.00000000
-0.00283980,0.00000000,0.99999597,0.00000000,1.00000000,0.00000000,-0.99999597,0.00000000,-0.00283980,0.00396060,0.00000000,0.50012880,0.00000000
-0.00306661,0.00000000,0.99999530,0.00000000,1.00000000,0.00000000,-0.99999530,0.00000000,-0.00306661,0.00427694,0.00000000,0.50013860,0.00000000
-0.00330465,0.00000000,0.99999454,0.00000000,1.00000000,0.00000000,-0.99999454,0.00000000,-0.00330465,0.00460894,0.00000000,0.50014881,0.00000000
-0.00355412,0.00000000,0.99999368,0.00000000,1.00000000,0.00000000,-0.99999368,0.00000000,-0.00355412,0.00495690,0.00000000,0.50015943,0.00000000
-0.00381525,0.00000000,0.99999272,0.00000000,1.00000000,0.00000000,-0.99999272,0.00000000,-0.00381525,0.00532112,0.00000000,0.50017044,0.00000000
-0.00408824,0.00000000,0.99999164,0.00000000,1.00000000,0.00000000,-0.99999164,0.00000000,-0.00408824,0.00570189,0.00000000,0.50018186,0.00000000
-0.00437330,0.00000000,0.99999044,0.00000000,1.00000000,0.00000000,-0.99999044,0.00000000,-0.00437330,0.00609948,0.00000000,0.50019367,0.00000000
-0.00467062,0.00000000,0.99998909,0.00000000,1.00000000,0.00000000,-0.99998909,0.00000000,-0.00467062,0.00651420,0.00000000,0.50020587,0.00000000
-0.00498041,0.00000000,0.99998760,0.00000000,1.00000000,0.00000000,-0.99998760,0.00000000,-0.00498041,0.00694630,0.00000000,0.50021845,0.00000000
-0.00530285,0.00000000,0.99998594,0.00000000,1.00000000,0.00000000,-0.99998594,0.00000000,-0.00530285,0.00739606,0.00000000,0.50023140,0.00000000
-0.00563815,0.00000000,0.99998411,0.00000000,1.00000000,0.00000000,-0.99998411,0.00000000,-0.00563815,0.00786375,0.00000000,0.50024471,0.00000000
-0.00598648,0.00000000,0.99998208,0.00000000,1.00000000,0.00000000,-0.99998208,0.00000000,-0.00598648,0.00834963,0.00000000,0.50025838,0.00000000
-0.00634802,0.00000000,0.99997985,0.00000000,1.00000000,0.00000000,-0.99997985,0.00000000,-0.00634802,0.00885394,0.00000000,0.50027238,0.00000000
-0.00672296,0.00000000,0.99997740,0.00000000,1.00000000,0.00000000,-0.99997740,0.00000000,-0.00672296,0.00937695,0.00000000,0.50028671,0.00000000
-0.00711147,0.00000000,0.99997471,0.00000000,1.00000000,0.00000000,-0.99997471,0.00000000,-0.00711147,0.00991890,0.00000000,0.50030136,0.00000000
-0.00751372,0.00000000,0.99997177,0.00000000,1.00000000,0.00000000,-0.99997177,0.00000000,-0.00751372,0.01048002,0.00000000,0.50031629,0.00000000
-0.00792988,0.00000000,0.99996856,0.00000000,1.00000000,0.00000000,-0.99996856,0.00000000,-0.00792988,0.01106055,0.00000000,0.50033151,0.00000000
-0.00836011,0.00000000,0.99996505,0.00000000,1.00000000,0.00000000,-0.99996505,0.00000000,-0.00836011,0.01166072,0.00000000,0.50034699,0.00000000
-0.00880458,0.00000000,0.99996124,0.00000000,1.00000000,0.00000000,-0.99996124,0.00000000,-0.00880458,0.01228076,0.00000000,0.50036271,0.00000000
-0.00926344,0.00000000,0.99995709,0.00000000,1.00000000,0.00000000,-0.99995709,0.00000000,-0.00926344,0.01292088,0.00000000,0.50037865,0.00000000
-0.00973684,0.00000000,0.99995260,0.00000000,1.00000000,0.00000000,-0.99995260,0.00000000,-0.00973684,0.01358131,0.00000000,0.50039478,0.00000000
-0.01022494,0.00000000,0.99994772,0.00000000,1.00000000,0.00000000,-0.99994772,0.00000000,-0.01022494,0.01426224,0.00000000,0.50041109,0.00000000
-0.01072788,0.00000000,0.99994245,0.00000000,1.00000000,0.00000000,-0.99994245,0.00000000,-0.01072788,0.01496389,0.00000000,0.50042755,0.00000000
-0.01124580,0.00000000,0.99993676,0.00000000,1.00000000,0.00000000,-0.99993676,0.00000000,-0.01124580,0.01568646,0.00000000,0.50044413,0.00000000
-0.01177885,0.00000000,0.99993063,0.00000000,1.00000000,0.00000000,-0.99993063,0.00000000,-0.01177885,0.01643014,0.00000000,0.50046080,0.00000000
-0.01232715,0.00000000,0.99992402,0.00000000,1.00000000,0.00000000,-0.99992402,0.00000000,-0.01232715,0.01719513,0.00000000,0.50047754,0.00000000
-0.01289085,0.00000000,0.99991691,0.00000000,1.00000000,0.00000000,-0.99991691,0.00000000,-0.01289085,0.01798160,0.00000000,0.50049431,0.00000000
-0.01347007,0.00000000,0.99990927,0.00000000,1.00000000,0.00000000,-0.99990927,0.00000000,-0.01347007,0.01878975,0.00000000,0.50051108,0.00000000
-0.01406494,0.00000000,0.99990108,0.00000000,1.00000000,0.00000000,-0.99990108,0.00000000,-0.01406494,0.01961974,0.00000000,0.50052781,0.00000000
-0.01467557,0.00000000,0.99989231,0.00000000,1.00000000,0.00000000,-0.99989231,0.00000000,-0.01467557,0.02047175,0.00000000,0.50054448,0.00000000
-0.01530210,0.00000000,0.99988292,0.00000000,1.00000000,0.00000000,-0.99988292,0.00000000,-0.01530210,0.02134595,0.00000000,0.50056104,0.00000000
-0.01594462,0.00000000,0.99987288,0.00000000,1.00000000,0.00000000,-0.99987288,0.00000000,-0.01594462,0.02224250,0.00000000,0.50057745,0.00000000
-0.01660327,0.00000000,0.99986216,0.00000000,1.00000000,0.00000000,-0.99986216,0.00000000,-0.01660327,0.02316155,0.00000000,0.50059368,0.00000000
-0.01727813,0.00000000,0.99985072,0.00000000,1.00000000,0.00000000,-0.99985072,0.00000000,-0.01727813,0.02410326,0.00000000,0.50060968,0.00000000
-0.01796933,0.00000000,0.99983854,0.00000000,1.00000000,0.00000000,-0.99983854,0.00000000,-0.01796933,0.02506779,0.00000000,0.50062540,0.00000000
-0.01867695,0.00000000,0.99982557,0.00000000,1.00000000,0.00000000,-0.99982557,0.00000000,-0.01867695,0.02605526,0.00000000,0.50064081,0.00000000
-0.01940111,0.00000000,0.99981178,0.00000000,1.00000000,0.00000000,-0.99981178,0.00000000,-0.01940111,0.02706583,0.00000000,0.50065586,0.00000000
-0.02014189,0.00000000,0.99979713,0.00000000,1.00000000,0.00000000,-0.99979713,0.00000000,-0.02014189,0.02809963,0.00000000,0.50067049,0.00000000
-0.02089940,0.00000000,0.99978158,0.00000000,1.00000000,0.00000000,-0.99978158,0.00000000,-0.02089940,0.02915678,0.00000000,0.50068467,0.00000000
-0.02167370,0.00000000,0.99976510,0.00000000,1.00000000,0.00000000,-0.99976510,0.00000000,-0.02167370,0.03023741,0.00000000,0.50069833,0.00000000
-0.02246491,0.00000000,0.99974763,0.00000000,1.00000000,0.00000000,-0.99974763,0.00000000,-0.02246491,0.03134166,0.00000000,0.50071142,0.00000000
-0.02327308,0.00000000,0.99972915,0.00000000,1.00000000,0.00000000,-0.99972915,0.00000000,-0.02327308,0.03246962,0.00000000,0.50072389,0.00000000
-0.02409831,0.00000000,0.99970959,0.00000000,1.00000000,0.00000000,-0.99970959,0.00000000,-0.02409831,0.03362142,0.00000000,0.50073569,0.00000000
-0.02494067,0.00000000,0.99968893,0.00000000,1.00000000,0.00000000,-0.99968893,0.00000000,-0.02494067,0.03479716,0.00000000,0.50074675,0.00000000
-0.02580024,0.00000000,0.99966712,0.00000000,1.00000000,0.00000000,-0.99966712,0.00000000,-0.02580024,0.03599694,0.00000000,0.50075701,0.00000000
-0.02667708,0.00000000,0.99964410,0.00000000,1.00000000,0.00000000,-0.99964410,0.00000000,-0.02667708,0.03722088,0.00000000,0.50076642,0.00000000
-0.02757125,0.00000000,0.99961984,0.00000000,1.00000000,0.00000000,-0.99961984,0.00000000,-0.02757125,0.03846905,0.00000000,0.50077491,0.00000000
-0.02848283,0.00000000,0.99959428,0.00000000,1.00000000,0.00000000,-0.99959428,0.00000000,-0.02848283,0.03974156,0.00000000,0.50078242,0.00000000
-0.02941188,0.00000000,0.99956738,0.00000000,1.00000000,0.00000000,-0.99956738,0.00000000,-0.02941188,0.04103848,0.00000000,0.50078887,0.00000000
-0.03035844,0.00000000,0.99953908,0.00000000,1.00000000,0.00000000,-0.99953908,0.00000000,-0.03035844,0.04235990,0.00000000,0.50079421,0.00000000
-0.03132258,0.00000000,0.99950933,0.00000000,1.00000000,0.00000000,-0.99950933,0.00000000,-0.03132258,0.04370590,0.00000000,0.50079836,0.00000000
-0.03230434,0.00000000,0.99947808,0.00000000,1.00000000,0.00000000,-0.99947808,0.00000000,-0.03230434,0.04507655,0.00000000,0.50080125,0.00000000
-0.03330377,0.00000000,0.99944528,0.00000000,1.00000000,0.00000000,-0.99944528,0.00000000,-0.03330377,0.04647192,0.00000000,0.50080281,0.00000000
-0.03432092,0.00000000,0.99941086,0.00000000,1.00000000,0.00000000,-0.99941086,0.00000000,-0.03432092,0.04789208,0.00000000,0.50080297,0.00000000
-0.03535583,0.00000000,0.99937479,0.00000000,1.00000000,0.00000000,-0.99937479,0.00000000,-0.03535583,0.04933708,0.00000000,0.50080164,0.00000000
-0.03640854,0.00000000,0.99933699,0.00000000,1.00000000,0.00000000,-0.99933699,0.00000000,-0.03640854,0.05080699,0.00000000,0.50079876,0.00000000
-0.03747909,0.00000000,0.99929741,0.00000000,1.00000000,0.00000000,-0.99929741,0.00000000,-0.03747909,0.05230184,0.00000000,0.50079424,0.00000000
-0.03856749,0.00000000,0.99925600,0.00000000,1.00000000,0.00000000,-0.99925600,0.00000000,-0.03856749,0.05382171,0.00000000,0.50078800,0.00000000
-0.03967380,0.00000000,0.99921268,0.00000000,1.00000000,0.00000000,-0.99921268,0.00000000,-0.03967380,0.05536662,0.00000000,0.50077996,0.00000000
-0.04079802,0.00000000,0.99916741,0.00000000,1.00000000,0.00000000,-0.99916741,0.00000000,-0.04079802,0.05693661,0.00000000,0.50077004,0.00000000
-0.04194019,0.00000000,0.99912012,0.00000000,1.00000000,0.00000000,-0.99912012,0.00000000,-0.04194019,0.05853173,0.00000000,0.50075815,0.00000000
-0.04310033,0.00000000,0.99907075,0.00000000,1.00000000,0.00000000,-0.99907075,0.00000000,-0.04310033,0.06015200,0.00000000,0.50074421,0.00000000
-0.04427845,0.00000000,0.99901923,0.00000000,1.00000000,0.00000000,-0.99901923,0.00000000,-0.04427845,0.06179746,0.00000000,0.50072813,0.00000000
-0.04547457,0.00000000,0.99896550,0.00000000,1.00000000,0.00000000,-0.99896550,0.00000000,-0.04547457,0.06346812,0.00000000,0.50070981,0.00000000
-0.04668870,0.00000000,0.99890949,0.00000000,1.00000000,0.00000000,-0.99890949,0.00000000,-0.04668870,0.06516400,0.00000000,0.50068917,0.00000000
-0.04792085,0.00000000,0.99885114,0.00000000,1.00000000,0.00000000,-0.99885114,0.00000000,-0.04792085,0.06688513,0.00000000,0.50066612,0.00000000
-0.04917103,0.00000000,0.99879037,0.00000000,1.00000000,0.00000000,-0.99879037,0.00000000,-0.04917103,0.06863151,0.00000000,0.50064056,0.00000000
-0.05043923,0.00000000,0.99872713,0.00000000,1.00000000,0.00000000,-0.99872713,0.00000000,-0.05043923,0.07040315,0.00000000,0.50061239,0.00000000
-0.05172546,0.00000000,0.99866134,0.00000000,1.00000000,0.00000000,-0.99866134,0.00000000,-0.05172546,0.07220005,0.00000000,0.50058152,0.00000000
-0.05302972,0.00000000,0.99859293,0.00000000,1.00000000,0.00000000,-0.99859293,0.00000000,-0.05302972,0.07402221,0.00000000,0.50054786,0.00000000
-0.05435200,0.00000000,0.99852184,0.00000000,1.00000000,0.00000000,-0.99852184,0.00000000,-0.05435200,0.07586964,0.00000000,0.50051129,0.00000000
-0.05569229,0.00000000,0.99844798,0.00000000,1.00000000,0.00000000,-0.99844798,0.00000000,-0.05569229,0.07774231,0.00000000,0.50047173,0.00000000
-0.05705058,0.00000000,0.99837129,0.00000000,1.00000000,0.00000000,-0.99837129,0.00000000,-0.05705058,0.07964022,0.00000000,0.50042908,0.00000000
-0.05842686,0.00000000,0.99829169,0.00000000,1.00000000,0.00000000,-0.99829169,0.00000000,-0.05842686,0.08156336,0.00000000,0.50038321,0.00000000
-0.05982111,0.00000000,0.99820911,0.00000000,1.00000000,0.00000000,-0.99820911,0.00000000,-0.05982111,0.08351169,0.00000000,0.50033405,0.00000000
-0.06123331,0.00000000,0.99812348,0.00000000,1.00000000,0.00000000,-0.99812348,0.00000000,-0.06123331,0.08548521,0.00000000,0.50028147,0.00000000
-0.06266343,0.00000000,0.99803472,0.00000000,1.00000000,0.00000000,-0.99803472,0.00000000,-0.06266343,0.08748387,0.00000000,0.50022537,0.00000000
-0.06411146,0.00000000,0.99794274,0.00000000,1.00000000,0.00000000,-0.99794274,0.00000000,-0.06411146,0.08950766,0.00000000,0.50016565,0.00000000
-0.06557737,0.00000000,0.99784749,0.00000000,1.00000000,0.00000000,-0.99784749,0.00000000,-0.06557737,0.09155653,0.00000000,0.50010219,0.00000000
-0.06706111,0.00000000,0.99774887,0.00000000,1.00000000,0.00000000,-0.99774887,0.00000000,-0.06706111,0.09363044,0.00000000,0.50003489,0.00000000
-0.06856267,0.00000000,0.99764681,0.00000000,1.00000000,0.00000000,-0.99764681,0.00000000,-0.06856267,0.09572936,0.00000000,0.49996364,0.00000000
-0.07008201,0.00000000,0.99754123,0.00000000,1.00000000,0.00000000,-0.99754123,0.00000000,-0.07008201,0.09785323,0.00000000,0.49988832,0.00000000
-0.07161908,0.00000000,0.99743206,0.00000000,1.00000000,0.00000000,-0.99743206,0.00000000,-0.07161908,0.10000201,0.00000000,0.49980881,0.00000000
-0.07317384,0.00000000,0.99731920,0.00000000,1.00000000,0.00000000,-0.99731920,0.00000000,-0.07317384,0.10217563,0.00000000,0.49972502,0.00000000
-0.07474626,0.00000000,0.99720259,0.00000000,1.00000000,0.00000000,-0.99720259,0.00000000,-0.07474626,0.10437405,0.00000000,0.49963682,0.00000000
-0.07633628,0.00000000,0.99708213,0.00000000,1.00000000,0.00000000,-0.99708213,0.00000000,-0.07633628,0.10659721,0.00000000,0.49954409,0.00000000
-0.07794385,0.00000000,0.99695775,0.00000000,1.00000000,0.00000000,-0.99695775,0.00000000,-0.07794385,0.10884503,0.00000000,0.49944673,0.00000000
-0.07956892,0.00000000,0.99682937,0.00000000,1.00000000,0.00000000,-0.99682937,0.00000000,-0.07956892,0.11111744,0.00000000,0.49934460,0.00000000
-0.08121145,0.00000000,0.99669690,0.00000000,1.00000000,0.00000000,-0.99669690,0.00000000,-0.08121145,0.11341439,0.00000000,0.49923761,0.00000000
-0.08287136,0.00000000,0.99656025,0.00000000,1.00000000,0.00000000,-0.99656025,0.00000000,-0.08287136,0.11573578,0.00000000,0.49912562,0.00000000
-0.08454860,0.00000000,0.99641936,0.00000000,1.00000000,0.00000000,-0.99641936,0.00000000,-0.08454860,0.11808154,0.00000000,0.49900851,0.00000000
-0.08624311,0.00000000,0.99627412,0.00000000,1.00000000,0.00000000,-0.99627412,0.00000000,-0.08624311,0.12045159,0.00000000,0.49888618,0.00000000
-0.08795482,0.00000000,0.99612446,0.00000000,1.00000000,0.00000000,-0.99612446,0.00000000,-0.08795482,0.12284584,0.00000000,0.49875849,0.00000000
-0.08968367,0.00000000,0.99597030,0.00000000,1.00000000,0.00000000,-0.99597030,0.00000000,-0.08968367,0.12526420,0.00000000,0.49862533,0.00000000
-0.09142958,0.00000000,0.99581154,0.00000000,1.00000000,0.00000000,-0.99581154,0.00000000,-0.09142958,0.12770658,0.00000000,0.49848657,0.00000000
-0.09319249,0.00000000,0.99564811,0.00000000,1.00000000,0.00000000,-0.99564811,0.00000000,-0.09319249,0.13017287,0.00000000,0.49834209,0.00000000
-0.09497231,0.00000000,0.99547991,0.00000000,1.00000000,0.00000000,-0.99547991,0.00000000,-0.09497231,0.13266298,0.00000000,0.49819177,0.00000000
-0.09676897,0.00000000,0.99530687,0.00000000,1.00000000,0.00000000,-0.99530687,0.00000000,-0.09676897,0.13517681,0.00000000,0.49803549,0.00000000
-0.09858238,0.00000000,0.99512889,0.00000000,1.00000000,0.00000000,-0.99512889,0.00000000,-0.09858238,0.13771424,0.00000000,0.49787311,0.00000000
-0.10041248,0.00000000,0.99494589,0.00000000,1.00000000,0.00000000,-0.99494589,0.00000000,-0.10041248,0.14027516,0.00000000,0.49770453,0.00000000
-0.10225917,0.00000000,0.99475779,0.00000000,1.00000000,0.00000000,-0.99475779,0.00000000,-0.10225917,0.14285947,0.00000000,0.49752961,0.00000000
-0.10412236,0.00000000,0.99456450,0.00000000,1.00000000,0.00000000,-0.99456450,0.00000000,-0.10412236,0.14546703,0.00000000,0.49734824,0.00000000
-0.10600196,0.00000000,0.99436592,0.00000000,1.00000000,0.00000000,-0.99436592,0.00000000,-0.10600196,0.14809774,0.00000000,0.49716027,0.00000000
-0.10789788,0.00000000,0.99416198,0.00000000,1.00000000,0.00000000,-0.99416198,0.00000000,-0.10789788,0.15075146,0.00000000,0.49696560,0.00000000
-0.10981004,0.00000000,0.99395259,0.00000000,1.00000000,0.00000000,-0.99395259,0.00000000,-0.10981004,0.15342807,0.00000000,0.49676410,0.00000000
-0.11173832,0.00000000,0.99373767,0.00000000,1.00000000,0.00000000,-0.99373767,0.00000000,-0.11173832,0.15612744,0.00000000,0.49655563,0.00000000
-0.11368263,0.00000000,0.99351712,0.00000000,1.00000000,0.00000000,-0.99351712,0.00000000,-0.11368263,0.15884943,0.00000000,0.49634009,0.00000000
-0.11564287,0.00000000,0.99329086,0.00000000,1.00000000,0.00000000,-0.99329086,0.00000000,-0.11564287,0.16159391,0.00000000,0.49611733,0.00000000
-0.11761893,0.00000000,0.99305880,0.00000000,1.00000000,0.00000000,-0.99305880,0.00000000,-0.11761893,0.16436072,0.00000000,0.49588725,0.00000000
-0.11961072,0.00000000,0.99282087,0.00000000,1.00000000,0.00000000,-0.99282087,0.00000000,-0.11961072,0.16714974,0.00000000,0.49564970,0.00000000
-0.12161811,0.00000000,0.99257697,0.00000000,1.00000000,0.00000000,-0.99257697,0.00000000,-0.12161811,0.16996081,0.00000000,0.49540458,0.00000000
-0.12364100,0.00000000,0.99232701,0.00000000,1.00000000,0.00000000,-0.99232701,0.00000000,-0.12364100,0.17279377,0.00000000,0.49515174,0.00000000
-0.12567927,0.00000000,0.99207093,0.00000000,1.00000000,0.00000000,-0.99207093,0.00000000,-0.12567927,0.17564849,0.00000000,0.49489108,0.00000000
-0.12773282,0.00000000,0.99180861,0.00000000,1.00000000,0.00000000,-0.99180861,0.00000000,-0.12773282,0.17852479,0.00000000,0.49462247,0.00000000
-0.12980151,0.00000000,0.99154000,0.00000000,1.00000000,0.00000000,-0.99154000,0.00000000,-0.12980151,0.18142252,0.00000000,0.49434577,0.00000000
-0.13188524,0.00000000,0.99126499,0.00000000,1.00000000,0.00000000,-0.99126499,0.00000000,-0.13188524,0.18434152,0.00000000,0.49406088,0.00000000
-0.13398388,0.00000000,0.99098351,0.00000000,1.00000000,0.00000000,-0.99098351,0.00000000,-0.13398388,0.18728162,0.00000000,0.49376766,0.00000000
-0.13609731,0.00000000,0.99069547,0.00000000,1.00000000,0.00000000,-0.99069547,0.00000000,-0.13609731,0.19024266,0.00000000,0.49346601,0.00000000
-0.13822539,0.00000000,0.99040080,0.00000000,1.00000000,0.00000000,-0.99040080,0.00000000,-0.13822539,0.19322445,0.00000000,0.49315578,0.00000000
-0.14036801,0.00000000,0.99009940,0.00000000,1.00000000,0.00000000,-0.99009940,0.00000000,-0.14036801,0.19622682,0.00000000,0.49283687,0.00000000
-0.14252503,0.00000000,0.98979120,0.00000000,1.00000000,0.00000000,-0.98979120,0.00000000,-0.14252503,0.19924960,0.00000000,0.49250915,0.00000000
-0.14469631,0.00000000,0.98947611,0.00000000,1.00000000,0.00000000,-0.98947611,0.00000000,-0.14469631,0.20229261,0.00000000,0.49217251,0.00000000
-0.14688173,0.00000000,0.98915406,0.00000000,1.00000000,0.00000000,-0.98915406,0.00000000,-0.14688173,0.20535565,0.00000000,0.49182682,0.00000000
-0.14908115,0.00000000,0.98882496,0.00000000,1.00000000,0.00000000,-0.98882496,0.00000000,-0.14908115,0.20843855,0.00000000,0.49147197,0.00000000
-0.15129443,0.00000000,0.98848874,0.00000000,1.00000000,0.00000000,-0.98848874,0.00000000,-0.15129443,0.21154112,0.00000000,0.49110784,0.00000000
-0.15352142,0.00000000,0.98814532,0.00000000,1.00000000,0.00000000,-0.98814532,0.00000000,-0.15352142,0.21466316,0.00000000,0.49073431,0.00000000
-0.15576199,0.00000000,0.98779462,0.00000000,1.00000000,0.00000000,-0.98779462,0.00000000,-0.15576199,0.21780447,0.00000000,0.49035128,0.00000000
-0.15801599,0.00000000,0.98743655,0.00000000,1.00000000,0.00000000,-0.98743655,0.00000000,-0.15801599,0.22096486,0.00000000,0.48995861,0.00000000
-0.16028327,0.00000000,0.98707106,0.00000000,1.00000000,0.00000000,-0.98707106,0.00000000,-0.16028327,0.22414413,0.00000000,0.48955621,0.00000000
-0.16256369,0.00000000,0.98669805,0.00000000,1.00000000,0.00000000,-0.98669805,0.00000000,-0.16256369,0.22734208,0.00000000,0.48914396,0.00000000
-0.16485710,0.00000000,0.98631746,0.00000000,1.00000000,0.00000000,-0.98631746,0.00000000,-0.16485710,0.23055849,0.00000000,0.48872174,0.00000000
-0.16716334,0.00000000,0.98592922,0.00000000,1.00000000,0.00000000,-0.98592922,0.00000000,-0.16716334,0.23379317,0.00000000,0.48828946,0.00000000
-0.16948226,0.00000000,0.98553324,0.00000000,1.00000000,0.00000000,-0.98553324,0.00000000,-0.16948226,0.23704589,0.00000000,0.48784699,0.00000000
-0.17181370,0.00000000,0.98512946,0.00000000,1.00000000,0.00000000,-0.98512946,0.00000000,-0.17181370,0.24031645,0.00000000,0.48739424,0.00000000
-0.17415752,0.00000000,0.98471781,0.00000000,1.00000000,0.00000000,-0.98471781,0.00000000,-0.17415752,0.24360463,0.00000000,0.48693109,0.00000000
-0.17651353,0.00000000,0.98429821,0.00000000,1.00000000,0.00000000,-0.98429821,0.00000000,-0.17651353,0.24691021,0.00000000,0.48645744,0.00000000
-0.17888160,0.00000000,0.98387061,0.00000000,1.00000000,0.00000000,-0.98387061,0.00000000,-0.17888160,0.25023297,0.00000000,0.48597319,0.00000000
-0.18126155,0.00000000,0.98343493,0.00000000,1.00000000,0.00000000,-0.98343493,0.00000000,-0.18126155,0.25357269,0.00000000,0.48547824,0.00000000
-0.18365321,0.00000000,0.98299110,0.00000000,1.00000000,0.00000000,-0.98299110,0.00000000,-0.18365321,0.25692913,0.00000000,0.48497249,0.00000000
-0.18605643,0.00000000,0.98253906,0.00000000,1.00000000,0.00000000,-0.98253906,0.00000000,-0.18605643,0.26030208,0.00000000,0.48445583,0.00000000
-0.18847104,0.00000000,0.98207875,0.00000000,1.00000000,0.00000000,-0.98207875,0.00000000,-0.18847104,0.26369129,0.00000000,0.48392817,0.00000000
-0.19089686,0.00000000,0.98161010,0.00000000,1.00000000,0.00000000,-0.98161010,0.00000000,-0.19089686,0.26709654,0.00000000,0.48338942,0.00000000
-0.19333373,0.00000000,0.98113305,0.00000000,1.00000000,0.00000000,-0.98113305,0.00000000,-0.19333373,0.27051760,0.00000000,0.48283947,0.00000000
-0.19578147,0.00000000,0.98064755,0.00000000,1.00000000,0.00000000,-0.98064755,0.00000000,-0.19578147,0.27395422,0.00000000,0.48227825,0.00000000
-0.19823992,0.00000000,0.98015353,0.00000000,1.00000000,0.00000000,-0.98015353,0.00000000,-0.19823992,0.27740616,0.00000000,0.48170565,0.00000000
-0.20070888,0.00000000,0.97965093,0.00000000,1.00000000,0.00000000,-0.97965093,0.00000000,-0.20070888,0.28087319,0.00000000,0.48112160,0.00000000
-0.20318820,0.00000000,0.97913970,0.00000000,1.00000000,0.00000000,-0.97913970,0.00000000,-0.20318820,0.28435506,0.00000000,0.48052599,0.00000000
-0.20567768,0.00000000,0.97861979,0.00000000,1.00000000,0.00000000,-0.97861979,0.00000000,-0.20567768,0.28785152,0.00000000,0.47991876,0.00000000
-0.20817715,0.00000000,0.97809114,0.00000000,1.00000000,0.00000000,-0.97809114,0.00000000,-0.20817715,0.29136232,0.00000000,0.47929981,0.00000000
-0.21068643,0.00000000,0.97755369,0.00000000,1.00000000,0.00000000,-0.97755369,0.00000000,-0.21068643,0.29488722,0.00000000,0.47866906,0.00000000
-0.21320534,0.00000000,0.97700741,0.00000000,1.00000000,0.00000000,-0.97700741,0.00000000,-0.21320534,0.29842597,0.00000000,0.47802645,0.00000000
-0.21573369,0.00000000,0.97645224,0.00000000,1.00000000,0.00000000,-0.97645224,0.00000000,-0.21573369,0.30197830,0.00000000,0.47737188,0.00000000
-0.21827130,0.00000000,0.97588813,0.00000000,1.00000000,0.00000000,-0.97588813,0.00000000,-0.21827130,0.30554397,0.00000000,0.47670528,0.00000000
-0.22081798,0.00000000,0.97531504,0.00000000,1.00000000,0.00000000,-0.97531504,0.00000000,-0.22081798,0.30912272,0.00000000,0.47602659,0.00000000
-0.22337355,0.00000000,0.97473292,0.00000000,1.00000000,0.00000000,-0.97473292,0.00000000,-0.22337355,0.31271428,0.00000000,0.47533573,0.00000000
-0.22593781,0.00000000,0.97414173,0.00000000,1.00000000,0.00000000,-0.97414173,0.00000000,-0.22593781,0.31631840,0.00000000,0.47463264,0.00000000
-0.22851057,0.00000000,0.97354143,0.00000000,1.00000000,0.00000000,-0.97354143,0.00000000,-0.22851057,0.31993481,0.00000000,0.47391724,0.00000000
-0.23109165,0.00000000,0.97293199,0.00000000,1.00000000,0.00000000,-0.97293199,0.00000000,-0.23109165,0.32356325,0.00000000,0.47318948,0.00000000
-0.23368086,0.00000000,0.97231335,0.00000000,1.00000000,0.00000000,-0.97231335,0.00000000,-0.23368086,0.32720346,0.00000000,0.47244929,0.00000000
-0.23627799,0.00000000,0.97168550,0.00000000,1.00000000,0.00000000,-0.97168550,0.00000000,-0.23627799,0.33085516,0.00000000,0.47169661,0.00000000
-0.23888286,0.00000000,0.97104839,0.00000000,1.00000000,0.00000000,-0.97104839,0.00000000,-0.23888286,0.33451808,0.00000000,0.47093140,0.00000000
-0.24149527,0.00000000,0.97040200,0.00000000,1.00000000,0.00000000,-0.97040200,0.00000000,-0.24149527,0.33819197,0.00000000,0.47015359,0.00000000
-0.24411503,0.00000000,0.96974628,0.00000000,1.00000000,0.00000000,-0.96974628,0.00000000,-0.24411503,0.34187653,0.00000000,0.46936313,0.00000000
-0.24674193,0.00000000,0.96908122,0.00000000,1.00000000,0.00000000,-0.96908122,0.00000000,-0.24674193,0.34557151,0.00000000,0.46855998,0.00000000
-0.24937579,0.00000000,0.96840679,0.00000000,1.00000000,0.00000000,-0.96840679,0.00000000,-0.24937579,0.34927663,0.00000000,0.46774409,0.00000000
-0.25201639,0.00000000,0.96772297,0.00000000,1.00000000,0.00000000,-0.96772297,0.00000000,-0.25201639,0.35299160,0.00000000,0.46691541,0.00000000
-0.25466355,0.00000000,0.96702972,0.00000000,1.00000000,0.00000000,-0.96702972,0.00000000,-0.25466355,0.35671616,0.00000000,0.46607391,0.00000000
-0.25731706,0.00000000,0.96632703,0.00000000,1.00000000,0.00000000,-0.96632703,0.00000000,-0.25731706,0.36045002,0.00000000,0.46521954,0.00000000
-0.25997672,0.00000000,0.96561488,0.00000000,1.00000000,0.00000000,-0.96561488,0.00000000,-0.25997672,0.36419291,0.00000000,0.46435227,0.00000000
-0.26264233,0.00000000,0.96489326,0.00000000,1.00000000,0.00000000,-0.96489326,0.00000000,-0.26264233,0.36794454,0.00000000,0.46347207,0.00000000
-0.26531368,0.00000000,0.96416215,0.00000000,1.00000000,0.00000000,-0.96416215,0.00000000,-0.26531368,0.37170464,0.00000000,0.46257890,0.00000000
-0.26799057,0.00000000,0.96342153,0.00000000,1.00000000,0.00000000,-0.96342153,0.00000000,-0.26799057,0.37547291,0.00000000,0.46167275,0.00000000
-0.27067281,0.00000000,0.96267140,0.00000000,1.00000000,0.00000000,-0.96267140,0.00000000,-0.27067281,0.37924908,0.00000000,0.46075357,0.00000000
-0.27336018,0.00000000,0.96191175,0.00000000,1.00000000,0.00000000,-0.96191175,0.00000000,-0.27336018,0.38303286,0.00000000,0.45982136,0.00000000
-0.27605248,0.00000000,0.96114257,0.00000000,1.00000000,0.00000000,-0.96114257,0.00000000,-0.27605248,0.38682397,0.00000000,0.45887609,0.00000000
-0.27874950,0.00000000,0.96036385,0.00000000,1.00000000,0.00000000,-0.96036385,0.00000000,-0.27874950,0.39062212,0.00000000,0.45791775,0.00000000
-0.28145104,0.00000000,0.95957559,0.00000000,1.00000000,0.00000000,-0.95957559,0.00000000,-0.28145104,0.39442701,0.00000000,0.45694632,0.00000000
-0.28415689,0.00000000,0.95877780,0.00000000,1.00000000,0.00000000,-0.95877780,0.00000000,-0.28415689,0.39823838,0.00000000,0.45596179,0.00000000
-0.28686684,0.00000000,0.95797047,0.00000000,1.00000000,0.00000000,-0.95797047,0.00000000,-0.28686684,0.40205591,0.00000000,0.45496416,0.00000000
-0.28958070,0.00000000,0.95715360,0.00000000,1.00000000,0.00000000,-0.95715360,0.00000000,-0.28958070,0.40587934,0.00000000,0.45395341,0.00000000
-0.29229824,0.00000000,0.95632721,0.00000000,1.00000000,0.00000000,-0.95632721,0.00000000,-0.29229824,0.40970836,0.00000000,0.45292956,0.00000000
-0.29501926,0.00000000,0.95549131,0.00000000,1.00000000,0.00000000,-0.95549131,0.00000000,-0.29501926,0.41354268,0.00000000,0.45189260,0.00000000
-0.29774356,0.00000000,0.95464589,0.00000000,1.00000000,0.00000000,-0.95464589,0.00000000,-0.29774356,0.41738202,0.00000000,0.45084253,0.00000000
-0.30047092,0.00000000,0.95379098,0.00000000,1.00000000,0.00000000,-0.95379098,0.00000000,-0.30047092,0.42122609,0.00000000,0.44977936,0.00000000
-0.30320114,0.00000000,0.95292658,0.00000000,1.00000000,0.00000000,-0.95292658,0.00000000,-0.30320114,0.42507459,0.00000000,0.44870310,0.00000000
-0.30593401,0.00000000,0.95205272,0.00000000,1.00000000,0.00000000,-0.95205272,0.00000000,-0.30593401,0.42892723,0.00000000,0.44761377,0.00000000
-0.30866931,0.00000000,0.95116941,0.00000000,1.00000000,0.00000000,-0.95116941,0.00000000,-0.30866931,0.43278371,0.00000000,0.44651138,0.00000000
-0.31140685,0.00000000,0.95027668,0.00000000,1.00000000,0.00000000,-0.95027668,0.00000000,-0.31140685,0.43664375,0.00000000,0.44539596,0.00000000
-0.31414640,0.00000000,0.94937455,0.00000000,1.00000000,0.00000000,-0.94937455,0.00000000,-0.31414640,0.44050706,0.00000000,0.44426751,0.00000000
-0.31688777,0.00000000,0.94846304,0.00000000,1.00000000,0.00000000,-0.94846304,0.00000000,-0.31688777,0.44437333,0.00000000,0.44312608,0.00000000
-0.31963074,0.00000000,0.94754218,0.00000000,1.00000000,0.00000000,-0.94754218,0.00000000,-0.31963074,0.44824228,0.00000000,0.44197168,0.00000000
-0.32237510,0.00000000,0.94661201,0.00000000,1.00000000,0.00000000,-0.94661201,0.00000000,-0.32237510,0.45211362,0.00000000,0.44080436,0.00000000
-0.32512065,0.00000000,0.94567255,0.00000000,1.00000000,0.00000000,-0.94567255,0.00000000,-0.32512065,0.45598705,0.00000000,0.43962414,0.00000000
-0.32786717,0.00000000,0.94472383,0.00000000,1.00000000,0.00000000,-0.94472383,0.00000000,-0.32786717,0.45986227,0.00000000,0.43843106,0.00000000
-0.33061446,0.00000000,0.94376590,0.00000000,1.00000000,0.00000000,-0.94376590,0.00000000,-0.33061446,0.46373900,0.00000000,0.43722517,0.00000000
-0.33336230,0.00000000,0.94279880,0.00000000,1.00000000,0.00000000,-0.94279880,0.00000000,-0.33336230,0.46761695,0.00000000,0.43600651,0.00000000
-0.33611050,0.00000000,0.94182256,0.00000000,1.00000000,0.00000000,-0.94182256,0.00000000,-0.33611050,0.47149581,0.00000000,0.43477512,0.00000000
-0.33885884,0.00000000,0.94083723,0.00000000,1.00000000,0.00000000,-0.94083723,0.00000000,-0.33885884,0.47537530,0.00000000,0.43353106,0.00000000
-0.34160711,0.00000000,0.93984285,0.00000000,1.00000000,0.00000000,-0.93984285,0.00000000,-0.34160711,0.47925513,0.00000000,0.43227439,0.00000000
-0.34435511,0.00000000,0.93883947,0.00000000,1.00000000,0.00000000,-0.93883947,0.00000000,-0.34435511,0.48313501,0.00000000,0.43100515,0.00000000
-0.34710264,0.00000000,0.93782715,0.00000000,1.00000000,0.00000000,-0.93782715,0.00000000,-0.34710264,0.48701464,0.00000000,0.42972341,0.00000000
-0.34984947,0.00000000,0.93680593,0.00000000,1.00000000,0.00000000,-0.93680593,0.00000000,-0.34984947,0.49089373,0.00000000,0.42842923,0.00000000
-0.35259541,0.00000000,0.93577587,0.00000000,1.00000000,0.00000000,-0.93577587,0.00000000,-0.35259541,0.49477200,0.00000000,0.42712268,0.00000000
-0.35534025,0.00000000,0.93473702,0.00000000,1.00000000,0.00000000,-0.93473702,0.00000000,-0.35534025,0.49864915,0.00000000,0.42580383,0.00000000
-0.35808379,0.00000000,0.93368945,0.00000000,1.00000000,0.00000000,-0.93368945,0.00000000,-0.35808379,0.50252489,0.00000000,0.42447274,0.00000000
-0.36082582,0.00000000,0.93263322,0.00000000,1.00000000,0.00000000,-0.93263322,0.00000000,-0.36082582,0.50639894,0.00000000,0.42312951,0.00000000
-0.36356614,0.00000000,0.93156839,0.00000000,1.00000000,0.00000000,-0.93156839,0.00000000,-0.36356614,0.51027101,0.00000000,0.42177420,0.00000000
-0.36630455,0.00000000,0.93049502,0.00000000,1.00000000,0.00000000,-0.93049502,0.00000000,-0.36630455,0.51414082,0.00000000,0.42040689,0.00000000
-0.36904083,0.00000000,0.92941318,0.00000000,1.00000000,0.00000000,-0.92941318,0.00000000,-0.36904083,0.51800807,0.00000000,0.41902768,0.00000000
-0.37177479,0.00000000,0.92832295,0.00000000,1.00000000,0.00000000,-0.92832295,0.00000000,-0.37177479,0.52187248,0.00000000,0.41763665,0.00000000
-0.37450624,0.00000000,0.92722439,0.00000000,1.00000000,0.00000000,-0.92722439,0.00000000,-0.37450624,0.52573377,0.00000000,0.41623388,0.00000000
-0.37723496,0.00000000,0.92611759,0.00000000,1.00000000,0.00000000,-0.92611759,0.00000000,-0.37723496,0.52959165,0.00000000,0.41481949,0.00000000
-0.37996076,0.00000000,0.92500261,0.00000000,1.00000000,0.00000000,-0.92500261,0.00000000,-0.37996076,0.53344584,0.00000000,0.41339355,0.00000000
-0.38268343,0.00000000,0.92387953,0.00000000,1.00000000,0.00000000,-0.92387953,0.00000000,-0.38268343,0.53729607,0.00000000,0.41195618,0.00000000
-0.38540279,0.00000000,0.92274844,0.00000000,1.00000000,0.00000000,-0.92274844,0.00000000,-0.38540279,0.54114204,0.00000000,0.41050748,0.00000000
-0.38811863,0.00000000,0.92160942,0.00000000,1.00000000,0.00000000,-0.92160942,0.00000000,-0.38811863,0.54498349,0.00000000,0.40904755,0.00000000
-0.39083076,0.00000000,0.92046256,0.00000000,1.00000000,0.00000000,-0.92046256,0.00000000,-0.39083076,0.54882013,0.00000000,0.40757650,0.00000000
-0.39353898,0.00000000,0.91930793,0.00000000,1.00000000,0.00000000,-0.91930793,0.00000000,-0.39353898,0.55265168,0.00000000,0.40609445,0.00000000
-0.39624309,0.00000000,0.91814564,0.00000000,1.00000000,0.00000000,-0.91814564,0.00000000,-0.39624309,0.55647787,0.00000000,0.40460150,0.00000000
-0.39894291,0.00000000,0.91697577,0.00000000,1.00000000,0.00000000,-0.91697577,0.00000000,-0.39894291,0.56029844,0.00000000,0.40309779,0.00000000
-0.40163824,0.00000000,0.91579841,0.00000000,1.00000000,0.00000000,-0.91579841,0.00000000,-0.40163824,0.56411309,0.00000000,0.40158342,0.00000000
-0.40432889,0.00000000,0.91461366,0.00000000,1.00000000,0.00000000,-0.91461366,0.00000000,-0.40432889,0.56792157,0.00000000,0.40005852,0.00000000
-0.40701467,0.00000000,0.91342162,0.00000000,1.00000000,0.00000000,-0.91342162,0.00000000,-0.40701467,0.57172360,0.00000000,0.39852323,0.00000000
-0.40969539,0.00000000,0.91222239,0.00000000,1.00000000,0.00000000,-0.91222239,0.00000000,-0.40969539,0.57551891,0.00000000,0.39697766,0.00000000
-0.41237086,0.00000000,0.91101607,0.00000000,1.00000000,0.00000000,-0.91101607,0.00000000,-0.41237086,0.57930724,0.00000000,0.39542196,0.00000000
-0.41504089,0.00000000,0.90980276,0.00000000,1.00000000,0.00000000,-0.90980276,0.00000000,-0.41504089,0.58308833,0.00000000,0.39385626,0.00000000
-0.41770531,0.00000000,0.90858256,0.00000000,1.00000000,0.00000000,-0.90858256,0.00000000,-0.41770531,0.58686190,0.00000000,0.39228069,0.00000000
-0.42036392,0.00000000,0.90735559,0.00000000,1.00000000,0.00000000,-0.90735559,0.00000000,-0.42036392,0.59062769,0.00000000,0.39069539,0.00000000
-0.42301654,0.00000000,0.90612196,0.00000000,1.00000000,0.00000000,-0.90612196,0.00000000,-0.42301654,0.59438545,0.00000000,0.38910052,0.00000000
-0.42566300,0.00000000,0.90488177,0.00000000,1.00000000,0.00000000,-0.90488177,0.00000000,-0.42566300,0.59813492,0.00000000,0.38749621,0.00000000
-0.42830310,0.00000000,0.90363513,0.00000000,1.00000000,0.00000000,-0.90363513,0.00000000,-0.42830310,0.60187584,0.00000000,0.38588261,0.00000000
-0.43093668,0.00000000,0.90238217,0.00000000,1.00000000,0.00000000,-0.90238217,0.00000000,-0.43093668,0.60560795,0.00000000,0.38425988,0.00000000
-0.43356355,0.00000000,0.90112300,0.00000000,1.00000000,0.00000000,-0.90112300,0.00000000,-0.43356355,0.60933100,0.00000000,0.38262817,0.00000000
-0.43618353,0.00000000,0.89985773,0.00000000,1.00000000,0.00000000,-0.89985773,0.00000000,-0.43618353,0.61304474,0.00000000,0.38098764,0.00000000
-0.43879646,0.00000000,0.89858648,0.00000000,1.00000000,0.00000000,-0.89858648,0.00000000,-0.43879646,0.61674892,0.00000000,0.37933844,0.00000000
-0.44140215,0.00000000,0.89730939,0.00000000,1.00000000,0.00000000,-0.89730939,0.00000000,-0.44140215,0.62044329,0.00000000,0.37768073,0.00000000
-0.44400044,0.00000000,0.89602657,0.00000000,1.00000000,0.00000000,-0.89602657,0.00000000,-0.44400044,0.62412760,0.00000000,0.37601469,0.00000000
-0.44659116,0.00000000,0.89473814,0.00000000,1.00000000,0.00000000,-0.89473814,0.00000000,-0.44659116,0.62780162,0.00000000,0.37434047,0.00000000
-0.44917413,0.00000000,0.89344423,0.00000000,1.00000000,0.00000000,-0.89344423,0.00000000,-0.44917413,0.63146510,0.00000000,0.37265825,0.00000000
-0.45174919,0.00000000,0.89214498,0.00000000,1.00000000,0.00000000,-0.89214498,0.00000000,-0.45174919,0.63511780,0.00000000,0.37096819,0.00000000
-0.45431618,0.00000000,0.89084051,0.00000000,1.00000000,0.00000000,-0.89084051,0.00000000,-0.45431618,0.63875948,0.00000000,0.36927047,0.00000000
-0.45687492,0.00000000,0.88953095,0.00000000,1.00000000,0.00000000,-0.88953095,0.00000000,-0.45687492,0.64238991,0.00000000,0.36756526,0.00000000
-0.45942526,0.00000000,0.88821643,0.00000000,1.00000000,0.00000000,-0.88821643,0.00000000,-0.45942526,0.64600886,0.00000000,0.36585275,0.00000000
-0.46196704,0.00000000,0.88689709,0.00000000,1.00000000,0.00000000,-0.88689709,0.00000000,-0.46196704,0.64961609,0.00000000,0.36413311,0.00000000
-0.46450009,0.00000000,0.88557307,0.00000000,1.00000000,0.00000000,-0.88557307,0.00000000,-0.46450009,0.65321137,0.00000000,0.36240652,0.00000000
-0.46702426,0.00000000,0.88424450,0.00000000,1.00000000,0.00000000,-0.88424450,0.00000000,-0.46702426,0.65679448,0.00000000,0.36067317,0.00000000
-0.46953939,0.00000000,0.88291152,0.00000000,1.00000000,0.00000000,-0.88291152,0.00000000,-0.46953939,0.66036520,0.00000000,0.35893325,0.00000000
-0.47204533,0.00000000,0.88157428,0.00000000,1.00000000,0.00000000,-0.88157428,0.00000000,-0.47204533,0.66392329,0.00000000,0.35718693,0.00000000
-0.47454192,0.00000000,0.88023290,0.00000000,1.00000000,0.00000000,-0.88023290,0.00000000,-0.47454192,0.66746855,0.00000000,0.35543442,0.00000000
-0.47702902,0.00000000,0.87888754,0.00000000,1.00000000,0.00000000,-0.87888754,0.00000000,-0.47702902,0.67100076,0.00000000,0.35367590,0.00000000
-0.47950647,0.00000000,0.87753834,0.00000000,1.00000000,0.00000000,-0.87753834,0.00000000,-0.47950647,0.67451969,0.00000000,0.35191156,0.00000000
-0.48197413,0.00000000,0.87618545,0.00000000,1.00000000,0.00000000,-0.87618545,0.00000000,-0.48197413,0.67802514,0.00000000,0.35014161,0.00000000
-0.48443185,0.00000000,0.87482900,0.00000000,1.00000000,0.00000000,-0.87482900,0.00000000,-0.48443185,0.68151690,0.00000000,0.34836624,0.00000000
-0.48687949,0.00000000,0.87346916,0.00000000,1.00000000,0.00000000,-0.87346916,0.00000000,-0.48687949,0.68499476,0.00000000,0.34658565,0.00000000
-0.48931690,0.00000000,0.87210606,0.00000000,1.00000000,0.00000000,-0.87210606,0.00000000,-0.48931690,0.68845852,0.00000000,0.34480003,0.00000000
-0.49174395,0.00000000,0.87073985,0.00000000,1.00000000,0.00000000,-0.87073985,0.00000000,-0.49174395,0.69190797,0.00000000,0.34300960,0.00000000
-0.49416049,0.00000000,0.86937070,0.00000000,1.00000000,0.00000000,-0.86937070,0.00000000,-0.49416049,0.69534291,0.00000000,0.34121455,0.00000000
-0.49656640,0.00000000,0.86799874,0.00000000,1.00000000,0.00000000,-0.86799874,0.00000000,-0.49656640,0.69876314,0.00000000,0.33941509,0.00000000
-0.49896153,0.00000000,0.86662413,0.00000000,1.00000000,0.00000000,-0.86662413,0.00000000,-0.49896153,0.70216848,0.00000000,0.33761143,0.00000000
-0.50134576,0.00000000,0.86524703,0.00000000,1.00000000,0.00000000,-0.86524703,0.00000000,-0.50134576,0.70555872,0.00000000,0.33580378,0.00000000
-0.50371895,0.00000000,0.86386759,0.00000000,1.00000000,0.00000000,-0.86386759,0.00000000,-0.50371895,0.70893368,0.00000000,0.33399234,0.00000000
-0.50608097,0.00000000,0.86248597,0.00000000,1.00000000,0.00000000,-0.86248597,0.00000000,-0.50608097,0.71229317,0.00000000,0.33217732,0.00000000
-0.50843170,0.00000000,0.86110232,0.00000000,1.00000000,0.00000000,-0.86110232,0.00000000,-0.50843170,0.71563701,0.00000000,0.33035895,0.00000000
-0.51077101,0.00000000,0.85971680,0.00000000,1.00000000,0.00000000,-0.85971680,0.00000000,-0.51077101,0.71896501,0.00000000,0.32853742,0.00000000
-0.51309878,0.00000000,0.85832957,0.00000000,1.00000000,0.00000000,-0.85832957,0.00000000,-0.51309878,0.72227700,0.00000000,0.32671296,0.00000000
-0.51541489,0.00000000,0.85694078,0.00000000,1.00000000,0.00000000,-0.85694078,0.00000000,-0.51541489,0.72557280,0.00000000,0.32488578,0.00000000
-0.51771921,0.00000000,0.85555059,0.00000000,1.00000000,0.00000000,-0.85555059,0.00000000,-0.51771921,0.72885223,0.00000000,0.32305610,0.00000000
-0.52001164,0.00000000,0.85415918,0.00000000,1.00000000,0.00000000,-0.85415918,0.00000000,-0.52001164,0.73211512,0.00000000,0.32122413,0.00000000
-0.52229205,0.00000000,0.85276668,0.00000000,1.00000000,0.00000000,-0.85276668,0.00000000,-0.52229205,0.73536131,0.00000000,0.31939009,0.00000000
-0.52456033,0.00000000,0.85137328,0.00000000,1.00000000,0.00000000,-0.85137328,0.00000000,-0.52456033,0.73859063,0.00000000,0.31755421,0.00000000
-0.52681637,0.00000000,0.84997912,0.00000000,1.00000000,0.00000000,-0.84997912,0.00000000,-0.52681637,0.74180292,0.00000000,0.31571670,0.00000000
-0.52906007,0.00000000,0.84858438,0.00000000,1.00000000,0.00000000,-0.84858438,0.00000000,-0.52906007,0.74499801,0.00000000,0.31387778,0.00000000
-0.53129131,0.00000000,0.84718920,0.00000000,1.00000000,0.00000000,-0.84718920,0.00000000,-0.53129131,0.74817575,0.00000000,0.31203768,0.00000000
-0.53350998,0.00000000,0.84579377,0.00000000,1.00000000,0.00000000,-0.84579377,0.00000000,-0.53350998,0.75133599,0.00000000,0.31019662,0.00000000
-0.53571600,0.00000000,0.84439823,0.00000000,1.00000000,0.00000000,-0.84439823,0.00000000,-0.53571600,0.75447856,0.00000000,0.30835481,0.00000000
-0.53790924,0.00000000,0.84300276,0.00000000,1.00000000,0.00000000,-0.84300276,0.00000000,-0.53790924,0.75760333,0.00000000,0.30651249,0.00000000
-0.54008962,0.00000000,0.84160751,0.00000000,1.00000000,0.00000000,-0.84160751,0.00000000,-0.54008962,0.76071015,0.00000000,0.30466988,0.00000000
-0.54225704,0.00000000,0.84021265,0.00000000,1.00000000,0.00000000,-0.84021265,0.00000000,-0.54225704,0.76379887,0.00000000,0.30282720,0.00000000
-0.54441140,0.00000000,0.83881835,0.00000000,1.00000000,0.00000000,-0.83881835,0.00000000,-0.54441140,0.76686936,0.00000000,0.30098467,0.00000000
-0.54655261,0.00000000,0.83742477,0.00000000,1.00000000,0.00000000,-0.83742477,0.00000000,-0.54655261,0.76992146,0.00000000,0.29914253,0.00000000
-0.54868057,0.00000000,0.83603207,0.00000000,1.00000000,0.00000000,-0.83603207,0.00000000,-0.54868057,0.77295506,0.00000000,0.29730099,0.00000000
-0.55079520,0.00000000,0.83464043,0.00000000,1.00000000,0.00000000,-0.83464043,0.00000000,-0.55079520,0.77597001,0.00000000,0.29546029,0.00000000
-0.55289642,0.00000000,0.83324999,0.00000000,1.00000000,0.00000000,-0.83324999,0.00000000,-0.55289642,0.77896620,0.00000000,0.29362064,0.00000000
-0.55498412,0.00000000,0.83186094,0.00000000,1.00000000,0.00000000,-0.83186094,0.00000000,-0.55498412,0.78194348,0.00000000,0.29178228,0.00000000
-0.55705824,0.00000000,0.83047343,0.00000000,1.00000000,0.00000000,-0.83047343,0.00000000,-0.55705824,0.78490174,0.00000000,0.28994542,0.00000000
-0.55911869,0.00000000,0.82908762,0.00000000,1.00000000,0.00000000,-0.82908762,0.00000000,-0.55911869,0.78784085,0.00000000,0.28811030,0.00000000
-0.56116539,0.00000000,0.82770369,0.00000000,1.00000000,0.00000000,-0.82770369,0.00000000,-0.56116539,0.79076070,0.00000000,0.28627714,0.00000000
-0.56319827,0.00000000,0.82632180,0.00000000,1.00000000,0.00000000,-0.82632180,0.00000000,-0.56319827,0.79366117,0.00000000,0.28444617,0.00000000
-0.56521724,0.00000000,0.82494210,0.00000000,1.00000000,0.00000000,-0.82494210,0.00000000,-0.56521724,0.79654215,0.00000000,0.28261760,0.00000000
-0.56722224,0.00000000,0.82356477,0.00000000,1.00000000,0.00000000,-0.82356477,0.00000000,-0.56722224,0.79940353,0.00000000,0.28079168,0.00000000
-0.56921319,0.00000000,0.82218997,0.00000000,1.00000000,0.00000000,-0.82218997,0.00000000,-0.56921319,0.80224520,0.00000000,0.27896861,0.00000000
-0.57119003,0.00000000,0.82081786,0.00000000,1.00000000,0.00000000,-0.82081786,0.00000000,-0.57119003,0.80506706,0.00000000,0.27714862,0.00000000
-0.57315268,0.00000000,0.81944860,0.00000000,1.00000000,0.00000000,-0.81944860,0.00000000,-0.57315268,0.80786901,0.00000000,0.27533195,0.00000000
-0.57510109,0.00000000,0.81808236,0.00000000,1.00000000,0.00000000,-0.81808236,0.00000000,-0.57510109,0.81065094,0.00000000,0.27351881,0.00000000
-0.57703518,0.00000000,0.81671929,0.00000000,1.00000000,0.00000000,-0.81671929,0.00000000,-0.57703518,0.81341276,0.00000000,0.27170942,0.00000000
-0.57895490,0.00000000,0.81535957,0.00000000,1.00000000,0.00000000,-0.81535957,0.00000000,-0.57895490,0.81615438,0.00000000,0.26990400,0.00000000
-0.58086019,0.00000000,0.81400334,0.00000000,1.00000000,0.00000000,-0.81400334,0.00000000,-0.58086019,0.81887571,0.00000000,0.26810279,0.00000000
-0.58275099,0.00000000,0.81265077,0.00000000,1.00000000,0.00000000,-0.81265077,0.00000000,-0.58275099,0.82157665,0.00000000,0.26630599,0.00000000
-0.58462725,0.00000000,0.81130203,0.00000000,1.00000000,0.00000000,-0.81130203,0.00000000,-0.58462725,0.82425713,0.00000000,0.26451383,0.00000000
-0.58648890,0.00000000,0.80995726,0.00000000,1.00000000,0.00000000,-0.80995726,0.00000000,-0.58648890,0.82691707,0.00000000,0.26272653,0.00000000
-0.58833591,0.00000000,0.80861663,0.00000000,1.00000000,0.00000000,-0.80861663,0.00000000,-0.58833591,0.82955638,0.00000000,0.26094431,0.00000000
-0.59016822,0.00000000,0.80728029,0.00000000,1.00000000,0.00000000,-0.80728029,0.00000000,-0.59016822,0.83217498,0.00000000,0.25916738,0.00000000
-0.59198578,0.00000000,0.80594841,0.00000000,1.00000000,0.00000000,-0.80594841,0.00000000,-0.59198578,0.83477281,0.00000000,0.25739596,0.00000000
-0.59378855,0.00000000,0.80462113,0.00000000,1.00000000,0.00000000,-0.80462113,0.00000000,-0.59378855,0.83734978,0.00000000,0.25563026,0.00000000
-0.59557647,0.00000000,0.80329861,0.00000000,1.00000000,0.00000000,-0.80329861,0.00000000,-0.59557647,0.83990584,0.00000000,0.25387050,0.00000000
-0.59734952,0.00000000,0.80198101,0.00000000,1.00000000,0.00000000,-0.80198101,0.00000000,-0.59734952,0.84244092,0.00000000,0.25211689,0.00000000
-0.59910766,0.00000000,0.80066848,0.00000000,1.00000000,0.00000000,-0.80066848,0.00000000,-0.59910766,0.84495495,0.00000000,0.25036965,0.00000000
-0.60085083,0.00000000,0.79936117,0.00000000,1.00000000,0.00000000,-0.79936117,0.00000000,-0.60085083,0.84744787,0.00000000,0.24862898,0.00000000
-0.60257901,0.00000000,0.79805923,0.00000000,1.00000000,0.00000000,-0.79805923,0.00000000,-0.60257901,0.84991963,0.00000000,0.24689509,0.00000000
-0.60429216,0.00000000,0.79676282,0.00000000,1.00000000,0.00000000,-0.79676282,0.00000000,-0.60429216,0.85237017,0.00000000,0.24516819,0.00000000
-0.60599025,0.00000000,0.79547207,0.00000000,1.00000000,0.00000000,-0.79547207,0.00000000,-0.60599025,0.85479943,0.00000000,0.24344849,0.00000000
-0.60767325,0.00000000,0.79418715,0.00000000,1.00000000,0.00000000,-0.79418715,0.00000000,-0.60767325,0.85720738,0.00000000,0.24173619,0.00000000
-0.60934113,0.00000000,0.79290819,0.00000000,1.00000000,0.00000000,-0.79290819,0.00000000,-0.60934113,0.85959395,0.00000000,0.24003149,0.00000000
-0.61099386,0.00000000,0.79163534,0.00000000,1.00000000,0.00000000,-0.79163534,0.00000000,-0.61099386,0.86195911,0.00000000,0.23833460,0.00000000
-0.61263141,0.00000000,0.79036874,0.00000000,1.00000000,0.00000000,-0.79036874,0.00000000,-0.61263141,0.86430281,0.00000000,0.23664571,0.00000000
-0.61425377,0.00000000,0.78910855,0.00000000,1.00000000,0.00000000,-0.78910855,0.00000000,-0.61425377,0.86662502,0.00000000,0.23496503,0.00000000
-0.61586092,0.00000000,0.78785489,0.00000000,1.00000000,0.00000000,-0.78785489,0.00000000,-0.61586092,0.86892569,0.00000000,0.23329274,0.00000000
-0.61745282,0.00000000,0.78660792,0.00000000,1.00000000,0.00000000,-0.78660792,0.00000000,-0.61745282,0.87120480,0.00000000,0.23162906,0.00000000
-0.61902947,0.00000000,0.78536776,0.00000000,1.00000000,0.00000000,-0.78536776,0.00000000,-0.61902947,0.87346230,0.00000000,0.22997415,0.00000000
-0.62059084,0.00000000,0.78413456,0.00000000,1.00000000,0.00000000,-0.78413456,0.00000000,-0.62059084,0.87569818,0.00000000,0.22832823,0.00000000
-0.62213693,0.00000000,0.78290845,0.00000000,1.00000000,0.00000000,-0.78290845,0.00000000,-0.62213693,0.87791240,0.00000000,0.22669147,0.00000000
-0.62366772,0.00000000,0.78168956,0.00000000,1.00000000,0.00000000,-0.78168956,0.00000000,-0.62366772,0.88010495,0.00000000,0.22506407,0.00000000
-0.62518320,0.00000000,0.78047804,0.00000000,1.00000000,0.00000000,-0.78047804,0.00000000,-0.62518320,0.88227579,0.00000000,0.22344620,0.00000000
-0.62668335,0.00000000,0.77927400,0.00000000,1.00000000,0.00000000,-0.77927400,0.00000000,-0.62668335,0.88442491,0.00000000,0.22183806,0.00000000
-0.62816818,0.00000000,0.77807759,0.00000000,1.00000000,0.00000000,-0.77807759,0.00000000,-0.62816818,0.88655229,0.00000000,0.22023982,0.00000000
-0.62963768,0.00000000,0.77688892,0.00000000,1.00000000,0.00000000,-0.77688892,0.00000000,-0.62963768,0.88865792,0.00000000,0.21865165,0.00000000
-0.63109183,0.00000000,0.77570813,0.00000000,1.00000000,0.00000000,-0.77570813,0.00000000,-0.63109183,0.89074179,0.00000000,0.21707374,0.00000000
-0.63253064,0.00000000,0.77453533,0.00000000,1.00000000,0.00000000,-0.77453533,0.00000000,-0.63253064,0.89280389,0.00000000,0.21550626,0.00000000
-0.63395412,0.00000000,0.77337066,0.00000000,1.00000000,0.00000000,-0.77337066,0.00000000,-0.63395412,0.89484420,0.00000000,0.21394938,0.00000000
-0.63536225,0.00000000,0.77221423,0.00000000,1.00000000,0.00000000,-0.77221423,0.00000000,-0.63536225,0.89686273,0.00000000,0.21240327,0.00000000
-0.63675504,0.00000000,0.77106616,0.00000000,1.00000000,0.00000000,-0.77106616,0.00000000,-0.63675504,0.89885947,0.00000000,0.21086809,0.00000000
-0.63813249,0.00000000,0.76992657,0.00000000,1.00000000,0.00000000,-0.76992657,0.00000000,-0.63813249,0.90083442,0.00000000,0.20934401,0.00000000
-0.63949462,0.00000000,0.76879557,0.00000000,1.00000000,0.00000000,-0.76879557,0.00000000,-0.63949462,0.90278758,0.00000000,0.20783119,0.00000000
-0.64084142,0.00000000,0.76767328,0.00000000,1.00000000,0.00000000,-0.76767328,0.00000000,-0.64084142,0.90471897,0.00000000,0.20632979,0.00000000
-0.64217291,0.00000000,0.76655982,0.00000000,1.00000000,0.00000000,-0.76655982,0.00000000,-0.64217291,0.90662858,0.00000000,0.20483996,0.00000000
-0.64348910,0.00000000,0.76545528,0.00000000,1.00000000,0.00000000,-0.76545528,0.00000000,-0.64348910,0.90851643,0.00000000,0.20336187,0.00000000
-0.64478999,0.00000000,0.76435977,0.00000000,1.00000000,0.00000000,-0.76435977,0.00000000,-0.64478999,0.91038252,0.00000000,0.20189565,0.00000000
-0.64607561,0.00000000,0.76327341,0.00000000,1.00000000,0.00000000,-0.76327341,0.00000000,-0.64607561,0.91222687,0.00000000,0.20044146,0.00000000
-0.64734597,0.00000000,0.76219630,0.00000000,1.00000000,0.00000000,-0.76219630,0.00000000,-0.64734597,0.91404951,0.00000000,0.19899944,0.00000000
-0.64860108,0.00000000,0.76112853,0.00000000,1.00000000,0.00000000,-0.76112853,0.00000000,-0.64860108,0.91585043,0.00000000,0.19756973,0.00000000
-0.64984096,0.00000000,0.76007021,0.00000000,1.00000000,0.00000000,-0.76007021,0.00000000,-0.64984096,0.91762968,0.00000000,0.19615248,0.00000000
-0.65106564,0.00000000,0.75902143,0.00000000,1.00000000,0.00000000,-0.75902143,0.00000000,-0.65106564,0.91938726,0.00000000,0.19474782,0.00000000
-0.65227512,0.00000000,0.75798230,0.00000000,1.00000000,0.00000000,-0.75798230,0.00000000,-0.65227512,0.92112321,0.00000000,0.19335588,0.00000000
-0.65346945,0.00000000,0.75695289,0.00000000,1.00000000,0.00000000,-0.75695289,0.00000000,-0.65346945,0.92283755,0.00000000,0.19197680,0.00000000
-0.65464864,0.00000000,0.75593331,0.00000000,1.00000000,0.00000000,-0.75593331,0.00000000,-0.65464864,0.92453031,0.00000000,0.19061070,0.00000000
-0.65581271,0.00000000,0.75492363,0.00000000,1.00000000,0.00000000,-0.75492363,0.00000000,-0.65581271,0.92620153,0.00000000,0.18925770,0.00000000
-0.65696169,0.00000000,0.75392396,0.00000000,1.00000000,0.00000000,-0.75392396,0.00000000,-0.65696169,0.92785123,0.00000000,0.18791794,0.00000000
-0.65809562,0.00000000,0.75293436,0.00000000,1.00000000,0.00000000,-0.75293436,0.00000000,-0.65809562,0.92947946,0.00000000,0.18659151,0.00000000
-0.65921453,0.00000000,0.75195493,0.00000000,1.00000000,0.00000000,-0.75195493,0.00000000,-0.65921453,0.93108625,0.00000000,0.18527855,0.00000000
-0.66031843,0.00000000,0.75098573,0.00000000,1.00000000,0.00000000,-0.75098573,0.00000000,-0.66031843,0.93267164,0.00000000,0.18397916,0.00000000
-0.66140738,0.00000000,0.75002685,0.00000000,1.00000000,0.00000000,-0.75002685,0.00000000,-0.66140738,0.93423568,0.00000000,0.18269344,0.00000000
-0.66248140,0.00000000,0.74907837,0.00000000,1.00000000,0.00000000,-0.74907837,0.00000000,-0.66248140,0.93577841,0.00000000,0.18142152,0.00000000
-0.66354052,0.00000000,0.74814034,0.00000000,1.00000000,0.00000000,-0.74814034,0.00000000,-0.66354052,0.93729988,0.00000000,0.18016348,0.00000000
-0.66458480,0.00000000,0.74721285,0.00000000,1.00000000,0.00000000,-0.74721285,0.00000000,-0.66458480,0.93880013,0.00000000,0.17891942,0.00000000
-0.66561425,0.00000000,0.74629596,0.00000000,1.00000000,0.00000000,-0.74629596,0.00000000,-0.66561425,0.94027922,0.00000000,0.17768945,0.00000000
-0.66662894,0.00000000,0.74538973,0.00000000,1.00000000,0.00000000,-0.74538973,0.00000000,-0.66662894,0.94173721,0.00000000,0.17647365,0.00000000
-0.66762889,0.00000000,0.74449423,0.00000000,1.00000000,0.00000000,-0.74449423,0.00000000,-0.66762889,0.94317414,0.00000000,0.17527211,0.00000000
-0.66861416,0.00000000,0.74360951,0.00000000,1.00000000,0.00000000,-0.74360951,0.00000000,-0.66861416,0.94459007,0.00000000,0.17408491,0.00000000
-0.66958478,0.00000000,0.74273563,0.00000000,1.00000000,0.00000000,-0.74273563,0.00000000,-0.66958478,0.94598507,0.00000000,0.17291214,0.00000000
-0.67054080,0.00000000,0.74187265,0.00000000,1.00000000,0.00000000,-0.74187265,0.00000000,-0.67054080,0.94735920,0.00000000,0.17175387,0.00000000
-0.67148228,0.00000000,0.74102061,0.00000000,1.00000000,0.00000000,-0.74102061,0.00000000,-0.67148228,0.94871252,0.00000000,0.17061018,0.00000000
-0.67240925,0.00000000,0.74017957,0.00000000,1.00000000,0.00000000,-0.74017957,0.00000000,-0.67240925,0.95004509,0.00000000,0.16948113,0.00000000
-0.67332177,0.00000000,0.73934957,0.00000000,1.00000000,0.00000000,-0.73934957,0.00000000,-0.67332177,0.95135699,0.00000000,0.16836680,0.00000000
-0.67421990,0.00000000,0.73853066,0.00000000,1.00000000,0.00000000,-0.73853066,0.00000000,-0.67421990,0.95264828,0.00000000,0.16726725,0.00000000
-0.67510368,0.00000000,0.73772287,0.00000000,1.00000000,0.00000000,-0.73772287,0.00000000,-0.67510368,0.95391904,0.00000000,0.16618253,0.00000000
-0.67597316,0.00000000,0.73692624,0.00000000,1.00000000,0.00000000,-0.73692624,0.00000000,-0.67597316,0.95516934,0.00000000,0.16511271,0.00000000
-0.67682842,0.00000000,0.73614081,0.00000000,1.00000000,0.00000000,-0.73614081,0.00000000,-0.67682842,0.95639926,0.00000000,0.16405783,0.00000000
-0.67766949,0.00000000,0.73536661,0.00000000,1.00000000,0.00000000,-0.73536661,0.00000000,-0.67766949,0.95760888,0.00000000,0.16301794,0.00000000
-0.67849645,0.00000000,0.73460368,0.00000000,1.00000000,0.00000000,-0.73460368,0.00000000,-0.67849645,0.95879828,0.00000000,0.16199309,0.00000000
-0.67930936,0.00000000,0.73385203,0.00000000,1.00000000,0.00000000,-0.73385203,0.00000000,-0.67930936,0.95996754,0.00000000,0.16098331,0.00000000
-0.68010826,0.00000000,0.73311169,0.00000000,1.00000000,0.00000000,-0.73311169,0.00000000,-0.68010826,0.96111674,0.00000000,0.15998865,0.00000000
-0.68089323,0.00000000,0.73238269,0.00000000,1.00000000,0.00000000,-0.73238269,0.00000000,-0.68089323,0.96224597,0.00000000,0.15900914,0.00000000
-0.68166434,0.00000000,0.73166504,0.00000000,1.00000000,0.00000000,-0.73166504,0.00000000,-0.68166434,0.96335533,0.00000000,0.15804480,0.00000000
-0.68242164,0.00000000,0.73095876,0.00000000,1.00000000,0.00000000,-0.73095876,0.00000000,-0.68242164,0.96444490,0.00000000,0.15709566,0.00000000
-0.68316521,0.00000000,0.73026385,0.00000000,1.00000000,0.00000000,-0.73026385,0.00000000,-0.68316521,0.96551478,0.00000000,0.15616174,0.00000000
-0.68389511,0.00000000,0.72958034,0.00000000,1.00000000,0.00000000,-0.72958034,0.00000000,-0.68389511,0.96656506,0.00000000,0.15524306,0.00000000
-0.68461142,0.00000000,0.72890823,0.00000000,1.00000000,0.00000000,-0.72890823,0.00000000,-0.68461142,0.96759584,0.00000000,0.15433963,0.00000000
-0.68531420,0.00000000,0.72824752,0.00000000,1.00000000,0.00000000,-0.72824752,0.00000000,-0.68531420,0.96860722,0.00000000,0.15345146,0.00000000
-0.68600353,0.00000000,0.72759821,0.00000000,1.00000000,0.00000000,-0.72759821,0.00000000,-0.68600353,0.96959931,0.00000000,0.15257856,0.00000000
-0.68667949,0.00000000,0.72696030,0.00000000,1.00000000,0.00000000,-0.72696030,0.00000000,-0.68667949,0.97057220,0.00000000,0.15172093,0.00000000
-0.68734215,0.00000000,0.72633379,0.00000000,1.00000000,0.00000000,-0.72633379,0.00000000,-0.68734215,0.97152600,0.00000000,0.15087856,0.00000000
-0.68799158,0.00000000,0.72571867,0.00000000,1.00000000,0.00000000,-0.72571867,0.00000000,-0.68799158,0.97246082,0.00000000,0.15005144,0.00000000
-0.68862787,0.00000000,0.72511492,0.00000000,1.00000000,0.00000000,-0.72511492,0.00000000,-0.68862787,0.97337678,0.00000000,0.14923958,0.00000000
-0.68925110,0.00000000,0.72452254,0.00000000,1.00000000,0.00000000,-0.72452254,0.00000000,-0.68925110,0.97427398,0.00000000,0.14844294,0.00000000
-0.68986135,0.00000000,0.72394151,0.00000000,1.00000000,0.00000000,-0.72394151,0.00000000,-0.68986135,0.97515254,0.00000000,0.14766152,0.00000000
-0.69045870,0.00000000,0.72337181,0.00000000,1.00000000,0.00000000,-0.72337181,0.00000000,-0.69045870,0.97601257,0.00000000,0.14689529,0.00000000
-0.69104324,0.00000000,0.72281342,0.00000000,1.00000000,0.00000000,-0.72281342,0.00000000,-0.69104324,0.97685421,0.00000000,0.14614421,0.00000000
-0.69161506,0.00000000,0.72226630,0.00000000,1.00000000,0.00000000,-0.72226630,0.00000000,-0.69161506,0.97767756,0.00000000,0.14540827,0.00000000
-0.69217423,0.00000000,0.72173044,0.00000000,1.00000000,0.00000000,-0.72173044,0.00000000,-0.69217423,0.97848276,0.00000000,0.14468743,0.00000000
-0.69272086,0.00000000,0.72120580,0.00000000,1.00000000,0.00000000,-0.72120580,0.00000000,-0.69272086,0.97926992,0.00000000,0.14398163,0.00000000
-0.69325503,0.00000000,0.72069235,0.00000000,1.00000000,0.00000000,-0.72069235,0.00000000,-0.69325503,0.98003919,0.00000000,0.14329085,0.00000000
-0.69377684,0.00000000,0.72019004,0.00000000,1.00000000,0.00000000,-0.72019004,0.00000000,-0.69377684,0.98079068,0.00000000,0.14261503,0.00000000
-0.69428638,0.00000000,0.71969884,0.00000000,1.00000000,0.00000000,-0.71969884,0.00000000,-0.69428638,0.98152453,0.00000000,0.14195412,0.00000000
-0.69478374,0.00000000,0.71921871,0.00000000,1.00000000,0.00000000,-0.71921871,0.00000000,-0.69478374,0.98224089,0.00000000,0.14130807,0.00000000
-0.69526903,0.00000000,0.71874959,0.00000000,1.00000000,0.00000000,-0.71874959,0.00000000,-0.69526903,0.98293988,0.00000000,0.14067680,0.00000000
-0.69574234,0.00000000,0.71829144,0.00000000,1.00000000,0.00000000,-0.71829144,0.00000000,-0.69574234,0.98362165,0.00000000,0.14006027,0.00000000
-0.69620377,0.00000000,0.71784421,0.00000000,1.00000000,0.00000000,-0.71784421,0.00000000,-0.69620377,0.98428634,0.00000000,0.13945839,0.00000000
-0.69665343,0.00000000,0.71740783,0.00000000,1.00000000,0.00000000,-0.71740783,0.00000000,-0.69665343,0.98493409,0.00000000,0.13887110,0.00000000
-0.69709142,0.00000000,0.71698225,0.00000000,1.00000000,0.00000000,-0.71698225,0.00000000,-0.69709142,0.98556506,0.00000000,0.13829832,0.00000000
-0.69751785,0.00000000,0.71656741,0.00000000,1.00000000,0.00000000,-0.71656741,0.00000000,-0.69751785,0.98617939,0.00000000,0.13773996,0.00000000
-0.69793282,0.00000000,0.71616324,0.00000000,1.00000000,0.00000000,-0.71616324,0.00000000,-0.69793282,0.98677724,0.00000000,0.13719594,0.00000000
-0.69833644,0.00000000,0.71576967,0.00000000,1.00000000,0.00000000,-0.71576967,0.00000000,-0.69833644,0.98735877,0.00000000,0.13666618,0.00000000
-0.69872882,0.00000000,0.71538663,0.00000000,1.00000000,0.00000000,-0.71538663,0.00000000,-0.69872882,0.98792412,0.00000000,0.13615056,0.00000000
-0.69911009,0.00000000,0.71501405,0.00000000,1.00000000,0.00000000,-0.71501405,0.00000000,-0.69911009,0.98847346,0.00000000,0.13564900,0.00000000
-0.69948034,0.00000000,0.71465184,0.00000000,1.00000000,0.00000000,-0.71465184,0.00000000,-0.69948034,0.98900696,0.00000000,0.13516140,0.00000000
-0.69983969,0.00000000,0.71429994,0.00000000,1.00000000,0.00000000,-0.71429994,0.00000000,-0.69983969,0.98952478,0.00000000,0.13468764,0.00000000
-0.70018828,0.00000000,0.71395825,0.00000000,1.00000000,0.00000000,-0.71395825,0.00000000,-0.70018828,0.99002709,0.00000000,0.13422761,0.00000000
-0.70052620,0.00000000,0.71362668,0.00000000,1.00000000,0.00000000,-0.71362668,0.00000000,-0.70052620,0.99051406,0.00000000,0.13378120,0.00000000
-0.70085360,0.00000000,0.71330515,0.00000000,1.00000000,0.00000000,-0.71330515,0.00000000,-0.70085360,0.99098587,0.00000000,0.13334829,0.00000000
-0.70117058,0.00000000,0.71299356,0.00000000,1.00000000,0.00000000,-0.71299356,0.00000000,-0.70117058,0.99144268,0.00000000,0.13292875,0.00000000
-0.70147728,0.00000000,0.71269182,0.00000000,1.00000000,0.00000000,-0.71269182,0.00000000,-0.70147728,0.99188469,0.00000000,0.13252246,0.00000000
-0.70177382,0.00000000,0.71239982,0.00000000,1.00000000,0.00000000,-0.71239982,0.00000000,-0.70177382,0.99231207,0.00000000,0.13212927,0.00000000
-0.70206033,0.00000000,0.71211747,0.00000000,1.00000000,0.00000000,-0.71211747,0.00000000,-0.70206033,0.99272501,0.00000000,0.13174906,0.00000000
-0.70233695,0.00000000,0.71184465,0.00000000,1.00000000,0.00000000,-0.71184465,0.00000000,-0.70233695,0.99312370,0.00000000,0.13138168,0.00000000
-0.70260381,0.00000000,0.71158126,0.00000000,1.00000000,0.00000000,-0.71158126,0.00000000,-0.70260381,0.99350832,0.00000000,0.13102699,0.00000000
-0.70286103,0.00000000,0.71132719,0.00000000,1.00000000,0.00000000,-0.71132719,0.00000000,-0.70286103,0.99387908,0.00000000,0.13068484,0.00000000
-0.70310877,0.00000000,0.71108231,0.00000000,1.00000000,0.00000000,-0.71108231,0.00000000,-0.70310877,0.99423616,0.00000000,0.13035506,0.00000000
-0.70334715,0.00000000,0.71084652,0.00000000,1.00000000,0.00000000,-0.71084652,0.00000000,-0.70334715,0.99457978,0.00000000,0.13003751,0.00000000
-0.70357633,0.00000000,0.71061969,0.00000000,1.00000000,0.00000000,-0.71061969,0.00000000,-0.70357633,0.99491013,0.00000000,0.12973202,0.00000000
-0.70379644,0.00000000,0.71040170,0.00000000,1.00000000,0.00000000,-0.71040170,0.00000000,-0.70379644,0.99522741,0.00000000,0.12943842,0.00000000
-0.70400763,0.00000000,0.71019241,0.00000000,1.00000000,0.00000000,-0.71019241,0.00000000,-0.70400763,0.99553185,0.00000000,0.12915654,0.00000000
-0.70421005,0.00000000,0.70999170,0.00000000,1.00000000,0.00000000,-0.70999170,0.00000000,-0.70421005,0.99582364,0.00000000,0.12888620,0.00000000
-0.70440384,0.00000000,0.70979943,0.00000000,1.00000000,0.00000000,-0.70979943,0.00000000,-0.70440384,0.99610301,0.00000000,0.12862724,0.00000000
-0.70458917,0.00000000,0.70961546,0.00000000,1.00000000,0.00000000,-0.70961546,0.00000000,-0.70458917,0.99637017,0.00000000,0.12837945,0.00000000
-0.70476618,0.00000000,0.70943966,0.00000000,1.00000000,0.00000000,-0.70943966,0.00000000,-0.70476618,0.99662536,0.00000000,0.12814266,0.00000000
-0.70493503,0.00000000,0.70927188,0.00000000,1.00000000,0.00000000,-0.70927188,0.00000000,-0.70493503,0.99686878,0.00000000,0.12791666,0.00000000
-0.70509589,0.00000000,0.70911197,0.00000000,1.00000000,0.00000000,-0.70911197,0.00000000,-0.70509589,0.99710068,0.00000000,0.12770127,0.00000000
-0.70524890,0.00000000,0.70895979,0.00000000,1.00000000,0.00000000,-0.70895979,0.00000000,-0.70524890,0.99732127,0.00000000,0.12749628,0.00000000
-0.70539424,0.00000000,0.70881518,0.00000000,1.00000000,0.00000000,-0.70881518,0.00000000,-0.70539424,0.99753081,0.00000000,0.12730149,0.00000000
-0.70553207,0.00000000,0.70867799,0.00000000,1.00000000,0.00000000,-0.70867799,0.00000000,-0.70553207,0.99772953,0.00000000,0.12711668,0.00000000
-0.70566257,0.00000000,0.70854805,0.00000000,1.00000000,0.00000000,-0.70854805,0.00000000,-0.70566257,0.99791766,0.00000000,0.12694165,0.00000000
-0.70578589,0.00000000,0.70842521,0.00000000,1.00000000,0.00000000,-0.70842521,0.00000000,-0.70578589,0.99809547,0.00000000,0.12677617,0.00000000
-0.70590222,0.00000000,0.70830930,0.00000000,1.00000000,0.00000000,-0.70830930,0.00000000,-0.70590222,0.99826319,0.00000000,0.12662002,0.00000000
-0.70601173,0.00000000,0.70820014,0.00000000,1.00000000,0.00000000,-0.70820014,0.00000000,-0.70601173,0.99842108,0.00000000,0.12647297,0.00000000
-0.70611460,0.00000000,0.70809758,0.00000000,1.00000000,0.00000000,-0.70809758,0.00000000,-0.70611460,0.99856939,0.00000000,0.12633480,0.00000000
-0.70621100,0.00000000,0.70800143,0.00000000,1.00000000,0.00000000,-0.70800143,0.00000000,-0.70621100,0.99870839,0.00000000,0.12620528,0.00000000
-0.70630113,0.00000000,0.70791151,0.00000000,1.00000000,0.00000000,-0.70791151,0.00000000,-0.70630113,0.99883835,0.00000000,0.12608415,0.00000000
-0.70638517,0.00000000,0.70782765,0.00000000,1.00000000,0.00000000,-0.70782765,0.00000000,-0.70638517,0.99895952,0.00000000,0.12597117,0.00000000
-0.70646331,0.00000000,0.70774967,0.00000000,1.00000000,0.00000000,-0.70774967,0.00000000,-0.70646331,0.99907218,0.00000000,0.12586611,0.00000000
-0.70653574,0.00000000,0.70767736,0.00000000,1.00000000,0.00000000,-0.70767736,0.00000000,-0.70653574,0.99917661,0.00000000,0.12576871,0.00000000
-0.70660265,0.00000000,0.70761055,0.00000000,1.00000000,0.00000000,-0.70761055,0.00000000,-0.70660265,0.99927309,0.00000000,0.12567870,0.00000000
-0.70666424,0.00000000,0.70754905,0.00000000,1.00000000,0.00000000,-0.70754905,0.00000000,-0.70666424,0.99936189,0.00000000,0.12559584,0.00000000
-0.70672071,0.00000000,0.70749265,0.00000000,1.00000000,0.00000000,-0.70749265,0.00000000,-0.70672071,0.99944331,0.00000000,0.12551985,0.00000000
-0.70677226,0.00000000,0.70744115,0.00000000,1.00000000,0.00000000,-0.70744115,0.00000000,-0.70677226,0.99951764,0.00000000,0.12545048,0.00000000
-0.70681909,0.00000000,0.70739435,0.00000000,1.00000000,0.00000000,-0.70739435,0.00000000,-0.70681909,0.99958517,0.00000000,0.12538743,0.00000000
-0.70686142,0.00000000,0.70735206,0.00000000,1.00000000,0.00000000,-0.70735206,0.00000000,-0.70686142,0.99964621,0.00000000,0.12533045,0.00000000
-0.70689945,0.00000000,0.70731405,0.00000000,1.00000000,0.00000000,-0.70731405,0.00000000,-0.70689945,0.99970105,0.00000000,0.12527924,0.00000000
-0.70693340,0.00000000,0.70728012,0.00000000,1.00000000,0.00000000,-0.70728012,0.00000000,-0.70693340,0.99975000,0.00000000,0.12523353,0.00000000
-0.70696349,0.00000000,0.70725005,0.00000000,1.00000000,0.00000000,-0.70725005,0.00000000,-0.70696349,0.99979338,0.00000000,0.12519302,0.00000000
-0.70698992,0.00000000,0.70722362,0.00000000,1.00000000,0.00000000,-0.70722362,0.00000000,-0.70698992,0.99983150,0.00000000,0.12515741,0.00000000
-0.70701293,0.00000000,0.70720062,0.00000000,1.00000000,0.00000000,-0.70720062,0.00000000,-0.70701293,0.99986468,0.00000000,0.12512642,0.00000000
-0.70703274,0.00000000,0.70718081,0.00000000,1.00000000,0.00000000,-0.70718081,0.00000000,-0.70703274,0.99989324,0.00000000,0.12509974,0.00000000
-0.70704958,0.00000000,0.70716398,0.00000000,1.00000000,0.00000000,-0.70716398,0.00000000,-0.70704958,0.99991752,0.00000000,0.12507706,0.00000000
-0.70706367,0.00000000,0.70714989,0.00000000,1.00000000,0.00000000,-0.70714989,0.00000000,-0.70706367,0.99993784,0.00000000,0.12505807,0.00000000
-0.70707526,0.00000000,0.70713830,0.00000000,1.00000000,0.00000000,-0.70713830,0.00000000,-0.70707526,0.99995455,0.00000000,0.12504247,0.00000000
-0.70708458,0.00000000,0.70712899,0.00000000,1.00000000,0.00000000,-0.70712899,0.00000000,-0.70708458,0.99996798,0.00000000,0.12502992,0.00000000
-0.70709186,0.00000000,0.70712170,0.00000000,1.00000000,0.00000000,-0.70712170,0.00000000,-0.70709186,0.99997848,0.00000000,0.12502010,0.00000000
-0.70709736,0.00000000,0.70711621,0.00000000,1.00000000,0.00000000,-0.70711621,0.00000000,-0.70709736,0.99998641,0.00000000,0.12501270,0.00000000
-0.70710131,0.00000000,0.70711225,0.00000000,1.00000000,0.00000000,-0.70711225,0.00000000,-0.70710131,0.99999211,0.00000000,0.12500737,0.00000000
-0.70710397,0.00000000,0.70710959,0.00000000,1.00000000,0.00000000,-0.70710959,0.00000000,-0.70710397,0.99999595,0.00000000,0.12500379,0.00000000
-0.70710559,0.00000000,0.70710797,0.00000000,1.00000000,0.00000000,-0.70710797,0.00000000,-0.70710559,0.99999829,0.00000000,0.12500160,0.00000000
-0.70710643,0.00000000,0.70710713,0.00000000,1.00000000,0.00000000,-0.70710713,0.00000000,-0.70710643,0.99999949,0.00000000,0.12500048,0.00000000
-0.70710674,0.00000000,0.70710683,0.00000000,1.00000000,0.00000000,-0.70710683,0.00000000,-0.70710674,0.99999994,0.00000000,0.12500006,0.00000000
-0.70710678,0.00000000,0.70710678,0.00000000,1.00000000,0.00000000,-0.70710678,0.00000000,-0.70710678,1.00000000,0.00000000,0.12500000,0.00000000
-0.70710678,0.00000000,0.70710678,0.00000000,1.00000000,0.00000000,-0.70710678,0.00000000,-0.70710678,1.00000000,0.00000000,0.12499901,0.00000000
-0.70710678,0.00000000,0.70710678,0.00000000,1.00000000,0.00000000,-0.70710678,0.00000000,-0.70710678,1.00000000,0.00000000,0.12499224,0.00000000
-0.70710678,0.00000000,0.70710678,0.00000000,1.00000000,0.00000000,-0.70710678,0.00000000,-0.70710678,1.00000000,0.00000000,0.12497420,0.00000000
-0.70710678,0.00000000,0.70710678,0.00000000,1.00000000,0.00000000,-0.70710678,0.00000000,-0.70710678,1.00000000,0.00000000,0.12493978,0.00000000
-0.70710678,0.00000000,0.70710678,0.00000000,1.00000000,0.00000000,-0.70710678,0.00000000,-0.70710678,1.00000000,0.00000000,0.12488419,0.00000000
-0.70710678,0.00000000,0.70710678,0.00000000,1.00000000,0.00000000,-0.70710678,0.00000000,-0.70710678,1.00000000,0.00000000,0.12480297,0.00000000
-0.70710678,0.00000000,0.70710678,0.00000000,1.00000000,0.00000000,-0.70710678,0.00000000,-0.70710678,1.00000000,0.00000000,0.12469201,0.00000000
-0.70710678,0.00000000,0.70710678,0.00000000,1.00000000,0.00000000,-0.70710678,0.00000000,-0.70710678,1.00000000,0.00000000,0.12454747,0.00000000
-0.70710678,0.00000000,0.70710678,0.00000000,1.00000000,0.00000000,-0.70710678,0.00000000,-0.70710678,1.00000000,0.00000000,0.12436587,0.00000000
-0.70710678,0.00000000,0.70710678,0.00000000,1.00000000,0.00000000,-0.70710678,0.00000000,-0.70710678,1.00000000,0.00000000,0.12414400,0.00000000
-0.70710678,0.00000000,0.70710678,0.00000000,1.00000000,0.00000000,-0.70710678,0.00000000,-0.70710678,1.00000000,0.00000000,0.12387895,0.00000000
-0.70710678,0.00000000,0.70710678,0.00000000,1.00000000,0.00000000,-0.70710678,0.00000000,-0.70710678,1.00000000,0.00000000,0.12356811,0.00000000
-0.70710678,0.00000000,0.70710678,0.00000000,1.00000000,0.00000000,-0.70710678,0.00000000,-0.70710678,1.00000000,0.00000000,0.12320914,0.00000000
-0.70710678,0.00000000,0.70710678,0.00000000,1.00000000,0.00000000,-0.70710678,0.00000000,-0.70710678,1.00000000,0.00000000,0.12279997,0.00000000
-0.70710678,0.00000000,0.70710678,0.00000000,1.00000000,0.00000000,-0.70710678,0.00000000,-0.70710678,1.00000000,0.00000000,0.12233881,0.00000000
-0.70710678,0.00000000,0.70710678,0.00000000,1.00000000,0.00000000,-0.70710678,0.00000000,-0.70710678,1.00000000,0.00000000,0.12182413,0.00000000
-0.70710678,0.00000000,0.70710678,0.00000000,1.00000000,0.00000000,-0.70710678,0.00000000,-0.70710678,1.00000000,0.00000000,0.12125462,0.00000000
-0.70710678,0.00000000,0.70710678,0.00000000,1.00000000,0.00000000,-0.70710678,0.00000000,-0.70710678,1.00000000,0.00000000,0.12062927,0.00000000
-0.70710678,0.00000000,0.70710678,0.00000000,1.00000000,0.00000000,-0.70710678,0.00000000,-0.70710678,1.00000000,0.00000000,0.11994725,0.00000000
-0.70710678,0.00000000,0.70710678,0.00000000,1.00000000,0.00000000,-0.70710678,0.00000000,-0.70710678,1.00000000,0.00000000,0.11920800,0.00000000
-0.70710678,0.00000000,0.70710678,0.00000000,1.00000000,0.00000000,-0.70710678,0.00000000,-0.70710678,1.00000000,0.00000000,0.11841117,0.00000000
-0.70710678,0.00000000,0.70710678,0.00000000,1.00000000,0.00000000,-0.70710678,0.00000000,-0.70710678,1.00000000,0.00000000,0.11755662,0.00000000
-0.70710678,0.00000000,0.70710678,0.00000000,1.00000000,0.00000000,-0.70710678,0.00000000,-0.70710678,1.00000000,0.00000000,0.11664443,0.00000000
-0.70710678,0.00000000,0.70710678,0.00000000,1.00000000,0.00000000,-0.70710678,0.00000000,-0.70710678,1.00000000,0.00000000,0.11567488,0.00000000
-0.70710678,0.00000000,0.70710678,0.00000000,1.00000000,0.00000000,-0.70710678,0.00000000,-0.70710678,1.00000000,0.00000000,0.11464844,0.00000000
-0.70710678,0.00000000,0.70710678,0.00000000,1.00000000,0.00000000,-0.70710678,0.00000000,-0.70710678,1.00000000,0.00000000,0.11356576,0.00000000
-0.70710678,0.00000000,0.70710678,0.00000000,1.00000000,0.00000000,-0.70710678,0.00000000,-0.70710678,1.00000000,0.00000000,0.11242768,0.00000000
-0.70710678,0.00000000,0.70710678,0.00000000,1.00000000,0.00000000,-0.70710678,0.00000000,-0.70710678,1.00000000,0.00000000,0.11123522,0.00000000
-0.70710678,0.00000000,0.70710678,0.00000000,1.00000000,0.00000000,-0.70710678,0.00000000,-0.70710678,1.00000000,0.00000000,0.10998955,0.00000000
-0.70710678,0.00000000,0.70710678,0.00000000,1.00000000,0.00000000,-0.70710678,0.00000000,-0.70710678,1.00000000,0.00000000,0.10869200,0.00000000
-0.70710678,0.00000000,0.70710678,0.00000000,1.00000000,0.00000000,-0.70710678,0.00000000,-0.70710678,1.00000000,0.00000000,0.10734407,0.00000000
-0.70710678,0.00000000,0.70710678,0.00000000,1.00000000,0.00000000,-0.70710678,0.00000000,-0.70710678,1.00000000,0.00000000,0.10594737,0.00000000
-0.70710678,0.00000000,0.70710678,0.00000000,1.00000000,0.00000000,-0.70710678,0.00000000,-0.70710678,1.00000000,0.00000000,0.10450369,0.00000000
-0.70710678,0.00000000,0.70710678,0.00000000,1.00000000,0.00000000,-0.70710678,0.00000000,-0.70710678,1.00000000,0.00000000,0.10301491,0.00000000
-0.70710678,0.00000000,0.70710678,0.00000000,1.00000000,0.00000000,-0.70710678,0.00000000,-0.70710678,1.00000000,0.00000000,0.10148306,0.00000000
-0.70710678,0.00000000,0.70710678,0.00000000,1.00000000,0.00000000,-0.70710678,0.00000000,-0.70710678,1.00000000,0.00000000,0.09991027,0.00000000
-0.70710678,0.00000000,0.70710678,0.00000000,1.00000000,0.00000000,-0.70710678,0.00000000,-0.70710678,1.00000000,0.00000000,0.09829878,0.00000000
-0.70710678,0.00000000,0.70710678,0.00000000,1.00000000,0.00000000,-0.70710678,0.00000000,-0.70710678,1.00000000,0.00000000,0.09665093,0.00000000
-0.70710678,0.00000000,0.70710678,0.00000000,1.00000000,0.00000000,-0.70710678,0.00000000,-0.70710678,1.00000000,0.00000000,0.09496916,0.00000000
-0.70710678,0.00000000,0.70710678,0.00000000,1.00000000,0.00000000,-0.70710678,0.00000000,-0.70710678,1.00000000,0.00000000,0.09325600,0.00000000
-0.70710678,0.00000000,0.70710678,0.00000000,1.00000000,0.00000000,-0.70710678,0.00000000,-0.70710678,1.00000000,0.00000000,0.09151404,0.00000000
-0.70710678,0.00000000,0.70710678,0.00000000,1.00000000,0.00000000,-0.70710678,0.00000000,-0.70710678,1.00000000,0.00000000,0.08974597,0.00000000
-0.70710678,0.00000000,0.70710678,0.00000000,1.00000000,0.00000000,-0.70710678,0.00000000,-0.70710678,1.00000000,0.00000000,0.08795451,0.00000000
-0.70710678,0.00000000,0.70710678,0.00000000,1.00000000,0.00000000,-0.70710678,0.00000000,-0.70710678,1.00000000,0.00000000,0.08614247,0.00000000
-0.70710678,0.00000000,0.70710678,0.00000000,1.00000000,0.00000000,-0.70710678,0.00000000,-0.70710678,1.00000000,0.00000000,0.08431269,0.00000000
-0.70710678,0.00000000,0.70710678,0.00000000,1.00000000,0.00000000,-0.70710678,0.00000000,-0.70710678,1.00000000,0.00000000,0.08246806,0.00000000
-0.70710678,0.00000000,0.70710678,0.00000000,1.00000000,0.00000000,-0.70710678,0.00000000,-0.70710678,1.00000000,0.00000000,0.08061151,0.00000000
-0.70710678,0.00000000,0.70710678,0.00000000,1.00000000,0.00000000,-0.70710678,0.00000000,-0.70710678,1.00000000,0.00000000,0.07874600,0.00000000
-0.70710678,0.00000000,0.70710678,0.00000000,1.00000000,0.00000000,-0.70710678,0.00000000,-0.70710678,1.00000000,0.00000000,0.07687450,0.00000000
-0.70710678,0.00000000,0.70710678,0.00000000,1.00000000,0.00000000,-0.70710678,0.00000000,-0.70710678,1.00000000,0.00000000,0.07500000,0.00000000
-0.70710678,0.00000000,0.70710678,0.00000000,1.00000000,0.00000000,-0.70710678,0.00000000,-0.70710678,1.00000000,0.00000000,0.07312550,0.00000000
-0.70710678,0.00000000,0.70710678,0.00000000,1.00000000,0.00000000,-0.70710678,0.00000000,-0.70710678,1.00000000,0.00000000,0.07125400,0.00000000
-0.70710678,0.00000000,0.70710678,0.00000000,1.00000000,0.00000000,-0.70710678,0.00000000,-0.70710678,1.00000000,0.00000000,0.06938849,0.00000000
-0.70710678,0.00000000,0.70710678,0.00000000,1.00000000,0.00000000,-0.70710678,0.00000000,-0.70710678,1.00000000,0.00000000,0.06753194,0.00000000
-0.70710678,0.00000000,0.70710678,0.00000000,1.00000000,0.00000000,-0.70710678,0.00000000,-0.70710678,1.00000000,0.00000000,0.06568731,0.00000000
-0.70710678,0.00000000,0.70710678,0.00000000,1.00000000,0.00000000,-0.70710678,0.00000000,-0.70710678,1.00000000,0.00000000,0.06385753,0.00000000
-0.70710678,0.00000000,0.70710678,0.00000000,1.00000000,0.00000000,-0.70710678,0.00000000,-0.70710678,1.00000000,0.00000000,0.06204549,0.00000000
-0.70710678,0.00000000,0.70710678,0.00000000,1.00000000,0.00000000,-0.70710678,0.00000000,-0.70710678,1.00000000,0.00000000,0.06025403,0.00000000
-0.70710678,0.00000000,0.70710678,0.00000000,1.00000000,0.00000000,-0.70710678,0.00000000,-0.70710678,1.00000000,0.00000000,0.05848596,0.00000000
-0.70710678,0.00000000,0.70710678,0.00000000,1.00000000,0.00000000,-0.70710678,0.00000000,-0.70710678,1.00000000,0.00000000,0.05674400,0.00000000
-0.70710678,0.00000000,0.70710678,0.00000000,1.00000000,0.00000000,-0.70710678,0.00000000,-0.70710678,1.00000000,0.00000000,0.05503084,0.00000000
-0.70710678,0.00000000,0.70710678,0.00000000,1.00000000,0.00000000,-0.70710678,0.00000000,-0.70710678,1.00000000,0.00000000,0.05334907,0.00000000
-0.70710678,0.00000000,0.70710678,0.00000000,1.00000000,0.00000000,-0.70710678,0.00000000,-0.70710678,1.00000000,0.00000000,0.05170122,0.00000000
-0.70710678,0.00000000,0.70710678,0.00000000,1.00000000,0.00000000,-0.70710678,0.00000000,-0.70710678,1.00000000,0.00000000,0.05008973,0.00000000
-0.70710678,0.00000000,0.70710678,0.00000000,1.00000000,0.00000000,-0.70710678,0.00000000,-0.70710678,1.00000000,0.00000000,0.04851694,0.00000000
-0.70710678,0.00000000,0.70710678,0.00000000,1.00000000,0.00000000,-0.70710678,0.00000000,-0.70710678,1.00000000,0.00000000,0.04698509,0.00000000
-0.70710678,0.00000000,0.70710678,0.00000000,1.00000000,0.00000000,-0.70710678,0.00000000,-0.70710678,1.00000000,0.00000000,0.04549631,0.00000000
-0.70710678,0.00000000,0.70710678,0.00000000,1.00000000,0.00000000,-0.70710678,0.00000000,-0.70710678,1.00000000,0.00000000,0.04405263,0.00000000
-0.70710678,0.00000000,0.70710678,0.00000000,1.00000000,0.00000000,-0.70710678,0.00000000,-0.70710678,1.00000000,0.00000000,0.04265593,0.00000000
-0.70710678,0.00000000,0.70710678,0.00000000,1.00000000,0.00000000,-0.70710678,0.00000000,-0.70710678,1.00000000,0.00000000,0.04130800,0.00000000
-0.70710678,0.00000000,0.70710678,0.00000000,1.00000000,0.00000000,-0.70710678,0.00000000,-0.70710678,1.00000000,0.00000000,0.04001045,0.00000000
-0.70710678,0.00000000,0.70710678,0.00000000,1.00000000,0.00000000,-0.70710678,0.00000000,-0.70710678,1.00000000,0.00000000,0.03876478,0.00000000
-0.70710678,0.00000000,0.70710678,0.00000000,1.00000000,0.00000000,-0.70710678,0.00000000,-0.70710678,1.00000000,0.00000000,0.03757232,0.00000000
-0.70710678,0.00000000,0.70710678,0.00000000,1.00000000,0.00000000,-0.70710678,0.00000000,-0.70710678,1.00000000,0.00000000,0.03643424,0.00000000
-0.70710678,0.00000000,0.70710678,0.00000000,1.00000000,0.00000000,-0.70710678,0.00000000,-0.70710678,1.00000000,0.00000000,0.03535156,0.00000000
-0.70710678,0.00000000,0.70710678,0.00000000,1.00000000,0.00000000,-0.70710678,0.00000000,-0.70710678,1.00000000,0.00000000,0.03432512,0.00000000
-0.70710678,0.00000000,0.70710678,0.00000000,1.00000000,0.00000000,-0.70710678,0.00000000,-0.70710678,1.00000000,0.00000000,0.03335557,0.00000000
-0.70710678,0.00000000,0.70710678,0.00000000,1.00000000,0.00000000,-0.70710678,0.00000000,-0.70710678,1.00000000,0.00000000,0.03244338,0.00000000
-0.70710678,0.00000000,0.70710678,0.00000000,1.00000000,0.00000000,-0.70710678,0.00000000,-0.70710678,1.00000000,0.00000000,0.03158883,0.00000000
-0.70710678,0.00000000,0.70710678,0.00000000,1.00000000,0.00000000,-0.70710678,0.00000000,-0.70710678,1.00000000,0.00000000,0.03079200,0.00000000
-0.70710678,0.00000000,0.70710678,0.00000000,1.00000000,0.00000000,-0.70710678,0.00000000,-0.70710678,1.00000000,0.00000000,0.03005275,0.00000000
-0.70710678,0.00000000,0.70710678,0.00000000,1.00000000,0.00000000,-0.70710678,0.00000000,-0.70710678,1.00000000,0.00000000,0.02937073,0.00000000
-0.70710678,0.00000000,0.70710678,0.00000000,1.00000000,0.00000000,-0.70710678,0.00000000,-0.70710678,1.00000000,0.00000000,0.02874538,0.00000000
-0.70710678,0.00000000,0.70710678,0.00000000,1.00000000,0.00000000,-0.70710678,0.00000000,-0.70710678,1.00000000,0.00000000,0.02817587,0.00000000
-0.70710678,0.00000000,0.70710678,0.00000000,1.00000000,0.00000000,-0.70710678,0.00000000,-0.70710678,1.00000000,0.00000000,0.02766119,0.00000000
-0.70710678,0.00000000,0.70710678,0.00000000,1.00000000,0.00000000,-0.70710678,0.00000000,-0.70710678,1.00000000,0.00000000,0.02720003,0.00000000
-0.70710678,0.00000000,0.70710678,0.00000000,1.00000000,0.00000000,-0.70710678,0.00000000,-0.70710678,1.00000000,0.00000000,0.02679086,0.00000000
-0.70710678,0.00000000,0.70710678,0.00000000,1.00000000,0.00000000,-0.70710678,0.00000000,-0.70710678,1.00000000,0.00000000,0.02643189,0.00000000
-0.70710678,0.00000000,0.70710678,0.00000000,1.00000000,0.00000000,-0.70710678,0.00000000,-0.70710678,1.00000000,0.00000000,0.02612105,0.00000000
-0.70710678,0.00000000,0.70710678,0.00000000,1.00000000,0.00000000,-0.70710678,0.00000000,-0.70710678,1.00000000,0.00000000,0.02585600,0.00000000
-0.70710678,0.00000000,0.70710678,0.00000000,1.00000000,0.00000000,-0.70710678,0.00000000,-0.70710678,1.00000000,0.00000000,0.02563413,0.00000000
-0.70710678,0.00000000,0.70710678,0.00000000,1.00000000,0.00000000,-0.70710678,0.00000000,-0.70710678,1.00000000,0.00000000,0.02545253,0.00000000
-0.70710678,0.00000000,0.70710678,0.00000000,1.00000000,0.00000000,-0.70710678,0.00000000,-0.70710678,1.00000000,0.00000000,0.02530799,0.00000000
-0.70710678,0.00000000,0.70710678,0.00000000,1.00000000,0.00000000,-0.70710678,0.00000000,-0.70710678,1.00000000,0.00000000,0.02519703,0.00000000
-0.70710678,0.00000000,0.70710678,0.00000000,1.00000000,0.00000000,-0.70710678,0.00000000,-0.70710678,1.00000000,0.00000000,0.02511581,0.00000000
-0.70710678,0.00000000,0.70710678,0.00000000,1.00000000,0.00000000,-0.70710678,0.00000000,-0.70710678,1.00000000,0.00000000,0.02506022,0.00000000
-0.70710678,0.00000000,0.70710678,0.00000000,1.00000000,0.00000000,-0.70710678,0.00000000,-0.70710678,1.00000000,0.00000000,0.02502580,0.00000000
-0.70710678,0.00000000,0.70710678,0.00000000,1.00000000,0.00000000,-0.70710678,0.00000000,-0.70710678,1.00000000,0.00000000,0.02500776,0.00000000
-0.70710678,0.00000000,0.70710678,0.00000000,1.00000000,0.00000000,-0.70710678,0.00000000,-0.70710678,1.00000000,0.00000000,0.02500099,0.00000000
-0.70710678,0.00000000,0.70710678,0.00000000,1.00000000,0.00000000,-0.70710678,0.00000000,-0.70710678,1.00000000,0.00000000,0.02500000,0.00000000
-0.70710678,0.00000000,0.70710678,0.00000000,1.00000000,0.00000000,-0.70710678,0.00000000,-0.70710678,1.00000000,0.00000000,0.02500000,1.00000000
-0.70710678,0.00000000,0.70710678,0.00000000,1.00000000,0.00000000,-0.70710678,0.00000000,-0.70710678,1.00000000,0.00000000,0.02500000,1.00000000
-0.70710678,0.00000000,0.70710678,0.00000000,1.00000000,0.00000000,-0.70710678,0.00000000,-0.70710678,1.00000000,0.00000000,0.02500000,1.00000000
-0.70710678,0.00000000,0.70710678,0.00000000,1.00000000,0.00000000,-0.70710678,0.00000000,-0.70710678,1.00000000,0.00000000,0.02500000,1.00000000
-0.70710678,0.00000000,0.70710678,0.00000000,1.00000000,0.00000000,-0.70710678,0.00000000,-0.70710678,1.00000000,0.00000000,0.02500000,1.00000000
-0.70710678,0.00000000,0.70710678,0.00000000,1.00000000,0.00000000,-0.70710678,0.00000000,-0.70710678,1.00000000,0.00000000,0.02500000,1.00000000
-0.70710678,0.00000000,0.70710678,0.00000000,1.00000000,0.00000000,-0.70710678,0.00000000,-0.70710678,1.00000000,0.00000000,0.02500000,1.00000000
-0.70710678,0.00000000,0.70710678,0.00000000,1.00000000,0.00000000,-0.70710678,0.00000000,-0.70710678,1.00000000,0.00000000,0.02500000,1.00000000
-0.70710678,0.00000000,0.70710678,0.00000000,1.00000000,0.00000000,-0.70710678,0.00000000,-0.70710678,1.00000000,0.00000000,0.02500000,1.00000000
-0.70710678,0.00000000,0.70710678,0.00000000,1.00000000,0.00000000,-0.70710678,0.00000000,-0.70710678,1.00000000,0.00000000,0.02500000,1.00000000
-0.70710678,0.00000000,0.70710678,0.00000000,1.00000000,0.00000000,-0.70710678,0.00000000,-0.70710678,1.00000000,0.00000000,0.02500000,1.00000000
-0.70710678,0.00000000,0.70710678,0.00000000,1.00000000,0.00000000,-0.70710678,0.00000000,-0.70710678,1.00000000,0.00000000,0.02500000,1.00000000
-0.70710678,0.00000000,0.70710678,0.00000000,1.00000000,0.00000000,-0.70710678,0.00000000,-0.70710678,1.00000000,0.00000000,0.02500000,1.00000000
-0.70710678,0.00000000,0.70710678,0.00000000,1.00000000,0.00000000,-0.70710678,0.00000000,-0.70710678,1.00000000,0.00000000,0.02500000,1.00000000
-0.70710678,0.00000000,0.70710678,0.00000000,1.00000000,0.00000000,-0.70710678,0.00000000,-0.70710678,1.00000000,0.00000000,0.02500000,1.00000000
-0.70710678,0.00000000,0.70710678,0.00000000,1.00000000,0.00000000,-0.70710678,0.00000000,-0.70710678,1.00000000,0.00000000,0.02500000,1.00000000
-0.70710678,0.00000000,0.70710678,0.00000000,1.00000000,0.00000000,-0.70710678,0.00000000,-0.70710678,1.00000000,0.00000000,0.02500000,1.00000000
-0.70710678,0.00000000,0.70710678,0.00000000,1.00000000,0.00000000,-0.70710678,0.00000000,-0.70710678,1.00000000,0.00000000,0.02500000,1.00000000
-0.70710678,0.00000000,0.70710678,0.00000000,1.00000000,0.00000000,-0.70710678,0.00000000,-0.70710678,1.00000000,0.00000000,0.02500000,1.00000000
-0.70710678,0.00000000,0.70710678,0.00000000,1.00000000,0.00000000,-0.70710678,0.00000000,-0.70710678,1.00000000,0.00000000,0.02500000,1.00000000
-0.70710678,0.00000000,0.70710678,0.00000000,1.00000000,0.00000000,-0.70710678,0.00000000,-0.70710678,1.00000000,0.00000000,0.02500000,1.00000000
-0.70710678,0.00000000,0.70710678,0.00000000,1.00000000,0.00000000,-0.70710678,0.00000000,-0.70710678,1.00000000,0.00000000,0.02500000,1.00000000
-0.70710678,0.00000000,0.70710678,0.00000000,1.00000000,0.00000000,-0.70710678,0.00000000,-0.70710678,1.00000000,0.00000000,0.02500000,1.00000000
-0.70710678,0.00000000,0.70710678,0.00000000,1.00000000,0.00000000,-0.70710678,0.00000000,-0.70710678,1.00000000,0.00000000,0.02500000,1.00000000
-0.70710678,0.00000000,0.70710678,0.00000000,1.00000000,0.00000000,-0.70710678,0.00000000,-0.70710678,1.00000000,0.00000000,0.02500000,1.00000000
-0.70710678,0.00000000,0.70710678,0.00000000,1.00000000,0.00000000,-0.70710678,0.00000000,-0.70710678,1.00000000,0.00000000,0.02500000,1.00000000
-0.70710678,0.00000000,0.70710678,0.00000000,1.00000000,0.00000000,-0.70710678,0.00000000,-0.70710678,1.00000000,0.00000000,0.02500000,1.00000000
-0.70710678,0.00000000,0.70710678,0.00000000,1.00000000,0.00000000,-0.70710678,0.00000000,-0.70710678,1.00000000,0.00000000,0.02500000,1.00000000
-0.70710678,0.00000000,0.70710678,0.00000000,1.00000000,0.00000000,-0.70710678,0.00000000,-0.70710678,1.00000000,0.00000000,0.02500000,1.00000000
-0.70710678,0.00000000,0.70710678,0.00000000,1.00000000,0.00000000,-0.70710678,0.00000000,-0.70710678,1.00000000,0.00000000,0.02500000,1.00000000
-0.70710678,0.00000000,0.70710678,0.00000000,1.00000000,0.00000000,-0.70710678,0.00000000,-0.70710678,1.00000000,0.00000000,0.02500000,1.00000000
-0.70710678,0.00000000,0.70710678,0.00000000,1.00000000,0.00000000,-0.70710678,0.00000000,-0.70710678,1.00000000,0.00000000,0.02500000,1.00000000
-0.70710678,0.00000000,0.70710678,0.00000000,1.00000000,0.00000000,-0.70710678,0.00000000,-0.70710678,1.00000000,0.00000000,0.02500000,1.00000000
-0.70710678,0.00000000,0.70710678,0.00000000,1.00000000,0.00000000,-0.70710678,0.00000000,-0.70710678,1.00000000,0.00000000,0.02500000,1.00000000
-0.70710678,0.00000000,0.70710678,0.00000000,1.00000000,0.00000000,-0.70710678,0.00000000,-0.70710678,1.00000000,0.00000000,0.02500000,1.00000000
-0.70710678,0.00000000,0.70710678,0.00000000,1.00000000,0.00000000,-0.70710678,0.00000000,-0.70710678,1.00000000,0.00000000,0.02500000,1.00000000
-0.70710678,0.00000000,0.70710678,0.00000000,1.00000000,0.00000000,-0.70710678,0.00000000,-0.70710678,1.00000000,0.00000000,0.02500000,1.00000000
-0.70710678,0.00000000,0.70710678,0.00000000,1.00000000,0.00000000,-0.70710678,0.00000000,-0.70710678,1.00000000,0.00000000,0.02500000,1.00000000
-0.70710678,0.00000000,0.70710678,0.00000000,1.00000000,0.00000000,-0.70710678,0.00000000,-0.70710678,1.00000000,0.00000000,0.02500000,1.00000000
-0.70710678,0.00000000,0.70710678,0.00000000,1.00000000,0.00000000,-0.70710678,0.00000000,-0.70710678,1.00000000,0.00000000,0.02500000,1.00000000
-0.70710678,0.00000000,0.70710678,0.00000000,1.00000000,0.00000000,-0.70710678,0.00000000,-0.70710678,1.00000000,0.00000000,0.02500000,1.00000000
-0.70710678,0.00000000,0.70710678,0.00000000,1.00000000,0.00000000,-0.70710678,0.00000000,-0.70710678,1.00000000,0.00000000,0.02500000,1.00000000
-0.70710678,0.00000000,0.70710678,0.00000000,1.00000000,0.00000000,-0.70710678,0.00000000,-0.70710678,1.00000000,0.00000000,0.02500000,1.00000000
-0.70710678,0.00000000,0.70710678,0.00000000,1.00000000,0.00000000,-0.70710678,0.00000000,-0.70710678,1.00000000,0.00000000,0.02500000,1.00000000
-0.70710678,0.00000000,0.70710678,0.00000000,1.00000000,0.00000000,-0.70710678,0.00000000,-0.70710678,1.00000000,0.00000000,0.02500000,1.00000000
-0.70710678,0.00000000,0.70710678,0.00000000,1.00000000,0.00000000,-0.70710678,0.00000000,-0.70710678,1.00000000,0.00000000,0.02500000,1.00000000
-0.70710678,0.00000000,0.70710678,0.00000000,1.00000000,0.00000000,-0.70710678,0.00000000,-0.70710678,1.00000000,0.00000000,0.02500000,1.00000000
-0.70710678,0.00000000,0.70710678,0.00000000,1.00000000,0.00000000,-0.70710678,0.00000000,-0.70710678,1.00000000,0.00000000,0.02500000,1.00000000
-0.70710678,0.00000000,0.70710678,0.00000000,1.00000000,0.00000000,-0.70710678,0.00000000,-0.70710678,1.00000000,0.00000000,0.02500000,1.00000000
-0.70710678,0.00000000,0.70710678,0.00000000,1.00000000,0.00000000,-0.70710678,0.00000000,-0.70710678,1.00000000,0.00000000,0.02500000,1.00000000
-0.70710678,0.00000000,0.70710678,0.00000000,1.00000000,0.00000000,-0.70710678,0.00000000,-0.70710678,1.00000000,0.00000000,0.02500000,1.00000000
-0.70710678,0.00000000,0.70710678,0.00000000,1.00000000,0.00000000,-0.70710678,0.00000000,-0.70710678,1.00000000,0.00000000,0.02500000,1.00000000
-0.70710678,0.00000000,0.70710678,0.00000000,1.00000000,0.00000000,-0.70710678,0.00000000,-0.70710678,1.00000000,0.00000000,0.02500000,1.00000000
-0.70710678,0.00000000,0.70710678,0.00000000,1.00000000,0.00000000,-0.70710678,0.00000000,-0.70710678,1.00000000,0.00000000,0.02500000,1.00000000
-0.70710678,0.00000000,0.70710678,0.00000000,1.00000000,0.00000000,-0.70710678,0.00000000,-0.70710678,1.00000000,0.00000000,0.02500000,1.00000000
-0.70710678,0.00000000,0.70710678,0.00000000,1.00000000,0.00000000,-0.70710678,0.00000000,-0.70710678,1.00000000,0.00000000,0.02500000,1.00000000
-0.70710678,0.00000000,0.70710678,0.00000000,1.00000000,0.00000000,-0.70710678,0.00000000,-0.70710678,1.00000000,0.00000000,0.02500000,1.00000000
-0.70710678,0.00000000,0.70710678,0.00000000,1.00000000,0.00000000,-0.70710678,0.00000000,-0.70710678,1.00000000,0.00000000,0.02500000,1.00000000
-0.70710678,0.00000000,0.70710678,0.00000000,1.00000000,0.00000000,-0.70710678,0.00000000,-0.70710678,1.00000000,0.00000000,0.02500000,1.00000000
-0.70710678,0.00000000,0.70710678,0.00000000,1.00000000,0.00000000,-0.70710678,0.00000000,-0.70710678,1.00000000,0.00000000,0.02500000,1.00000000
-0.70710678,0.00000000,0.70710678,0.00000000,1.00000000,0.00000000,-0.70710678,0.00000000,-0.70710678,1.00000000,0.00000000,0.02500000,1.00000000
-0.70710678,0.00000000,0.70710678,0.00000000,1.00000000,0.00000000,-0.70710678,0.00000000,-0.70710678,1.00000000,0.00000000,0.02500000,1.00000000
-0.70710678,0.00000000,0.70710678,0.00000000,1.00000000,0.00000000,-0.70710678,0.00000000,-0.70710678,1.00000000,0.00000000,0.02500000,1.00000000
-0.70710678,0.00000000,0.70710678,0.00000000,1.00000000,0.00000000,-0.70710678,0.00000000,-0.70710678,1.00000000,0.00000000,0.02500099,1.00000000
-0.70710678,0.00000000,0.70710678,0.00000000,1.00000000,0.00000000,-0.70710678,0.00000000,-0.70710678,1.00000000,0.00000000,0.02500776,1.00000000
-0.70710678,0.00000000,0.70710678,0.00000000,1.00000000,0.00000000,-0.70710678,0.00000000,-0.70710678,1.00000000,0.00000000,0.02502580,1.00000000
-0.70710678,0.00000000,0.70710678,0.00000000,1.00000000,0.00000000,-0.70710678,0.00000000,-0.70710678,1.00000000,0.00000000,0.02506022,1.00000000
-0.70710678,0.00000000,0.70710678,0.00000000,1.00000000,0.00000000,-0.70710678,0.00000000,-0.70710678,1.00000000,0.00000000,0.02511581,1.00000000
-0.70710678,0.00000000,0.70710678,0.00000000,1.00000000,0.00000000,-0.70710678,0.00000000,-0.70710678,1.00000000,0.00000000,0.02519703,1.00000000
-0.70710678,0.00000000,0.70710678,0.00000000,1.00000000,0.00000000,-0.70710678,0.00000000,-0.70710678,1.00000000,0.00000000,0.02530799,1.00000000
-0.70710678,0.00000000,0.70710678,0.00000000,1.00000000,0.00000000,-0.70710678,0.00000000,-0.70710678,1.00000000,0.00000000,0.02545253,1.00000000
-0.70710678,0.00000000,0.70710678,0.00000000,1.00000000,0.00000000,-0.70710678,0.00000000,-0.70710678,1.00000000,0.00000000,0.02563413,1.00000000
-0.70710678,0.00000000,0.70710678,0.00000000,1.00000000,0.00000000,-0.70710678,0.00000000,-0.70710678,1.00000000,0.00000000,0.02585600,1.00000000
-0.70710678,0.00000000,0.70710678,0.00000000,1.00000000,0.00000000,-0.70710678,0.00000000,-0.70710678,1.00000000,0.00000000,0.02612105,1.00000000
-0.70710678,0.00000000,0.70710678,0.00000000,1.00000000,0.00000000,-0.70710678,0.00000000,-0.70710678,1.00000000,0.00000000,0.02643189,1.00000000
-0.70710678,0.00000000,0.70710678,0.00000000,1.00000000,0.00000000,-0.70710678,0.00000000,-0.70710678,1.00000000,0.00000000,0.02679086,1.00000000
-0.70710678,0.00000000,0.70710678,0.00000000,1.00000000,0.00000000,-0.70710678,0.00000000,-0.70710678,1.00000000,0.00000000,0.02720003,1.00000000
-0.70710678,0.00000000,0.70710678,0.00000000,1.00000000,0.00000000,-0.70710678,0.00000000,-0.70710678,1.00000000,0.00000000,0.02766119,1.00000000
-0.70710678,0.00000000,0.70710678,0.00000000,1.00000000,0.00000000,-0.70710678,0.00000000,-0.70710678,1.00000000,0.00000000,0.02817587,1.00000000
-0.70710678,0.00000000,0.70710678,0.00000000,1.00000000,0.00000000,-0.70710678,0.00000000,-0.70710678,1.00000000,0.00000000,0.02874538,1.00000000
-0.70710678,0.00000000,0.70710678,0.00000000,1.00000000,0.00000000,-0.70710678,0.00000000,-0.70710678,1.00000000,0.00000000,0.02937073,1.00000000
-0.70710678,0.00000000,0.70710678,0.00000000,1.00000000,0.00000000,-0.70710678,0.00000000,-0.70710678,1.00000000,0.00000000,0.03005275,1.00000000
-0.70710678,0.00000000,0.70710678,0.00000000,1.00000000,0.00000000,-0.70710678,0.00000000,-0.70710678,1.00000000,0.00000000,0.03079200,1.00000000
-0.70710678,0.00000000,0.70710678,0.00000000,1.00000000,0.00000000,-0.70710678,0.00000000,-0.70710678,1.00000000,0.00000000,0.03158883,1.00000000
-0.70710678,0.00000000,0.70710678,0.00000000,1.00000000,0.00000000,-0.70710678,0.00000000,-0.70710678,1.00000000,0.00000000,0.03244338,1.00000000
-0.70710678,0.00000000,0.70710678,0.00000000,1.00000000,0.00000000,-0.70710678,0.00000000,-0.70710678,1.00000000,0.00000000,0.03335557,1.00000000
-0.70710678,0.00000000,0.70710678,0.00000000,1.00000000,0.00000000,-0.70710678,0.00000000,-0.70710678,1.00000000,0.00000000,0.03432512,1.00000000
-0.70710678,0.00000000,0.70710678,0.00000000,1.00000000,0.00000000,-0.70710678,0.00000000,-0.70710678,1.00000000,0.00000000,0.03535156,1.00000000
-0.70710678,0.00000000,0.70710678,0.00000000,1.00000000,0.00000000,-0.70710678,0.00000000,-0.70710678,1.00000000,0.00000000,0.03643424,1.00000000
-0.70710678,0.00000000,0.70710678,0.00000000,1.00000000,0.00000000,-0.70710678,0.00000000,-0.70710678,1.00000000,0.00000000,0.03757232,1.00000000
-0.70710678,0.00000000,0.70710678,0.00000000,1.00000000,0.00000000,-0.70710678,0.00000000,-0.70710678,1.00000000,0.00000000,0.03876478,1.00000000
-0.70710678,0.00000000,0.70710678,0.00000000,1.00000000,0.00000000,-0.70710678,0.00000000,-0.70710678,1.00000000,0.00000000,0.04001045,1.00000000
-0.70710678,0.00000000,0.70710678,0.00000000,1.00000000,0.00000000,-0.70710678,0.00000000,-0.70710678,1.00000000,0.00000000,0.04130800,1.00000000
-0.70710678,0.00000000,0.70710678,0.00000000,1.00000000,0.00000000,-0.70710678,0.00000000,-0.70710678,1.00000000,0.00000000,0.04265593,1.00000000
-0.70710678,0.00000000,0.70710678,0.00000000,1.00000000,0.00000000,-0.70710678,0.00000000,-0.70710678,1.00000000,0.00000000,0.04405263,1.00000000
-0.70710678,0.00000000,0.70710678,0.00000000,1.00000000,0.00000000,-0.70710678,0.00000000,-0.70710678,1.00000000,0.00000000,0.04549631,1.00000000
-0.70710678,0.00000000,0.70710678,0.00000000,1.00000000,0.00000000,-0.70710678,0.00000000,-0.70710678,1.00000000,0.00000000,0.04698509,1.00000000
-0.70710678,0.00000000,0.70710678,0.00000000,1.00000000,0.00000000,-0.70710678,0.00000000,-0.70710678,1.00000000,0.00000000,0.04851694,1.00000000
-0.70710678,0.00000000,0.70710678,0.00000000,1.00000000,0.00000000,-0.70710678,0.00000000,-0.70710678,1.00000000,0.00000000,0.05008973,1.00000000
-0.70710678,0.00000000,0.70710678,0.00000000,1.00000000,0.00000000,-0.70710678,0.00000000,-0.70710678,1.00000000,0.00000000,0.05170122,1.00000000
-0.70710678,0.00000000,0.70710678,0.00000000,1.00000000,0.00000000,-0.70710678,0.00000000,-0.70710678,1.00000000,0.00000000,0.05334907,1.00000000
-0.70710678,0.00000000,0.70710678,0.00000000,1.00000000,0.00000000,-0.70710678,0.00000000,-0.70710678,1.00000000,0.00000000,0.05503084,1.00000000
-0.70710678,0.00000000,0.70710678,0.00000000,1.00000000,0.00000000,-0.70710678,0.00000000,-0.70710678,1.00000000,0.00000000,0.05674400,1.00000000
-0.70710678,0.00000000,0.70710678,0.00000000,1.00000000,0.00000000,-0.70710678,0.00000000,-0.70710678,1.00000000,0.00000000,0.05848596,1.00000000
-0.70710678,0.00000000,0.70710678,0.00000000,1.00000000,0.00000000,-0.70710678,0.00000000,-0.70710678,1.00000000,0.00000000,0.06025403,1.00000000
-0.70710678,0.00000000,0.70710678,0.00000000,1.00000000,0.00000000,-0.70710678,0.00000000,-0.70710678,1.00000000,0.00000000,0.06204549,1.00000000
-0.70710678,0.00000000,0.70710678,0.00000000,1.00000000,0.00000000,-0.70710678,0.00000000,-0.70710678,1.00000000,0.00000000,0.06385753,1.00000000
-0.70710678,0.00000000,0.70710678,0.00000000,1.00000000,0.00000000,-0.70710678,0.00000000,-0.70710678,1.00000000,0.00000000,0.06568731,1.00000000
-0.70710678,0.00000000,0.70710678,0.00000000,1.00000000,0.00000000,-0.70710678,0.00000000,-0.70710678,1.00000000,0.00000000,0.06753194,1.00000000
-0.70710678,0.00000000,0.70710678,0.00000000,1.00000000,0.00000000,-0.70710678,0.00000000,-0.70710678,1.00000000,0.00000000,0.06938849,1.00000000
-0.70710678,0.00000000,0.70710678,0.00000000,1.00000000,0.00000000,-0.70710678,0.00000000,-0.70710678,1.00000000,0.00000000,0.07125400,1.00000000
-0.70710678,0.00000000,0.70710678,0.00000000,1.00000000,0.00000000,-0.70710678,0.00000000,-0.70710678,1.00000000,0.00000000,0.07312550,1.00000000
-0.70710678,0.00000000,0.70710678,0.00000000,1.00000000,0.00000000,-0.70710678,0.00000000,-0.70710678,1.00000000,0.00000000,0.07500000,1.00000000
-0.70710678,0.00000000,0.70710678,0.00000000,1.00000000,0.00000000,-0.70710678,0.00000000,-0.70710678,1.00000000,0.00000000,0.07687450,1.00000000
-0.70710678,0.00000000,0.70710678,0.00000000,1.00000000,0.00000000,-0.70710678,0.00000000,-0.70710678,1.00000000,0.00000000,0.07874600,1.00000000
-0.70710678,0.00000000,0.70710678,0.00000000,1.00000000,0.00000000,-0.70710678,0.00000000,-0.70710678,1.00000000,0.00000000,0.08061151,1.00000000
-0.70710678,0.00000000,0.70710678,0.00000000,1.00000000,0.00000000,-0.70710678,0.00000000,-0.70710678,1.00000000,0.00000000,0.08246806,1.00000000
-0.70710678,0.00000000,0.70710678,0.00000000,1.00000000,0.00000000,-0.70710678,0.00000000,-0.70710678,1.00000000,0.00000000,0.08431269,1.00000000
-0.70710678,0.00000000,0.70710678,0.00000000,1.00000000,0.00000000,-0.70710678,0.00000000,-0.70710678,1.00000000,0.00000000,0.08614247,1.00000000
-0.70710678,0.00000000,0.70710678,0.00000000,1.00000000,0.00000000,-0.70710678,0.00000000,-0.70710678,1.00000000,0.00000000,0.08795451,1.00000000
-0.70710678,0.00000000,0.70710678,0.00000000,1.00000000,0.00000000,-0.70710678,0.00000000,-0.70710678,1.00000000,0.00000000,0.08974597,1.00000000
-0.70710678,0.00000000,0.70710678,0.00000000,1.00000000,0.00000000,-0.70710678,0.00000000,-0.70710678,1.00000000,0.00000000,0.09151404,1.00000000
-0.70710678,0.00000000,0.70710678,0.00000000,1.00000000,0.00000000,-0.70710678,0.00000000,-0.70710678,1.00000000,0.00000000,0.09325600,1.00000000
-0.70710678,0.00000000,0.70710678,0.00000000,1.00000000,0.00000000,-0.70710678,0.00000000,-0.70710678,1.00000000,0.00000000,0.09496916,1.00000000
-0.70710678,0.00000000,0.70710678,0.00000000,1.00000000,0.00000000,-0.70710678,0.00000000,-0.70710678,1.00000000,0.00000000,0.09665093,1.00000000
-0.70710678,0.00000000,0.70710678,0.00000000,1.00000000,0.00000000,-0.70710678,0.00000000,-0.70710678,1.00000000,0.00000000,0.09829878,1.00000000
-0.70710678,0.00000000,0.70710678,0.00000000,1.00000000,0.00000000,-0.70710678,0.00000000,-0.70710678,1.00000000,0.00000000,0.09991027,1.00000000
-0.70710678,0.00000000,0.70710678,0.00000000,1.00000000,0.00000000,-0.70710678,0.00000000,-0.70710678,1.00000000,0.00000000,0.10148306,1.00000000
-0.70710678,0.00000000,0.70710678,0.00000000,1.00000000,0.00000000,-0.70710678,0.00000000,-0.70710678,1.00000000,0.00000000,0.10301491,1.00000000
-0.70710678,0.00000000,0.70710678,0.00000000,1.00000000,0.00000000,-0.70710678,0.00000000,-0.70710678,1.00000000,0.00000000,0.10450369,1.00000000
-0.70710678,0.00000000,0.70710678,0.00000000,1.00000000,0.00000000,-0.70710678,0.00000000,-0.70710678,1.00000000,0.00000000,0.10594737,1.00000000
-0.70710678,0.00000000,0.70710678,0.00000000,1.00000000,0.00000000,-0.70710678,0.00000000,-0.70710678,1.00000000,0.00000000,0.10734407,1.00000000
-0.70710678,0.00000000,0.70710678,0.00000000,1.00000000,0.00000000,-0.70710678,0.00000000,-0.70710678,1.00000000,0.00000000,0.10869200,1.00000000
-0.70710678,0.00000000,0.70710678,0.00000000,1.00000000,0.00000000,-0.70710678,0.00000000,-0.70710678,1.00000000,0.00000000,0.10998955,1.00000000
-0.70710678,0.00000000,0.70710678,0.00000000,1.00000000,0.00000000,-0.70710678,0.00000000,-0.70710678,1.00000000,0.00000000,0.11123522,1.00000000
-0.70710678,0.00000000,0.70710678,0.00000000,1.00000000,0.00000000,-0.70710678,0.00000000,-0.70710678,1.00000000,0.00000000,0.11242768,1.00000000
-0.70710678,0.00000000,0.70710678,0.00000000,1.00000000,0.00000000,-0.70710678,0.00000000,-0.70710678,1.00000000,0.00000000,0.11356576,1.00000000
-0.70710678,0.00000000,0.70710678,0.00000000,1.00000000,0.00000000,-0.70710678,0.00000000,-0.70710678,1.00000000,0.00000000,0.11464844,1.00000000
-0.70710678,0.00000000,0.70710678,0.00000000,1.00000000,0.00000000,-0.70710678,0.00000000,-0.70710678,1.00000000,0.00000000,0.11567488,1.00000000
-0.70710678,0.00000000,0.70710678,0.00000000,1.00000000,0.00000000,-0.70710678,0.00000000,-0.70710678,1.00000000,0.00000000,0.11664443,1.00000000
-0.70710678,0.00000000,0.70710678,0.00000000,1.00000000,0.00000000,-0.70710678,0.00000000,-0.70710678,1.00000000,0.00000000,0.11755662,1.00000000
-0.70710678,0.00000000,0.70710678,0.00000000,1.00000000,0.00000000,-0.70710678,0.00000000,-0.70710678,1.00000000,0.00000000,0.11841117,1.00000000
-0.70710678,0.00000000,0.70710678,0.00000000,1.00000000,0.00000000,-0.70710678,0.00000000,-0.70710678,1.00000000,0.00000000,0.11920800,1.00000000
-0.70710678,0.00000000,0.70710678,0.00000000,1.00000000,0.00000000,-0.70710678,0.00000000,-0.70710678,1.00000000,0.00000000,0.11994725,1.00000000
-0.70710678,0.00000000,0.70710678,0.00000000,1.00000000,0.00000000,-0.70710678,0.00000000,-0.70710678,1.00000000,0.00000000,0.12062927,1.00000000
-0.70710678,0.00000000,0.70710678,0.00000000,1.00000000,0.00000000,-0.70710678,0.00000000,-0.70710678,1.00000000,0.00000000,0.12125462,1.00000000
-0.70710678,0.00000000,0.70710678,0.00000000,1.00000000,0.00000000,-0.70710678,0.00000000,-0.70710678,1.00000000,0.00000000,0.12182413,1.00000000
-0.70710678,0.00000000,0.70710678,0.00000000,1.00000000,0.00000000,-0.70710678,0.00000000,-0.70710678,1.00000000,0.00000000,0.12233881,1.00000000
-0.70710678,0.00000000,0.70710678,0.00000000,1.00000000,0.00000000,-0.70710678,0.00000000,-0.70710678,1.00000000,0.00000000,0.12279997,1.00000000
-0.70710678,0.00000000,0.70710678,0.00000000,1.00000000,0.00000000,-0.70710678,0.00000000,-0.70710678,1.00000000,0.00000000,0.12320914,1.00000000
-0.70710678,0.00000000,0.70710678,0.00000000,1.00000000,0.00000000,-0.70710678,0.00000000,-0.70710678,1.00000000,0.00000000,0.12356811,1.00000000
-0.70710678,0.00000000,0.70710678,0.00000000,1.00000000,0.00000000,-0.70710678,0.00000000,-0.70710678,1.00000000,0.00000000,0.12387895,1.00000000
-0.70710678,0.00000000,0.70710678,0.00000000,1.00000000,0.00000000,-0.70710678,0.00000000,-0.70710678,1.00000000,0.00000000,0.12414400,1.00000000
-0.70710678,0.00000000,0.70710678,0.00000000,1.00000000,0.00000000,-0.70710678,0.00000000,-0.70710678,1.00000000,0.00000000,0.12436587,1.00000000
-0.70710678,0.00000000,0.70710678,0.00000000,1.00000000,0.00000000,-0.70710678,0.00000000,-0.70710678,1.00000000,0.00000000,0.12454747,1.00000000
-0.70710678,0.00000000,0.70710678,0.00000000,1.00000000,0.00000000,-0.70710678,0.00000000,-0.70710678,1.00000000,0.00000000,0.12469201,1.00000000
-0.70710678,0.00000000,0.70710678,0.00000000,1.00000000,0.00000000,-0.70710678,0.00000000,-0.70710678,1.00000000,0.00000000,0.12480297,1.00000000
-0.70710678,0.00000000,0.70710678,0.00000000,1.00000000,0.00000000,-0.70710678,0.00000000,-0.70710678,1.00000000,0.00000000,0.12488419,1.00000000
-0.70710678,0.00000000,0.70710678,0.00000000,1.00000000,0.00000000,-0.70710678,0.00000000,-0.70710678,1.00000000,0.00000000,0.12493978,1.00000000
-0.70710678,0.00000000,0.70710678,0.00000000,1.00000000,0.00000000,-0.70710678,0.00000000,-0.70710678,1.00000000,0.00000000,0.12497420,1.00000000
-0.70710678,0.00000000,0.70710678,0.00000000,1.00000000,0.00000000,-0.70710678,0.00000000,-0.70710678,1.00000000,0.00000000,0.12499224,1.00000000
-0.70710678,0.00000000,0.70710678,0.00000000,1.00000000,0.00000000,-0.70710678,0.00000000,-0.70710678,1.00000000,0.00000000,0.12499901,1.00000000
-0.70710678,0.00000000,0.70710678,0.00000000,1.00000000,0.00000000,-0.70710678,0.00000000,-0.70710678,1.00000000,0.00000000,0.12500000,1.00000000
-0.70710678,0.00000000,0.70710678,0.00000000,1.00000000,0.00000000,-0.70710678,0.00000000,-0.70710678,1.00000000,-0.00000013,0.12500000,1.00000000
-0.70710678,0.00000000,0.70710678,0.00000000,1.00000000,0.00000000,-0.70710678,0.00000000,-0.70710678,1.00000000,-0.00000100,0.12500000,1.00000000
-0.70710678,0.00000336,0.70710678,0.00000238,1.00000000,-0.00000238,-0.70710678,0.00000000,-0.70710678,1.00000000,-0.00000336,0.12500000,1.00000000
-0.70710678,0.00000795,0.70710678,0.00000562,1.00000000,-0.00000562,-0.70710678,0.00000000,-0.70710678,1.00000000,-0.00000795,0.12500000,1.00000000
-0.70710678,0.00001547,0.70710678,0.00001094,1.00000000,-0.00001094,-0.70710678,-0.00000000,-0.70710678,1.00000000,-0.00001547,0.12500000,1.00000000
-0.70710678,0.00002666,0.70710678,0.00001885,1.00000000,-0.00001885,-0.70710678,0.00000000,-0.70710678,1.00000000,-0.00002666,0.12500000,1.00000000
-0.70710678,0.00004220,0.70710678,0.00002984,1.00000000,-0.00002984,-0.70710678,0.00000000,-0.70710678,1.00000000,-0.00004220,0.12500000,1.00000000
-0.70710678,0.00006281,0.70710678,0.00004441,1.00000000,-0.00004441,-0.70710678,-0.00000000,-0.70710678,1.00000000,-0.00006281,0.12500000,1.00000000
-0.70710678,0.00008915,0.70710678,0.00006304,1.00000000,-0.00006304,-0.70710678,0.00000000,-0.70710678,1.00000000,-0.00008915,0.12500000,1.00000000
-0.70710678,0.00012192,0.70710678,0.00008621,0.99999999,-0.00008621,-0.70710678,-0.00000000,-0.70710678,0.99999999,-0.00012192,0.12500000,1.00000000
-0.70710677,0.00016179,0.70710677,0.00011440,0.99999999,-0.00011440,-0.70710678,0.00000000,-0.70710678,0.99999999,-0.00016179,0.12500000,1.00000000
-0.70710677,0.00020940,0.70710677,0.00014807,0.99999998,-0.00014807,-0.70710678,-0.00000000,-0.70710678,0.99999998,-0.00020940,0.12500000,1.00000000
-0.70710676,0.00026543,0.70710676,0.00018769,0.99999996,-0.00018769,-0.70710678,0.00000000,-0.70710678,0.99999996,-0.00026543,0.12500000,1.00000000
-0.70710674,0.00033050,0.70710674,0.00023370,0.99999995,-0.00023370,-0.70710678,-0.00000000,-0.70710678,0.99999995,-0.00033050,0.12500000,1.00000000
-0.70710672,0.00040526,0.70710672,0.00028656,0.99999992,-0.00028656,-0.70710678,-0.00000000,-0.70710678,0.99999992,-0.00040526,0.12500000,1.00000000
-0.70710670,0.00049033,0.70710670,0.00034671,0.99999988,-0.00034671,-0.70710678,0.00000000,-0.70710678,0.99999988,-0.00049033,0.12500000,1.00000000
-0.70710666,0.00058633,0.70710666,0.00041460,0.99999983,-0.00041460,-0.70710678,0.00000000,-0.70710678,0.99999983,-0.00058633,0.12500000,1.00000000
-0.70710661,0.00069387,0.70710661,0.00049064,0.99999976,-0.00049064,-0.70710678,-0.00000000,-0.70710678,0.99999976,-0.00069387,0.12500000,1.00000000
-0.70710655,0.00081354,0.70710655,0.00057526,0.99999967,-0.00057526,-0.70710678,0.00000000,-0.70710678,0.99999967,-0.00081354,0.12500000,1.00000000
-0.70710646,0.00094596,0.70710646,0.00066889,0.99999955,-0.00066889,-0.70710678,-0.00000000,-0.70710678,0.99999955,-0.00094596,0.12500000,1.00000000
-0.70710636,0.00109169,0.70710636,0.00077194,0.99999940,-0.00077194,-0.70710678,0.00000000,-0.70710678,0.99999940,-0.00109169,0.12500000,1.00000000
-0.70710623,0.00125131,0.70710623,0.00088481,0.99999922,-0.00088481,-0.70710678,-0.00000000,-0.70710678,0.99999922,-0.00125131,0.12500000,1.00000000
-0.70710606,0.00142539,0.70710606,0.00100791,0.99999898,-0.00100791,-0.70710678,0.00000000,-0.70710678,0.99999898,-0.00142539,0.12500000,1.00000000
-0.70710586,0.00161450,0.70710586,0.00114162,0.99999870,-0.00114162,-0.70710678,-0.00000000,-0.70710678,0.99999870,-0.00161450,0.12500000,1.00000000
-0.70710561,0.00181918,0.70710561,0.00128635,0.99999835,-0.00128635,-0.70710678,-0.00000000,-0.70710678,0.99999835,-0.00181918,0.12500000,1.00000000
-0.70710531,0.00203997,0.70710531,0.00144248,0.99999792,-0.00144248,-0.70710678,0.00000000,-0.70710678,0.99999792,-0.00203997,0.12500000,1.00000000
-0.70710495,0.00227742,0.70710495,0.00161038,0.99999741,-0.00161038,-0.70710678,-0.00000000,-0.70710678,0.99999741,-0.00227742,0.12500000,1.00000000
-0.70710451,0.00253204,0.70710451,0.00179042,0.99999679,-0.00179042,-0.70710678,-0.00000000,-0.70710678,0.99999679,-0.00253204,0.12500000,1.00000000
-0.70710400,0.00280436,0.70710400,0.00198298,0.99999607,-0.00198298,-0.70710678,0.00000000,-0.70710678,0.99999607,-0.00280436,0.12500000,1.00000000
-0.70710339,0.00309488,0.70710339,0.00218841,0.99999521,-0.00218841,-0.70710678,0.00000000,-0.70710678,0.99999521,-0.00309488,0.12500000,1.00000000
-0.70710268,0.00340412,0.70710268,0.00240707,0.99999421,-0.00240707,-0.70710678,0.00000000,-0.70710678,0.99999421,-0.00340412,0.12500000,1.00000000
-0.70710186,0.00373256,0.70710186,0.00263932,0.99999303,-0.00263932,-0.70710678,0.00000000,-0.70710678,0.99999303,-0.00373256,0.12500000,1.00000000
-0.70710089,0.00408069,0.70710089,0.00288548,0.99999167,-0.00288548,-0.70710678,-0.00000000,-0.70710678,0.99999167,-0.00408069,0.12500000,1.00000000
-0.70709978,0.00444899,0.70709978,0.00314591,0.99999010,-0.00314591,-0.70710678,0.00000000,-0.70710678,0.99999010,-0.00444899,0.12500000,1.00000000
-0.70709851,0.00483793,0.70709851,0.00342093,0.99998830,-0.00342093,-0.70710678,-0.00000000,-0.70710678,0.99998830,-0.00483793,0.12500000,1.00000000
-0.70709704,0.00524798,0.70709704,0.00371088,0.99998623,-0.00371088,-0.70710678,-0.00000000,-0.70710678,0.99998623,-0.00524798,0.12500000,1.00000000
-0.70709538,0.00567958,0.70709538,0.00401607,0.99998387,-0.00401607,-0.70710678,-0.00000000,-0.70710678,0.99998387,-0.00567958,0.12500000,1.00000000
-0.70709348,0.00613320,0.70709348,0.00433683,0.99998119,-0.00433683,-0.70710678,0.00000000,-0.70710678,0.99998119,-0.00613320,0.12500000,1.00000000
-0.70709134,0.00660926,0.70709134,0.00467345,0.99997816,-0.00467345,-0.70710678,-0.00000000,-0.70710678,0.99997816,-0.00660926,0.12500000,1.00000000
-0.70708892,0.00710820,0.70708892,0.00502626,0.99997474,-0.00502626,-0.70710678,-0.00000000,-0.70710678,0.99997474,-0.00710820,0.12500000,1.00000000
-0.70708620,0.00763045,0.70708620,0.00539554,0.99997089,-0.00539554,-0.70710678,-0.00000000,-0.70710678,0.99997089,-0.00763045,0.12500000,1.00000000
-0.70708314,0.00817642,0.70708314,0.00578160,0.99996657,-0.00578160,-0.70710678,0.00000000,-0.70710678,0.99996657,-0.00817642,0.12500000,1.00000000
-0.70707973,0.00874651,0.70707973,0.00618472,0.99996175,-0.00618472,-0.70710678,0.00000000,-0.70710678,0.99996175,-0.00874651,0.12500000,1.00000000
-0.70707593,0.00934114,0.70707593,0.00660518,0.99995637,-0.00660518,-0.70710678,0.00000000,-0.70710678,0.99995637,-0.00934114,0.12500000,1.00000000
-0.70707170,0.00996069,0.70707170,0.00704327,0.99995039,-0.00704327,-0.70710678,-0.00000000,-0.70710678,0.99995039,-0.00996069,0.12500000,1.00000000
-0.70706701,0.01060556,0.70706701,0.00749926,0.99994376,-0.00749926,-0.70710678,0.00000000,-0.70710678,0.99994376,-0.01060556,0.12500000,1.00000000
-0.70706183,0.01127612,0.70706183,0.00797342,0.99993642,-0.00797342,-0.70710678,0.00000000,-0.70710678,0.99993642,-0.01127612,0.12500000,1.00000000
-0.70705610,0.01197274,0.70705610,0.00846600,0.99992832,-0.00846600,-0.70710678,-0.00000000,-0.70710678,0.99992832,-0.01197274,0.12500000,1.00000000
-0.70704979,0.01269578,0.70704979,0.00897727,0.99991941,-0.00897727,-0.70710678,-0.00000000,-0.70710678,0.99991941,-0.01269578,0.12500000,1.00000000
-0.70704286,0.01344561,0.70704286,0.00950748,0.99990960,-0.00950748,-0.70710678,-0.00000000,-0.70710678,0.99990960,-0.01344561,0.12500000,1.00000000
-0.70703526,0.01422257,0.70703526,0.01005688,0.99989885,-0.01005688,-0.70710678,0.00000000,-0.70710678,0.99989885,-0.01422257,0.12500000,1.00000000
-0.70702694,0.01502701,0.70702694,0.01062570,0.99988709,-0.01062570,-0.70710678,0.00000000,-0.70710678,0.99988709,-0.01502701,0.12500000,1.00000000
-0.70701785,0.01585925,0.70701785,0.01121419,0.99987423,-0.01121419,-0.70710678,-0.00000000,-0.70710678,0.99987423,-0.01585925,0.12500000,1.00000000
-0.70700794,0.01671964,0.70700794,0.01182257,0.99986022,-0.01182257,-0.70710678,0.00000000,-0.70710678,0.99986022,-0.01671964,0.12500000,1.00000000
-0.70699715,0.01760847,0.70699715,0.01245107,0.99984496,-0.01245107,-0.70710678,0.00000000,-0.70710678,0.99984496,-0.01760847,0.12500000,1.00000000
-0.70698543,0.01852608,0.70698543,0.01309991,0.99982838,-0.01309991,-0.70710678,-0.00000000,-0.70710678,0.99982838,-0.01852608,0.12500000,1.00000000
-0.70697271,0.01947276,0.70697271,0.01376932,0.99981039,-0.01376932,-0.70710678,0.00000000,-0.70710678,0.99981039,-0.01947276,0.12500000,1.00000000
-0.70695893,0.02044881,0.70695893,0.01445949,0.99979090,-0.01445949,-0.70710678,0.00000000,-0.70710678,0.99979090,-0.02044881,0.12500000,1.00000000
-0.70694402,0.02145452,0.70694402,0.01517064,0.99976983,-0.01517064,-0.70710678,-0.00000000,-0.70710678,0.99976983,-0.02145452,0.12500000,1.00000000
-0.70692793,0.02249018,0.70692793,0.01590296,0.99974706,-0.01590296,-0.70710678,0.00000000,-0.70710678,0.99974706,-0.02249018,0.12500000,1.00000000
-0.70691057,0.02355606,0.70691057,0.01665665,0.99972252,-0.01665665,-0.70710678,-0.00000000,-0.70710678,0.99972252,-0.02355606,0.12500000,1.00000000
-0.70689188,0.02465243,0.70689188,0.01743190,0.99969608,-0.01743190,-0.70710678,0.00000000,-0.70710678,0.99969608,-0.02465243,0.12500000,1.00000000
-0.70687178,0.02577956,0.70687178,0.01822890,0.99966765,-0.01822890,-0.70710678,-0.00000000,-0.70710678,0.99966765,-0.02577956,0.12500000,1.00000000
-0.70685018,0.02693770,0.70685018,0.01904783,0.99963711,-0.01904783,-0.70710678,0.00000000,-0.70710678,0.99963711,-0.02693770,0.12500000,1.00000000
-0.70682702,0.02812709,0.70682702,0.01988886,0.99960436,-0.01988886,-0.70710678,0.00000000,-0.70710678,0.99960436,-0.02812709,0.12500000,1.00000000
-0.70680220,0.02934799,0.70680220,0.02075216,0.99956926,-0.02075216,-0.70710678,0.00000000,-0.70710678,0.99956926,-0.02934799,0.12500000,1.00000000
-0.70677564,0.03060061,0.70677564,0.02163790,0.99953169,-0.02163790,-0.70710678,0.00000000,-0.70710678,0.99953169,-0.03060061,0.12500000,1.00000000
-0.70674724,0.03188519,0.70674724,0.02254624,0.99949154,-0.02254624,-0.70710678,0.00000000,-0.70710678,0.99949154,-0.03188519,0.12500000,1.00000000
-0.70671693,0.03320195,0.70671693,0.02347733,0.99944866,-0.02347733,-0.70710678,0.00000000,-0.70710678,0.99944866,-0.03320195,0.12500000,1.00000000
-0.70668459,0.03455110,0.70668459,0.02443132,0.99940293,-0.02443132,-0.70710678,0.00000000,-0.70710678,0.99940293,-0.03455110,0.12500000,1.00000000
-0.70665014,0.03593285,0.70665014,0.02540836,0.99935421,-0.02540836,-0.70710678,0.00000000,-0.70710678,0.99935421,-0.03593285,0.12500000,1.00000000
-0.70661346,0.03734739,0.70661346,0.02640859,0.99930234,-0.02640859,-0.70710678,0.00000000,-0.70710678,0.99930234,-0.03734739,0.12500000,1.00000000
-0.70657447,0.03879492,0.70657447,0.02743215,0.99924719,-0.02743215,-0.70710678,-0.00000000,-0.70710678,0.99924719,-0.03879492,0.12500000,1.00000000
-0.70653304,0.04027562,0.70653304,0.02847916,0.99918861,-0.02847916,-0.70710678,0.00000000,-0.70710678,0.99918861,-0.04027562,0.12500000,1.00000000
-0.70648907,0.04178966,0.70648907,0.02954975,0.99912643,-0.02954975,-0.70710678,0.00000000,-0.70710678,0.99912643,-0.04178966,0.12500000,1.00000000
-0.70644246,0.04333723,0.70644246,0.03064405,0.99906050,-0.03064405,-0.70710678,0.00000000,-0.70710678,0.99906050,-0.04333723,0.12500000,1.00000000
-0.70639307,0.04491847,0.70639307,0.03176216,0.99899066,-0.03176216,-0.70710678,-0.00000000,-0.70710678,0.99899066,-0.04491847,0.12500000,1.00000000
-0.70634079,0.04653356,0.70634079,0.03290419,0.99891673,-0.03290419,-0.70710678,-0.00000000,-0.70710678,0.99891673,-0.04653356,0.12500000,1.00000000
-0.70628551,0.04818263,0.70628551,0.03407026,0.99883854,-0.03407026,-0.70710678,-0.00000000,-0.70710678,0.99883854,-0.04818263,0.12500000,1.00000000
-0.70622709,0.04986583,0.70622709,0.03526047,0.99875593,-0.03526047,-0.70710678,-0.00000000,-0.70710678,0.99875593,-0.04986583,0.12500000,1.00000000
-0.70616541,0.05158330,0.70616541,0.03647490,0.99866870,-0.03647490,-0.70710678,0.00000000,-0.70710678,0.99866870,-0.05158330,0.12500000,1.00000000
-0.70610033,0.05333516,0.70610033,0.03771366,0.99857667,-0.03771366,-0.70710678,0.00000000,-0.70710678,0.99857667,-0.05333516,0.12500000,1.00000000
-0.70603173,0.05512154,0.70603173,0.03897682,0.99847965,-0.03897682,-0.70710678,-0.00000000,-0.70710678,0.99847965,-0.05512154,0.12500000,1.00000000
-0.70595947,0.05694255,0.70595947,0.04026447,0.99837746,-0.04026447,-0.70710678,0.00000000,-0.70710678,0.99837746,-0.05694255,0.12500000,1.00000000
-0.70588340,0.05879830,0.70588340,0.04157668,0.99826988,-0.04157668,-0.70710678,0.00000000,-0.70710678,0.99826988,-0.05879830,0.12500000,1.00000000
-0.70580339,0.06068889,0.70580339,0.04291353,0.99815673,-0.04291353,-0.70710678,-0.00000000,-0.70710678,0.99815673,-0.06068889,0.12500000,1.00000000
-0.70571929,0.06261441,0.70571929,0.04427508,0.99803779,-0.04427508,-0.70710678,0.00000000,-0.70710678,0.99803779,-0.06261441,0.12500000,1.00000000
-0.70563095,0.06457495,0.70563095,0.04566139,0.99791286,-0.04566139,-0.70710678,-0.00000000,-0.70710678,0.99791286,-0.06457495,0.12500000,1.00000000
-0.70553822,0.06657059,0.70553822,0.04707252,0.99778172,-0.04707252,-0.70710678,0.00000000,-0.70710678,0.99778172,-0.06657059,0.12500000,1.00000000
-0.70544094,0.06860141,0.70544094,0.04850852,0.99764415,-0.04850852,-0.70710678,0.00000000,-0.70710678,0.99764415,-0.06860141,0.12500000,1.00000000
-0.70533896,0.07066746,0.70533896,0.04996944,0.99749993,-0.04996944,-0.70710678,0.00000000,-0.70710678,0.99749993,-0.07066746,0.12500000,1.00000000
-0.70523213,0.07276881,0.70523213,0.05145532,0.99734884,-0.05145532,-0.70710678,-0.00000000,-0.70710678,0.99734884,-0.07276881,0.12500000,1.00000000
-0.70512026,0.07490551,0.70512026,0.05296619,0.99719064,-0.05296619,-0.70710678,-0.00000000,-0.70710678,0.99719064,-0.07490551,0.12500000,1.00000000
-0.70500321,0.07707760,0.70500321,0.05450209,0.99702510,-0.05450209,-0.70710678,0.00000000,-0.70710678,0.99702510,-0.07707760,0.12500000,1.00000000
-0.70488079,0.07928512,0.70488079,0.05606305,0.99685198,-0.05606305,-0.70710678,0.00000000,-0.70710678,0.99685198,-0.07928512,0.12500000,1.00000000
-0.70475285,0.08152811,0.70475285,0.05764908,0.99667104,-0.05764908,-0.70710678,0.00000000,-0.70710678,0.99667104,-0.08152811,0.12500000,1.00000000
-0.70461921,0.08380659,0.70461921,0.05926020,0.99648204,-0.05926020,-0.70710678,-0.00000000,-0.70710678,0.99648204,-0.08380659,0.12500000,1.00000000
-0.70447968,0.08612056,0.70447968,0.06089643,0.99628472,-0.06089643,-0.70710678,-0.00000000,-0.70710678,0.99628472,-0.08612056,0.12500000,1.00000000
-0.70433410,0.08847005,0.70433410,0.06255777,0.99607884,-0.06255777,-0.70710678,-0.00000000,-0.70710678,0.99607884,-0.08847005,0.12500000,1.00000000
-0.70418228,0.09085506,0.70418228,0.06424423,0.99586413,-0.06424423,-0.70710678,0.00000000,-0.70710678,0.99586413,-0.09085506,0.12500000,1.00000000
-0.70402403,0.09327558,0.70402403,0.06595579,0.99564033,-0.06595579,-0.70710678,0.00000000,-0.70710678,0.99564033,-0.09327558,0.12500000,1.00000000
-0.70385917,0.09573160,0.70385917,0.06769246,0.99540718,-0.06769246,-0.70710678,-0.00000000,-0.70710678,0.99540718,-0.09573160,0.12500000,1.00000000
-0.70368751,0.09822310,0.70368751,0.06945422,0.99516442,-0.06945422,-0.70710678,0.00000000,-0.70710678,0.99516442,-0.09822310,0.12500000,1.00000000
-0.70350886,0.10075006,0.70350886,0.07124105,0.99491177,-0.07124105,-0.70710678,0.00000000,-0.70710678,0.99491177,-0.10075006,0.12500000,1.00000000
-0.70332302,0.10331244,0.70332302,0.07305293,0.99464895,-0.07305293,-0.70710678,0.00000000,-0.70710678,0.99464895,-0.10331244,0.12500000,1.00000000
-0.70312980,0.10591021,0.70312980,0.07488983,0.99437570,-0.07488983,-0.70710678,0.00000000,-0.70710678,0.99437570,-0.10591021,0.12500000,1.00000000
-0.70292900,0.10854332,0.70292900,0.07675172,0.99409172,-0.07675172,-0.70710678,-0.00000000,-0.70710678,0.99409172,-0.10854332,0.12500000,1.00000000
-0.70272041,0.11121171,0.70272041,0.07863856,0.99379674,-0.07863856,-0.70710678,-0.00000000,-0.70710678,0.99379674,-0.11121171,0.12500000,1.00000000
-0.70250384,0.11391533,0.70250384,0.08055030,0.99349046,-0.08055030,-0.70710678,-0.00000000,-0.70710678,0.99349046,-0.11391533,0.12500000,1.00000000
-0.70227908,0.11665410,0.70227908,0.08248690,0.99317260,-0.08248690,-0.70710678,-0.00000000,-0.70710678,0.99317260,-0.11665410,0.12500000,1.00000000
-0.70204593,0.11942795,0.70204593,0.08444831,0.99284287,-0.08444831,-0.70710678,0.00000000,-0.70710678,0.99284287,-0.11942795,0.12500000,1.00000000
-0.70180416,0.12223680,0.70180416,0.08643447,0.99250096,-0.08643447,-0.70710678,-0.00000000,-0.70710678,0.99250096,-0.12223680,0.12500000,1.00000000
-0.70155358,0.12508056,0.70155358,0.08844531,0.99214659,-0.08844531,-0.70710678,0.00000000,-0.70710678,0.99214659,-0.12508056,0.12500000,1.00000000
-0.70129397,0.12795914,0.70129397,0.09048077,0.99177944,-0.09048077,-0.70710678,0.00000000,-0.70710678,0.99177944,-0.12795914,0.12500000,1.00000000
-0.70102511,0.13087242,0.70102511,0.09254078,0.99139922,-0.09254078,-0.70710678,0.00000000,-0.70710678,0.99139922,-0.13087242,0.12500000,1.00000000
-0.70074679,0.13382030,0.70074679,0.09462524,0.99100561,-0.09462524,-0.70710678,-0.00000000,-0.70710678,0.99100561,-0.13382030,0.12500000,1.00000000
-0.70045879,0.13680267,0.70045879,0.09673409,0.99059832,-0.09673409,-0.70710678,0.00000000,-0.70710678,0.99059832,-0.13680267,0.12500000,1.00000000
-0.70016089,0.13981939,0.70016089,0.09886724,0.99017702,-0.09886724,-0.70710678,-0.00000000,-0.70710678,0.99017702,-0.13981939,0.12500000,1.00000000
-0.69985287,0.14287033,0.69985287,0.10102458,0.98974142,-0.10102458,-0.70710678,0.00000000,-0.70710678,0.98974142,-0.14287033,0.12500000,1.00000000
-0.69953450,0.14595536,0.69953450,0.10320602,0.98929118,-0.10320602,-0.70710678,-0.00000000,-0.70710678,0.98929118,-0.14595536,0.12500000,1.00000000
-0.69920557,0.14907432,0.69920557,0.10541146,0.98882599,-0.10541146,-0.70710678,0.00000000,-0.70710678,0.98882599,-0.14907432,0.12500000,1.00000000
-0.69886584,0.15222707,0.69886584,0.10764080,0.98834555,-0.10764080,-0.70710678,0.00000000,-0.70710678,0.98834555,-0.15222707,0.12500000,1.00000000
-0.69851509,0.15541345,0.69851509,0.10989390,0.98784951,-0.10989390,-0.70710678,-0.00000000,-0.70710678,0.98784951,-0.15541345,0.12500000,1.00000000
-0.69815309,0.15863328,0.69815309,0.11217067,0.98733757,-0.11217067,-0.70710678,0.00000000,-0.70710678,0.98733757,-0.15863328,0.12500000,1.00000000
-0.69777962,0.16188639,0.69777962,0.11447097,0.98680940,-0.11447097,-0.70710678,0.00000000,-0.70710678,0.98680940,-0.16188639,0.12500000,1.00000000
-0.69739444,0.16517261,0.69739444,0.11679467,0.98626468,-0.11679467,-0.70710678,0.00000000,-0.70710678,0.98626468,-0.16517261,0.12500000,1.00000000
-0.69699732,0.16849173,0.69699732,0.11914164,0.98570307,-0.11914164,-0.70710678,-0.00000000,-0.70710678,0.98570307,-0.16849173,0.12500000,1.00000000
-0.69658804,0.17184356,0.69658804,0.12151175,0.98512425,-0.12151175,-0.70710678,-0.00000000,-0.70710678,0.98512425,-0.17184356,0.12500000,1.00000000
-0.69616635,0.17522790,0.69616635,0.12390484,0.98452790,-0.12390484,-0.70710678,0.00000000,-0.70710678,0.98452790,-0.17522790,0.12500000,1.00000000
-0.69573203,0.17864454,0.69573203,0.12632077,0.98391368,-0.12632077,-0.70710678,-0.00000000,-0.70710678,0.98391368,-0.17864454,0.12500000,1.00000000
-0.69528485,0.18209327,0.69528485,0.12875938,0.98328126,-0.12875938,-0.70710678,-0.00000000,-0.70710678,0.98328126,-0.18209327,0.12500000,1.00000000
-0.69482456,0.18557385,0.69482456,0.13122052,0.98263032,-0.13122052,-0.70710678,0.00000000,-0.70710678,0.98263032,-0.18557385,0.12500000,1.00000000
-0.69435094,0.18908605,0.69435094,0.13370403,0.98196052,-0.13370403,-0.70710678,0.00000000,-0.70710678,0.98196052,-0.18908605,0.12500000,1.00000000
-0.69386376,0.19262963,0.69386376,0.13620972,0.98127153,-0.13620972,-0.70710678,-0.00000000,-0.70710678,0.98127153,-0.19262963,0.12500000,1.00000000
-0.69336277,0.19620436,0.69336277,0.13873743,0.98056303,-0.13873743,-0.70710678,-0.00000000,-0.70710678,0.98056303,-0.19620436,0.12500000,1.00000000
-0.69284774,0.19980997,0.69284774,0.14128698,0.97983467,-0.14128698,-0.70710678,0.00000000,-0.70710678,0.97983467,-0.19980997,0.12500000,1.00000000
-0.69231844,0.20344620,0.69231844,0.14385819,0.97908613,-0.14385819,-0.70710678,-0.00000000,-0.70710678,0.97908613,-0.20344620,0.12500000,1.00000000
-0.69177463,0.20711280,0.69177463,0.14645086,0.97831707,-0.14645086,-0.70710678,0.00000000,-0.70710678,0.97831707,-0.20711280,0.12500000,1.00000000
-0.69121609,0.21080947,0.69121609,0.14906481,0.97752717,-0.14906481,-0.70710678,-0.00000000,-0.70710678,0.97752717,-0.21080947,0.12500000,1.00000000
-0.69064257,0.21453595,0.69064257,0.15169982,0.97671609,-0.15169982,-0.70710678,-0.00000000,-0.70710678,0.97671609,-0.21453595,0.12500000,1.00000000
-0.69005385,0.21829194,0.69005385,0.15435571,0.97588351,-0.15435571,-0.70710678,0.00000000,-0.70710678,0.97588351,-0.21829194,0.12500000,1.00000000
-0.68944969,0.22207715,0.68944969,0.15703226,0.97502910,-0.15703226,-0.70710678,-0.00000000,-0.70710678,0.97502910,-0.22207715,0.12500000,1.00000000
-0.68882985,0.22589127,0.68882985,0.15972925,0.97415252,-0.15972925,-0.70710678,-0.00000000,-0.70710678,0.97415252,-0.22589127,0.12500000,1.00000000
-0.68819412,0.22973401,0.68819412,0.16244648,0.97325345,-0.16244648,-0.70710678,0.00000000,-0.70710678,0.97325345,-0.22973401,0.12500000,1.00000000
-0.68754225,0.23360503,0.68754225,0.16518370,0.97233157,-0.16518370,-0.70710678,-0.00000000,-0.70710678,0.97233157,-0.23360503,0.12500000,1.00000000
-0.68687402,0.23750403,0.68687402,0.16794071,0.97138655,-0.16794071,-0.70710678,0.00000000,-0.70710678,0.97138655,-0.23750403,0.12500000,1.00000000
-0.68618920,0.24143066,0.68618920,0.17071726,0.97041807,-0.17071726,-0.70710678,-0.00000000,-0.70710678,0.97041807,-0.24143066,0.12500000,1.00000000
-0.68548756,0.24538460,0.68548756,0.17351312,0.96942581,-0.17351312,-0.70710678,0.00000000,-0.70710678,0.96942581,-0.24538460,0.12500000,1.00000000
-0.68476888,0.24936550,0.68476888,0.17632804,0.96840944,-0.17632804,-0.70710678,0.00000000,-0.70710678,0.96840944,-0.24936550,0.12500000,1.00000000
-0.68403294,0.25337301,0.68403294,0.17916178,0.96736866,-0.17916178,-0.70710678,0.00000000,-0.70710678,0.96736866,-0.25337301,0.12500000,1.00000000
-0.68327950,0.25740678,0.68327950,0.18201408,0.96630313,-0.18201408,-0.70710678,-0.00000000,-0.70710678,0.96630313,-0.25740678,0.12500000,1.00000000
-0.68250835,0.26146645,0.68250835,0.18488470,0.96521257,-0.18488470,-0.70710678,0.00000000,-0.70710678,0.96521257,-0.26146645,0.12500000,1.00000000
-0.68171927,0.26555163,0.68171927,0.18777336,0.96409664,-0.18777336,-0.70710678,0.00000000,-0.70710678,0.96409664,-0.26555163,0.12500000,1.00000000
-0.68091204,0.26966197,0.68091204,0.19067981,0.96295505,-0.19067981,-0.70710678,0.00000000,-0.70710678,0.96295505,-0.26966197,0.12500000,1.00000000
-0.68008645,0.27379708,0.68008645,0.19360377,0.96178748,-0.19360377,-0.70710678,0.00000000,-0.70710678,0.96178748,-0.27379708,0.12500000,1.00000000
-0.67924228,0.27795656,0.67924228,0.19654497,0.96059364,-0.19654497,-0.70710678,-0.00000000,-0.70710678,0.96059364,-0.27795656,0.12500000,1.00000000
-0.67837932,0.28214003,0.67837932,0.19950313,0.95937323,-0.19950313,-0.70710678,0.00000000,-0.70710678,0.95937323,-0.28214003,0.12500000,1.00000000
-0.67749736,0.28634709,0.67749736,0.20247797,0.95812595,-0.20247797,-0.70710678,0.00000000,-0.70710678,0.95812595,-0.28634709,0.12500000,1.00000000
-0.67659619,0.29057733,0.67659619,0.20546920,0.95685151,-0.20546920,-0.70710678,0.00000000,-0.70710678,0.95685151,-0.29057733,0.12500000,1.00000000
-0.67567562,0.29483033,0.67567562,0.20847652,0.95554962,-0.20847652,-0.70710678,0.00000000,-0.70710678,0.95554962,-0.29483033,0.12500000,1.00000000
-0.67473543,0.29910568,0.67473543,0.21149965,0.95421999,-0.21149965,-0.70710678,-0.00000000,-0.70710678,0.95421999,-0.29910568,0.12500000,1.00000000
-0.67377543,0.30340295,0.67377543,0.21453828,0.95286235,-0.21453828,-0.70710678,0.00000000,-0.70710678,0.95286235,-0.30340295,0.12500000,1.00000000
-0.67279542,0.30772171,0.67279542,0.21759211,0.95147640,-0.21759211,-0.70710678,0.00000000,-0.70710678,0.95147640,-0.30772171,0.12500000,1.00000000
-0.67179521,0.31206153,0.67179521,0.22066082,0.95006189,-0.22066082,-0.70710678,0.00000000,-0.70710678,0.95006189,-0.31206153,0.12500000,1.00000000
-0.67077461,0.31642196,0.67077461,0.22374412,0.94861854,-0.22374412,-0.70710678,0.00000000,-0.70710678,0.94861854,-0.31642196,0.12500000,1.00000000
-0.66973342,0.32080256,0.66973342,0.22684167,0.94714609,-0.22684167,-0.70710678,-0.00000000,-0.70710678,0.94714609,-0.32080256,0.12500000,1.00000000
-0.66867148,0.32520288,0.66867148,0.22995316,0.94564427,-0.22995316,-0.70710678,0.00000000,-0.70710678,0.94564427,-0.32520288,0.12500000,1.00000000
-0.66758859,0.32962244,0.66758859,0.23307826,0.94411283,-0.23307826,-0.70710678,0.00000000,-0.70710678,0.94411283,-0.32962244,0.12500000,1.00000000
-0.66648458,0.33406080,0.66648458,0.23621666,0.94255153,-0.23621666,-0.70710678,0.00000000,-0.70710678,0.94255153,-0.33406080,0.12500000,1.00000000
-0.66535927,0.33851748,0.66535927,0.23936801,0.94096010,-0.23936801,-0.70710678,-0.00000000,-0.70710678,0.94096010,-0.33851748,0.12500000,1.00000000
-0.66421250,0.34299201,0.66421250,0.24253198,0.93933832,-0.24253198,-0.70710678,0.00000000,-0.70710678,0.93933832,-0.34299201,0.12500000,1.00000000
-0.66304409,0.34748391,0.66304409,0.24570823,0.93768595,-0.24570823,-0.70710678,-0.00000000,-0.70710678,0.93768595,-0.34748391,0.12500000,1.00000000
-0.66185389,0.35199269,0.66185389,0.24889642,0.93600275,-0.24889642,-0.70710678,0.00000000,-0.70710678,0.93600275,-0.35199269,0.12500000,1.00000000
-0.66064174,0.35651787,0.66064174,0.25209620,0.93428850,-0.25209620,-0.70710678,0.00000000,-0.70710678,0.93428850,-0.35651787,0.12500000,1.00000000
-0.65940748,0.36105895,0.65940748,0.25530723,0.93254300,-0.25530723,-0.70710678,-0.00000000,-0.70710678,0.93254300,-0.36105895,0.12500000,1.00000000
-0.65815096,0.36561543,0.65815096,0.25852915,0.93076601,-0.25852915,-0.70710678,-0.00000000,-0.70710678,0.93076601,-0.36561543,0.12500000,1.00000000
-0.65687203,0.37018681,0.65687203,0.26176160,0.92895733,-0.26176160,-0.70710678,0.00000000,-0.70710678,0.92895733,-0.37018681,0.12500000,1.00000000
-0.65557056,0.37477258,0.65557056,0.26500423,0.92711678,-0.26500423,-0.70710678,-0.00000000,-0.70710678,0.92711678,-0.37477258,0.12500000,1.00000000
-0.65424640,0.37937223,0.65424640,0.26825668,0.92524414,-0.26825668,-0.70710678,-0.00000000,-0.70710678,0.92524414,-0.37937223,0.12500000,1.00000000
-0.65289943,0.38398525,0.65289943,0.27151857,0.92333923,-0.27151857,-0.70710678,-0.00000000,-0.70710678,0.92333923,-0.38398525,0.12500000,1.00000000
-0.65152951,0.38861111,0.65152951,0.27478955,0.92140187,-0.27478955,-0.70710678,0.00000000,-0.70710678,0.92140187,-0.38861111,0.12500000,1.00000000
-0.65013652,0.39324929,0.65013652,0.27806924,0.91943189,-0.27806924,-0.70710678,-0.00000000,-0.70710678,0.91943189,-0.39324929,0.12500000,1.00000000
-0.64872035,0.39789926,0.64872035,0.28135727,0.91742911,-0.28135727,-0.70710678,-0.00000000,-0.70710678,0.91742911,-0.39789926,0.12500000,1.00000000
-0.64728087,0.40256050,0.64728087,0.28465326,0.91539338,-0.28465326,-0.70710678,-0.00000000,-0.70710678,0.91539338,-0.40256050,0.12500000,1.00000000
-0.64581798,0.40723246,0.64581798,0.28795683,0.91332455,-0.28795683,-0.70710678,0.00000000,-0.70710678,0.91332455,-0.40723246,0.12500000,1.00000000
-0.64433158,0.41191460,0.64433158,0.29126761,0.91122245,-0.29126761,-0.70710678,-0.00000000,-0.70710678,0.91122245,-0.41191460,0.12500000,1.00000000
-0.64282156,0.41660640,0.64282156,0.29458521,0.90908696,-0.29458521,-0.70710678,-0.00000000,-0.70710678,0.90908696,-0.41660640,0.12500000,1.00000000
-0.64128783,0.42130729,0.64128783,0.29790925,0.90691795,-0.29790925,-0.70710678,-0.00000000,-0.70710678,0.90691795,-0.42130729,0.12500000,1.00000000
-0.63973031,0.42601674,0.63973031,0.30123933,0.90471528,-0.30123933,-0.70710678,-0.00000000,-0.70710678,0.90471528,-0.42601674,0.12500000,1.00000000
-0.63814891,0.43073420,0.63814891,0.30457507,0.90247884,-0.30457507,-0.70710678,-0.00000000,-0.70710678,0.90247884,-0.43073420,0.12500000,1.00000000
-0.63654355,0.43545910,0.63654355,0.30791608,0.90020852,-0.30791608,-0.70710678,-0.00000000,-0.70710678,0.90020852,-0.43545910,0.12500000,1.00000000
-0.63491416,0.44019089,0.63491416,0.31126196,0.89790422,-0.31126196,-0.70710678,-0.00000000,-0.70710678,0.89790422,-0.44019089,0.12500000,1.00000000
-0.63326068,0.44492902,0.63326068,0.31461233,0.89556584,-0.31461233,-0.70710678,0.00000000,-0.70710678,0.89556584,-0.44492902,0.12500000,1.00000000
-0.63158304,0.44967292,0.63158304,0.31796677,0.89319330,-0.31796677,-0.70710678,-0.00000000,-0.70710678,0.89319330,-0.44967292,0.12500000,1.00000000
-0.62988118,0.45442204,0.62988118,0.32132490,0.89078651,-0.32132490,-0.70710678,0.00000000,-0.70710678,0.89078651,-0.45442204,0.12500000,1.00000000
-0.62815507,0.45917580,0.62815507,0.32468632,0.88834542,-0.32468632,-0.70710678,0.00000000,-0.70710678,0.88834542,-0.45917580,0.12500000,1.00000000
-0.62640465,0.46393364,0.62640465,0.32805062,0.88586996,-0.32805062,-0.70710678,-0.00000000,-0.70710678,0.88586996,-0.46393364,0.12500000,1.00000000
-0.62462989,0.46869499,0.62462989,0.33141741,0.88336007,-0.33141741,-0.70710678,-0.00000000,-0.70710678,0.88336007,-0.46869499,0.12500000,1.00000000
-0.62283076,0.47345929,0.62283076,0.33478627,0.88081570,-0.33478627,-0.70710678,-0.00000000,-0.70710678,0.88081570,-0.47345929,0.12500000,1.00000000
-0.62100722,0.47822595,0.62100722,0.33815681,0.87823684,-0.33815681,-0.70710678,0.00000000,-0.70710678,0.87823684,-0.47822595,0.12500000,1.00000000
-0.61915927,0.48299441,0.61915927,0.34152863,0.87562343,-0.34152863,-0.70710678,-0.00000000,-0.70710678,0.87562343,-0.48299441,0.12500000,1.00000000
-0.61728688,0.48776410,0.61728688,0.34490130,0.87297548,-0.34490130,-0.70710678,0.00000000,-0.70710678,0.87297548,-0.48776410,0.12500000,1.00000000
-0.61539005,0.49253444,0.61539005,0.34827444,0.87029295,-0.34827444,-0.70710678,-0.00000000,-0.70710678,0.87029295,-0.49253444,0.12500000,1.00000000
-0.61346878,0.49730486,0.61346878,0.35164764,0.86757586,-0.35164764,-0.70710678,-0.00000000,-0.70710678,0.86757586,-0.49730486,0.12500000,1.00000000
-0.61152306,0.50207478,0.61152306,0.35502048,0.86482421,-0.35502048,-0.70710678,0.00000000,-0.70710678,0.86482421,-0.50207478,0.12500000,1.00000000
-0.60955293,0.50684362,0.60955293,0.35839256,0.86203802,-0.35839256,-0.70710678,-0.00000000,-0.70710678,0.86203802,-0.50684362,0.12500000,1.00000000
-0.60755838,0.51161081,0.60755838,0.36176348,0.85921730,-0.36176348,-0.70710678,0.00000000,-0.70710678,0.85921730,-0.51161081,0.12500000,1.00000000
-0.60553945,0.51637578,0.60553945,0.36513282,0.85636210,-0.36513282,-0.70710678,0.00000000,-0.70710678,0.85636210,-0.51637578,0.12500000,1.00000000
-0.60349616,0.52113795,0.60349616,0.36850017,0.85347246,-0.36850017,-0.70710678,0.00000000,-0.70710678,0.85347246,-0.52113795,0.12500000,1.00000000
-0.60142856,0.52589673,0.60142856,0.37186515,0.85054843,-0.37186515,-0.70710678,0.00000000,-0.70710678,0.85054843,-0.52589673,0.12500000,1.00000000
-0.59933668,0.53065157,0.59933668,0.37522732,0.84759006,-0.37522732,-0.70710678,-0.00000000,-0.70710678,0.84759006,-0.53065157,0.12500000,1.00000000
-0.59722057,0.53540188,0.59722057,0.37858630,0.84459743,-0.37858630,-0.70710678,0.00000000,-0.70710678,0.84459743,-0.53540188,0.12500000,1.00000000
-0.59508030,0.54014709,0.59508030,0.38194167,0.84157063,-0.38194167,-0.70710678,0.00000000,-0.70710678,0.84157063,-0.54014709,0.12500000,1.00000000
-0.59291591,0.54488663,0.59291591,0.38529303,0.83850973,-0.38529303,-0.70710678,-0.00000000,-0.70710678,0.83850973,-0.54488663,0.12500000,1.00000000
-0.59072749,0.54961993,0.59072749,0.38863998,0.83541483,-0.38863998,-0.70710678,0.00000000,-0.70710678,0.83541483,-0.54961993,0.12500000,1.00000000
-0.58851510,0.55434642,0.58851510,0.39198211,0.83228604,-0.39198211,-0.70710678,-0.00000000,-0.70710678,0.83228604,-0.55434642,0.12500000,1.00000000
-0.58627883,0.55906552,0.58627883,0.39531902,0.82912348,-0.39531902,-0.70710678,0.00000000,-0.70710678,0.82912348,-0.55906552,0.12500000,1.00000000
-0.58401877,0.56377668,0.58401877,0.39865031,0.82592727,-0.39865031,-0.70710678,0.00000000,-0.70710678,0.82592727,-0.56377668,0.12500000,1.00000000
-0.58173501,0.56847933,0.58173501,0.40197559,0.82269754,-0.40197559,-0.70710678,0.00000000,-0.70710678,0.82269754,-0.56847933,0.12500000,1.00000000
-0.57942766,0.57317291,0.57942766,0.40529445,0.81943445,-0.40529445,-0.70710678,-0.00000000,-0.70710678,0.81943445,-0.57317291,0.12500000,1.00000000
-0.57709681,0.57785685,0.57709681,0.40860650,0.81613814,-0.40860650,-0.70710678,0.00000000,-0.70710678,0.81613814,-0.57785685,0.12500000,1.00000000
-0.57474259,0.58253061,0.57474259,0.41191134,0.81280877,-0.41191134,-0.70710678,-0.00000000,-0.70710678,0.81280877,-0.58253061,0.12500000,1.00000000
-0.57236512,0.58719362,0.57236512,0.41520859,0.80944651,-0.41520859,-0.70710678,-0.00000000,-0.70710678,0.80944651,-0.58719362,0.12500000,1.00000000
-0.56996452,0.59184533,0.56996452,0.41849785,0.80605155,-0.41849785,-0.70710678,0.00000000,-0.70710678,0.80605155,-0.59184533,0.12500000,1.00000000
-0.56754093,0.59648520,0.56754093,0.42177873,0.80262407,-0.42177873,-0.70710678,0.00000000,-0.70710678,0.80262407,-0.59648520,0.12500000,1.00000000
-0.56509448,0.60111268,0.56509448,0.42505085,0.79916428,-0.42505085,-0.70710678,0.00000000,-0.70710678,0.79916428,-0.60111268,0.12500000,1.00000000
-0.56262534,0.60572722,0.56262534,0.42831382,0.79567238,-0.42831382,-0.70710678,0.00000000,-0.70710678,0.79567238,-0.60572722,0.12500000,1.00000000
-0.56013364,0.61032828,0.56013364,0.43156727,0.79214859,-0.43156727,-0.70710678,0.00000000,-0.70710678,0.79214859,-0.61032828,0.12500000,1.00000000
-0.55761955,0.61491534,0.55761955,0.43481081,0.78859313,-0.43481081,-0.70710678,0.00000000,-0.70710678,0.78859313,-0.61491534,0.12500000,1.00000000
-0.55508323,0.61948786,0.55508323,0.43804406,0.78500624,-0.43804406,-0.70710678,0.00000000,-0.70710678,0.78500624,-0.61948786,0.12500000,1.00000000
-0.55252487,0.62404530,0.55252487,0.44126667,0.78138816,-0.44126667,-0.70710678,0.00000000,-0.70710678,0.78138816,-0.62404530,0.12500000,1.00000000
-0.54994463,0.62858716,0.54994463,0.44447824,0.77773915,-0.44447824,-0.70710678,-0.00000000,-0.70710678,0.77773915,-0.62858716,0.12500000,1.00000000
-0.54734269,0.63311291,0.54734269,0.44767843,0.77405946,-0.44767843,-0.70710678,0.00000000,-0.70710678,0.77405946,-0.63311291,0.12500000,1.00000000
-0.54471926,0.63762202,0.54471926,0.45086686,0.77034937,-0.45086686,-0.70710678,0.00000000,-0.70710678,0.77034937,-0.63762202,0.12500000,1.00000000
-0.54207453,0.64211401,0.54207453,0.45404317,0.76660916,-0.45404317,-0.70710678,0.00000000,-0.70710678,0.76660916,-0.64211401,0.12500000,1.00000000
-0.53940871,0.64658835,0.53940871,0.45720701,0.76283911,-0.45720701,-0.70710678,-0.00000000,-0.70710678,0.76283911,-0.64658835,0.12500000,1.00000000
-0.53672199,0.65104455,0.53672199,0.46035802,0.75903952,-0.46035802,-0.70710678,0.00000000,-0.70710678,0.75903952,-0.65104455,0.12500000,1.00000000
-0.53401461,0.65548211,0.53401461,0.46349585,0.75521070,-0.46349585,-0.70710678,0.00000000,-0.70710678,0.75521070,-0.65548211,0.12500000,1.00000000
-0.53128677,0.65990055,0.53128677,0.46662016,0.75135295,-0.46662016,-0.70710678,0.00000000,-0.70710678,0.75135295,-0.65990055,0.12500000,1.00000000
-0.52853871,0.66429938,0.52853871,0.46973060,0.74746661,-0.46973060,-0.70710678,0.00000000,-0.70710678,0.74746661,-0.66429938,0.12500000,1.00000000
-0.52577066,0.66867812,0.52577066,0.47282683,0.74355200,-0.47282683,-0.70710678,-0.00000000,-0.70710678,0.74355200,-0.66867812,0.12500000,1.00000000
-0.52298286,0.67303630,0.52298286,0.47590853,0.73960945,-0.47590853,-0.70710678,-0.00000000,-0.70710678,0.73960945,-0.67303630,0.12500000,1.00000000
-0.52017555,0.67737345,0.52017555,0.47897536,0.73563932,-0.47897536,-0.70710678,0.00000000,-0.70710678,0.73563932,-0.67737345,0.12500000,1.00000000
-0.51734899,0.68168911,0.51734899,0.48202699,0.73164196,-0.48202699,-0.70710678,0.00000000,-0.70710678,0.73164196,-0.68168911,0.12500000,1.00000000
-0.51450343,0.68598283,0.51450343,0.48506311,0.72761773,-0.48506311,-0.70710678,-0.00000000,-0.70710678,0.72761773,-0.68598283,0.12500000,1.00000000
-0.51163913,0.69025415,0.51163913,0.48808339,0.72356700,-0.48808339,-0.70710678,0.00000000,-0.70710678,0.72356700,-0.69025415,0.12500000,1.00000000
-0.50875637,0.69450264,0.50875637,0.49108753,0.71949016,-0.49108753,-0.70710678,0.00000000,-0.70710678,0.71949016,-0.69450264,0.12500000,1.00000000
-0.50585540,0.69872786,0.50585540,0.49407521,0.71538757,-0.49407521,-0.70710678,0.00000000,-0.70710678,0.71538757,-0.69872786,0.12500000,1.00000000
-0.50293652,0.70292938,0.50293652,0.49704613,0.71125965,-0.49704613,-0.70710678,-0.00000000,-0.70710678,0.71125965,-0.70292938,0.12500000,1.00000000
-0.50000000,0.70710678,0.50000000,0.50000000,0.70710678,-0.50000000,-0.70710678,0.00000000,-0.70710678,0.70710678,-0.70710678,0.12500000,1.00000000
-0.49704613,0.71125965,0.49704613,0.50293652,0.70292938,-0.50293652,-0.70710678,0.00000000,-0.70710678,0.70292938,-0.71125965,0.12500000,1.00000000
-0.49407521,0.71538757,0.49407521,0.50585540,0.69872786,-0.50585540,-0.70710678,-0.00000000,-0.70710678,0.69872786,-0.71538757,0.12500000,1.00000000
-0.49108753,0.71949016,0.49108753,0.50875637,0.69450264,-0.50875637,-0.70710678,-0.00000000,-0.70710678,0.69450264,-0.71949016,0.12500000,1.00000000
-0.48808339,0.72356700,0.48808339,0.51163913,0.69025415,-0.51163913,-0.70710678,0.00000000,-0.70710678,0.69025415,-0.72356700,0.12500000,1.00000000
-0.48506311,0.72761773,0.48506311,0.51450343,0.68598283,-0.51450343,-0.70710678,0.00000000,-0.70710678,0.68598283,-0.72761773,0.12500000,1.00000000
-0.48202699,0.73164196,0.48202699,0.51734899,0.68168911,-0.51734899,-0.70710678,0.00000000,-0.70710678,0.68168911,-0.73164196,0.12500000,1.00000000
-0.47897536,0.73563932,0.47897536,0.52017555,0.67737345,-0.52017555,-0.70710678,-0.00000000,-0.70710678,0.67737345,-0.73563932,0.12500000,1.00000000
-0.47590853,0.73960945,0.47590853,0.52298286,0.67303630,-0.52298286,-0.70710678,-0.00000000,-0.70710678,0.67303630,-0.73960945,0.12500000,1.00000000
-0.47282683,0.74355200,0.47282683,0.52577066,0.66867812,-0.52577066,-0.70710678,-0.00000000,-0.70710678,0.66867812,-0.74355200,0.12500000,1.00000000
-0.46973060,0.74746661,0.46973060,0.52853871,0.66429938,-0.52853871,-0.70710678,0.00000000,-0.70710678,0.66429938,-0.74746661,0.12500000,1.00000000
-0.46662016,0.75135295,0.46662016,0.53128677,0.65990055,-0.53128677,-0.70710678,0.00000000,-0.70710678,0.65990055,-0.75135295,0.12500000,1.00000000
-0.46349585,0.75521070,0.46349585,0.53401461,0.65548211,-0.53401461,-0.70710678,-0.00000000,-0.70710678,0.65548211,-0.75521070,0.12500000,1.00000000
-0.46035802,0.75903952,0.46035802,0.53672199,0.65104455,-0.53672199,-0.70710678,0.00000000,-0.70710678,0.65104455,-0.75903952,0.12500000,1.00000000
-0.45720701,0.76283911,0.45720701,0.53940871,0.64658835,-0.53940871,-0.70710678,-0.00000000,-0.70710678,0.64658835,-0.76283911,0.12500000,1.00000000
-0.45404317,0.76660916,0.45404317,0.54207453,0.64211401,-0.54207453,-0.70710678,-0.00000000,-0.70710678,0.64211401,-0.76660916,0.12500000,1.00000000
-0.45086686,0.77034937,0.45086686,0.54471926,0.63762202,-0.54471926,-0.70710678,-0.00000000,-0.70710678,0.63762202,-0.77034937,0.12500000,1.00000000
-0.44767843,0.77405946,0.44767843,0.54734269,0.63311291,-0.54734269,-0.70710678,0.00000000,-0.70710678,0.63311291,-0.77405946,0.12500000,1.00000000
-0.44447824,0.77773915,0.44447824,0.54994463,0.62858716,-0.54994463,-0.70710678,-0.00000000,-0.70710678,0.62858716,-0.77773915,0.12500000,1.00000000
-0.44126667,0.78138816,0.44126667,0.55252487,0.62404530,-0.55252487,-0.70710678,0.00000000,-0.70710678,0.62404530,-0.78138816,0.12500000,1.00000000
-0.43804406,0.78500624,0.43804406,0.55508323,0.61948786,-0.55508323,-0.70710678,-0.00000000,-0.70710678,0.61948786,-0.78500624,0.12500000,1.00000000
-0.43481081,0.78859313,0.43481081,0.55761955,0.61491534,-0.55761955,-0.70710678,0.00000000,-0.70710678,0.61491534,-0.78859313,0.12500000,1.00000000
-0.43156727,0.79214859,0.43156727,0.56013364,0.61032828,-0.56013364,-0.70710678,0.00000000,-0.70710678,0.61032828,-0.79214859,0.12500000,1.00000000
-0.42831382,0.79567238,0.42831382,0.56262534,0.60572722,-0.56262534,-0.70710678,-0.00000000,-0.70710678,0.60572722,-0.79567238,0.12500000,1.00000000
-0.42505085,0.79916428,0.42505085,0.56509448,0.60111268,-0.56509448,-0.70710678,0.00000000,-0.70710678,0.60111268,-0.79916428,0.12500000,1.00000000
-0.42177873,0.80262407,0.42177873,0.56754093,0.59648520,-0.56754093,-0.70710678,0.00000000,-0.70710678,0.59648520,-0.80262407,0.12500000,1.00000000
-0.41849785,0.80605155,0.41849785,0.56996452,0.59184533,-0.56996452,-0.70710678,0.00000000,-0.70710678,0.59184533,-0.80605155,0.12500000,1.00000000
-0.41520859,0.80944651,0.41520859,0.57236512,0.58719362,-0.57236512,-0.70710678,0.00000000,-0.70710678,0.58719362,-0.80944651,0.12500000,1.00000000
-0.41191134,0.81280877,0.41191134,0.57474259,0.58253061,-0.57474259,-0.70710678,0.00000000,-0.70710678,0.58253061,-0.81280877,0.12500000,1.00000000
-0.40860650,0.81613814,0.40860650,0.57709681,0.57785685,-0.57709681,-0.70710678,-0.00000000,-0.70710678,0.57785685,-0.81613814,0.12500000,1.00000000
-0.40529445,0.81943445,0.40529445,0.57942766,0.57317291,-0.57942766,-0.70710678,-0.00000000,-0.70710678,0.57317291,-0.81943445,0.12500000,1.00000000
-0.40197559,0.82269754,0.40197559,0.58173501,0.56847933,-0.58173501,-0.70710678,0.00000000,-0.70710678,0.56847933,-0.82269754,0.12500000,1.00000000
-0.39865031,0.82592727,0.39865031,0.58401877,0.56377668,-0.58401877,-0.70710678,0.00000000,-0.70710678,0.56377668,-0.82592727,0.12500000,1.00000000
-0.39531902,0.82912348,0.39531902,0.58627883,0.55906552,-0.58627883,-0.70710678,0.00000000,-0.70710678,0.55906552,-0.82912348,0.12500000,1.00000000
-0.39198211,0.83228604,0.39198211,0.58851510,0.55434642,-0.58851510,-0.70710678,-0.00000000,-0.70710678,0.55434642,-0.83228604,0.12500000,1.00000000
-0.38863998,0.83541483,0.38863998,0.59072749,0.54961993,-0.59072749,-0.70710678,0.00000000,-0.70710678,0.54961993,-0.83541483,0.12500000,1.00000000
-0.38529303,0.83850973,0.38529303,0.59291591,0.54488663,-0.59291591,-0.70710678,0.00000000,-0.70710678,0.54488663,-0.83850973,0.12500000,1.00000000
-0.38194167,0.84157063,0.38194167,0.59508030,0.54014709,-0.59508030,-0.70710678,-0.00000000,-0.70710678,0.54014709,-0.84157063,0.12500000,1.00000000
-0.37858630,0.84459743,0.37858630,0.59722057,0.53540188,-0.59722057,-0.70710678,0.00000000,-0.70710678,0.53540188,-0.84459743,0.12500000,1.00000000
-0.37522732,0.84759006,0.37522732,0.59933668,0.53065157,-0.59933668,-0.70710678,-0.00000000,-0.70710678,0.53065157,-0.84759006,0.12500000,1.00000000
-0.37186515,0.85054843,0.37186515,0.60142856,0.52589673,-0.60142856,-0.70710678,-0.00000000,-0.70710678,0.52589673,-0.85054843,0.12500000,1.00000000
-0.36850017,0.85347246,0.36850017,0.60349616,0.52113795,-0.60349616,-0.70710678,-0.00000000,-0.70710678,0.52113795,-0.85347246,0.12500000,1.00000000
-0.36513282,0.85636210,0.36513282,0.60553945,0.51637578,-0.60553945,-0.70710678,0.00000000,-0.70710678,0.51637578,-0.85636210,0.12500000,1.00000000
-0.36176348,0.85921730,0.36176348,0.60755838,0.51161081,-0.60755838,-0.70710678,-0.00000000,-0.70710678,0.51161081,-0.85921730,0.12500000,1.00000000
-0.35839256,0.86203802,0.35839256,0.60955293,0.50684362,-0.60955293,-0.70710678,0.00000000,-0.70710678,0.50684362,-0.86203802,0.12500000,1.00000000
-0.35502048,0.86482421,0.35502048,0.61152306,0.50207478,-0.61152306,-0.70710678,-0.00000000,-0.70710678,0.50207478,-0.86482421,0.12500000,1.00000000
-0.35164764,0.86757586,0.35164764,0.61346878,0.49730486,-0.61346878,-0.70710678,0.00000000,-0.70710678,0.49730486,-0.86757586,0.12500000,1.00000000
-0.34827444,0.87029295,0.34827444,0.61539005,0.49253444,-0.61539005,-0.70710678,-0.00000000,-0.70710678,0.49253444,-0.87029295,0.12500000,1.00000000
-0.34490130,0.87297548,0.34490130,0.61728688,0.48776410,-0.61728688,-0.70710678,-0.00000000,-0.70710678,0.48776410,-0.87297548,0.12500000,1.00000000
-0.34152863,0.87562343,0.34152863,0.61915927,0.48299441,-0.61915927,-0.70710678,-0.00000000,-0.70710678,0.48299441,-0.87562343,0.12500000,1.00000000
-0.33815681,0.87823684,0.33815681,0.62100722,0.47822595,-0.62100722,-0.70710678,-0.00000000,-0.70710678,0.47822595,-0.87823684,0.12500000,1.00000000
-0.33478627,0.88081570,0.33478627,0.62283076,0.47345929,-0.62283076,-0.70710678,0.00000000,-0.70710678,0.47345929,-0.88081570,0.12500000,1.00000000
-0.33141741,0.88336007,0.33141741,0.62462989,0.46869499,-0.62462989,-0.70710678,0.00000000,-0.70710678,0.46869499,-0.88336007,0.12500000,1.00000000
-0.32805062,0.88586996,0.32805062,0.62640465,0.46393364,-0.62640465,-0.70710678,0.00000000,-0.70710678,0.46393364,-0.88586996,0.12500000,1.00000000
-0.32468632,0.88834542,0.32468632,0.62815507,0.45917580,-0.62815507,-0.70710678,-0.00000000,-0.70710678,0.45917580,-0.88834542,0.12500000,1.00000000
-0.32132490,0.89078651,0.32132490,0.62988118,0.45442204,-0.62988118,-0.70710678,-0.00000000,-0.70710678,0.45442204,-0.89078651,0.12500000,1.00000000
-0.31796677,0.89319330,0.31796677,0.63158304,0.44967292,-0.63158304,-0.70710678,0.00000000,-0.70710678,0.44967292,-0.89319330,0.12500000,1.00000000
-0.31461233,0.89556584,0.31461233,0.63326068,0.44492902,-0.63326068,-0.70710678,0.00000000,-0.70710678,0.44492902,-0.89556584,0.12500000,1.00000000
-0.31126196,0.89790422,0.31126196,0.63491416,0.44019089,-0.63491416,-0.70710678,-0.00000000,-0.70710678,0.44019089,-0.89790422,0.12500000,1.00000000
-0.30791608,0.90020852,0.30791608,0.63654355,0.43545910,-0.63654355,-0.70710678,-0.00000000,-0.70710678,0.43545910,-0.90020852,0.12500000,1.00000000
-0.30457507,0.90247884,0.30457507,0.63814891,0.43073420,-0.63814891,-0.70710678,-0.00000000,-0.70710678,0.43073420,-0.90247884,0.12500000,1.00000000
-0.30123933,0.90471528,0.30123933,0.63973031,0.42601674,-0.63973031,-0.70710678,0.00000000,-0.70710678,0.42601674,-0.90471528,0.12500000,1.00000000
-0.29790925,0.90691795,0.29790925,0.64128783,0.42130729,-0.64128783,-0.70710678,0.00000000,-0.70710678,0.42130729,-0.90691795,0.12500000,1.00000000
-0.29458521,0.90908696,0.29458521,0.64282156,0.41660640,-0.64282156,-0.70710678,-0.00000000,-0.70710678,0.41660640,-0.90908696,0.12500000,1.00000000
-0.29126761,0.91122245,0.29126761,0.64433158,0.41191460,-0.64433158,-0.70710678,-0.00000000,-0.70710678,0.41191460,-0.91122245,0.12500000,1.00000000
-0.28795683,0.91332455,0.28795683,0.64581798,0.40723246,-0.64581798,-0.70710678,-0.00000000,-0.70710678,0.40723246,-0.91332455,0.12500000,1.00000000
-0.28465326,0.91539338,0.28465326,0.64728087,0.40256050,-0.64728087,-0.70710678,0.00000000,-0.70710678,0.40256050,-0.91539338,0.12500000,1.00000000
-0.28135727,0.91742911,0.28135727,0.64872035,0.39789926,-0.64872035,-0.70710678,0.00000000,-0.70710678,0.39789926,-0.91742911,0.12500000,1.00000000
-0.27806924,0.91943189,0.27806924,0.65013652,0.39324929,-0.65013652,-0.70710678,-0.00000000,-0.70710678,0.39324929,-0.91943189,0.12500000,1.00000000
-0.27478955,0.92140187,0.27478955,0.65152951,0.38861111,-0.65152951,-0.70710678,-0.00000000,-0.70710678,0.38861111,-0.92140187,0.12500000,1.00000000
-0.27151857,0.92333923,0.27151857,0.65289943,0.38398525,-0.65289943,-0.70710678,-0.00000000,-0.70710678,0.38398525,-0.92333923,0.12500000,1.00000000
-0.26825668,0.92524414,0.26825668,0.65424640,0.37937223,-0.65424640,-0.70710678,0.00000000,-0.70710678,0.37937223,-0.92524414,0.12500000,1.00000000
-0.26500423,0.92711678,0.26500423,0.65557056,0.37477258,-0.65557056,-0.70710678,-0.00000000,-0.70710678,0.37477258,-0.92711678,0.12500000,1.00000000
-0.26176160,0.92895733,0.26176160,0.65687203,0.37018681,-0.65687203,-0.70710678,0.00000000,-0.70710678,0.37018681,-0.92895733,0.12500000,1.00000000
-0.25852915,0.93076601,0.25852915,0.65815096,0.36561543,-0.65815096,-0.70710678,-0.00000000,-0.70710678,0.36561543,-0.93076601,0.12500000,1.00000000
-0.25530723,0.93254300,0.25530723,0.65940748,0.36105895,-0.65940748,-0.70710678,-0.00000000,-0.70710678,0.36105895,-0.93254300,0.12500000,1.00000000
-0.25209620,0.93428850,0.25209620,0.66064174,0.35651787,-0.66064174,-0.70710678,-0.00000000,-0.70710678,0.35651787,-0.93428850,0.12500000,1.00000000
-0.24889642,0.93600275,0.24889642,0.66185389,0.35199269,-0.66185389,-0.70710678,-0.00000000,-0.70710678,0.35199269,-0.93600275,0.12500000,1.00000000
-0.24570823,0.93768595,0.24570823,0.66304409,0.34748391,-0.66304409,-0.70710678,0.00000000,-0.70710678,0.34748391,-0.93768595,0.12500000,1.00000000
-0.24253198,0.93933832,0.24253198,0.66421250,0.34299201,-0.66421250,-0.70710678,-0.00000000,-0.70710678,0.34299201,-0.93933832,0.12500000,1.00000000
-0.23936801,0.94096010,0.23936801,0.66535927,0.33851748,-0.66535927,-0.70710678,-0.00000000,-0.70710678,0.33851748,-0.94096010,0.12500000,1.00000000
-0.23621666,0.94255153,0.23621666,0.66648458,0.33406080,-0.66648458,-0.70710678,0.00000000,-0.70710678,0.33406080,-0.94255153,0.12500000,1.00000000
-0.23307826,0.94411283,0.23307826,0.66758859,0.32962244,-0.66758859,-0.70710678,0.00000000,-0.70710678,0.32962244,-0.94411283,0.12500000,1.00000000
-0.22995316,0.94564427,0.22995316,0.66867148,0.32520288,-0.66867148,-0.70710678,0.00000000,-0.70710678,0.32520288,-0.94564427,0.12500000,1.00000000
-0.22684167,0.94714609,0.22684167,0.66973342,0.32080256,-0.66973342,-0.70710678,0.00000000,-0.70710678,0.32080256,-0.94714609,0.12500000,1.00000000
-0.22374412,0.94861854,0.22374412,0.67077461,0.31642196,-0.67077461,-0.70710678,0.00000000,-0.70710678,0.31642196,-0.94861854,0.12500000,1.00000000
-0.22066082,0.95006189,0.22066082,0.67179521,0.31206153,-0.67179521,-0.70710678,-0.00000000,-0.70710678,0.31206153,-0.95006189,0.12500000,1.00000000
-0.21759211,0.95147640,0.21759211,0.67279542,0.30772171,-0.67279542,-0.70710678,0.00000000,-0.70710678,0.30772171,-0.95147640,0.12500000,1.00000000
-0.21453828,0.95286235,0.21453828,0.67377543,0.30340295,-0.67377543,-0.70710678,0.00000000,-0.70710678,0.30340295,-0.95286235,0.12500000,1.00000000
-0.21149965,0.95421999,0.21149965,0.67473543,0.29910568,-0.67473543,-0.70710678,-0.00000000,-0.70710678,0.29910568,-0.95421999,0.12500000,1.00000000
-0.20847652,0.95554962,0.20847652,0.67567562,0.29483033,-0.67567562,-0.70710678,-0.00000000,-0.70710678,0.29483033,-0.95554962,0.12500000,1.00000000
-0.20546920,0.95685151,0.20546920,0.67659619,0.29057733,-0.67659619,-0.70710678,-0.00000000,-0.70710678,0.29057733,-0.95685151,0.12500000,1.00000000
-0.20247797,0.95812595,0.20247797,0.67749736,0.28634709,-0.67749736,-0.70710678,-0.00000000,-0.70710678,0.28634709,-0.95812595,0.12500000,1.00000000
-0.19950313,0.95937323,0.19950313,0.67837932,0.28214003,-0.67837932,-0.70710678,-0.00000000,-0.70710678,0.28214003,-0.95937323,0.12500000,1.00000000
-0.19654497,0.96059364,0.19654497,0.67924228,0.27795656,-0.67924228,-0.70710678,0.00000000,-0.70710678,0.27795656,-0.96059364,0.12500000,1.00000000
-0.19360377,0.96178748,0.19360377,0.68008645,0.27379708,-0.68008645,-0.70710678,-0.00000000,-0.70710678,0.27379708,-0.96178748,0.12500000,1.00000000
-0.19067981,0.96295505,0.19067981,0.68091204,0.26966197,-0.68091204,-0.70710678,0.00000000,-0.70710678,0.26966197,-0.96295505,0.12500000,1.00000000
-0.18777336,0.96409664,0.18777336,0.68171927,0.26555163,-0.68171927,-0.70710678,-0.00000000,-0.70710678,0.26555163,-0.96409664,0.12500000,1.00000000
-0.18488470,0.96521257,0.18488470,0.68250835,0.26146645,-0.68250835,-0.70710678,-0.00000000,-0.70710678,0.26146645,-0.96521257,0.12500000,1.00000000
-0.18201408,0.96630313,0.18201408,0.68327950,0.25740678,-0.68327950,-0.70710678,0.00000000,-0.70710678,0.25740678,-0.96630313,0.12500000,1.00000000
-0.17916178,0.96736866,0.17916178,0.68403294,0.25337301,-0.68403294,-0.70710678,-0.00000000,-0.70710678,0.25337301,-0.96736866,0.12500000,1.00000000
-0.17632804,0.96840944,0.17632804,0.68476888,0.24936550,-0.68476888,-0.70710678,-0.00000000,-0.70710678,0.24936550,-0.96840944,0.12500000,1.00000000
-0.17351312,0.96942581,0.17351312,0.68548756,0.24538460,-0.68548756,-0.70710678,0.00000000,-0.70710678,0.24538460,-0.96942581,0.12500000,1.00000000
-0.17071726,0.97041807,0.17071726,0.68618920,0.24143066,-0.68618920,-0.70710678,0.00000000,-0.70710678,0.24143066,-0.97041807,0.12500000,1.00000000
-0.16794071,0.97138655,0.16794071,0.68687402,0.23750403,-0.68687402,-0.70710678,0.00000000,-0.70710678,0.23750403,-0.97138655,0.12500000,1.00000000
-0.16518370,0.97233157,0.16518370,0.68754225,0.23360503,-0.68754225,-0.70710678,-0.00000000,-0.70710678,0.23360503,-0.97233157,0.12500000,1.00000000
-0.16244648,0.97325345,0.16244648,0.68819412,0.22973401,-0.68819412,-0.70710678,-0.00000000,-0.70710678,0.22973401,-0.97325345,0.12500000,1.00000000
-0.15972925,0.97415252,0.15972925,0.68882985,0.22589127,-0.68882985,-0.70710678,-0.00000000,-0.70710678,0.22589127,-0.97415252,0.12500000,1.00000000
-0.15703226,0.97502910,0.15703226,0.68944969,0.22207715,-0.68944969,-0.70710678,-0.00000000,-0.70710678,0.22207715,-0.97502910,0.12500000,1.00000000
-0.15435571,0.97588351,0.15435571,0.69005385,0.21829194,-0.69005385,-0.70710678,-0.00000000,-0.70710678,0.21829194,-0.97588351,0.12500000,1.00000000
-0.15169982,0.97671609,0.15169982,0.69064257,0.21453595,-0.69064257,-0.70710678,0.00000000,-0.70710678,0.21453595,-0.97671609,0.12500000,1.00000000
-0.14906481,0.97752717,0.14906481,0.69121609,0.21080947,-0.69121609,-0.70710678,-0.00000000,-0.70710678,0.21080947,-0.97752717,0.12500000,1.00000000
-0.14645086,0.97831707,0.14645086,0.69177463,0.20711280,-0.69177463,-0.70710678,0.00000000,-0.70710678,0.20711280,-0.97831707,0.12500000,1.00000000
-0.14385819,0.97908613,0.14385819,0.69231844,0.20344620,-0.69231844,-0.70710678,-0.00000000,-0.70710678,0.20344620,-0.97908613,0.12500000,1.00000000
-0.14128698,0.97983467,0.14128698,0.69284774,0.19980997,-0.69284774,-0.70710678,0.00000000,-0.70710678,0.19980997,-0.97983467,0.12500000,1.00000000
-0.13873743,0.98056303,0.13873743,0.69336277,0.19620436,-0.69336277,-0.70710678,0.00000000,-0.70710678,0.19620436,-0.98056303,0.12500000,1.00000000
-0.13620972,0.98127153,0.13620972,0.69386376,0.19262963,-0.69386376,-0.70710678,0.00000000,-0.70710678,0.19262963,-0.98127153,0.12500000,1.00000000
-0.13370403,0.98196052,0.13370403,0.69435094,0.18908605,-0.69435094,-0.70710678,0.00000000,-0.70710678,0.18908605,-0.98196052,0.12500000,1.00000000
-0.13122052,0.98263032,0.13122052,0.69482456,0.18557385,-0.69482456,-0.70710678,-0.00000000,-0.70710678,0.18557385,-0.98263032,0.12500000,1.00000000
-0.12875938,0.98328126,0.12875938,0.69528485,0.18209327,-0.69528485,-0.70710678,-0.00000000,-0.70710678,0.18209327,-0.98328126,0.12500000,1.00000000
-0.12632077,0.98391368,0.12632077,0.69573203,0.17864454,-0.69573203,-0.70710678,0.00000000,-0.70710678,0.17864454,-0.98391368,0.12500000,1.00000000
-0.12390484,0.98452790,0.12390484,0.69616635,0.17522790,-0.69616635,-0.70710678,-0.00000000,-0.70710678,0.17522790,-0.98452790,0.12500000,1.00000000
-0.12151175,0.98512425,0.12151175,0.69658804,0.17184356,-0.69658804,-0.70710678,0.00000000,-0.70710678,0.17184356,-0.98512425,0.12500000,1.00000000
-0.11914164,0.98570307,0.11914164,0.69699732,0.16849173,-0.69699732,-0.70710678,0.00000000,-0.70710678,0.16849173,-0.98570307,0.12500000,1.00000000
-0.11679467,0.98626468,0.11679467,0.69739444,0.16517261,-0.69739444,-0.70710678,-0.00000000,-0.70710678,0.16517261,-0.98626468,0.12500000,1.00000000
-0.11447097,0.98680940,0.11447097,0.69777962,0.16188639,-0.69777962,-0.70710678,0.00000000,-0.70710678,0.16188639,-0.98680940,0.12500000,1.00000000
-0.11217067,0.98733757,0.11217067,0.69815309,0.15863328,-0.69815309,-0.70710678,0.00000000,-0.70710678,0.15863328,-0.98733757,0.12500000,1.00000000
-0.10989390,0.98784951,0.10989390,0.69851509,0.15541345,-0.69851509,-0.70710678,0.00000000,-0.70710678,0.15541345,-0.98784951,0.12500000,1.00000000
-0.10764080,0.98834555,0.10764080,0.69886584,0.15222707,-0.69886584,-0.70710678,-0.00000000,-0.70710678,0.15222707,-0.98834555,0.12500000,1.00000000
-0.10541146,0.98882599,0.10541146,0.69920557,0.14907432,-0.69920557,-0.70710678,0.00000000,-0.70710678,0.14907432,-0.98882599,0.12500000,1.00000000
-0.10320602,0.98929118,0.10320602,0.69953450,0.14595536,-0.69953450,-0.70710678,-0.00000000,-0.70710678,0.14595536,-0.98929118,0.12500000,1.00000000
-0.10102458,0.98974142,0.10102458,0.69985287,0.14287033,-0.69985287,-0.70710678,-0.00000000,-0.70710678,0.14287033,-0.98974142,0.12500000,1.00000000
-0.09886724,0.99017702,0.09886724,0.70016089,0.13981939,-0.70016089,-0.70710678,0.00000000,-0.70710678,0.13981939,-0.99017702,0.12500000,1.00000000
-0.09673409,0.99059832,0.09673409,0.70045879,0.13680267,-0.70045879,-0.70710678,-0.00000000,-0.70710678,0.13680267,-0.99059832,0.12500000,1.00000000
-0.09462524,0.99100561,0.09462524,0.70074679,0.13382030,-0.70074679,-0.70710678,-0.00000000,-0.70710678,0.13382030,-0.99100561,0.12500000,1.00000000
-0.09254078,0.99139922,0.09254078,0.70102511,0.13087242,-0.70102511,-0.70710678,-0.00000000,-0.70710678,0.13087242,-0.99139922,0.12500000,1.00000000
-0.09048077,0.99177944,0.09048077,0.70129397,0.12795914,-0.70129397,-0.70710678,-0.00000000,-0.70710678,0.12795914,-0.99177944,0.12500000,1.00000000
-0.08844531,0.99214659,0.08844531,0.70155358,0.12508056,-0.70155358,-0.70710678,-0.00000000,-0.70710678,0.12508056,-0.99214659,0.12500000,1.00000000
-0.08643447,0.99250096,0.08643447,0.70180416,0.12223680,-0.70180416,-0.70710678,0.00000000,-0.70710678,0.12223680,-0.99250096,0.12500000,1.00000000
-0.08444831,0.99284287,0.08444831,0.70204593,0.11942795,-0.70204593,-0.70710678,0.00000000,-0.70710678,0.11942795,-0.99284287,0.12500000,1.00000000
-0.08248690,0.99317260,0.08248690,0.70227908,0.11665410,-0.70227908,-0.70710678,0.00000000,-0.70710678,0.11665410,-0.99317260,0.12500000,1.00000000
-0.08055030,0.99349046,0.08055030,0.70250384,0.11391533,-0.70250384,-0.70710678,-0.00000000,-0.70710678,0.11391533,-0.99349046,0.12500000,1.00000000
-0.07863856,0.99379674,0.07863856,0.70272041,0.11121171,-0.70272041,-0.70710678,0.00000000,-0.70710678,0.11121171,-0.99379674,0.12500000,1.00000000
-0.07675172,0.99409172,0.07675172,0.70292900,0.10854332,-0.70292900,-0.70710678,0.00000000,-0.70710678,0.10854332,-0.99409172,0.12500000,1.00000000
-0.07488983,0.99437570,0.07488983,0.70312980,0.10591021,-0.70312980,-0.70710678,0.00000000,-0.70710678,0.10591021,-0.99437570,0.12500000,1.00000000
-0.07305293,0.99464895,0.07305293,0.70332302,0.10331244,-0.70332302,-0.70710678,0.00000000,-0.70710678,0.10331244,-0.99464895,0.12500000,1.00000000
-0.07124105,0.99491177,0.07124105,0.70350886,0.10075006,-0.70350886,-0.70710678,0.00000000,-0.70710678,0.10075006,-0.99491177,0.12500000,1.00000000
-0.06945422,0.99516442,0.06945422,0.70368751,0.09822310,-0.70368751,-0.70710678,0.00000000,-0.70710678,0.09822310,-0.99516442,0.12500000,1.00000000
-0.06769246,0.99540718,0.06769246,0.70385917,0.09573160,-0.70385917,-0.70710678,0.00000000,-0.70710678,0.09573160,-0.99540718,0.12500000,1.00000000
-0.06595579,0.99564033,0.06595579,0.70402403,0.09327558,-0.70402403,-0.70710678,-0.00000000,-0.70710678,0.09327558,-0.99564033,0.12500000,1.00000000
-0.06424423,0.99586413,0.06424423,0.70418228,0.09085506,-0.70418228,-0.70710678,-0.00000000,-0.70710678,0.09085506,-0.99586413,0.12500000,1.00000000
-0.06255777,0.99607884,0.06255777,0.70433410,0.08847005,-0.70433410,-0.70710678,0.00000000,-0.70710678,0.08847005,-0.99607884,0.12500000,1.00000000
-0.06089643,0.99628472,0.06089643,0.70447968,0.08612056,-0.70447968,-0.70710678,-0.00000000,-0.70710678,0.08612056,-0.99628472,0.12500000,1.00000000
-0.05926020,0.99648204,0.05926020,0.70461921,0.08380659,-0.70461921,-0.70710678,0.00000000,-0.70710678,0.08380659,-0.99648204,0.12500000,1.00000000
-0.05764908,0.99667104,0.05764908,0.70475285,0.08152811,-0.70475285,-0.70710678,-0.00000000,-0.70710678,0.08152811,-0.99667104,0.12500000,1.00000000
-0.05606305,0.99685198,0.05606305,0.70488079,0.07928512,-0.70488079,-0.70710678,-0.00000000,-0.70710678,0.07928512,-0.99685198,0.12500000,1.00000000
-0.05450209,0.99702510,0.05450209,0.70500321,0.07707760,-0.70500321,-0.70710678,0.00000000,-0.70710678,0.07707760,-0.99702510,0.12500000,1.00000000
-0.05296619,0.99719064,0.05296619,0.70512026,0.07490551,-0.70512026,-0.70710678,-0.00000000,-0.70710678,0.07490551,-0.99719064,0.12500000,1.00000000
-0.05145532,0.99734884,0.05145532,0.70523213,0.07276881,-0.70523213,-0.70710678,-0.00000000,-0.70710678,0.07276881,-0.99734884,0.12500000,1.00000000
-0.04996944,0.99749993,0.04996944,0.70533896,0.07066746,-0.70533896,-0.70710678,-0.00000000,-0.70710678,0.07066746,-0.99749993,0.12500000,1.00000000
-0.04850852,0.99764415,0.04850852,0.70544094,0.06860141,-0.70544094,-0.70710678,-0.00000000,-0.70710678,0.06860141,-0.99764415,0.12500000,1.00000000
-0.04707252,0.99778172,0.04707252,0.70553822,0.06657059,-0.70553822,-0.70710678,-0.00000000,-0.70710678,0.06657059,-0.99778172,0.12500000,1.00000000
-0.04566139,0.99791286,0.04566139,0.70563095,0.06457495,-0.70563095,-0.70710678,0.00000000,-0.70710678,0.06457495,-0.99791286,0.12500000,1.00000000
-0.04427508,0.99803779,0.04427508,0.70571929,0.06261441,-0.70571929,-0.70710678,0.00000000,-0.70710678,0.06261441,-0.99803779,0.12500000,1.00000000
-0.04291353,0.99815673,0.04291353,0.70580339,0.06068889,-0.70580339,-0.70710678,-0.00000000,-0.70710678,0.06068889,-0.99815673,0.12500000,1.00000000
-0.04157668,0.99826988,0.04157668,0.70588340,0.05879830,-0.70588340,-0.70710678,-0.00000000,-0.70710678,0.05879830,-0.99826988,0.12500000,1.00000000
-0.04026447,0.99837746,0.04026447,0.70595947,0.05694255,-0.70595947,-0.70710678,0.00000000,-0.70710678,0.05694255,-0.99837746,0.12500000,1.00000000
-0.03897682,0.99847965,0.03897682,0.70603173,0.05512154,-0.70603173,-0.70710678,-0.00000000,-0.70710678,0.05512154,-0.99847965,0.12500000,1.00000000
-0.03771366,0.99857667,0.03771366,0.70610033,0.05333516,-0.70610033,-0.70710678,0.00000000,-0.70710678,0.05333516,-0.99857667,0.12500000,1.00000000
-0.03647490,0.99866870,0.03647490,0.70616541,0.05158330,-0.70616541,-0.70710678,-0.00000000,-0.70710678,0.05158330,-0.99866870,0.12500000,1.00000000
-0.03526047,0.99875593,0.03526047,0.70622709,0.04986583,-0.70622709,-0.70710678,0.00000000,-0.70710678,0.04986583,-0.99875593,0.12500000,1.00000000
-0.03407026,0.99883854,0.03407026,0.70628551,0.04818263,-0.70628551,-0.70710678,-0.00000000,-0.70710678,0.04818263,-0.99883854,0.12500000,1.00000000
-0.03290419,0.99891673,0.03290419,0.70634079,0.04653356,-0.70634079,-0.70710678,0.00000000,-0.70710678,0.04653356,-0.99891673,0.12500000,1.00000000
-0.03176216,0.99899066,0.03176216,0.70639307,0.04491847,-0.70639307,-0.70710678,-0.00000000,-0.70710678,0.04491847,-0.99899066,0.12500000,1.00000000
-0.03064405,0.99906050,0.03064405,0.70644246,0.04333723,-0.70644246,-0.70710678,-0.00000000,-0.70710678,0.04333723,-0.99906050,0.12500000,1.00000000
-0.02954975,0.99912643,0.02954975,0.70648907,0.04178966,-0.70648907,-0.70710678,-0.00000000,-0.70710678,0.04178966,-0.99912643,0.12500000,1.00000000
-0.02847916,0.99918861,0.02847916,0.70653304,0.04027562,-0.70653304,-0.70710678,-0.00000000,-0.70710678,0.04027562,-0.99918861,0.12500000,1.00000000
-0.02743215,0.99924719,0.02743215,0.70657447,0.03879492,-0.70657447,-0.70710678,0.00000000,-0.70710678,0.03879492,-0.99924719,0.12500000,1.00000000
-0.02640859,0.99930234,0.02640859,0.70661346,0.03734739,-0.70661346,-0.70710678,0.00000000,-0.70710678,0.03734739,-0.99930234,0.12500000,1.00000000
-0.02540836,0.99935421,0.02540836,0.70665014,0.03593285,-0.70665014,-0.70710678,0.00000000,-0.70710678,0.03593285,-0.99935421,0.12500000,1.00000000
-0.02443132,0.99940293,0.02443132,0.70668459,0.03455110,-0.70668459,-0.70710678,0.00000000,-0.70710678,0.03455110,-0.99940293,0.12500000,1.00000000
-0.02347733,0.99944866,0.02347733,0.70671693,0.03320195,-0.70671693,-0.70710678,0.00000000,-0.70710678,0.03320195,-0.99944866,0.12500000,1.00000000
-0.02254624,0.99949154,0.02254624,0.70674724,0.03188519,-0.70674724,-0.70710678,-0.00000000,-0.70710678,0.03188519,-0.99949154,0.12500000,1.00000000
-0.02163790,0.99953169,0.02163790,0.70677564,0.03060061,-0.70677564,-0.70710678,0.00000000,-0.70710678,0.03060061,-0.99953169,0.12500000,1.00000000
-0.02075216,0.99956926,0.02075216,0.70680220,0.02934799,-0.70680220,-0.70710678,-0.00000000,-0.70710678,0.02934799,-0.99956926,0.12500000,1.00000000
-0.01988886,0.99960436,0.01988886,0.70682702,0.02812709,-0.70682702,-0.70710678,0.00000000,-0.70710678,0.02812709,-0.99960436,0.12500000,1.00000000
-0.01904783,0.99963711,0.01904783,0.70685018,0.02693770,-0.70685018,-0.70710678,-0.00000000,-0.70710678,0.02693770,-0.99963711,0.12500000,1.00000000
-0.01822890,0.99966765,0.01822890,0.70687178,0.02577956,-0.70687178,-0.70710678,0.00000000,-0.70710678,0.02577956,-0.99966765,0.12500000,1.00000000
-0.01743190,0.99969608,0.01743190,0.70689188,0.02465243,-0.70689188,-0.70710678,0.00000000,-0.70710678,0.02465243,-0.99969608,0.12500000,1.00000000
-0.01665665,0.99972252,0.01665665,0.70691057,0.02355606,-0.70691057,-0.70710678,0.00000000,-0.70710678,0.02355606,-0.99972252,0.12500000,1.00000000
-0.01590296,0.99974706,0.01590296,0.70692793,0.02249018,-0.70692793,-0.70710678,0.00000000,-0.70710678,0.02249018,-0.99974706,0.12500000,1.00000000
-0.01517064,0.99976983,0.01517064,0.70694402,0.02145452,-0.70694402,-0.70710678,-0.00000000,-0.70710678,0.02145452,-0.99976983,0.12500000,1.00000000
-0.01445949,0.99979090,0.01445949,0.70695893,0.02044881,-0.70695893,-0.70710678,0.00000000,-0.70710678,0.02044881,-0.99979090,0.12500000,1.00000000
-0.01376932,0.99981039,0.01376932,0.70697271,0.01947276,-0.70697271,-0.70710678,-0.00000000,-0.70710678,0.01947276,-0.99981039,0.12500000,1.00000000
-0.01309991,0.99982838,0.01309991,0.70698543,0.01852608,-0.70698543,-0.70710678,-0.00000000,-0.70710678,0.01852608,-0.99982838,0.12500000,1.00000000
-0.01245107,0.99984496,0.01245107,0.70699715,0.01760847,-0.70699715,-0.70710678,0.00000000,-0.70710678,0.01760847,-0.99984496,0.12500000,1.00000000
-0.01182257,0.99986022,0.01182257,0.70700794,0.01671964,-0.70700794,-0.70710678,0.00000000,-0.70710678,0.01671964,-0.99986022,0.12500000,1.00000000
-0.01121419,0.99987423,0.01121419,0.70701785,0.01585925,-0.70701785,-0.70710678,0.00000000,-0.70710678,0.01585925,-0.99987423,0.12500000,1.00000000
-0.01062570,0.99988709,0.01062570,0.70702694,0.01502701,-0.70702694,-0.70710678,0.00000000,-0.70710678,0.01502701,-0.99988709,0.12500000,1.00000000
-0.01005688,0.99989885,0.01005688,0.70703526,0.01422257,-0.70703526,-0.70710678,0.00000000,-0.70710678,0.01422257,-0.99989885,0.12500000,1.00000000
-0.00950748,0.99990960,0.00950748,0.70704286,0.01344561,-0.70704286,-0.70710678,-0.00000000,-0.70710678,0.01344561,-0.99990960,0.12500000,1.00000000
-0.00897727,0.99991941,0.00897727,0.70704979,0.01269578,-0.70704979,-0.70710678,0.00000000,-0.70710678,0.01269578,-0.99991941,0.12500000,1.00000000
-0.00846600,0.99992832,0.00846600,0.70705610,0.01197274,-0.70705610,-0.70710678,0.00000000,-0.70710678,0.01197274,-0.99992832,0.12500000,1.00000000
-0.00797342,0.99993642,0.00797342,0.70706183,0.01127612,-0.70706183,-0.70710678,0.00000000,-0.70710678,0.01127612,-0.99993642,0.12500000,1.00000000
-0.00749926,0.99994376,0.00749926,0.70706701,0.01060556,-0.70706701,-0.70710678,-0.00000000,-0.70710678,0.01060556,-0.99994376,0.12500000,1.00000000
-0.00704327,0.99995039,0.00704327,0.70707170,0.00996069,-0.70707170,-0.70710678,0.00000000,-0.70710678,0.00996069,-0.99995039,0.12500000,1.00000000
-0.00660518,0.99995637,0.00660518,0.70707593,0.00934114,-0.70707593,-0.70710678,0.00000000,-0.70710678,0.00934114,-0.99995637,0.12500000,1.00000000
-0.00618472,0.99996175,0.00618472,0.70707973,0.00874651,-0.70707973,-0.70710678,-0.00000000,-0.70710678,0.00874651,-0.99996175,0.12500000,1.00000000
-0.00578160,0.99996657,0.00578160,0.70708314,0.00817642,-0.70708314,-0.70710678,-0.00000000,-0.70710678,0.00817642,-0.99996657,0.12500000,1.00000000
-0.00539554,0.99997089,0.00539554,0.70708620,0.00763045,-0.70708620,-0.70710678,0.00000000,-0.70710678,0.00763045,-0.99997089,0.12500000,1.00000000
-0.00502626,0.99997474,0.00502626,0.70708892,0.00710820,-0.70708892,-0.70710678,0.00000000,-0.70710678,0.00710820,-0.99997474,0.12500000,1.00000000
-0.00467345,0.99997816,0.00467345,0.70709134,0.00660926,-0.70709134,-0.70710678,-0.00000000,-0.70710678,0.00660926,-0.99997816,0.12500000,1.00000000
-0.00433683,0.99998119,0.00433683,0.70709348,0.00613320,-0.70709348,-0.70710678,-0.00000000,-0.70710678,0.00613320,-0.99998119,0.12500000,1.00000000
-0.00401607,0.99998387,0.00401607,0.70709538,0.00567958,-0.70709538,-0.70710678,-0.00000000,-0.70710678,0.00567958,-0.99998387,0.12500000,1.00000000
-0.00371088,0.99998623,0.00371088,0.70709704,0.00524798,-0.70709704,-0.70710678,-0.00000000,-0.70710678,0.00524798,-0.99998623,0.12500000,1.00000000
-0.00342093,0.99998830,0.00342093,0.70709851,0.00483793,-0.70709851,-0.70710678,-0.00000000,-0.70710678,0.00483793,-0.99998830,0.12500000,1.00000000
-0.00314591,0.99999010,0.00314591,0.70709978,0.00444899,-0.70709978,-0.70710678,-0.00000000,-0.70710678,0.00444899,-0.99999010,0.12500000,1.00000000
-0.00288548,0.99999167,0.00288548,0.70710089,0.00408069,-0.70710089,-0.70710678,0.00000000,-0.70710678,0.00408069,-0.99999167,0.12500000,1.00000000
-0.00263932,0.99999303,0.00263932,0.70710186,0.00373256,-0.70710186,-0.70710678,0.00000000,-0.70710678,0.00373256,-0.99999303,0.12500000,1.00000000
-0.00240707,0.99999421,0.00240707,0.70710268,0.00340412,-0.70710268,-0.70710678,-0.00000000,-0.70710678,0.00340412,-0.99999421,0.12500000,1.00000000
-0.00218841,0.99999521,0.00218841,0.70710339,0.00309488,-0.70710339,-0.70710678,0.00000000,-0.70710678,0.00309488,-0.99999521,0.12500000,1.00000000
-0.00198298,0.99999607,0.00198298,0.70710400,0.00280436,-0.70710400,-0.70710678,0.00000000,-0.70710678,0.00280436,-0.99999607,0.12500000,1.00000000
-0.00179042,0.99999679,0.00179042,0.70710451,0.00253204,-0.70710451,-0.70710678,-0.00000000,-0.70710678,0.00253204,-0.99999679,0.12500000,1.00000000
-0.00161038,0.99999741,0.00161038,0.70710495,0.00227742,-0.70710495,-0.70710678,-0.00000000,-0.70710678,0.00227742,-0.99999741,0.12500000,1.00000000
-0.00144248,0.99999792,0.00144248,0.70710531,0.00203997,-0.70710531,-0.70710678,0.00000000,-0.70710678,0.00203997,-0.99999792,0.12500000,1.00000000
-0.00128635,0.99999835,0.00128635,0.70710561,0.00181918,-0.70710561,-0.70710678,-0.00000000,-0.70710678,0.00181918,-0.99999835,0.12500000,1.00000000
-0.00114162,0.99999870,0.00114162,0.70710586,0.00161450,-0.70710586,-0.70710678,0.00000000,-0.70710678,0.00161450,-0.99999870,0.12500000,1.00000000
-0.00100791,0.99999898,0.00100791,0.70710606,0.00142539,-0.70710606,-0.70710678,-0.00000000,-0.70710678,0.00142539,-0.99999898,0.12500000,1.00000000
-0.00088481,0.99999922,0.00088481,0.70710623,0.00125131,-0.70710623,-0.70710678,0.00000000,-0.70710678,0.00125131,-0.99999922,0.12500000,1.00000000
-0.00077194,0.99999940,0.00077194,0.70710636,0.00109169,-0.70710636,-0.70710678,0.00000000,-0.70710678,0.00109169,-0.99999940,0.12500000,1.00000000
-0.00066889,0.99999955,0.00066889,0.70710646,0.00094596,-0.70710646,-0.70710678,0.00000000,-0.70710678,0.00094596,-0.99999955,0.12500000,1.00000000
-0.00057526,0.99999967,0.00057526,0.70710655,0.00081354,-0.70710655,-0.70710678,-0.00000000,-0.70710678,0.00081354,-0.99999967,0.12500000,1.00000000
-0.00049064,0.99999976,0.00049064,0.70710661,0.00069387,-0.70710661,-0.70710678,-0.00000000,-0.70710678,0.00069387,-0.99999976,0.12500000,1.00000000
-0.00041460,0.99999983,0.00041460,0.70710666,0.00058633,-0.70710666,-0.70710678,-0.00000000,-0.70710678,0.00058633,-0.99999983,0.12500000,1.00000000
-0.00034671,0.99999988,0.00034671,0.70710670,0.00049033,-0.70710670,-0.70710678,-0.00000000,-0.70710678,0.00049033,-0.99999988,0.12500000,1.00000000
-0.00028656,0.99999992,0.00028656,0.70710672,0.00040526,-0.70710672,-0.70710678,0.00000000,-0.70710678,0.00040526,-0.99999992,0.12500000,1.00000000
-0.00023370,0.99999995,0.00023370,0.70710674,0.00033050,-0.70710674,-0.70710678,-0.00000000,-0.70710678,0.00033050,-0.99999995,0.12500000,1.00000000
-0.00018769,0.99999996,0.00018769,0.70710676,0.00026543,-0.70710676,-0.70710678,-0.00000000,-0.70710678,0.00026543,-0.99999996,0.12500000,1.00000000
-0.00014807,0.99999998,0.00014807,0.70710677,0.00020940,-0.70710677,-0.70710678,-0.00000000,-0.70710678,0.00020940,-0.99999998,0.12500000,1.00000000
-0.00011440,0.99999999,0.00011440,0.70710677,0.00016179,-0.70710677,-0.70710678,0.00000000,-0.70710678,0.00016179,-0.99999999,0.12500000,1.00000000
-0.00008621,0.99999999,0.00008621,0.70710678,0.00012192,-0.70710678,-0.70710678,-0.00000000,-0.70710678,0.00012192,-0.99999999,0.12500000,1.00000000
-0.00006304,1.00000000,0.00006304,0.70710678,0.00008915,-0.70710678,-0.70710678,-0.00000000,-0.70710678,0.00008915,-1.00000000,0.12500000,1.00000000
-0.00004441,1.00000000,0.00004441,0.70710678,0.00006281,-0.70710678,-0.70710678,0.00000000,-0.70710678,0.00006281,-1.00000000,0.12500000,1.00000000
-0.00002984,1.00000000,0.00002984,0.70710678,0.00004220,-0.70710678,-0.70710678,-0.00000000,-0.70710678,0.00004220,-1.00000000,0.12500000,1.00000000
-0.00001885,1.00000000,0.00001885,0.70710678,0.00002666,-0.70710678,-0.70710678,-0.00000000,-0.70710678,0.00002666,-1.00000000,0.12500000,1.00000000
-0.00001094,1.00000000,0.00001094,0.70710678,0.00001547,-0.70710678,-0.70710678,0.00000000,-0.70710678,0.00001547,-1.00000000,0.12500000,1.00000000
-0.00000562,1.00000000,0.00000562,0.70710678,0.00000795,-0.70710678,-0.70710678,0.00000000,-0.70710678,0.00000795,-1.00000000,0.12500000,1.00000000
-0.00000238,1.00000000,0.00000238,0.70710678,0.00000336,-0.70710678,-0.70710678,0.00000000,-0.70710678,0.00000336,-1.00000000,0.12500000,1.00000000
-0.00000071,1.00000000,0.00000071,0.70710678,0.00000100,-0.70710678,-0.70710678,0.00000000,-0.70710678,0.00000100,-1.00000000,0.12500000,1.00000000
-0.00000009,1.00000000,0.00000009,0.70710678,0.00000013,-0.70710678,-0.70710678,0.00000000,-0.70710678,0.00000013,-1.00000000,0.12500000,1.00000000
0.00000000,1.00000000,0.00000000,0.70710678,0.00000000,-0.70710678,-0.70710678,0.00000000,-0.70710678,-0.00000000,-1.00000000,0.12500000,1.00000000
0.00000000,1.00000000,0.00000000,0.70710678,0.00000000,-0.70710678,-0.70710678,0.00000000,-0.70710678,0.00000000,-1.00000000,0.12499901,1.00000000
0.00000000,1.00000000,0.00000000,0.70710678,0.00000000,-0.70710678,-0.70710678,0.00000000,-0.70710678,0.00000000,-1.00000000,0.12499224,1.00000000
0.00000000,1.00000000,0.00000000,0.70710678,0.00000000,-0.70710678,-0.70710678,0.00000000,-0.70710678,0.00000000,-1.00000000,0.12497420,1.00000000
0.00000000,1.00000000,0.00000000,0.70710678,0.00000000,-0.70710678,-0.70710678,0.00000000,-0.70710678,0.00000000,-1.00000000,0.12493978,1.00000000
0.00000000,1.00000000,0.00000000,0.70710678,0.00000000,-0.70710678,-0.70710678,0.00000000,-0.70710678,0.00000000,-1.00000000,0.12488419,1.00000000
0.00000000,1.00000000,0.00000000,0.70710678,0.00000000,-0.70710678,-0.70710678,0.00000000,-0.70710678,0.00000000,-1.00000000,0.12480297,1.00000000
0.00000000,1.00000000,0.00000000,0.70710678,0.00000000,-0.70710678,-0.70710678,0.00000000,-0.70710678,0.00000000,-1.00000000,0.12469201,1.00000000
0.00000000,1.00000000,0.00000000,0.70710678,0.00000000,-0.70710678,-0.70710678,0.00000000,-0.70710678,0.00000000,-1.00000000,0.12454747,1.00000000
0.00000000,1.00000000,0.00000000,0.70710678,0.00000000,-0.70710678,-0.70710678,0.00000000,-0.70710678,0.00000000,-1.00000000,0.12436587,1.00000000
0.00000000,1.00000000,0.00000000,0.70710678,0.00000000,-0.70710678,-0.70710678,0.00000000,-0.70710678,0.00000000,-1.00000000,0.12414400,1.00000000
0.00000000,1.00000000,0.00000000,0.70710678,0.00000000,-0.70710678,-0.70710678,0.00000000,-0.70710678,0.00000000,-1.00000000,0.12387895,1.00000000
0.00000000,1.00000000,0.00000000,0.70710678,0.00000000,-0.70710678,-0.70710678,0.00000000,-0.70710678,0.00000000,-1.00000000,0.12356811,1.00000000
0.00000000,1.00000000,0.00000000,0.70710678,0.00000000,-0.70710678,-0.70710678,0.00000000,-0.70710678,0.00000000,-1.00000000,0.12320914,1.00000000
0.00000000,1.00000000,0.00000000,0.70710678,0.00000000,-0.70710678,-0.70710678,0.00000000,-0.70710678,0.00000000,-1.00000000,0.12279997,1.00000000
0.00000000,1.00000000,0.00000000,0.70710678,0.00000000,-0.70710678,-0.70710678,0.00000000,-0.70710678,0.00000000,-1.00000000,0.12233881,1.00000000
0.00000000,1.00000000,0.00000000,0.70710678,0.00000000,-0.70710678,-0.70710678,0.00000000,-0.70710678,0.00000000,-1.00000000,0.12182413,1.00000000
0.00000000,1.00000000,0.00000000,0.70710678,0.00000000,-0.70710678,-0.70710678,0.00000000,-0.70710678,0.00000000,-1.00000000,0.12125462,1.00000000
0.00000000,1.00000000,0.00000000,0.70710678,0.00000000,-0.70710678,-0.70710678,0.00000000,-0.70710678,0.00000000,-1.00000000,0.12062927,1.00000000
0.00000000,1.00000000,0.00000000,0.70710678,0.00000000,-0.70710678,-0.70710678,0.00000000,-0.70710678,0.00000000,-1.00000000,0.11994725,1.00000000
0.00000000,1.00000000,0.00000000,0.70710678,0.00000000,-0.70710678,-0.70710678,0.00000000,-0.70710678,0.00000000,-1.00000000,0.11920800,1.00000000
0.00000000,1.00000000,0.00000000,0.70710678,0.00000000,-0.70710678,-0.70710678,0.00000000,-0.70710678,0.00000000,-1.00000000,0.11841117,1.00000000
0.00000000,1.00000000,0.00000000,0.70710678,0.00000000,-0.70710678,-0.70710678,0.00000000,-0.70710678,0.00000000,-1.00000000,0.11755662,1.00000000
0.00000000,1.00000000,0.00000000,0.70710678,0.00000000,-0.70710678,-0.70710678,0.00000000,-0.70710678,0.00000000,-1.00000000,0.11664443,1.00000000
0.00000000,1.00000000,0.00000000,0.70710678,0.00000000,-0.70710678,-0.70710678,0.00000000,-0.70710678,0.00000000,-1.00000000,0.11567488,1.00000000
0.00000000,1.00000000,0.00000000,0.70710678,0.00000000,-0.70710678,-0.70710678,0.00000000,-0.70710678,0.00000000,-1.00000000,0.11464844,1.00000000
0.00000000,1.00000000,0.00000000,0.70710678,0.00000000,-0.70710678,-0.70710678,0.00000000,-0.70710678,0.00000000,-1.00000000,0.11356576,1.00000000
0.00000000,1.00000000,0.00000000,0.70710678,0.00000000,-0.70710678,-0.70710678,0.00000000,-0.70710678,0.00000000,-1.00000000,0.11242768,1.00000000
0.00000000,1.00000000,0.00000000,0.70710678,0.00000000,-0.70710678,-0.70710678,0.00000000,-0.70710678,0.00000000,-1.00000000,0.11123522,1.00000000
0.00000000,1.00000000,0.00000000,0.70710678,0.00000000,-0.70710678,-0.70710678,0.00000000,-0.70710678,0.00000000,-1.00000000,0.10998955,1.00000000
0.00000000,1.00000000,0.00000000,0.70710678,0.00000000,-0.70710678,-0.70710678,0.00000000,-0.70710678,0.00000000,-1.00000000,0.10869200,1.00000000
0.00000000,1.00000000,0.00000000,0.70710678,0.00000000,-0.70710678,-0.70710678,0.00000000,-0.70710678,0.00000000,-1.00000000,0.10734407,1.00000000
0.00000000,1.00000000,0.00000000,0.70710678,0.00000000,-0.70710678,-0.70710678,0.00000000,-0.70710678,0.00000000,-1.00000000,0.10594737,1.00000000
0.00000000,1.00000000,0.00000000,0.70710678,0.00000000,-0.70710678,-0.70710678,0.00000000,-0.70710678,0.00000000,-1.00000000,0.10450369,1.00000000
0.00000000,1.00000000,0.00000000,0.70710678,0.00000000,-0.70710678,-0.70710678,0.00000000,-0.70710678,0.00000000,-1.00000000,0.10301491,1.00000000
0.00000000,1.00000000,0.00000000,0.70710678,0.00000000,-0.70710678,-0.70710678,0.00000000,-0.70710678,0.00000000,-1.00000000,0.10148306,1.00000000
0.00000000,1.00000000,0.00000000,0.70710678,0.00000000,-0.70710678,-0.70710678,0.00000000,-0.70710678,0.00000000,-1.00000000,0.09991027,1.00000000
0.00000000,1.00000000,0.00000000,0.70710678,0.00000000,-0.70710678,-0.70710678,0.00000000,-0.70710678,0.00000000,-1.00000000,0.09829878,1.00000000
0.00000000,1.00000000,0.00000000,0.70710678,0.00000000,-0.70710678,-0.70710678,0.00000000,-0.70710678,0.00000000,-1.00000000,0.09665093,1.00000000
0.00000000,1.00000000,0.00000000,0.70710678,0.00000000,-0.70710678,-0.70710678,0.00000000,-0.70710678,0.00000000,-1.00000000,0.09496916,1.00000000
0.00000000,1.00000000,0.00000000,0.70710678,0.00000000,-0.70710678,-0.70710678,0.00000000,-0.70710678,0.00000000,-1.00000000,0.09325600,1.00000000
0.00000000,1.00000000,0.00000000,0.70710678,0.00000000,-0.70710678,-0.70710678,0.00000000,-0.70710678,0.00000000,-1.00000000,0.09151404,1.00000000
0.00000000,1.00000000,0.00000000,0.70710678,0.00000000,-0.70710678,-0.70710678,0.00000000,-0.70710678,0.00000000,-1.00000000,0.08974597,1.00000000
0.00000000,1.00000000,0.00000000,0.70710678,0.00000000,-0.70710678,-0.70710678,0.00000000,-0.70710678,0.00000000,-1.00000000,0.08795451,1.00000000
0.00000000,1.00000000,0.00000000,0.70710678,0.00000000,-0.70710678,-0.70710678,0.00000000,-0.70710678,0.00000000,-1.00000000,0.08614247,1.00000000
0.00000000,1.00000000,0.00000000,0.70710678,0.00000000,-0.70710678,-0.70710678,0.00000000,-0.70710678,0.00000000,-1.00000000,0.08431269,1.00000000
0.00000000,1.00000000,0.00000000,0.70710678,0.00000000,-0.70710678,-0.70710678,0.00000000,-0.70710678,0.00000000,-1.00000000,0.08246806,1.00000000
0.00000000,1.00000000,0.00000000,0.70710678,0.00000000,-0.70710678,-0.70710678,0.00000000,-0.70710678,0.00000000,-1.00000000,0.08061151,1.00000000
0.00000000,1.00000000,0.00000000,0.70710678,0.00000000,-0.70710678,-0.70710678,0.00000000,-0.70710678,0.00000000,-1.00000000,0.07874600,1.00000000
0.00000000,1.00000000,0.00000000,0.70710678,0.00000000,-0.70710678,-0.70710678,0.00000000,-0.70710678,0.00000000,-1.00000000,0.07687450,1.00000000
0.00000000,1.00000000,0.00000000,0.70710678,0.00000000,-0.70710678,-0.70710678,0.00000000,-0.70710678,0.00000000,-1.00000000,0.07500000,1.00000000
0.00000000,1.00000000,0.00000000,0.70710678,0.00000000,-0.70710678,-0.70710678,0.00000000,-0.70710678,0.00000000,-1.00000000,0.07312550,1.00000000
0.00000000,1.00000000,0.00000000,0.70710678,0.00000000,-0.70710678,-0.70710678,0.00000000,-0.70710678,0.00000000,-1.00000000,0.07125400,1.00000000
0.00000000,1.00000000,0.00000000,0.70710678,0.00000000,-0.70710678,-0.70710678,0.00000000,-0.70710678,0.00000000,-1.00000000,0.06938849,1.00000000
0.00000000,1.00000000,0.00000000,0.70710678,0.00000000,-0.70710678,-0.70710678,0.00000000,-0.70710678,0.00000000,-1.00000000,0.06753194,1.00000000
0.00000000,1.00000000,0.00000000,0.70710678,0.00000000,-0.70710678,-0.70710678,0.00000000,-0.70710678,0.00000000,-1.00000000,0.06568731,1.00000000
0.00000000,1.00000000,0.00000000,0.70710678,0.00000000,-0.70710678,-0.70710678,0.00000000,-0.70710678,0.00000000,-1.00000000,0.06385753,1.00000000
0.00000000,1.00000000,0.00000000,0.70710678,0.00000000,-0.70710678,-0.70710678,0.00000000,-0.70710678,0.00000000,-1.00000000,0.06204549,1.00000000
0.00000000,1.00000000,0.00000000,0.70710678,0.00000000,-0.70710678,-0.70710678,0.00000000,-0.70710678,0.00000000,-1.00000000,0.06025403,1.00000000
0.00000000,1.00000000,0.00000000,0.70710678,0.00000000,-0.70710678,-0.70710678,0.00000000,-0.70710678,0.00000000,-1.00000000,0.05848596,1.00000000
0.00000000,1.00000000,0.00000000,0.70710678,0.00000000,-0.70710678,-0.70710678,0.00000000,-0.70710678,0.00000000,-1.00000000,0.05674400,1.00000000
0.00000000,1.00000000,0.00000000,0.70710678,0.00000000,-0.70710678,-0.70710678,0.00000000,-0.70710678,0.00000000,-1.00000000,0.05503084,1.00000000
0.00000000,1.00000000,0.00000000,0.70710678,0.00000000,-0.70710678,-0.70710678,0.00000000,-0.70710678,0.00000000,-1.00000000,0.05334907,1.00000000
0.00000000,1.00000000,0.00000000,0.70710678,0.00000000,-0.70710678,-0.70710678,0.00000000,-0.70710678,0.00000000,-1.00000000,0.05170122,1.00000000
0.00000000,1.00000000,0.00000000,0.70710678,0.00000000,-0.70710678,-0.70710678,0.00000000,-0.70710678,0.00000000,-1.00000000,0.05008973,1.00000000
0.00000000,1.00000000,0.00000000,0.70710678,0.00000000,-0.70710678,-0.70710678,0.00000000,-0.70710678,0.00000000,-1.00000000,0.04851694,1.00000000
0.00000000,1.00000000,0.00000000,0.70710678,0.00000000,-0.70710678,-0.70710678,0.00000000,-0.70710678,0.00000000,-1.00000000,0.04698509,1.00000000
0.00000000,1.00000000,0.00000000,0.70710678,0.00000000,-0.70710678,-0.70710678,0.00000000,-0.70710678,0.00000000,-1.00000000,0.04549631,1.00000000
0.00000000,1.00000000,0.00000000,0.70710678,0.00000000,-0.70710678,-0.70710678,0.00000000,-0.70710678,0.00000000,-1.00000000,0.04405263,1.00000000
0.00000000,1.00000000,0.00000000,0.70710678,0.00000000,-0.70710678,-0.70710678,0.00000000,-0.70710678,0.00000000,-1.00000000,0.04265593,1.00000000
0.00000000,1.00000000,0.00000000,0.70710678,0.00000000,-0.70710678,-0.70710678,0.00000000,-0.70710678,0.00000000,-1.00000000,0.04130800,1.00000000
0.00000000,1.00000000,0.00000000,0.70710678,0.00000000,-0.70710678,-0.70710678,0.00000000,-0.70710678,0.00000000,-1.00000000,0.04001045,1.00000000
0.00000000,1.00000000,0.00000000,0.70710678,0.00000000,-0.70710678,-0.70710678,0.00000000,-0.70710678,0.00000000,-1.00000000,0.03876478,1.00000000
0.00000000,1.00000000,0.00000000,0.70710678,0.00000000,-0.70710678,-0.70710678,0.00000000,-0.70710678,0.00000000,-1.00000000,0.03757232,1.00000000
0.00000000,1.00000000,0.00000000,0.70710678,0.00000000,-0.70710678,-0.70710678,0.00000000,-0.70710678,0.00000000,-1.00000000,0.03643424,1.00000000
0.00000000,1.00000000,0.00000000,0.70710678,0.00000000,-0.70710678,-0.70710678,0.00000000,-0.70710678,0.00000000,-1.00000000,0.03535156,1.00000000
0.00000000,1.00000000,0.00000000,0.70710678,0.00000000,-0.70710678,-0.70710678,0.00000000,-0.70710678,0.00000000,-1.00000000,0.03432512,1.00000000
0.00000000,1.00000000,0.00000000,0.70710678,0.00000000,-0.70710678,-0.70710678,0.00000000,-0.70710678,0.00000000,-1.00000000,0.03335557,1.00000000
0.00000000,1.00000000,0.00000000,0.70710678,0.00000000,-0.70710678,-0.70710678,0.00000000,-0.70710678,0.00000000,-1.00000000,0.03244338,1.00000000
0.00000000,1.00000000,0.00000000,0.70710678,0.00000000,-0.70710678,-0.70710678,0.00000000,-0.70710678,0.00000000,-1.00000000,0.03158883,1.00000000
0.00000000,1.00000000,0.00000000,0.70710678,0.00000000,-0.70710678,-0.70710678,0.00000000,-0.70710678,0.00000000,-1.00000000,0.03079200,1.00000000
0.00000000,1.00000000,0.00000000,0.70710678,0.00000000,-0.70710678,-0.70710678,0.00000000,-0.70710678,0.00000000,-1.00000000,0.03005275,1.00000000
0.00000000,1.00000000,0.00000000,0.70710678,0.00000000,-0.70710678,-0.70710678,0.00000000,-0.70710678,0.00000000,-1.00000000,0.02937073,1.00000000
0.00000000,1.00000000,0.00000000,0.70710678,0.00000000,-0.70710678,-0.70710678,0.00000000,-0.70710678,0.00000000,-1.00000000,0.02874538,1.00000000
0.00000000,1.00000000,0.00000000,0.70710678,0.00000000,-0.70710678,-0.70710678,0.00000000,-0.70710678,0.00000000,-1.00000000,0.02817587,1.00000000
0.00000000,1.00000000,0.00000000,0.70710678,0.00000000,-0.70710678,-0.70710678,0.00000000,-0.70710678,0.00000000,-1.00000000,0.02766119,1.00000000
0.00000000,1.00000000,0.00000000,0.70710678,0.00000000,-0.70710678,-0.70710678,0.00000000,-0.70710678,0.00000000,-1.00000000,0.02720003,1.00000000
0.00000000,1.00000000,0.00000000,0.70710678,0.00000000,-0.70710678,-0.70710678,0.00000000,-0.70710678,0.00000000,-1.00000000,0.02679086,1.00000000
0.00000000,1.00000000,0.00000000,0.70710678,0.00000000,-0.70710678,-0.70710678,0.00000000,-0.70710678,0.00000000,-1.00000000,0.02643189,1.00000000
0.00000000,1.00000000,0.00000000,0.70710678,0.00000000,-0.70710678,-0.70710678,0.00000000,-0.70710678,0.00000000,-1.00000000,0.02612105,1.00000000
0.00000000,1.00000000,0.00000000,0.70710678,0.00000000,-0.70710678,-0.70710678,0.00000000,-0.70710678,0.00000000,-1.00000000,0.02585600,1.00000000
0.00000000,1.00000000,0.00000000,0.70710678,0.00000000,-0.70710678,-0.70710678,0.00000000,-0.70710678,0.00000000,-1.00000000,0.02563413,1.00000000
0.00000000,1.00000000,0.00000000,0.70710678,0.00000000,-0.70710678,-0.70710678,0.00000000,-0.70710678,0.00000000,-1.00000000,0.02545253,1.00000000
0.00000000,1.00000000,0.00000000,0.70710678,0.00000000,-0.70710678,-0.70710678,0.00000000,-0.70710678,0.00000000,-1.00000000,0.02530799,1.00000000
0.00000000,1.00000000,0.00000000,0.70710678,0.00000000,-0.70710678,-0.70710678,0.00000000,-0.70710678,0.00000000,-1.00000000,0.02519703,1.00000000
0.00000000,1.00000000,0.00000000,0.70710678,0.00000000,-0.70710678,-0.70710678,0.00000000,-0.70710678,0.00000000,-1.00000000,0.02511581,1.00000000
0.00000000,1.00000000,0.00000000,0.70710678,0.00000000,-0.70710678,-0.70710678,0.00000000,-0.70710678,0.00000000,-1.00000000,0.02506022,1.00000000
0.00000000,1.00000000,0.00000000,0.70710678,0.00000000,-0.70710678,-0.70710678,0.00000000,-0.70710678,0.00000000,-1.00000000,0.02502580,1.00000000
0.00000000,1.00000000,0.00000000,0.70710678,0.00000000,-0.70710678,-0.70710678,0.00000000,-0.70710678,0.00000000,-1.00000000,0.02500776,1.00000000
0.00000000,1.00000000,0.00000000,0.70710678,0.00000000,-0.70710678,-0.70710678,0.00000000,-0.70710678,0.00000000,-1.00000000,0.02500099,1.00000000
0.00000000,1.00000000,0.00000000,0.70710678,0.00000000,-0.70710678,-0.70710678,0.00000000,-0.70710678,0.00000000,-1.00000000,0.02500000,1.00000000
0.00000000,1.00000000,0.00000000,0.70710678,0.00000000,-0.70710678,-0.70710678,0.00000000,-0.70710678,0.00000000,-1.00000000,0.02500000,0.00000000
0.00000000,1.00000000,0.00000000,0.70710678,0.00000000,-0.70710678,-0.70710678,0.00000000,-0.70710678,0.00000000,-1.00000000,0.02500000,0.00000000
0.00000000,1.00000000,0.00000000,0.70710678,0.00000000,-0.70710678,-0.70710678,0.00000000,-0.70710678,0.00000000,-1.00000000,0.02500000,0.00000000
0.00000000,1.00000000,0.00000000,0.70710678,0.00000000,-0.70710678,-0.70710678,0.00000000,-0.70710678,0.00000000,-1.00000000,0.02500000,0.00000000
0.00000000,1.00000000,0.00000000,0.70710678,0.00000000,-0.70710678,-0.70710678,0.00000000,-0.70710678,0.00000000,-1.00000000,0.02500000,0.00000000
0.00000000,1.00000000,0.00000000,0.70710678,0.00000000,-0.70710678,-0.70710678,0.00000000,-0.70710678,0.00000000,-1.00000000,0.02500000,0.00000000
0.00000000,1.00000000,0.00000000,0.70710678,0.00000000,-0.70710678,-0.70710678,0.00000000,-0.70710678,0.00000000,-1.00000000,0.02500000,0.00000000
0.00000000,1.00000000,0.00000000,0.70710678,0.00000000,-0.70710678,-0.70710678,0.00000000,-0.70710678,0.00000000,-1.00000000,0.02500000,0.00000000
0.00000000,1.00000000,0.00000000,0.70710678,0.00000000,-0.70710678,-0.70710678,0.00000000,-0.70710678,0.00000000,-1.00000000,0.02500000,0.00000000
0.00000000,1.00000000,0.00000000,0.70710678,0.00000000,-0.70710678,-0.70710678,0.00000000,-0.70710678,0.00000000,-1.00000000,0.02500000,0.00000000
0.00000000,1.00000000,0.00000000,0.70710678,0.00000000,-0.70710678,-0.70710678,0.00000000,-0.70710678,0.00000000,-1.00000000,0.02500000,0.00000000
0.00000000,1.00000000,0.00000000,0.70710678,0.00000000,-0.70710678,-0.70710678,0.00000000,-0.70710678,0.00000000,-1.00000000,0.02500000,0.00000000
0.00000000,1.00000000,0.00000000,0.70710678,0.00000000,-0.70710678,-0.70710678,0.00000000,-0.70710678,0.00000000,-1.00000000,0.02500000,0.00000000
0.00000000,1.00000000,0.00000000,0.70710678,0.00000000,-0.70710678,-0.70710678,0.00000000,-0.70710678,0.00000000,-1.00000000,0.02500000,0.00000000
0.00000000,1.00000000,0.00000000,0.70710678,0.00000000,-0.70710678,-0.70710678,0.00000000,-0.70710678,0.00000000,-1.00000000,0.02500000,0.00000000
0.00000000,1.00000000,0.00000000,0.70710678,0.00000000,-0.70710678,-0.70710678,0.00000000,-0.70710678,0.00000000,-1.00000000,0.02500000,0.00000000
0.00000000,1.00000000,0.00000000,0.70710678,0.00000000,-0.70710678,-0.70710678,0.00000000,-0.70710678,0.00000000,-1.00000000,0.02500000,0.00000000
0.00000000,1.00000000,0.00000000,0.70710678,0.00000000,-0.70710678,-0.70710678,0.00000000,-0.70710678,0.00000000,-1.00000000,0.02500000,0.00000000
0.00000000,1.00000000,0.00000000,0.70710678,0.00000000,-0.70710678,-0.70710678,0.00000000,-0.70710678,0.00000000,-1.00000000,0.02500000,0.00000000
0.00000000,1.00000000,0.00000000,0.70710678,0.00000000,-0.70710678,-0.70710678,0.00000000,-0.70710678,0.00000000,-1.00000000,0.02500000,0.00000000
0.00000000,1.00000000,0.00000000,0.70710678,0.00000000,-0.70710678,-0.70710678,0.00000000,-0.70710678,0.00000000,-1.00000000,0.02500000,0.00000000
0.00000000,1.00000000,0.00000000,0.70710678,0.00000000,-0.70710678,-0.70710678,0.00000000,-0.70710678,0.00000000,-1.00000000,0.02500000,0.00000000
0.00000000,1.00000000,0.00000000,0.70710678,0.00000000,-0.70710678,-0.70710678,0.00000000,-0.70710678,0.00000000,-1.00000000,0.02500000,0.00000000
0.00000000,1.00000000,0.00000000,0.70710678,0.00000000,-0.70710678,-0.70710678,0.00000000,-0.70710678,0.00000000,-1.00000000,0.02500000,0.00000000
0.00000000,1.00000000,0.00000000,0.70710678,0.00000000,-0.70710678,-0.70710678,0.00000000,-0.70710678,0.00000000,-1.00000000,0.02500000,0.00000000
0.00000000,1.00000000,0.00000000,0.70710678,0.00000000,-0.70710678,-0.70710678,0.00000000,-0.70710678,0.00000000,-1.00000000,0.02500000,0.00000000
0.00000000,1.00000000,0.00000000,0.70710678,0.00000000,-0.70710678,-0.70710678,0.00000000,-0.70710678,0.00000000,-1.00000000,0.02500000,0.00000000
0.00000000,1.00000000,0.00000000,0.70710678,0.00000000,-0.70710678,-0.70710678,0.00000000,-0.70710678,0.00000000,-1.00000000,0.02500000,0.00000000
0.00000000,1.00000000,0.00000000,0.70710678,0.00000000,-0.70710678,-0.70710678,0.00000000,-0.70710678,0.00000000,-1.00000000,0.02500000,0.00000000
0.00000000,1.00000000,0.00000000,0.70710678,0.00000000,-0.70710678,-0.70710678,0.00000000,-0.70710678,0.00000000,-1.00000000,0.02500000,0.00000000
0.00000000,1.00000000,0.00000000,0.70710678,0.00000000,-0.70710678,-0.70710678,0.00000000,-0.70710678,0.00000000,-1.00000000,0.02500000,0.00000000
0.00000000,1.00000000,0.00000000,0.70710678,0.00000000,-0.70710678,-0.70710678,0.00000000,-0.70710678,0.00000000,-1.00000000,0.02500000,0.00000000
0.00000000,1.00000000,0.00000000,0.70710678,0.00000000,-0.70710678,-0.70710678,0.00000000,-0.70710678,0.00000000,-1.00000000,0.02500000,0.00000000
0.00000000,1.00000000,0.00000000,0.70710678,0.00000000,-0.70710678,-0.70710678,0.00000000,-0.70710678,0.00000000,-1.00000000,0.02500000,0.00000000
0.00000000,1.00000000,0.00000000,0.70710678,0.00000000,-0.70710678,-0.70710678,0.00000000,-0.70710678,0.00000000,-1.00000000,0.02500000,0.00000000
0.00000000,1.00000000,0.00000000,0.70710678,0.00000000,-0.70710678,-0.70710678,0.00000000,-0.70710678,0.00000000,-1.00000000,0.02500000,0.00000000
0.00000000,1.00000000,0.00000000,0.70710678,0.00000000,-0.70710678,-0.70710678,0.00000000,-0.70710678,0.00000000,-1.00000000,0.02500000,0.00000000
0.00000000,1.00000000,0.00000000,0.70710678,0.00000000,-0.70710678,-0.70710678,0.00000000,-0.70710678,0.00000000,-1.00000000,0.02500000,0.00000000
0.00000000,1.00000000,0.00000000,0.70710678,0.00000000,-0.70710678,-0.70710678,0.00000000,-0.70710678,0.00000000,-1.00000000,0.02500000,0.00000000
0.00000000,1.00000000,0.00000000,0.70710678,0.00000000,-0.70710678,-0.70710678,0.00000000,-0.70710678,0.00000000,-1.00000000,0.02500000,0.00000000
0.00000000,1.00000000,0.00000000,0.70710678,0.00000000,-0.70710678,-0.70710678,0.00000000,-0.70710678,0.00000000,-1.00000000,0.02500000,0.00000000
0.00000000,1.00000000,0.00000000,0.70710678,0.00000000,-0.70710678,-0.70710678,0.00000000,-0.70710678,0.00000000,-1.00000000,0.02500000,0.00000000
0.00000000,1.00000000,0.00000000,0.70710678,0.00000000,-0.70710678,-0.70710678,0.00000000,-0.70710678,0.00000000,-1.00000000,0.02500000,0.00000000
0.00000000,1.00000000,0.00000000,0.70710678,0.00000000,-0.70710678,-0.70710678,0.00000000,-0.70710678,0.00000000,-1.00000000,0.02500000,0.00000000
0.00000000,1.00000000,0.00000000,0.70710678,0.00000000,-0.70710678,-0.70710678,0.00000000,-0.70710678,0.00000000,-1.00000000,0.02500000,0.00000000
0.00000000,1.00000000,0.00000000,0.70710678,0.00000000,-0.70710678,-0.70710678,0.00000000,-0.70710678,0.00000000,-1.00000000,0.02500000,0.00000000
0.00000000,1.00000000,0.00000000,0.70710678,0.00000000,-0.70710678,-0.70710678,0.00000000,-0.70710678,0.00000000,-1.00000000,0.02500000,0.00000000
0.00000000,1.00000000,0.00000000,0.70710678,0.00000000,-0.70710678,-0.70710678,0.00000000,-0.70710678,0.00000000,-1.00000000,0.02500000,0.00000000
0.00000000,1.00000000,0.00000000,0.70710678,0.00000000,-0.70710678,-0.70710678,0.00000000,-0.70710678,0.00000000,-1.00000000,0.02500000,0.00000000
0.00000000,1.00000000,0.00000000,0.70710678,0.00000000,-0.70710678,-0.70710678,0.00000000,-0.70710678,0.00000000,-1.00000000,0.02500000,0.00000000
0.00000000,1.00000000,0.00000000,0.70710678,0.00000000,-0.70710678,-0.70710678,0.00000000,-0.70710678,0.00000000,-1.00000000,0.02500000,0.00000000
0.00000000,1.00000000,0.00000000,0.70710678,0.00000000,-0.70710678,-0.70710678,0.00000000,-0.70710678,0.00000000,-1.00000000,0.02500000,0.00000000
0.00000000,1.00000000,0.00000000,0.70710678,0.00000000,-0.70710678,-0.70710678,0.00000000,-0.70710678,0.00000000,-1.00000000,0.02500000,0.00000000
0.00000000,1.00000000,0.00000000,0.70710678,0.00000000,-0.70710678,-0.70710678,0.00000000,-0.70710678,0.00000000,-1.00000000,0.02500000,0.00000000
0.00000000,1.00000000,0.00000000,0.70710678,0.00000000,-0.70710678,-0.70710678,0.00000000,-0.70710678,0.00000000,-1.00000000,0.02500000,0.00000000
0.00000000,1.00000000,0.00000000,0.70710678,0.00000000,-0.70710678,-0.70710678,0.00000000,-0.70710678,0.00000000,-1.00000000,0.02500000,0.00000000
0.00000000,1.00000000,0.00000000,0.70710678,0.00000000,-0.70710678,-0.70710678,0.00000000,-0.70710678,0.00000000,-1.00000000,0.02500000,0.00000000
0.00000000,1.00000000,0.00000000,0.70710678,0.00000000,-0.70710678,-0.70710678,0.00000000,-0.70710678,0.00000000,-1.00000000,0.02500000,0.00000000
0.00000000,1.00000000,0.00000000,0.70710678,0.00000000,-0.70710678,-0.70710678,0.00000000,-0.70710678,0.00000000,-1.00000000,0.02500000,0.00000000
0.00000000,1.00000000,0.00000000,0.70710678,0.00000000,-0.70710678,-0.70710678,0.00000000,-0.70710678,0.00000000,-1.00000000,0.02500000,0.00000000
0.00000000,1.00000000,0.00000000,0.70710678,0.00000000,-0.70710678,-0.70710678,0.00000000,-0.70710678,0.00000000,-1.00000000,0.02500000,0.00000000
0.00000000,1.00000000,0.00000000,0.70710678,0.00000000,-0.70710678,-0.70710678,0.00000000,-0.70710678,0.00000000,-1.00000000,0.02500000,0.00000000
0.00000000,1.00000000,0.00000000,0.70710678,0.00000000,-0.70710678,-0.70710678,0.00000000,-0.70710678,0.00000000,-1.00000000,0.02500000,0.00000000
0.00000000,1.00000000,0.00000000,0.70710678,0.00000000,-0.70710678,-0.70710678,0.00000000,-0.70710678,0.00000000,-1.00000000,0.02500099,0.00000000
0.00000000,1.00000000,0.00000000,0.70710678,0.00000000,-0.70710678,-0.70710678,0.00000000,-0.70710678,0.00000000,-1.00000000,0.02500776,0.00000000
0.00000000,1.00000000,0.00000000,0.70710678,0.00000000,-0.70710678,-0.70710678,0.00000000,-0.70710678,0.00000000,-1.00000000,0.02502580,0.00000000
0.00000000,1.00000000,0.00000000,0.70710678,0.00000000,-0.70710678,-0.70710678,0.00000000,-0.70710678,0.00000000,-1.00000000,0.02506022,0.00000000
0.00000000,1.00000000,0.00000000,0.70710678,0.00000000,-0.70710678,-0.70710678,0.00000000,-0.70710678,0.00000000,-1.00000000,0.02511581,0.00000000
0.00000000,1.00000000,0.00000000,0.70710678,0.00000000,-0.70710678,-0.70710678,0.00000000,-0.70710678,0.00000000,-1.00000000,0.02519703,0.00000000
0.00000000,1.00000000,0.00000000,0.70710678,0.00000000,-0.70710678,-0.70710678,0.00000000,-0.70710678,0.00000000,-1.00000000,0.02530799,0.00000000
0.00000000,1.00000000,0.00000000,0.70710678,0.00000000,-0.70710678,-0.70710678,0.00000000,-0.70710678,0.00000000,-1.00000000,0.02545253,0.00000000
0.00000000,1.00000000,0.00000000,0.70710678,0.00000000,-0.70710678,-0.70710678,0.00000000,-0.70710678,0.00000000,-1.00000000,0.02563413,0.00000000
0.00000000,1.00000000,0.00000000,0.70710678,0.00000000,-0.70710678,-0.70710678,0.00000000,-0.70710678,0.00000000,-1.00000000,0.02585600,0.00000000
0.00000000,1.00000000,0.00000000,0.70710678,0.00000000,-0.70710678,-0.70710678,0.00000000,-0.70710678,0.00000000,-1.00000000,0.02612105,0.00000000
0.00000000,1.00000000,0.00000000,0.70710678,0.00000000,-0.70710678,-0.70710678,0.00000000,-0.70710678,0.00000000,-1.00000000,0.02643189,0.00000000
0.00000000,1.00000000,0.00000000,0.70710678,0.00000000,-0.70710678,-0.70710678,0.00000000,-0.70710678,0.00000000,-1.00000000,0.02679086,0.00000000
0.00000000,1.00000000,0.00000000,0.70710678,0.00000000,-0.70710678,-0.70710678,0.00000000,-0.70710678,0.00000000,-1.00000000,0.02720003,0.00000000
0.00000000,1.00000000,0.00000000,0.70710678,0.00000000,-0.70710678,-0.70710678,0.00000000,-0.70710678,0.00000000,-1.00000000,0.02766119,0.00000000
0.00000000,1.00000000,0.00000000,0.70710678,0.00000000,-0.70710678,-0.70710678,0.00000000,-0.70710678,0.00000000,-1.00000000,0.02817587,0.00000000
0.00000000,1.00000000,0.00000000,0.70710678,0.00000000,-0.70710678,-0.70710678,0.00000000,-0.70710678,0.00000000,-1.00000000,0.02874538,0.00000000
0.00000000,1.00000000,0.00000000,0.70710678,0.00000000,-0.70710678,-0.70710678,0.00000000,-0.70710678,0.00000000,-1.00000000,0.02937073,0.00000000
0.00000000,1.00000000,0.00000000,0.70710678,0.00000000,-0.70710678,-0.70710678,0.00000000,-0.70710678,0.00000000,-1.00000000,0.03005275,0.00000000
0.00000000,1.00000000,0.00000000,0.70710678,0.00000000,-0.70710678,-0.70710678,0.00000000,-0.70710678,0.00000000,-1.00000000,0.03079200,0.00000000
0.00000000,1.00000000,0.00000000,0.70710678,0.00000000,-0.70710678,-0.70710678,0.00000000,-0.70710678,0.00000000,-1.00000000,0.03158883,0.00000000
0.00000000,1.00000000,0.00000000,0.70710678,0.00000000,-0.70710678,-0.70710678,0.00000000,-0.70710678,0.00000000,-1.00000000,0.03244338,0.00000000
0.00000000,1.00000000,0.00000000,0.70710678,0.00000000,-0.70710678,-0.70710678,0.00000000,-0.70710678,0.00000000,-1.00000000,0.03335557,0.00000000
0.00000000,1.00000000,0.00000000,0.70710678,0.00000000,-0.70710678,-0.70710678,0.00000000,-0.70710678,0.00000000,-1.00000000,0.03432512,0.00000000
0.00000000,1.00000000,0.00000000,0.70710678,0.00000000,-0.70710678,-0.70710678,0.00000000,-0.70710678,0.00000000,-1.00000000,0.03535156,0.00000000
0.00000000,1.00000000,0.00000000,0.70710678,0.00000000,-0.70710678,-0.70710678,0.00000000,-0.70710678,0.00000000,-1.00000000,0.03643424,0.00000000
0.00000000,1.00000000,0.00000000,0.70710678,0.00000000,-0.70710678,-0.70710678,0.00000000,-0.70710678,0.00000000,-1.00000000,0.03757232,0.00000000
0.00000000,1.00000000,0.00000000,0.70710678,0.00000000,-0.70710678,-0.70710678,0.00000000,-0.70710678,0.00000000,-1.00000000,0.03876478,0.00000000
0.00000000,1.00000000,0.00000000,0.70710678,0.00000000,-0.70710678,-0.70710678,0.00000000,-0.70710678,0.00000000,-1.00000000,0.04001045,0.00000000
0.00000000,1.00000000,0.00000000,0.70710678,0.00000000,-0.70710678,-0.70710678,0.00000000,-0.70710678,0.00000000,-1.00000000,0.04130800,0.00000000
0.00000000,1.00000000,0.00000000,0.70710678,0.00000000,-0.70710678,-0.70710678,0.00000000,-0.70710678,0.00000000,-1.00000000,0.04265593,0.00000000
0.00000000,1.00000000,0.00000000,0.70710678,0.00000000,-0.70710678,-0.70710678,0.00000000,-0.70710678,0.00000000,-1.00000000,0.04405263,0.00000000
0.00000000,1.00000000,0.00000000,0.70710678,0.00000000,-0.70710678,-0.70710678,0.00000000,-0.70710678,0.00000000,-1.00000000,0.04549631,0.00000000
0.00000000,1.00000000,0.00000000,0.70710678,0.00000000,-0.70710678,-0.70710678,0.00000000,-0.70710678,0.00000000,-1.00000000,0.04698509,0.00000000
0.00000000,1.00000000,0.00000000,0.70710678,0.00000000,-0.70710678,-0.70710678,0.00000000,-0.70710678,0.00000000,-1.00000000,0.04851694,0.00000000
0.00000000,1.00000000,0.00000000,0.70710678,0.00000000,-0.70710678,-0.70710678,0.00000000,-0.70710678,0.00000000,-1.00000000,0.05008973,0.00000000
0.00000000,1.00000000,0.00000000,0.70710678,0.00000000,-0.70710678,-0.70710678,0.00000000,-0.70710678,0.00000000,-1.00000000,0.05170122,0.00000000
0.00000000,1.00000000,0.00000000,0.70710678,0.00000000,-0.70710678,-0.70710678,0.00000000,-0.70710678,0.00000000,-1.00000000,0.05334907,0.00000000
0.00000000,1.00000000,0.00000000,0.70710678,0.00000000,-0.70710678,-0.70710678,0.00000000,-0.70710678,0.00000000,-1.00000000,0.05503084,0.00000000
0.00000000,1.00000000,0.00000000,0.70710678,0.00000000,-0.70710678,-0.70710678,0.00000000,-0.70710678,0.00000000,-1.00000000,0.05674400,0.00000000
0.00000000,1.00000000,0.00000000,0.70710678,0.00000000,-0.70710678,-0.70710678,0.00000000,-0.70710678,0.00000000,-1.00000000,0.05848596,0.00000000
0.00000000,1.00000000,0.00000000,0.70710678,0.00000000,-0.70710678,-0.70710678,0.00000000,-0.70710678,0.00000000,-1.00000000,0.06025403,0.00000000
0.00000000,1.00000000,0.00000000,0.70710678,0.00000000,-0.70710678,-0.70710678,0.00000000,-0.70710678,0.00000000,-1.00000000,0.06204549,0.00000000
0.00000000,1.00000000,0.00000000,0.70710678,0.00000000,-0.70710678,-0.70710678,0.00000000,-0.70710678,0.00000000,-1.00000000,0.06385753,0.00000000
0.00000000,1.00000000,0.00000000,0.70710678,0.00000000,-0.70710678,-0.70710678,0.00000000,-0.70710678,0.00000000,-1.00000000,0.06568731,0.00000000
0.00000000,1.00000000,0.00000000,0.70710678,0.00000000,-0.70710678,-0.70710678,0.00000000,-0.70710678,0.00000000,-1.00000000,0.06753194,0.00000000
0.00000000,1.00000000,0.00000000,0.70710678,0.00000000,-0.70710678,-0.70710678,0.00000000,-0.70710678,0.00000000,-1.00000000,0.06938849,0.00000000
0.00000000,1.00000000,0.00000000,0.70710678,0.00000000,-0.70710678,-0.70710678,0.00000000,-0.70710678,0.00000000,-1.00000000,0.07125400,0.00000000
0.00000000,1.00000000,0.00000000,0.70710678,0.00000000,-0.70710678,-0.70710678,0.00000000,-0.70710678,0.00000000,-1.00000000,0.07312550,0.00000000
0.00000000,1.00000000,0.00000000,0.70710678,0.00000000,-0.70710678,-0.70710678,0.00000000,-0.70710678,0.00000000,-1.00000000,0.07500000,0.00000000
0.00000000,1.00000000,0.00000000,0.70710678,0.00000000,-0.70710678,-0.70710678,0.00000000,-0.70710678,0.00000000,-1.00000000,0.07687450,0.00000000
0.00000000,1.00000000,0.00000000,0.70710678,0.00000000,-0.70710678,-0.70710678,0.00000000,-0.70710678,0.00000000,-1.00000000,0.07874600,0.00000000
0.00000000,1.00000000,0.00000000,0.70710678,0.00000000,-0.70710678,-0.70710678,0.00000000,-0.70710678,0.00000000,-1.00000000,0.08061151,0.00000000
0.00000000,1.00000000,0.00000000,0.70710678,0.00000000,-0.70710678,-0.70710678,0.00000000,-0.70710678,0.00000000,-1.00000000,0.08246806,0.00000000
0.00000000,1.00000000,0.00000000,0.70710678,0.00000000,-0.70710678,-0.70710678,0.00000000,-0.70710678,0.00000000,-1.00000000,0.08431269,0.00000000
0.00000000,1.00000000,0.00000000,0.70710678,0.00000000,-0.70710678,-0.70710678,0.00000000,-0.70710678,0.00000000,-1.00000000,0.08614247,0.00000000
0.00000000,1.00000000,0.00000000,0.70710678,0.00000000,-0.70710678,-0.70710678,0.00000000,-0.70710678,0.00000000,-1.00000000,0.08795451,0.00000000
0.00000000,1.00000000,0.00000000,0.70710678,0.00000000,-0.70710678,-0.70710678,0.00000000,-0.70710678,0.00000000,-1.00000000,0.08974597,0.00000000
0.00000000,1.00000000,0.00000000,0.70710678,0.00000000,-0.70710678,-0.70710678,0.00000000,-0.70710678,0.00000000,-1.00000000,0.09151404,0.00000000
0.00000000,1.00000000,0.00000000,0.70710678,0.00000000,-0.70710678,-0.70710678,0.00000000,-0.70710678,0.00000000,-1.00000000,0.09325600,0.00000000
0.00000000,1.00000000,0.00000000,0.70710678,0.00000000,-0.70710678,-0.70710678,0.00000000,-0.70710678,0.00000000,-1.00000000,0.09496916,0.00000000
0.00000000,1.00000000,0.00000000,0.70710678,0.00000000,-0.70710678,-0.70710678,0.00000000,-0.70710678,0.00000000,-1.00000000,0.09665093,0.00000000
0.00000000,1.00000000,0.00000000,0.70710678,0.00000000,-0.70710678,-0.70710678,0.00000000,-0.70710678,0.00000000,-1.00000000,0.09829878,0.00000000
0.00000000,1.00000000,0.00000000,0.70710678,0.00000000,-0.70710678,-0.70710678,0.00000000,-0.70710678,0.00000000,-1.00000000,0.09991027,0.00000000
0.00000000,1.00000000,0.00000000,0.70710678,0.00000000,-0.70710678,-0.70710678,0.00000000,-0.70710678,0.00000000,-1.00000000,0.10148306,0.00000000
0.00000000,1.00000000,0.00000000,0.70710678,0.00000000,-0.70710678,-0.70710678,0.00000000,-0.70710678,0.00000000,-1.00000000,0.10301491,0.00000000
0.00000000,1.00000000,0.00000000,0.70710678,0.00000000,-0.70710678,-0.70710678,0.00000000,-0.70710678,0.00000000,-1.00000000,0.10450369,0.00000000
0.00000000,1.00000000,0.00000000,0.70710678,0.00000000,-0.70710678,-0.70710678,0.00000000,-0.70710678,0.00000000,-1.00000000,0.10594737,0.00000000
0.00000000,1.00000000,0.00000000,0.70710678,0.00000000,-0.70710678,-0.70710678,0.00000000,-0.70710678,0.00000000,-1.00000000,0.10734407,0.00000000
0.00000000,1.00000000,0.00000000,0.70710678,0.00000000,-0.70710678,-0.70710678,0.00000000,-0.70710678,0.00000000,-1.00000000,0.10869200,0.00000000
0.00000000,1.00000000,0.00000000,0.70710678,0.00000000,-0.70710678,-0.70710678,0.00000000,-0.70710678,0.00000000,-1.00000000,0.10998955,0.00000000
0.00000000,1.00000000,0.00000000,0.70710678,0.00000000,-0.70710678,-0.70710678,0.00000000,-0.70710678,0.00000000,-1.00000000,0.11123522,0.00000000
0.00000000,1.00000000,0.00000000,0.70710678,0.00000000,-0.70710678,-0.70710678,0.00000000,-0.70710678,0.00000000,-1.00000000,0.11242768,0.00000000
0.00000000,1.00000000,0.00000000,0.70710678,0.00000000,-0.70710678,-0.70710678,0.00000000,-0.70710678,0.00000000,-1.00000000,0.11356576,0.00000000
0.00000000,1.00000000,0.00000000,0.70710678,0.00000000,-0.70710678,-0.70710678,0.00000000,-0.70710678,0.00000000,-1.00000000,0.11464844,0.00000000
0.00000000,1.00000000,0.00000000,0.70710678,0.00000000,-0.70710678,-0.70710678,0.00000000,-0.70710678,0.00000000,-1.00000000,0.11567488,0.00000000
0.00000000,1.00000000,0.00000000,0.70710678,0.00000000,-0.70710678,-0.70710678,0.00000000,-0.70710678,0.00000000,-1.00000000,0.11664443,0.00000000
0.00000000,1.00000000,0.00000000,0.70710678,0.00000000,-0.70710678,-0.70710678,0.00000000,-0.70710678,0.00000000,-1.00000000,0.11755662,0.00000000
0.00000000,1.00000000,0.00000000,0.70710678,0.00000000,-0.70710678,-0.70710678,0.00000000,-0.70710678,0.00000000,-1.00000000,0.11841117,0.00000000
0.00000000,1.00000000,0.00000000,0.70710678,0.00000000,-0.70710678,-0.70710678,0.00000000,-0.70710678,0.00000000,-1.00000000,0.11920800,0.00000000
0.00000000,1.00000000,0.00000000,0.70710678,0.00000000,-0.70710678,-0.70710678,0.00000000,-0.70710678,0.00000000,-1.00000000,0.11994725,0.00000000
0.00000000,1.00000000,0.00000000,0.70710678,0.00000000,-0.70710678,-0.70710678,0.00000000,-0.70710678,0.00000000,-1.00000000,0.12062927,0.00000000
0.00000000,1.00000000,0.00000000,0.70710678,0.00000000,-0.70710678,-0.70710678,0.00000000,-0.70710678,0.00000000,-1.00000000,0.12125462,0.00000000
0.00000000,1.00000000,0.00000000,0.70710678,0.00000000,-0.70710678,-0.70710678,0.00000000,-0.70710678,0.00000000,-1.00000000,0.12182413,0.00000000
0.00000000,1.00000000,0.00000000,0.70710678,0.00000000,-0.70710678,-0.70710678,0.00000000,-0.70710678,0.00000000,-1.00000000,0.12233881,0.00000000
0.00000000,1.00000000,0.00000000,0.70710678,0.00000000,-0.70710678,-0.70710678,0.00000000,-0.70710678,0.00000000,-1.00000000,0.12279997,0.00000000
0.00000000,1.00000000,0.00000000,0.70710678,0.00000000,-0.70710678,-0.70710678,0.00000000,-0.70710678,0.00000000,-1.00000000,0.12320914,0.00000000
0.00000000,1.00000000,0.00000000,0.70710678,0.00000000,-0.70710678,-0.70710678,0.00000000,-0.70710678,0.00000000,-1.00000000,0.12356811,0.00000000
0.00000000,1.00000000,0.00000000,0.70710678,0.00000000,-0.70710678,-0.70710678,0.00000000,-0.70710678,0.00000000,-1.00000000,0.12387895,0.00000000
0.00000000,1.00000000,0.00000000,0.70710678,0.00000000,-0.70710678,-0.70710678,0.00000000,-0.70710678,0.00000000,-1.00000000,0.12414400,0.00000000
0.00000000,1.00000000,0.00000000,0.70710678,0.00000000,-0.70710678,-0.70710678,0.00000000,-0.70710678,0.00000000,-1.00000000,0.12436587,0.00000000
0.00000000,1.00000000,0.00000000,0.70710678,0.00000000,-0.70710678,-0.70710678,0.00000000,-0.70710678,0.00000000,-1.00000000,0.12454747,0.00000000
0.00000000,1.00000000,0.00000000,0.70710678,0.00000000,-0.70710678,-0.70710678,0.00000000,-0.70710678,0.00000000,-1.00000000,0.12469201,0.00000000
0.00000000,1.00000000,0.00000000,0.70710678,0.00000000,-0.70710678,-0.70710678,0.00000000,-0.70710678,0.00000000,-1.00000000,0.12480297,0.00000000
0.00000000,1.00000000,0.00000000,0.70710678,0.00000000,-0.70710678,-0.70710678,0.00000000,-0.70710678,0.00000000,-1.00000000,0.12488419,0.00000000
0.00000000,1.00000000,0.00000000,0.70710678,0.00000000,-0.70710678,-0.70710678,0.00000000,-0.70710678,0.00000000,-1.00000000,0.12493978,0.00000000
0.00000000,1.00000000,0.00000000,0.70710678,0.00000000,-0.70710678,-0.70710678,0.00000000,-0.70710678,0.00000000,-1.00000000,0.12497420,0.00000000
0.00000000,1.00000000,0.00000000,0.70710678,0.00000000,-0.70710678,-0.70710678,0.00000000,-0.70710678,0.00000000,-1.00000000,0.12499224,0.00000000
0.00000000,1.00000000,0.00000000,0.70710678,0.00000000,-0.70710678,-0.70710678,0.00000000,-0.70710678,0.00000000,-1.00000000,0.12499901,0.00000000
0.00000000,1.00000000,0.00000000,0.70710678,0.00000000,-0.70710678,-0.70710678,0.00000000,-0.70710678,0.00000000,-1.00000000,0.12500000,0.00000000
