0.78539816,0.00000000,0.00000000,0.00000000,0.00000000,0.20000000,-1.60000000,0.00000000,0.00000000,0.00000000,0.00000000,0.00000000,0.00000000
0.78576012,-0.00017747,0.00035714,-0.01626226,0.00673113,0.24166136,-1.65163083,0.00136117,-0.00821548,0.01356769,-0.00234804,0.00770025,0.00000000
0.78600308,-0.00034203,0.00057649,-0.03207442,0.02199049,0.26342945,-1.69185274,0.00264261,-0.01508125,0.02206999,-0.00527529,0.01226403,0.00000000
0.78613674,-0.00047910,0.00068488,-0.04745377,0.04248544,0.27252994,-1.72459926,0.00384896,-0.02024334,0.02638331,-0.00827063,0.01441059,0.00000000
0.78616997,-0.00059498,0.00068719,-0.06241622,0.06694814,0.27163347,-1.75127181,0.00498275,-0.02396258,0.02672407,-0.01145127,0.01421276,0.00000000
0.78611180,-0.00070384,0.00058068,-0.07697796,0.09477293,0.26192024,-1.77244507,0.00604777,-0.02673466,0.02308390,-0.01516632,0.01151556,0.00000000
0.78554926,0.00355437,0.00420621,-0.09073287,0.17647909,0.17719707,-1.77244507,0.00704731,0.10465092,0.12641211,0.10710028,0.12396274,0.00000000
0.78529377,0.00314746,0.00355181,-0.10449908,0.21508327,0.13761521,-1.77443970,0.00798453,0.09460642,0.10485817,0.09291407,0.10655052,0.00000000
0.78502657,0.00239396,0.00253639,-0.11796436,0.25614491,0.08807693,-1.76889079,0.00886246,0.07434542,0.07245522,0.06832174,0.07847890,0.00000000
0.78481377,0.00098212,0.00093245,-0.13120117,0.29487610,0.03620985,-1.75863824,0.00968401,0.03405852,0.02295631,0.02458520,0.03242963,0.00000000
0.78470962,-0.00121942,-0.00132229,-0.14426997,0.31931477,0.00682011,-1.75652640,0.01045198,-0.03060109,-0.04505984,-0.04176266,-0.03389827,0.00000000
0.78466051,-0.00368631,-0.00377209,-0.15712318,0.33050641,0.00263470,-1.76632808,0.01116903,-0.10359750,-0.11844784,-0.11555529,-0.10649005,0.00000000
0.78464092,-0.00621438,-0.00624546,-0.16974120,0.33923892,0.00238026,-1.77755827,0.01183773,-0.17865143,-0.19230251,-0.19092670,-0.18002725,0.00000000
0.78464948,-0.00877930,-0.00872005,-0.18212839,0.35675175,-0.01784181,-1.77755827,0.01246053,-0.25503063,-0.26596641,-0.26716718,-0.25382986,0.00000000
0.78470218,-0.01144569,-0.01124029,-0.19430633,0.37279885,-0.03655580,-1.77755827,0.01303976,-0.33478968,-0.34063142,-0.34607193,-0.32934918,0.00000000
0.78479815,-0.01418938,-0.01378340,-0.20627962,0.38759452,-0.05397660,-1.77755827,0.01357768,-0.41720600,-0.41562217,-0.42693260,-0.40589556,0.00000000
0.78493630,-0.01699162,-0.01633224,-0.21805252,0.40130384,-0.07026990,-1.77755827,0.01407642,-0.50171658,-0.49043317,-0.50920356,-0.48294619,0.00000000
0.78511542,-0.01983748,-0.01887368,-0.22962899,0.41405753,-0.08556710,-1.77755827,0.01453802,-0.58786957,-0.56467897,-0.59245296,-0.56009558,0.00000000
0.78533413,-0.02271473,-0.02139747,-0.24101273,0.42596141,-0.09997471,-1.77755827,0.01496445,-0.67529356,-0.63806183,-0.67633160,-0.63702379,0.00000000
0.78559095,-0.02561325,-0.02389556,-0.25220722,0.43710276,-0.11358073,-1.77755827,0.01535756,-0.76367725,-0.71034994,-0.76055213,-0.71347506,0.00000000
0.78588432,-0.02852447,-0.02636154,-0.26321572,0.44755465,-0.12645899,-1.77755827,0.01571913,-0.85275556,-0.78136208,-0.84487473,-0.78924292,0.00000000
0.78621262,-0.03144109,-0.02879033,-0.27404133,0.45737907,-0.13867226,-1.77755827,0.01605086,-0.94229973,-0.85095667,-0.92909690,-0.86415950,0.00000000
0.78657420,-0.03435679,-0.03117786,-0.28468700,0.46662923,-0.15027454,-1.77755827,0.01635437,-1.03211020,-0.91902352,-1.01304600,-0.93808771,0.00000000
0.78696736,-0.03726611,-0.03352093,-0.29515553,0.47535120,-0.16131274,-1.77755827,0.01663119,-1.12201125,-0.98547775,-1.09657367,-1.01091533,0.00000000
0.78739041,-0.04016422,-0.03581697,-0.30544961,0.48358525,-0.17182794,-1.77755827,0.01688279,-1.21184700,-1.05025501,-1.17955159,-1.08255042,0.00000000
0.78784164,-0.04304690,-0.03806400,-0.31557183,0.49136683,-0.18185645,-1.77755827,0.01711058,-1.30147832,-1.11330776,-1.26186820,-1.15291788,0.00000000
0.78831937,-0.04591040,-0.04026048,-0.32552467,0.49872736,-0.19143052,-1.77755827,0.01731588,-1.39078029,-1.17460234,-1.34342607,-1.22195656,0.00000000
0.78882190,-0.04875140,-0.04240525,-0.33531056,0.50569483,-0.20057902,-1.77755827,0.01749996,-1.47964038,-1.23411656,-1.42413985,-1.28961709,0.00000000
0.78934758,-0.05156693,-0.04449747,-0.34493183,0.51229434,-0.20932791,-1.77755827,0.01766401,-1.56795675,-1.29183785,-1.50393458,-1.35586001,0.00000000
0.78989479,-0.05435434,-0.04653657,-0.35439075,0.51854848,-0.21770064,-1.77755827,0.01780920,-1.65563706,-1.34776159,-1.58274434,-1.42065431,0.00000000
0.79046193,-0.05711127,-0.04852221,-0.36368955,0.52447766,-0.22571851,-1.77755827,0.01793660,-1.74259732,-1.40188988,-1.66051104,-1.48397617,0.00000000
0.79104743,-0.05983559,-0.05045421,-0.37283039,0.53010042,-0.23340093,-1.77755827,0.01804724,-1.82876105,-1.45423041,-1.73718353,-1.54580793,0.00000000
0.79164976,-0.06252542,-0.05233259,-0.38181540,0.53543365,-0.24076566,-1.77755827,0.01814211,-1.91405849,-1.50479554,-1.81271678,-1.60613725,0.00000000
0.79226745,-0.06517905,-0.05415747,-0.39064665,0.54049277,-0.24782897,-1.77755827,0.01822215,-1.99842595,-1.55360154,-1.88707116,-1.66495633,0.00000000
0.79289905,-0.06779495,-0.05592910,-0.39932619,0.54529190,-0.25460587,-1.77755827,0.01828824,-2.08180527,-1.60066795,-1.96021189,-1.72226133,0.00000000
0.79354317,-0.07037177,-0.05764783,-0.40785603,0.54984403,-0.26111021,-1.77755827,0.01834121,-2.16414331,-1.64601698,-2.03210852,-1.77805177,0.00000000
0.79419844,-0.07290828,-0.05931407,-0.41623814,0.55416112,-0.26735480,-1.77755827,0.01838186,-2.24539154,-1.68967307,-2.10273446,-1.83233016,0.00000000
0.79486356,-0.07540341,-0.06092831,-0.42447449,0.55825419,-0.27335152,-1.77755827,0.01841096,-2.32550564,-1.73166246,-2.17206662,-1.88510147,0.00000000
0.79553726,-0.07785619,-0.06249111,-0.43256698,0.56213347,-0.27911143,-1.77755827,0.01842920,-2.40444517,-1.77201284,-2.24008508,-1.93637293,0.00000000
0.79621833,-0.08026577,-0.06400304,-0.44051753,0.56580840,-0.28464482,-1.77755827,0.01843729,-2.48217330,-1.81075304,-2.30677276,-1.98615359,0.00000000
0.79690558,-0.08263139,-0.06546475,-0.44832801,0.56928777,-0.28996129,-1.77755827,0.01843584,-2.55865649,-1.84791279,-2.37211514,-2.03445414,0.00000000
0.79759790,-0.08495238,-0.06687687,-0.45600027,0.57257974,-0.29506983,-1.77755827,0.01842548,-2.63386429,-1.88352246,-2.43610009,-2.08128666,0.00000000
0.79829420,-0.08722818,-0.06824011,-0.46353616,0.57569191,-0.29997886,-1.77755827,0.01840679,-2.70776908,-1.91761286,-2.49871755,-2.12666439,0.00000000
0.79899343,-0.08945828,-0.06955515,-0.47093749,0.57863138,-0.30469627,-1.77755827,0.01838029,-2.78034589,-1.95021512,-2.55995944,-2.17060157,0.00000000
0.79969460,-0.09164226,-0.07082271,-0.47820606,0.58140478,-0.30922947,-1.77755827,0.01834652,-2.85157223,-1.98136048,-2.61981942,-2.21311328,0.00000000
0.80039676,-0.09377973,-0.07204351,-0.48534366,0.58401829,-0.31358544,-1.77755827,0.01830595,-2.92142786,-2.01108020,-2.67829276,-2.25421531,0.00000000
0.80109898,-0.09587041,-0.07321829,-0.49235205,0.58647773,-0.31777075,-1.77755827,0.01825905,-2.98989473,-2.03940545,-2.73537619,-2.29392399,0.00000000
0.80180040,-0.09791404,-0.07434777,-0.49923298,0.58878852,-0.32179158,-1.77755827,0.01820626,-3.05695671,-2.06636717,-2.79106776,-2.33225613,0.00000000
0.80250019,-0.09991043,-0.07543268,-0.50598818,0.59095578,-0.32565381,-1.77755827,0.01814797,-3.12259959,-2.09199606,-2.84536674,-2.36922891,0.00000000
0.80319754,-0.10185941,-0.07647376,-0.51261938,0.59298431,-0.32936294,-1.77755827,0.01808459,-3.18681085,-2.11632245,-2.89827352,-2.40485978,0.00000000
0.80389171,-0.10376089,-0.07747172,-0.51912827,0.59487860,-0.33292423,-1.77755827,0.01801648,-3.24957958,-2.13937626,-2.94978946,-2.43916638,0.00000000
0.80458197,-0.10561479,-0.07842730,-0.52551655,0.59664293,-0.33634263,-1.77755827,0.01794398,-3.31089642,-2.16118696,-2.99991687,-2.47216651,0.00000000
0.80526763,-0.10742108,-0.07934119,-0.53178589,0.59828128,-0.33962285,-1.77755827,0.01786742,-3.37075336,-2.18178352,-3.04865887,-2.50387802,0.00000000
0.80594805,-0.10917975,-0.08021410,-0.53793795,0.59979745,-0.34276935,-1.77755827,0.01778710,-3.42914375,-2.20119437,-3.09601934,-2.53431878,0.00000000
0.80662260,-0.11089085,-0.08104674,-0.54397437,0.60119499,-0.34578637,-1.77755827,0.01770331,-3.48606213,-2.21944737,-3.14200285,-2.56350665,0.00000000
0.80729070,-0.11255442,-0.08183976,-0.54989678,0.60247729,-0.34867796,-1.77755827,0.01761633,-3.54150420,-2.23656979,-3.18661458,-2.59145941,0.00000000
0.80795181,-0.11417056,-0.08259386,-0.55570679,0.60364754,-0.35144796,-1.77755827,0.01752641,-3.59546671,-2.25258831,-3.22986029,-2.61819473,0.00000000
0.80860538,-0.11573936,-0.08330969,-0.56140601,0.60470877,-0.35410004,-1.77755827,0.01743379,-3.64794743,-2.26752896,-3.27174623,-2.64373016,0.00000000
0.80925093,-0.11726097,-0.08398789,-0.56699601,0.60566384,-0.35663768,-1.77755827,0.01733871,-3.69894502,-2.28141716,-3.31227911,-2.66808307,0.00000000
0.80988799,-0.11873553,-0.08462910,-0.57247838,0.60651548,-0.35906423,-1.77755827,0.01724136,-3.74845903,-2.29427767,-3.35146605,-2.69127066,0.00000000
0.81051612,-0.12016321,-0.08523394,-0.57785465,0.60726628,-0.36138289,-1.77755827,0.01714195,-3.79648980,-2.30613464,-3.38931453,-2.71330990,0.00000000
0.81113490,-0.12154418,-0.08580302,-0.58312638,0.60791871,-0.36359669,-1.77755827,0.01704068,-3.84303839,-2.31701152,-3.42583237,-2.73421755,0.00000000
0.81174394,-0.12287866,-0.08633692,-0.58829509,0.60847510,-0.36570858,-1.77755827,0.01693770,-3.88810661,-2.32693117,-3.46102767,-2.75401011,0.00000000
0.81234288,-0.12416685,-0.08683625,-0.59336227,0.60893769,-0.36772134,-1.77755827,0.01683320,-3.93169684,-2.33591578,-3.49490878,-2.77270384,0.00000000
0.81293137,-0.12540898,-0.08730155,-0.59832944,0.60930862,-0.36963768,-1.77755827,0.01672732,-3.97381212,-2.34398690,-3.52748429,-2.79031473,0.00000000
0.81350910,-0.12660529,-0.08773338,-0.60319806,0.60958992,-0.37146016,-1.77755827,0.01662021,-4.01445600,-2.35116546,-3.55876297,-2.80685850,0.00000000
0.81407575,-0.12775601,-0.08813229,-0.60796959,0.60978354,-0.37319128,-1.77755827,0.01651200,-4.05363255,-2.35747177,-3.58875375,-2.82235056,0.00000000
0.81463106,-0.12886140,-0.08849880,-0.61264549,0.60989136,-0.37483342,-1.77755827,0.01640282,-4.09134630,-2.36292550,-3.61746573,-2.83680607,0.00000000
0.81517475,-0.12992172,-0.08883342,-0.61722718,0.60991516,-0.37638888,-1.77755827,0.01629280,-4.12760224,-2.36754573,-3.64490812,-2.85023986,0.00000000
0.81570659,-0.13093725,-0.08913665,-0.62171608,0.60985666,-0.37785988,-1.77755827,0.01618203,-4.16240573,-2.37135096,-3.67109021,-2.86266649,0.00000000
0.81622635,-0.13190826,-0.08940899,-0.62611359,0.60971752,-0.37924857,-1.77755827,0.01607063,-4.19576251,-2.37435908,-3.69602138,-2.87410021,0.00000000
0.81673382,-0.13283502,-0.08965091,-0.63042108,0.60949933,-0.38055701,-1.77755827,0.01595868,-4.22767865,-2.37658743,-3.71971110,-2.88455498,0.00000000
0.81722882,-0.13371782,-0.08986286,-0.63463993,0.60920362,-0.38178721,-1.77755827,0.01584629,-4.25816052,-2.37805276,-3.74216883,-2.89404444,0.00000000
0.81771116,-0.13455696,-0.09004531,-0.63877148,0.60883187,-0.38294109,-1.77755827,0.01573353,-4.28721476,-2.37877130,-3.76340411,-2.90258195,0.00000000
0.81818068,-0.13535271,-0.09019868,-0.64281707,0.60838553,-0.38402055,-1.77755827,0.01562048,-4.31484829,-2.37875874,-3.78342646,-2.91018056,0.00000000
0.81863723,-0.13610538,-0.09032341,-0.64677802,0.60786597,-0.38502740,-1.77755827,0.01550721,-4.34106823,-2.37803023,-3.80224542,-2.91685304,0.00000000
0.81908068,-0.13681525,-0.09041992,-0.65065563,0.60727454,-0.38596342,-1.77755827,0.01539380,-4.36588191,-2.37660044,-3.81987051,-2.92261184,0.00000000
0.81951091,-0.13748264,-0.09048860,-0.65445117,0.60661256,-0.38683032,-1.77755827,0.01528030,-4.38929685,-2.37448352,-3.83631123,-2.92746914,0.00000000
0.81992781,-0.13810782,-0.09052984,-0.65816593,0.60588129,-0.38762979,-1.77755827,0.01516676,-4.41132071,-2.37169316,-3.85157705,-2.93143683,0.00000000
0.82033126,-0.13869111,-0.09054405,-0.66180114,0.60508197,-0.38836345,-1.77755827,0.01505325,-4.43196132,-2.36824257,-3.86567739,-2.93452649,0.00000000
0.82072120,-0.13923281,-0.09053157,-0.66535805,0.60421582,-0.38903292,-1.77755827,0.01493982,-4.45122661,-2.36414450,-3.87862164,-2.93674947,0.00000000
0.82109753,-0.13973320,-0.09049279,-0.66883788,0.60328401,-0.38963974,-1.77755827,0.01482650,-4.46912463,-2.35941127,-3.89041911,-2.93811679,0.00000000
0.82146019,-0.14019259,-0.09042804,-0.67224182,0.60228772,-0.39018544,-1.77755827,0.01471335,-4.48566351,-2.35405477,-3.90107905,-2.93863922,0.00000000
0.82180912,-0.14061127,-0.09033768,-0.67557107,0.60122807,-0.39067152,-1.77755827,0.01460039,-4.50085145,-2.34808648,-3.91061064,-2.93832728,0.00000000
0.82214427,-0.14098954,-0.09022204,-0.67882679,0.60010619,-0.39109945,-1.77755827,0.01448767,-4.51469672,-2.34151746,-3.91902298,-2.93719121,0.00000000
0.82246559,-0.14132770,-0.09008145,-0.68201013,0.59892317,-0.39147067,-1.77755827,0.01437522,-4.52720763,-2.33435842,-3.92632507,-2.93524098,0.00000000
0.82277306,-0.14162602,-0.08991621,-0.68512223,0.59768011,-0.39178658,-1.77755827,0.01426306,-4.53839252,-2.32661965,-3.93252584,-2.93248633,0.00000000
0.82306663,-0.14188481,-0.08972664,-0.68816422,0.59637807,-0.39204860,-1.77755827,0.01415124,-4.54825975,-2.31831111,-3.93763412,-2.92893673,0.00000000
0.82334629,-0.14210435,-0.08951304,-0.69113718,0.59501812,-0.39225809,-1.77755827,0.01403976,-4.55681768,-2.30944239,-3.94165863,-2.92460144,0.00000000
0.82348244,-0.14208681,-0.08923259,-0.69391265,0.59286797,-0.38933945,-1.77990190,0.01392865,-4.55708201,-2.30001496,-3.93971584,-2.91738113,0.00000000
0.82373352,-0.14222819,-0.08897222,-0.69675012,0.59139939,-0.38945198,-1.77990190,0.01381795,-4.56302715,-2.29007270,-3.94159080,-2.91150905,0.00000000
0.82397068,-0.14233116,-0.08868866,-0.69952180,0.58987601,-0.38951600,-1.77990190,0.01370765,-4.56768841,-2.27959660,-3.94240763,-2.90487738,0.00000000
0.82419391,-0.14239601,-0.08838220,-0.70222874,0.58829888,-0.38953281,-1.77990190,0.01359779,-4.57107404,-2.26859499,-3.94217462,-2.89749441,0.00000000
0.82440321,-0.14242299,-0.08805308,-0.70487194,0.58666902,-0.38950373,-1.77990190,0.01348837,-4.57319227,-2.25707588,-3.94089990,-2.88936824,0.00000000
0.82459860,-0.14241239,-0.08770157,-0.70745243,0.58498746,-0.38943006,-1.77990190,0.01337941,-4.57405126,-2.24504702,-3.93859152,-2.88050677,0.00000000
0.82478116,-0.14236605,-0.08732824,-0.70997225,0.58326101,-0.38933762,-1.77988311,0.01327092,-4.57371582,-2.23251501,-3.93529674,-2.87093409,0.00000000
0.82497154,-0.14231510,-0.08693950,-0.71245301,0.58160060,-0.38969858,-1.77948458,0.01316292,-4.57328647,-2.21946698,-3.93178127,-2.86097218,0.00000000
0.82516985,-0.14225970,-0.08653535,-0.71489579,0.58000336,-0.39050552,-1.77871106,0.01305541,-4.57276838,-2.20590165,-3.92804834,-2.85062169,0.00000000
0.82537625,-0.14220002,-0.08611578,-0.71730162,0.57846556,-0.39174961,-1.77756792,0.01294841,-4.57216798,-2.19181787,-3.92410211,-2.83988374,0.00000000
0.82559089,-0.14213629,-0.08568083,-0.71967158,0.57698265,-0.39342063,-1.77606106,0.01284191,-4.57149286,-2.17721464,-3.91994758,-2.82875992,0.00000000
0.82581395,-0.14206876,-0.08523050,-0.72200673,0.57554934,-0.39550702,-1.77419693,0.01273594,-4.57075163,-2.16209106,-3.91559053,-2.81725216,0.00000000
0.82604561,-0.14199771,-0.08476484,-0.72430812,0.57415957,-0.39799599,-1.77198252,0.01263048,-4.56995383,-2.14644633,-3.91103738,-2.80536278,0.00000000
0.82628608,-0.14192344,-0.08428388,-0.72657680,0.57280666,-0.40087357,-1.76942531,0.01252555,-4.56910972,-2.13027971,-3.90629510,-2.79309434,0.00000000
0.82653557,-0.14184625,-0.08378767,-0.72881382,0.57148330,-0.40412473,-1.76653321,0.01242116,-4.56823015,-2.11359059,-3.90137109,-2.78044965,0.00000000
0.82679431,-0.14176649,-0.08327626,-0.73102021,0.57018165,-0.40773346,-1.76331459,0.01231730,-4.56732638,-2.09637840,-3.89627307,-2.76743171,0.00000000
0.82706251,-0.14168449,-0.08274972,-0.73319699,0.56889339,-0.41168289,-1.75977819,0.01221398,-4.56640996,-2.07864264,-3.89100897,-2.75404364,0.00000000
0.82734040,-0.14160058,-0.08220809,-0.73534517,0.56760979,-0.41595538,-1.75593310,0.01211120,-4.56549252,-2.06038293,-3.88558681,-2.74028863,0.00000000
0.82762820,-0.14151512,-0.08165144,-0.73746574,0.56632179,-0.42053266,-1.75178870,0.01200897,-4.56458568,-2.04159891,-3.88001464,-2.72616996,0.00000000
0.82792612,-0.14142844,-0.08107983,-0.73955966,0.56502004,-0.42539592,-1.74735463,0.01190728,-4.56370089,-2.02229034,-3.87430037,-2.71169086,0.00000000
0.82823437,-0.14134086,-0.08049333,-0.74162788,0.56369501,-0.43052592,-1.74264074,0.01180614,-4.56284932,-2.00245705,-3.86845180,-2.69685458,0.00000000
0.82855317,-0.14125272,-0.07989199,-0.74367132,0.56233700,-0.43590312,-1.73765705,0.01170554,-4.56204176,-1.98209896,-3.86247643,-2.68166429,0.00000000
0.82888269,-0.14116431,-0.07927589,-0.74569088,0.56093624,-0.44150775,-1.73241369,0.01160549,-4.56128852,-1.96121609,-3.85638151,-2.66612311,0.00000000
0.82922311,-0.14107593,-0.07864508,-0.74768744,0.55948292,-0.44731993,-1.72692088,0.01150599,-4.56059938,-1.93980856,-3.85017391,-2.65023404,0.00000000
0.82957461,-0.14098786,-0.07799963,-0.74966184,0.55796724,-0.45331976,-1.72118887,0.01140703,-4.55998354,-1.91787659,-3.84386014,-2.63399999,0.00000000
0.82993733,-0.14090036,-0.07733960,-0.75161489,0.55637949,-0.45948738,-1.71522791,0.01130862,-4.55944954,-1.89542052,-3.83744629,-2.61742377,0.00000000
0.83031140,-0.14081368,-0.07666505,-0.75354739,0.55471002,-0.46580307,-1.70904824,0.01121076,-4.55900530,-1.87244078,-3.83093804,-2.60050805,0.00000000
0.83069697,-0.14072803,-0.07597605,-0.75546010,0.55294935,-0.47224727,-1.70266003,0.01111343,-4.55865805,-1.84893795,-3.82434061,-2.58325539,0.00000000
0.83109412,-0.14064363,-0.07527266,-0.75735376,0.55108814,-0.47880067,-1.69607338,0.01101666,-4.55841433,-1.82491272,-3.81765881,-2.56566824,0.00000000
0.83150296,-0.14056066,-0.07455492,-0.75922907,0.54911725,-0.48544426,-1.68929825,0.01092042,-4.55828005,-1.80036589,-3.81089702,-2.54774892,0.00000000
0.83192357,-0.14047930,-0.07382292,-0.76108672,0.54702772,-0.49215931,-1.68234454,0.01082473,-4.55826045,-1.77529839,-3.80405919,-2.52949965,0.00000000
0.83235600,-0.14039971,-0.07307670,-0.76292735,0.54481083,-0.49892746,-1.67522199,0.01072957,-4.55836014,-1.74971128,-3.79714888,-2.51092255,0.00000000
0.83280032,-0.14032201,-0.07231633,-0.76475161,0.54245807,-0.50573069,-1.66794019,0.01063496,-4.55858313,-1.72360575,-3.79016924,-2.49201963,0.00000000
0.83325656,-0.14024634,-0.07154186,-0.76656010,0.53996119,-0.51255137,-1.66050860,0.01054088,-4.55893283,-1.69698310,-3.78312309,-2.47279284,0.00000000
0.83372474,-0.14017280,-0.07075336,-0.76835339,0.53731213,-0.51937223,-1.65293655,0.01044733,-4.55941214,-1.66984476,-3.77601288,-2.45324403,0.00000000
0.83420489,-0.14010150,-0.06995089,-0.77013205,0.53450311,-0.52617637,-1.64523320,0.01035432,-4.56002341,-1.64219229,-3.76884072,-2.43337498,0.00000000
0.83469700,-0.14003250,-0.06913450,-0.77189662,0.53152655,-0.53294727,-1.63740760,0.01026184,-4.56076853,-1.61402735,-3.76160847,-2.41318742,0.00000000
0.83520107,-0.13996589,-0.06830426,-0.77364761,0.52837513,-0.53966876,-1.62946865,0.01016989,-4.56164893,-1.58535174,-3.75431765,-2.39268302,0.00000000
0.83571708,-0.13990171,-0.06746024,-0.77538551,0.52504173,-0.54632502,-1.62142512,0.01007846,-4.56266562,-1.55616735,-3.74696957,-2.37186340,0.00000000
0.83624500,-0.13984003,-0.06660249,-0.77711080,0.52151946,-0.55290054,-1.61328569,0.00998757,-4.56381921,-1.52647621,-3.73956527,-2.35073015,0.00000000
0.83678480,-0.13978088,-0.06573108,-0.77882395,0.51780162,-0.55938011,-1.60505892,0.00989720,-4.56510998,-1.49628045,-3.73210559,-2.32928484,0.00000000
0.83733643,-0.13972429,-0.06484607,-0.78052538,0.51388173,-0.56574883,-1.59675330,0.00980735,-4.56653785,-1.46558229,-3.72459116,-2.30752898,0.00000000
0.83789985,-0.13967028,-0.06394754,-0.78221552,0.50975349,-0.57199203,-1.58837724,0.00971802,-4.56810245,-1.43438407,-3.71702243,-2.28546409,0.00000000
0.83847500,-0.13961888,-0.06303555,-0.78389478,0.50541078,-0.57809529,-1.57993909,0.00962921,-4.56980310,-1.40268824,-3.70939968,-2.26309166,0.00000000
0.83906180,-0.13957008,-0.06211016,-0.78556354,0.50084766,-0.58404437,-1.57144716,0.00954092,-4.57163889,-1.37049733,-3.70172304,-2.24041319,0.00000000
0.83966020,-0.13952390,-0.06117146,-0.78722218,0.49605832,-0.58982523,-1.56290974,0.00945315,-4.57360864,-1.33781397,-3.69399247,-2.21743014,0.00000000
0.84027011,-0.13948032,-0.06021950,-0.78887106,0.49103713,-0.59542398,-1.55433511,0.00936589,-4.57571094,-1.30464089,-3.68620784,-2.19414399,0.00000000
0.84089145,-0.13943935,-0.05925436,-0.79051052,0.48577857,-0.60082685,-1.54573157,0.00927915,-4.57794419,-1.27098090,-3.67836887,-2.17055621,0.00000000
0.84152413,-0.13940097,-0.05827612,-0.79214089,0.48027727,-0.60602013,-1.53710745,0.00919291,-4.58030656,-1.23683690,-3.67047518,-2.14666828,0.00000000
0.84216805,-0.13936515,-0.05728485,-0.79376250,0.47452796,-0.61099022,-1.52847111,0.00910719,-4.58279605,-1.20221188,-3.66252626,-2.12248167,0.00000000
0.84282313,-0.13933188,-0.05628063,-0.79537564,0.46852546,-0.61572351,-1.51983100,0.00902198,-4.58541047,-1.16710891,-3.65452152,-2.09799787,0.00000000
0.84348926,-0.13930113,-0.05526353,-0.79698061,0.46226471,-0.62020641,-1.51119566,0.00893728,-4.58814746,-1.13153115,-3.64646026,-2.07321834,0.00000000
0.84416632,-0.13927286,-0.05423364,-0.79857768,0.45574071,-0.62442529,-1.50257373,0.00885308,-4.59100446,-1.09548182,-3.63834170,-2.04814459,0.00000000
0.84485421,-0.13924704,-0.05319102,-0.80016712,0.44894853,-0.62836645,-1.49397398,0.00876939,-4.59397879,-1.05896423,-3.63016493,-2.02277809,0.00000000
0.84555282,-0.13922363,-0.05213577,-0.80174919,0.44188330,-0.63201610,-1.48540532,0.00868621,-4.59706755,-1.02198178,-3.62192898,-1.99712035,0.00000000
0.84626201,-0.13920258,-0.05106796,-0.80332414,0.43454018,-0.63536030,-1.47687686,0.00860353,-4.60026771,-0.98453791,-3.61363276,-1.97117286,0.00000000
0.84698166,-0.13918385,-0.04998768,-0.80489218,0.42691438,-0.63838495,-1.46839789,0.00852135,-4.60357604,-0.94663619,-3.60527511,-1.94493712,0.00000000
0.84771165,-0.13916737,-0.04889501,-0.80645353,0.41900108,-0.64107572,-1.45997791,0.00843968,-4.60698915,-0.90828020,-3.59685473,-1.91841462,0.00000000
0.84845183,-0.13915309,-0.04779003,-0.80800842,0.41079550,-0.64341806,-1.45162670,0.00835850,-4.61050343,-0.86947366,-3.58837023,-1.89160686,0.00000000
0.84920208,-0.13914095,-0.04667283,-0.80955702,0.40229282,-0.64539709,-1.44335427,0.00827783,-4.61411511,-0.83022031,-3.57982011,-1.86451531,0.00000000
0.84996223,-0.13913087,-0.04554350,-0.81109953,0.39348818,-0.64699759,-1.43517096,0.00819766,-4.61782018,-0.79052401,-3.57120273,-1.83714146,0.00000000
0.85073214,-0.13912277,-0.04440212,-0.81263611,0.38437665,-0.64820396,-1.42708744,0.00811798,-4.62161442,-0.75038868,-3.56251633,-1.80948677,0.00000000
0.85151165,-0.13911658,-0.04324877,-0.81416692,0.37495323,-0.64900014,-1.41911473,0.00803881,-4.62549336,-0.70981831,-3.55375899,-1.78155268,0.00000000
0.85230059,-0.13911220,-0.04208355,-0.81569211,0.36521281,-0.64936954,-1.41126426,0.00796013,-4.62945224,-0.66881701,-3.54492863,-1.75334061,0.00000000
0.85309881,-0.13910953,-0.04090654,-0.81721181,0.35515014,-0.64929502,-1.40354791,0.00788195,-4.63348604,-0.62738893,-3.53602300,-1.72485197,0.00000000
0.85390610,-0.13910847,-0.03971783,-0.81872614,0.34475979,-0.64875876,-1.39597803,0.00780426,-4.63758938,-0.58553835,-3.52703961,-1.69608811,0.00000000
0.85472230,-0.13910889,-0.03851750,-0.82023520,0.33403614,-0.64774221,-1.38856751,0.00772707,-4.64175652,-0.54326962,-3.51797579,-1.66705035,0.00000000
0.85554720,-0.13911067,-0.03730565,-0.82173907,0.32297332,-0.64622596,-1.38132983,0.00765038,-4.64598133,-0.50058722,-3.50882860,-1.63773995,0.00000000
0.85638058,-0.13911367,-0.03608235,-0.82323784,0.31156515,-0.64418967,-1.37427912,0.00757418,-4.65025720,-0.45749572,-3.49959478,-1.60815813,0.00000000
0.85722225,-0.13911772,-0.03484771,-0.82473155,0.29980514,-0.64161194,-1.36743023,0.00749847,-4.65457699,-0.41399981,-3.49027079,-1.57830601,0.00000000
0.85807195,-0.13912266,-0.03360179,-0.82622024,0.28768635,-0.63847014,-1.36079881,0.00742326,-4.65893300,-0.37010434,-3.48085269,-1.54818465,0.00000000
0.85892944,-0.13912829,-0.03234469,-0.82770393,0.27520140,-0.63474027,-1.35440141,0.00734854,-4.66331681,-0.32581427,-3.47133609,-1.51779500,0.00000000
0.85979446,-0.13913440,-0.03107648,-0.82918260,0.26234234,-0.63039677,-1.34825558,0.00727431,-4.66771925,-0.28113475,-3.46171613,-1.48713787,0.00000000
0.86066672,-0.13914075,-0.02979726,-0.83065623,0.24910055,-0.62541228,-1.34238001,0.00720058,-4.67213023,-0.23607111,-3.45198738,-1.45621396,0.00000000
0.86154590,-0.13914708,-0.02850709,-0.83212475,0.23546666,-0.61975742,-1.33679465,0.00712734,-4.67653862,-0.19062886,-3.44214370,-1.42502378,0.00000000
0.86243168,-0.13915307,-0.02720606,-0.83358806,0.22143043,-0.61340043,-1.33152093,0.00705459,-4.68093204,-0.14481380,-3.43217820,-1.39356764,0.00000000
0.86332368,-0.13915838,-0.02589424,-0.83504604,0.20698053,-0.60630686,-1.32658194,0.00698233,-4.68529668,-0.09863196,-3.42208304,-1.36184560,0.00000000
0.86422150,-0.13916263,-0.02457169,-0.83649852,0.19210444,-0.59843908,-1.32200268,0.00691057,-4.68961699,-0.05208972,-3.41184926,-1.32985745,0.00000000
0.86512468,-0.13916537,-0.02323848,-0.83794526,0.17678817,-0.58975582,-1.31781039,0.00683929,-4.69387537,-0.00519384,-3.40146660,-1.29760260,0.00000000
0.86603272,-0.13916608,-0.02189466,-0.83938599,0.16101604,-0.58021145,-1.31403491,0.00676850,-4.69805172,0.04204849,-3.39092318,-1.26508006,0.00000000
0.86694504,-0.13916416,-0.02054029,-0.84082035,0.14477034,-0.56975530,-1.31070914,0.00669821,-4.70212293,0.08962950,-3.38020515,-1.23228828,0.00000000
0.86786099,-0.13915889,-0.01917541,-0.84224791,0.12803094,-0.55833061,-1.30786962,0.00662840,-4.70606215,0.13754077,-3.36929630,-1.19922508,0.00000000
0.86877982,-0.13914946,-0.01780003,-0.84366811,0.11077483,-0.54587338,-1.30555727,0.00655909,-4.70983788,0.18577305,-3.35817738,-1.16588746,0.00000000
0.86970063,-0.13913486,-0.01641418,-0.84508028,0.09297549,-0.53231083,-1.30381824,0.00649026,-4.71341281,0.23431605,-3.34682538,-1.13227137,0.00000000
0.87062240,-0.13911389,-0.01501784,-0.84648358,0.07460218,-0.51755949,-1.30270519,0.00642192,-4.71674214,0.28315819,-3.33521249,-1.09837146,0.00000000
0.87154384,-0.13908508,-0.01361097,-0.84787695,0.05561895,-0.50152273,-1.30227871,0.00635407,-4.71977147,0.33228619,-3.32330463,-1.06418065,0.00000000
0.87246345,-0.13904660,-0.01219351,-0.84925904,0.03598344,-0.48408745,-1.30260942,0.00628671,-4.72243362,0.38168454,-3.31105951,-1.02968958,0.00000000
0.87337930,-0.13899618,-0.01076534,-0.85062815,0.01564526,-0.46511988,-1.30378065,0.00621983,-4.72464436,0.43133476,-3.29842377,-0.99488583,0.00000000
0.87428899,-0.13893085,-0.00932626,-0.85198205,-0.00545605,-0.44445970,-1.30589211,0.00615344,-4.72629600,0.48121433,-3.28532889,-0.95975278,0.00000000
0.87518938,-0.13884676,-0.00787600,-0.85331778,-0.02739385,-0.42191222,-1.30906508,0.00608754,-4.72724784,0.53129499,-3.27168497,-0.92426789,0.00000000
0.87607630,-0.13873873,-0.00641416,-0.85463135,-0.05025801,-0.39723736,-1.31344962,0.00602212,-4.72731141,0.58154024,-3.25737117,-0.88840000,0.00000000
0.87694401,-0.13859962,-0.00494010,-0.85591721,-0.07415982,-0.37013435,-1.31923514,0.00595719,-4.72622667,0.63190125,-3.24222034,-0.85210507,0.00000000
0.87778437,-0.13841918,-0.00345291,-0.85716737,-0.09923819,-0.34022002,-1.32666579,0.00589275,-4.72362214,0.68231002,-3.22599315,-0.81531897,0.00000000
0.87858527,-0.13818216,-0.00195115,-0.85836991,-0.12566683,-0.30699868,-1.33606344,0.00582878,-4.71894462,0.73266732,-3.20833257,-0.77794474,0.00000000
0.87932781,-0.13786467,-0.00043248,-0.85950608,-0.15365949,-0.26982338,-1.34786116,0.00576531,-4.71132784,0.78282020,-3.18867879,-0.73982884,0.00000000
0.87998061,-0.13742697,0.00110704,-0.86054466,-0.18346059,-0.22786112,-1.36264743,0.00570231,-4.69933106,0.83251733,-3.16609989,-0.70071384,0.00000000
0.88048777,-0.13679819,0.00267454,-0.86142992,-0.21527003,-0.18013796,-1.38119618,0.00563980,-4.68038597,0.88131455,-3.13893339,-0.66013803,0.00000000
0.88074300,-0.13584340,0.00428364,-0.86205571,-0.24889241,-0.12604082,-1.40431578,0.00557777,-4.64960199,0.92837142,-3.10401205,-0.61721852,0.00000000
0.88054511,-0.13430706,0.00596012,-0.86222100,-0.28230296,-0.06796643,-1.43163415,0.00551623,-4.59771714,0.97210463,-3.05533512,-0.57027739,0.00000000
0.87965001,-0.13187833,0.00773460,-0.86168187,-0.30785160,-0.01998702,-1.45672900,0.00545516,-4.51348009,1.01060683,-2.98560801,-0.51726524,0.00000000
0.87827941,-0.12883611,0.00957707,-0.86066013,-0.31722981,-0.00215003,-1.46786131,0.00539457,-4.40706615,1.04565097,-2.90141231,-0.46000286,0.00000000
0.87686735,-0.12572978,0.01143117,-0.85959001,-0.31935082,0.00043005,-1.47100322,0.00533446,-4.29844820,1.08066080,-2.81568455,-0.40210285,0.00000000
0.87547198,-0.12263315,0.01328934,-0.85852978,-0.32053099,0.00075200,-1.47283704,0.00527484,-4.19030719,1.11608930,-2.73016317,-0.34405472,0.00000000
0.87409441,-0.11954775,0.01515139,-0.85748067,-0.32169108,0.00078395,-1.47441001,0.00521568,-4.08269821,1.15194084,-2.64488542,-0.28587195,0.00000000
0.87273471,-0.11647384,0.01701723,-0.85644291,-0.32294802,0.00077727,-1.47585644,0.00515701,-3.97562947,1.18821175,-2.55985814,-0.22755957,0.00000000
0.87139294,-0.11341166,0.01888678,-0.85541669,-0.32431717,0.00076537,-1.47719423,0.00509881,-3.86910827,1.22489815,-2.47508764,-0.16912248,0.00000000
0.87006915,-0.11036140,0.02075998,-0.85440217,-0.32580038,0.00075282,-1.47842601,0.00504109,-3.76314065,1.26199585,-2.39057939,-0.11056540,0.00000000
0.86876333,-0.10732323,0.02263673,-0.85339949,-0.32739751,0.00074028,-1.47955242,0.00498384,-3.65773136,1.29950041,-2.30633809,-0.05189286,0.00000000
0.86747547,-0.10429727,0.02451699,-0.85240874,-0.32910802,0.00072780,-1.48057391,0.00492706,-3.55288384,1.33740710,-2.22236756,0.00689083,0.00000000
0.86620550,-0.10128363,0.02640066,-0.85143000,-0.33093122,0.00071536,-1.48149104,0.00487076,-3.44860026,1.37571097,-2.13867084,0.06578155,0.00000000
0.86495335,-0.09828235,0.02828769,-0.85046329,-0.33286629,0.00070295,-1.48230444,0.00481492,-3.34488159,1.41440680,-2.05525019,0.12477540,0.00000000
0.86371891,-0.09529347,0.03017801,-0.84950864,-0.33491229,0.00069052,-1.48301490,0.00475956,-3.24172764,1.45348918,-1.97210711,0.18386865,0.00000000
0.86250206,-0.09231700,0.03207155,-0.84856603,-0.33706819,0.00067805,-1.48362327,0.00470466,-3.13913715,1.49295251,-1.88924243,0.24305779,0.00000000
0.86130264,-0.08935290,0.03396825,-0.84763543,-0.33933283,0.00066551,-1.48413054,0.00465023,-3.03710780,1.53279100,-1.80665627,0.30233947,0.00000000
0.86012048,-0.08640112,0.03586803,-0.84671675,-0.34170499,0.00065286,-1.48453776,0.00459627,-2.93563631,1.57299869,-1.72434815,0.36171053,0.00000000
0.85895540,-0.08346158,0.03777085,-0.84580994,-0.34418332,0.00064007,-1.48484609,0.00454277,-2.83471849,1.61356949,-1.64231699,0.42116800,0.00000000
0.85780717,-0.08053419,0.03967664,-0.84491487,-0.34676642,0.00062712,-1.48505676,0.00448974,-2.73434932,1.65449718,-1.56056117,0.48070903,0.00000000
0.85667558,-0.07761881,0.04158533,-0.84403142,-0.34945280,0.00061398,-1.48517109,0.00443717,-2.63452303,1.69577542,-1.47907856,0.54033096,0.00000000
0.85556039,-0.07471532,0.04349686,-0.84315947,-0.35224092,0.00060063,-1.48519045,0.00438506,-2.53523312,1.73739778,-1.39786658,0.60003124,0.00000000
0.85446133,-0.07182354,0.04541117,-0.84229885,-0.35512916,0.00058703,-1.48511627,0.00433341,-2.43647247,1.77935774,-1.31692221,0.65980749,0.00000000
0.85337815,-0.06894330,0.04732821,-0.84144939,-0.35811586,0.00057315,-1.48495006,0.00428221,-2.33823339,1.82164873,-1.23624208,0.71965742,0.00000000
0.85231056,-0.06607443,0.04924790,-0.84061092,-0.36119929,0.00055899,-1.48469334,0.00423148,-2.24050770,1.86426409,-1.15582247,0.77957886,0.00000000
0.85125830,-0.06321670,0.05117019,-0.83978323,-0.36437771,0.00054451,-1.48434769,0.00418119,-2.14328675,1.90719716,-1.07565936,0.83956976,0.00000000
0.85022105,-0.06036992,0.05309502,-0.83896614,-0.36764931,0.00052969,-1.48391473,0.00413136,-2.04656155,1.95044121,-0.99574848,0.89962814,0.00000000
0.84919852,-0.05753386,0.05502232,-0.83815943,-0.37101229,0.00051451,-1.48339611,0.00408199,-1.95032276,1.99398953,-0.91608535,0.95975212,0.00000000
0.84819042,-0.05470829,0.05695203,-0.83736288,-0.37446479,0.00049895,-1.48279348,0.00403306,-1.85456078,2.03783536,-0.83666530,1.01993988,0.00000000
0.84719642,-0.05189299,0.05888409,-0.83657627,-0.37800496,0.00048299,-1.48210855,0.00398458,-1.75926580,2.08197196,-0.75748351,1.08018967,0.00000000
0.84621623,-0.04908770,0.06081843,-0.83579938,-0.38163091,0.00046661,-1.48134299,0.00393655,-1.66442785,2.12639260,-0.67853504,1.14049978,0.00000000
0.84524952,-0.04629219,0.06275498,-0.83503197,-0.38534077,0.00044979,-1.48049853,0.00388896,-1.57003685,2.17109056,-0.59981487,1.20086858,0.00000000
0.84429599,-0.04350622,0.06469369,-0.83427382,-0.38913264,0.00043253,-1.47957687,0.00384182,-1.47608263,2.21605914,-0.52131792,1.26129443,0.00000000
0.84335531,-0.04072953,0.06663448,-0.83352468,-0.39300464,0.00041480,-1.47857972,0.00379512,-1.38255499,2.26129167,-0.44303907,1.32177576,0.00000000
0.84242719,-0.03796188,0.06857729,-0.83278433,-0.39695488,0.00039658,-1.47750880,0.00374885,-1.28944376,2.30678153,-0.36497322,1.38231100,0.00000000
0.84151130,-0.03520303,0.07052204,-0.83205253,-0.40098149,0.00037787,-1.47636580,0.00370303,-1.19673878,2.35252212,-0.28711526,1.44289860,0.00000000
0.84060734,-0.03245273,0.07246867,-0.83132904,-0.40508258,0.00035866,-1.47515241,0.00365764,-1.10442999,2.39850689,-0.20946012,1.50353702,0.00000000
0.83971501,-0.02971074,0.07441710,-0.83061362,-0.40925632,0.00033892,-1.47387031,0.00361268,-1.01250740,2.44472934,-0.13200279,1.56422473,0.00000000
0.83883399,-0.02697682,0.07636726,-0.82990606,-0.41350086,0.00031866,-1.47252117,0.00356816,-0.92096116,2.49118301,-0.05473834,1.62496019,0.00000000
0.83796399,-0.02425073,0.07831908,-0.82920611,-0.41781438,0.00029786,-1.47110663,0.00352407,-0.82978158,2.53786152,0.02233808,1.68574185,0.00000000
0.83710471,-0.02153226,0.08027248,-0.82851355,-0.42219508,0.00027651,-1.46962831,0.00348040,-0.73895913,2.58475851,0.09923122,1.74656816,0.00000000
0.83625587,-0.01882116,0.08222739,-0.82782817,-0.42664118,0.00025461,-1.46808781,0.00343716,-0.64848447,2.63186770,0.17594571,1.80743752,0.00000000
0.83541718,-0.01611723,0.08418373,-0.82714973,-0.43115093,0.00023214,-1.46648672,0.00339434,-0.55834846,2.67918288,0.25248606,1.86834836,0.00000000
0.83458835,-0.01342024,0.08614142,-0.82647802,-0.43572258,0.00020910,-1.46482659,0.00335194,-0.46854217,2.72669788,0.32885665,1.92929906,0.00000000
0.83376912,-0.01073000,0.08810037,-0.82581283,-0.44035445,0.00018549,-1.46310895,0.00330997,-0.37905692,2.77440659,0.40506172,1.99028796,0.00000000
0.83295921,-0.00804629,0.09006051,-0.82515396,-0.44504483,0.00016130,-1.46133531,0.00326841,-0.28988426,2.82230299,0.48110533,2.05131339,0.00000000
0.83215836,-0.00536892,0.09202176,-0.82450119,-0.44979210,0.00013653,-1.45950713,0.00322726,-0.20101598,2.87038108,0.55699144,2.11237366,0.00000000
0.83136632,-0.00269771,0.09398402,-0.82385434,-0.45459461,0.00011116,-1.45762587,0.00318653,-0.11244414,2.91863495,0.63272380,2.17346701,0.00000000
0.83058282,-0.00003246,0.09594723,-0.82321321,-0.45945078,0.00008521,-1.45569294,0.00314621,-0.02416105,2.96705875,0.70830602,2.23459168,0.00000000
0.82980763,0.00262698,0.09791128,-0.82257760,-0.46435904,0.00005866,-1.45370974,0.00310630,0.06384071,3.01564670,0.78374156,2.29574586,0.00000000
0.82904051,0.00528080,0.09987609,-0.82194734,-0.46931785,0.00003152,-1.45167763,0.00306679,0.15156832,3.06439305,0.85903367,2.35692770,0.00000000
0.82828121,0.00792914,0.10184158,-0.82132224,-0.47432571,0.00000379,-1.44959794,0.00302768,0.23902865,3.11329214,0.93418548,2.41813531,0.00000000
0.82752953,0.01057217,0.10380765,-0.82070214,-0.47938112,-0.00002455,-1.44747197,0.00298898,0.32622833,3.16233836,1.00919992,2.47936677,0.00000000
0.82678522,0.01321003,0.10577421,-0.82008686,-0.48448265,-0.00005348,-1.44530100,0.00295068,0.41317371,3.21152615,1.08407975,2.54062012,0.00000000
0.82604809,0.01584286,0.10774117,-0.81947624,-0.48962886,-0.00008301,-1.44308627,0.00291277,0.49987088,3.26085003,1.15882758,2.60189334,0.00000000
0.82531791,0.01847079,0.10970844,-0.81887012,-0.49481838,-0.00011313,-1.44082901,0.00287525,0.58632567,3.31030456,1.23344582,2.66318441,0.00000000
0.82459449,0.02109394,0.11167593,-0.81826835,-0.50004982,-0.00014385,-1.43853040,0.00283813,0.67254362,3.35988436,1.30793676,2.72449122,0.00000000
0.82387763,0.02371244,0.11364353,-0.81767077,-0.50532185,-0.00017517,-1.43619161,0.00280140,0.75853004,3.40958410,1.38230247,2.78581166,0.00000000
0.82316714,0.02632638,0.11561116,-0.81707725,-0.51063317,-0.00020707,-1.43381377,0.00276505,0.84428997,3.45939850,1.45654491,2.84714356,0.00000000
0.82246282,0.02893589,0.11757872,-0.81648764,-0.51598248,-0.00023957,-1.43139798,0.00272909,0.92982819,3.50932236,1.53066583,2.90848472,0.00000000
0.82176451,0.03154105,0.11954610,-0.81590181,-0.52136854,-0.00027265,-1.42894533,0.00269351,1.01514925,3.55935050,1.60466686,2.96983290,0.00000000
0.82107202,0.03414195,0.12151321,-0.81531963,-0.52679010,-0.00030632,-1.42645687,0.00265830,1.10025744,3.60947781,1.67854945,3.03118580,0.00000000
0.82038519,0.03673869,0.12347996,-0.81474097,-0.53224597,-0.00034057,-1.42393364,0.00262348,1.18515682,3.65969921,1.75231491,3.09254111,0.00000000
0.81970385,0.03933132,0.12544624,-0.81416570,-0.53773496,-0.00037540,-1.42137663,0.00258903,1.26985119,3.71000968,1.82596440,3.15389647,0.00000000
0.81902784,0.04191994,0.12741195,-0.81359373,-0.54325592,-0.00041080,-1.41878684,0.00255495,1.35434416,3.76040424,1.89949891,3.21524949,0.00000000
0.81835701,0.04450460,0.12937699,-0.81302492,-0.54880770,-0.00044677,-1.41616522,0.00252124,1.43863908,3.81087798,1.97291933,3.27659774,0.00000000
0.81769121,0.04708536,0.13134126,-0.81245917,-0.55438921,-0.00048330,-1.41351269,0.00248789,1.52273910,3.86142600,2.04622636,3.33793874,0.00000000
0.81703029,0.04966227,0.13330466,-0.81189637,-0.55999936,-0.00052040,-1.41083019,0.00245491,1.60664715,3.91204345,2.11942061,3.39927000,0.00000000
0.81637412,0.05223539,0.13526708,-0.81133643,-0.56563707,-0.00055806,-1.40811858,0.00242229,1.69036595,3.96272554,2.19250252,3.46058897,0.00000000
0.81572256,0.05480475,0.13722842,-0.81077925,-0.57130130,-0.00059627,-1.40537876,0.00239003,1.77389801,4.01346751,2.26547241,3.52189311,0.00000000
0.81507547,0.05737039,0.13918857,-0.81022472,-0.57699103,-0.00063502,-1.40261155,0.00235813,1.85724566,4.06426463,2.33833050,3.58317979,0.00000000
0.81443274,0.05993234,0.14114744,-0.80967277,-0.58270526,-0.00067432,-1.39981780,0.00232658,1.94041100,4.11511223,2.41107683,3.64444640,0.00000000
0.81379424,0.06249064,0.14310490,-0.80912331,-0.58844299,-0.00071416,-1.39699831,0.00229537,2.02339599,4.16600565,2.48371138,3.70569026,0.00000000
0.81315985,0.06504529,0.14506087,-0.80857624,-0.59420327,-0.00075453,-1.39415388,0.00226452,2.10620237,4.21694029,2.55623397,3.76690869,0.00000000
0.81252946,0.06759632,0.14701523,-0.80803150,-0.59998515,-0.00079542,-1.39128527,0.00223401,2.18883172,4.26791159,2.62864434,3.82809897,0.00000000
0.81190296,0.07014374,0.14896788,-0.80748900,-0.60578769,-0.00083684,-1.38839324,0.00220385,2.27128544,4.31891499,2.70094208,3.88925835,0.00000000
0.81128023,0.07268756,0.15091871,-0.80694867,-0.61160998,-0.00087877,-1.38547853,0.00217403,2.35356476,4.36994601,2.77312671,3.95038405,0.00000000
0.81066119,0.07522777,0.15286761,-0.80641044,-0.61745113,-0.00092122,-1.38254186,0.00214454,2.43567074,4.42100016,2.84519763,4.01147328,0.00000000
0.81004572,0.07776438,0.15481448,-0.80587424,-0.62331025,-0.00096416,-1.37958393,0.00211539,2.51760432,4.47207302,2.91715413,4.07252321,0.00000000
0.80943373,0.08029737,0.15675921,-0.80534001,-0.62918649,-0.00100761,-1.37660545,0.00208657,2.59936623,4.52316018,2.98899542,4.13353099,0.00000000
0.80882513,0.08282675,0.15870168,-0.80480768,-0.63507899,-0.00105155,-1.37360707,0.00205808,2.68095709,4.57425725,3.06072061,4.19449374,0.00000000
0.80821984,0.08535249,0.16064180,-0.80427720,-0.64098692,-0.00109597,-1.37058947,0.00202992,2.76237737,4.62535991,3.13232870,4.25540858,0.00000000
0.80761775,0.08787458,0.16257945,-0.80374850,-0.64690945,-0.00114088,-1.36755328,0.00200208,2.84362738,4.67646383,3.20381864,4.31627257,0.00000000
0.80701880,0.09039299,0.16451453,-0.80322153,-0.65284578,-0.00118625,-1.36449915,0.00197456,2.92470732,4.72756472,3.27518924,4.37708280,0.00000000
0.80642290,0.09290770,0.16644692,-0.80269624,-0.65879512,-0.00123210,-1.36142769,0.00194736,3.00561723,4.77865834,3.34643928,4.43783629,0.00000000
0.80582997,0.09541869,0.16837652,-0.80217257,-0.66475669,-0.00127841,-1.35833951,0.00192048,3.08635704,4.82974045,3.41756742,4.49853007,0.00000000
0.80523994,0.09792591,0.17030321,-0.80165049,-0.67072971,-0.00132518,-1.35523521,0.00189391,3.16692656,4.88080685,3.48857226,4.55916115,0.00000000
0.80465274,0.10042933,0.17222690,-0.80112995,-0.67671342,-0.00137240,-1.35211537,0.00186765,3.24732547,4.93185336,3.55945232,4.61972651,0.00000000
0.80406830,0.10292891,0.17414747,-0.80061089,-0.68270709,-0.00142006,-1.34898057,0.00184170,3.32755332,4.98287583,3.63020604,4.68022312,0.00000000
0.80348655,0.10542462,0.17606481,-0.80009329,-0.68870998,-0.00146816,-1.34583136,0.00181606,3.40760958,5.03387015,3.70083179,4.74064793,0.00000000
0.80290742,0.10791640,0.17797881,-0.79957709,-0.69472136,-0.00151669,-1.34266831,0.00179072,3.48749357,5.08483221,3.77132789,4.80099789,0.00000000
0.80233087,0.11040421,0.17988937,-0.79906227,-0.70074053,-0.00156565,-1.33949195,0.00176568,3.56720453,5.13575794,3.84169256,4.86126991,0.00000000
0.80175682,0.11288799,0.18179637,-0.79854879,-0.70676677,-0.00161503,-1.33630281,0.00174094,3.64674160,5.18664329,3.91192397,4.92146092,0.00000000
0.80118522,0.11536769,0.18369970,-0.79803661,-0.71279939,-0.00166483,-1.33310141,0.00171649,3.72610380,5.23748424,3.98202025,4.98156779,0.00000000
0.80061601,0.11784326,0.18559926,-0.79752570,-0.71883771,-0.00171503,-1.32988828,0.00169233,3.80529006,5.28827679,4.05197943,5.04158742,0.00000000
0.80004915,0.12031463,0.18749494,-0.79701603,-0.72488106,-0.00176564,-1.32666392,0.00166847,3.88429923,5.33901696,4.12179950,5.10151669,0.00000000
0.79948459,0.12278175,0.18938662,-0.79650757,-0.73092876,-0.00181664,-1.32342882,0.00164489,3.96313003,5.38970080,4.19147840,5.16135244,0.00000000
0.79892227,0.12524454,0.19127421,-0.79600031,-0.73698016,-0.00186804,-1.32018347,0.00162160,4.04178114,5.44032438,4.26101400,5.22109153,0.00000000
0.79836215,0.12770294,0.19315758,-0.79549420,-0.74303461,-0.00191982,-1.31692836,0.00159858,4.12025112,5.49088380,4.33040412,5.28073080,0.00000000
0.79780418,0.13015689,0.19503664,-0.79498923,-0.74909146,-0.00197199,-1.31366396,0.00157585,4.19853846,5.54137516,4.39964654,5.34026708,0.00000000
0.79724833,0.13260630,0.19691128,-0.79448537,-0.75515008,-0.00202453,-1.31039073,0.00155339,4.27664156,5.59179461,4.46873898,5.39969719,0.00000000
0.79669455,0.13505112,0.19878138,-0.79398261,-0.76120985,-0.00207744,-1.30710914,0.00153121,4.35455874,5.64213832,4.53767911,5.45901795,0.00000000
0.79614280,0.13749125,0.20064684,-0.79348092,-0.76727013,-0.00213071,-1.30381964,0.00150930,4.43228827,5.69240245,4.60646456,5.51822616,0.00000000
0.79559306,0.13992662,0.20250755,-0.79298029,-0.77333032,-0.00218435,-1.30052268,0.00148766,4.50982830,5.74258322,4.67509291,5.57731862,0.00000000
0.79504527,0.14235715,0.20436340,-0.79248070,-0.77938981,-0.00223834,-1.29721869,0.00146629,4.58717695,5.79267686,4.74356169,5.63629212,0.00000000
0.79449942,0.14478277,0.20621429,-0.79198214,-0.78544801,-0.00229268,-1.29390812,0.00144518,4.66433224,5.84267961,4.81186839,5.69514346,0.00000000
0.79395546,0.14720338,0.20806012,-0.79148458,-0.79150430,-0.00234737,-1.29059139,0.00142433,4.74129214,5.89258774,4.88001048,5.75386940,0.00000000
0.79341338,0.14961890,0.20990076,-0.79098803,-0.79755811,-0.00240239,-1.28726893,0.00140373,4.81805456,5.94239755,4.94798537,5.81246674,0.00000000
0.79287313,0.15202924,0.21173612,-0.79049246,-0.80360885,-0.00245776,-1.28394116,0.00138340,4.89461731,5.99210535,5.01579042,5.87093223,0.00000000
0.79233469,0.15443431,0.21356610,-0.78999787,-0.80965595,-0.00251345,-1.28060849,0.00136332,4.97097818,6.04170747,5.08342299,5.92926266,0.00000000
0.79179805,0.15683402,0.21539058,-0.78950424,-0.81569883,-0.00256947,-1.27727133,0.00134349,5.04713488,6.09120027,5.15088036,5.98745478,0.00000000
0.79126317,0.15922828,0.21720946,-0.78901158,-0.82173692,-0.00262582,-1.27393009,0.00132391,5.12308505,6.14058013,5.21815982,6.04550535,0.00000000
0.79073003,0.16161699,0.21902263,-0.78851987,-0.82776966,-0.00268249,-1.27058516,0.00130458,5.19882630,6.18984344,5.28525859,6.10341115,0.00000000
0.79019861,0.16400006,0.22083000,-0.78802911,-0.83379651,-0.00273947,-1.26723694,0.00128549,5.27435616,6.23898663,5.35217387,6.16116892,0.00000000
0.78966889,0.16637738,0.22263146,-0.78753929,-0.83981689,-0.00279677,-1.26388583,0.00126664,5.34967212,6.28800615,5.41890284,6.21877543,0.00000000
0.78914086,0.16874887,0.22442690,-0.78705042,-0.84583027,-0.00285437,-1.26053221,0.00124803,5.42477162,6.33689844,5.48544264,6.27622743,0.00000000
0.78861449,0.17111441,0.22621622,-0.78656248,-0.85183610,-0.00291228,-1.25717647,0.00122965,5.49965205,6.38566001,5.55179038,6.33352167,0.00000000
0.78808977,0.17347391,0.22799931,-0.78607547,-0.85783384,-0.00297050,-1.25381899,0.00121152,5.57431072,6.43428734,5.61794314,6.39065492,0.00000000
0.78756670,0.17582726,0.22977609,-0.78558941,-0.86382296,-0.00302901,-1.25046014,0.00119361,5.64874494,6.48277698,5.68389799,6.44762394,0.00000000
0.78704524,0.17817437,0.23154644,-0.78510427,-0.86980293,-0.00308782,-1.24710030,0.00117593,5.72295195,6.53112548,5.74965195,6.50442547,0.00000000
0.78652540,0.18051511,0.23331026,-0.78462008,-0.87577322,-0.00314693,-1.24373985,0.00115848,5.79692893,6.57932939,5.81520203,6.56105629,0.00000000
0.78600716,0.18284939,0.23506745,-0.78413683,-0.88173330,-0.00320632,-1.24037913,0.00114125,5.87067305,6.62738532,5.88054522,6.61751316,0.00000000
0.78549051,0.18517709,0.23681791,-0.78365452,-0.88768266,-0.00326601,-1.23701854,0.00112425,5.94418141,6.67528988,5.94567847,6.67379283,0.00000000
0.78497545,0.18749811,0.23856155,-0.78317316,-0.89362078,-0.00332599,-1.23365841,0.00110747,6.01745110,6.72303971,6.01059872,6.72989208,0.00000000
0.78446197,0.18981234,0.24029826,-0.78269275,-0.89954715,-0.00338625,-1.23029912,0.00109090,6.09047912,6.77063147,6.07530290,6.78580769,0.00000000
0.78395006,0.19211966,0.24202794,-0.78221331,-0.90546125,-0.00344680,-1.22694102,0.00107455,6.16326249,6.81806183,6.13978790,6.84153642,0.00000000
0.78343971,0.19441996,0.24375050,-0.78173483,-0.91136259,-0.00350764,-1.22358447,0.00105842,6.23579816,6.86532750,6.20405059,6.89707506,0.00000000
0.78293093,0.19671312,0.24546584,-0.78125732,-0.91725067,-0.00356876,-1.22022981,0.00104249,6.30808304,6.91242521,6.26808785,6.95242039,0.00000000
0.78242371,0.19899904,0.24717385,-0.78078080,-0.92312497,-0.00363016,-1.21687739,0.00102677,6.38011402,6.95935170,6.33189651,7.00756921,0.00000000
0.78191804,0.20127759,0.24887446,-0.78030527,-0.92898501,-0.00369184,-1.21352757,0.00101126,6.45188796,7.00610375,6.39547339,7.06251831,0.00000000
0.78141394,0.20354866,0.25056755,-0.77983074,-0.93483029,-0.00375380,-1.21018069,0.00099595,6.52340167,7.05267814,6.45881532,7.11726449,0.00000000
0.78091140,0.20581214,0.25225303,-0.77935723,-0.94066033,-0.00381605,-1.20683708,0.00098085,6.59465195,7.09907170,6.52191908,7.17180457,0.00000000
0.78041041,0.20806789,0.25393082,-0.77888474,-0.94647463,-0.00387858,-1.20349709,0.00096594,6.66563555,7.14528127,6.58478146,7.22613536,0.00000000
0.77991099,0.21031581,0.25560081,-0.77841329,-0.95227272,-0.00394139,-1.20016106,0.00095124,6.73634922,7.19130370,6.64739923,7.28025369,0.00000000
0.77941313,0.21255577,0.25726292,-0.77794289,-0.95805410,-0.00400449,-1.19682933,0.00093672,6.80678964,7.23713589,6.70976915,7.33415638,0.00000000
0.77891685,0.21478765,0.25891704,-0.77747356,-0.96381831,-0.00406787,-1.19350223,0.00092241,6.87695350,7.28277475,6.77188796,7.38784029,0.00000000
0.77842214,0.21701133,0.26056310,-0.77700531,-0.96956486,-0.00413153,-1.19018009,0.00090828,6.94683746,7.32821721,6.83375240,7.44130226,0.00000000
0.77792901,0.21922668,0.26220099,-0.77653815,-0.97529328,-0.00419548,-1.18686325,0.00089434,7.01643814,7.37346022,6.89535920,7.49453916,0.00000000
0.77743747,0.22143360,0.26383063,-0.77607211,-0.98100311,-0.00425973,-1.18355203,0.00088059,7.08575214,7.41850078,6.95670507,7.54754784,0.00000000
0.77694752,0.22363194,0.26545193,-0.77560719,-0.98669386,-0.00432426,-1.18024676,0.00086702,7.15477605,7.46333589,7.01778673,7.60032521,0.00000000
0.77645918,0.22582159,0.26706480,-0.77514342,-0.99236509,-0.00438909,-1.17694777,0.00085364,7.22350644,7.50796257,7.07860087,7.65286814,0.00000000
0.77597246,0.22800242,0.26866915,-0.77468081,-0.99801633,-0.00445422,-1.17365538,0.00084043,7.29193984,7.55237790,7.13914420,7.70517354,0.00000000
0.77548736,0.23017431,0.27026489,-0.77421939,-1.00364711,-0.00451964,-1.17036992,0.00082741,7.36007279,7.59657895,7.19941340,7.75723834,0.00000000
0.77500389,0.23233713,0.27185194,-0.77375917,-1.00925698,-0.00458537,-1.16709171,0.00081456,7.42790178,7.64056283,7.25940516,7.80905945,0.00000000
0.77452207,0.23449075,0.27343022,-0.77330017,-1.01484548,-0.00465141,-1.16382107,0.00080189,7.49542332,7.68432667,7.31911617,7.86063382,0.00000000
0.77404191,0.23663505,0.27499963,-0.77284242,-1.02041216,-0.00471776,-1.16055832,0.00078939,7.56263388,7.72786763,7.37854310,7.91195840,0.00000000
0.77356343,0.23876990,0.27656010,-0.77238592,-1.02595658,-0.00478443,-1.15730377,0.00077706,7.62952991,7.77118289,7.43768264,7.96303017,0.00000000
0.77308663,0.24089518,0.27811154,-0.77193072,-1.03147827,-0.00485141,-1.15405774,0.00076490,7.69610788,7.81426968,7.49653146,8.01384610,0.00000000
0.77261153,0.24301075,0.27965386,-0.77147682,-1.03697681,-0.00491872,-1.15082055,0.00075291,7.76236422,7.85712522,7.55508624,8.06440320,0.00000000
0.77213816,0.24511649,0.28118699,-0.77102425,-1.04245174,-0.00498637,-1.14759250,0.00074108,7.82829535,7.89974679,7.61334366,8.11469849,0.00000000
0.77166651,0.24721227,0.28271085,-0.77057304,-1.04790263,-0.00505435,-1.14437392,0.00072941,7.89389770,7.94213168,7.67130039,8.16472899,0.00000000
0.77119662,0.24929796,0.28422536,-0.77012320,-1.05332904,-0.00512268,-1.14116511,0.00071791,7.95916767,7.98427720,7.72895312,8.21449175,0.00000000
0.77072849,0.25137344,0.28573044,-0.76967477,-1.05873053,-0.00519136,-1.13796637,0.00070656,8.02410167,8.02618070,7.78629854,8.26398383,0.00000000
0.77026215,0.25343857,0.28722600,-0.76922777,-1.06410667,-0.00526039,-1.13477802,0.00069538,8.08869610,8.06783957,7.84333333,8.31320233,0.00000000
0.76979761,0.25549323,0.28871198,-0.76878222,-1.06945703,-0.00532979,-1.13160037,0.00068435,8.15294733,8.10925120,7.90005419,8.36214434,0.00000000
0.76933490,0.25753729,0.29018830,-0.76833814,-1.07478119,-0.00539956,-1.12843371,0.00067347,8.21685177,8.15041303,7.95645782,8.41080698,0.00000000
0.76887403,0.25957061,0.29165488,-0.76789558,-1.08007872,-0.00546972,-1.12527835,0.00066274,8.28040580,8.19132252,8.01254093,8.45918739,0.00000000
0.76841503,0.26159308,0.29311165,-0.76745454,-1.08534920,-0.00554026,-1.12213460,0.00065217,8.34360581,8.23197716,8.06830023,8.50728273,0.00000000
0.76795791,0.26360455,0.29455854,-0.76701506,-1.09059221,-0.00561121,-1.11900274,0.00064174,8.40644817,8.27237447,8.12373246,8.55509019,0.00000000
0.76750270,0.26560492,0.29599547,-0.76657717,-1.09580733,-0.00568256,-1.11588309,0.00063146,8.46892929,8.31251202,8.17883433,8.60260697,0.00000000
0.76704941,0.26759403,0.29742238,-0.76614089,-1.10099415,-0.00575433,-1.11277594,0.00062132,8.53104553,8.35238736,8.23360261,8.64983028,0.00000000
0.76659808,0.26957178,0.29883919,-0.76570626,-1.10615225,-0.00582653,-1.10968158,0.00061133,8.59279330,8.39199813,8.28803405,8.69675738,0.00000000
0.76614872,0.27153802,0.30024583,-0.76527330,-1.11128124,-0.00589916,-1.10660031,0.00060148,8.65416900,8.43134195,8.34212541,8.74338554,0.00000000
0.76570136,0.27349264,0.30164224,-0.76484204,-1.11638071,-0.00597225,-1.10353242,0.00059177,8.71516902,8.47041651,8.39587348,8.78971205,0.00000000
0.76525262,0.27544032,0.30302876,-0.76440911,-1.11638071,-0.01691909,-1.09467446,0.00058220,8.77596046,8.50920705,8.44939067,8.83577684,0.00000000
0.76479973,0.27738494,0.30440566,-0.76397174,-1.11638071,-0.02777129,-1.08589525,0.00057276,8.83668109,8.54770141,8.50276966,8.88161284,0.00000000
0.76434293,0.27932607,0.30577285,-0.76353018,-1.11638071,-0.03853001,-1.07719353,0.00056346,8.89731664,8.58589881,8.55600024,8.92721521,0.00000000
0.76388247,0.28126332,0.30713023,-0.76308468,-1.11638071,-0.04919633,-1.06856812,0.00055429,8.95785323,8.62379843,8.60907245,8.97257920,0.00000000
0.76341857,0.28319629,0.30847773,-0.76263548,-1.11638071,-0.05977126,-1.06001794,0.00054525,9.01827734,8.66139943,8.66197661,9.01770015,0.00000000
0.76295148,0.28512460,0.30981526,-0.76218281,-1.11638071,-0.07025573,-1.05154195,0.00053635,9.07857581,8.69870096,8.71470325,9.06257351,0.00000000
0.76248141,0.28704786,0.31114273,-0.76172690,-1.11638071,-0.08065060,-1.04313922,0.00052757,9.13873582,8.73570214,8.76724315,9.10719481,0.00000000
0.76200857,0.28896570,0.31246007,-0.76126798,-1.11638071,-0.09095665,-1.03480886,0.00051892,9.19874486,8.77240207,8.81958729,9.15155964,0.00000000
0.76153318,0.29087778,0.31376719,-0.76080625,-1.11638071,-0.10117462,-1.02655006,0.00051039,9.25859072,8.80879986,8.87172686,9.19566372,0.00000000
0.76105545,0.29278373,0.31506402,-0.76034193,-1.11638071,-0.11130517,-1.01836207,0.00050199,9.31826148,8.84489457,8.92365326,9.23950279,0.00000000
0.76057556,0.29468320,0.31635049,-0.75987521,-1.11638071,-0.12134891,-1.01024420,0.00049371,9.37774549,8.88068528,8.97535804,9.28307272,0.00000000
0.76009372,0.29657587,0.31762651,-0.75940630,-1.11638071,-0.13130641,-1.00219582,0.00048555,9.43703133,8.91617105,9.02683298,9.32636941,0.00000000
0.75961011,0.29846139,0.31889203,-0.75893539,-1.11638071,-0.14117817,-0.99421632,0.00047751,9.49610787,8.95135095,9.07806997,9.36938885,0.00000000
0.75912492,0.30033944,0.32014696,-0.75846267,-1.11638071,-0.15096466,-0.98630519,0.00046959,9.55496418,8.98622403,9.12906111,9.41212709,0.00000000
0.75863833,0.30220971,0.32139124,-0.75798833,-1.11638071,-0.16066628,-0.97846192,0.00046178,9.61358956,9.02078933,9.17979863,9.45458026,0.00000000
0.75815052,0.30407187,0.32262481,-0.75751254,-1.11638071,-0.17028342,-0.97068608,0.00045409,9.67197353,9.05504593,9.23027492,9.49674454,0.00000000
0.75766166,0.30592562,0.32384759,-0.75703548,-1.11638071,-0.17981639,-0.96297727,0.00044652,9.73010583,9.08899286,9.28048252,9.53861617,0.00000000
0.75717192,0.30777066,0.32505954,-0.75655733,-1.11638071,-0.18926551,-0.95533512,0.00043905,9.78797636,9.12262919,9.33041408,9.58019147,0.00000000
0.75668146,0.30960668,0.32626057,-0.75607826,-1.11638071,-0.19863101,-0.94775932,0.00043169,9.84557524,9.15595397,9.38006241,9.62146680,0.00000000
0.75619046,0.31143339,0.32745065,-0.75559843,-1.11638071,-0.20791314,-0.94024957,0.00042445,9.90289276,9.18896629,9.42942045,9.66243860,0.00000000
0.75569906,0.31325051,0.32862970,-0.75511801,-1.11638071,-0.21711206,-0.93280563,0.00041731,9.95991941,9.22166522,9.47848127,9.70310336,0.00000000
0.75520742,0.31505775,0.32979768,-0.75463715,-1.11638071,-0.22622795,-0.92542729,0.00041028,10.01664581,9.25404984,9.52723803,9.74345762,0.00000000
0.75471571,0.31685484,0.33095452,-0.75415602,-1.11638071,-0.23526093,-0.91811436,0.00040335,10.07306277,9.28611925,9.57568404,9.78349798,0.00000000
0.75422406,0.31864149,0.33210018,-0.75367477,-1.11638071,-0.24421109,-0.91086667,0.00039653,10.12916128,9.31787256,9.62381273,9.82322111,0.00000000
0.75373264,0.32041744,0.33323460,-0.75319355,-1.11638071,-0.25307853,-0.90368412,0.00038981,10.18493245,9.34930889,9.67161761,9.86262373,0.00000000
0.75324157,0.32218242,0.33435774,-0.75271251,-1.11638071,-0.26186327,-0.89656659,0.00038319,10.24036757,9.38042738,9.71909234,9.90170261,0.00000000
0.75275102,0.32393616,0.33546955,-0.75223179,-1.11638071,-0.27056536,-0.88951402,0.00037667,10.29545807,9.41122718,9.76623067,9.94045458,0.00000000
0.75226111,0.32567842,0.33656997,-0.75175155,-1.11638071,-0.27918479,-0.88252636,0.00037025,10.35019552,9.44170747,9.81302646,9.97887653,0.00000000
0.75177199,0.32740894,0.33765898,-0.75127191,-1.11638071,-0.28772154,-0.87560358,0.00036393,10.40457164,9.47186743,9.85947367,10.01696540,0.00000000
0.75128379,0.32912746,0.33873652,-0.75079303,-1.11638071,-0.29617558,-0.86874568,0.00035770,10.45857830,9.50170626,9.90556637,10.05471819,0.00000000
0.75079665,0.33083374,0.33980256,-0.75031504,-1.11638071,-0.30454684,-0.86195268,0.00035157,10.51220749,9.53122321,9.95129874,10.09213196,0.00000000
0.75031070,0.33252755,0.34085705,-0.74983807,-1.11638071,-0.31283526,-0.85522461,0.00034553,10.56545136,9.56041751,9.99666505,10.12920382,0.00000000
0.74982606,0.33420863,0.34189996,-0.74936226,-1.11638071,-0.32104075,-0.84856154,0.00033958,10.61830217,9.58928844,10.04165967,10.16593093,0.00000000
0.74934287,0.33587676,0.34293125,-0.74888773,-1.11638071,-0.32916319,-0.84196354,0.00033373,10.67075233,9.61783529,10.08627709,10.20231053,0.00000000
0.74886126,0.33753170,0.34395090,-0.74841462,-1.11638071,-0.33720246,-0.83543070,0.00032796,10.72279438,9.64605740,10.13051189,10.23833989,0.00000000
0.74838134,0.33917323,0.34495886,-0.74794305,-1.11638071,-0.34515844,-0.82896313,0.00032229,10.77442100,9.67395410,10.17435874,10.27401637,0.00000000
0.74790323,0.34080113,0.34595510,-0.74747315,-1.11638071,-0.35303097,-0.82256095,0.00031670,10.82562498,9.70152478,10.21781242,10.30933735,0.00000000
0.74742707,0.34241517,0.34693960,-0.74700503,-1.11638071,-0.36081991,-0.81622429,0.00031119,10.87639927,9.72876884,10.26086780,10.34430030,0.00000000
0.74695296,0.34401515,0.34791234,-0.74653883,-1.11638071,-0.36852507,-0.80995331,0.00030578,10.92673692,9.75568571,10.30351988,10.37890275,0.00000000
0.74648102,0.34560084,0.34887328,-0.74607466,-1.11638071,-0.37614629,-0.80374816,0.00030044,10.97663112,9.78227485,10.34576372,10.41314226,0.00000000
0.74601137,0.34717205,0.34982240,-0.74561263,-1.11638071,-0.38368338,-0.79760901,0.00029519,11.02607522,9.80853576,10.38759450,10.44701648,0.00000000
0.74554411,0.34872856,0.35075969,-0.74515286,-1.11638071,-0.39113614,-0.79153605,0.00029003,11.07506266,9.83446798,10.42900751,10.48052313,0.00000000
0.74507937,0.35027018,0.35168512,-0.74469546,-1.11638071,-0.39850438,-0.78552947,0.00028494,11.12358704,9.86007105,10.46999814,10.51365995,0.00000000
0.74461724,0.35179672,0.35259867,-0.74424055,-1.11638071,-0.40578789,-0.77958946,0.00027993,11.17164208,9.88534457,10.51056186,10.54642479,0.00000000
0.74415784,0.35330797,0.35350033,-0.74378824,-1.11638071,-0.41298645,-0.77371624,0.00027500,11.21922163,9.91028819,10.55069427,10.57881555,0.00000000
0.74370127,0.35480376,0.35439008,-0.74333862,-1.11638071,-0.42009987,-0.76791000,0.00027015,11.26631968,9.93490155,10.59039106,10.61083018,0.00000000
0.74324763,0.35628389,0.35526791,-0.74289182,-1.11638071,-0.42712791,-0.76217098,0.00026538,11.31293037,9.95918438,10.62964803,10.64246672,0.00000000
0.74279703,0.35774820,0.35613382,-0.74244792,-1.11638071,-0.43407037,-0.75649939,0.00026068,11.35904795,9.98313641,10.66846110,10.67372325,0.00000000
0.74234956,0.35919649,0.35698779,-0.74200704,-1.11638071,-0.44092701,-0.75089546,0.00025606,11.40466682,10.00675743,10.70682628,10.70459796,0.00000000
0.74190532,0.36062861,0.35782981,-0.74156927,-1.11638071,-0.44769762,-0.74535943,0.00025151,11.44978153,10.03004725,10.74473970,10.73508908,0.00000000
0.74146442,0.36204439,0.35865989,-0.74113471,-1.11638071,-0.45438198,-0.73989151,0.00024703,11.49438676,10.05300575,10.78219759,10.76519491,0.00000000
0.74102693,0.36344366,0.35947801,-0.74070346,-1.11638071,-0.46097986,-0.73449195,0.00024262,11.53847733,10.07563283,10.81919631,10.79491385,0.00000000
0.74059296,0.36482627,0.36028418,-0.74027561,-1.11638071,-0.46749106,-0.72916099,0.00023829,11.58204822,10.09792845,10.85573233,10.82424434,0.00000000
0.74016260,0.36619206,0.36107840,-0.73985126,-1.11638071,-0.47391535,-0.72389885,0.00023402,11.62509454,10.11989259,10.89180221,10.85318491,0.00000000
0.73973593,0.36754088,0.36186068,-0.73943048,-1.11638071,-0.48025252,-0.71870577,0.00022983,11.66761156,10.14152529,10.92740267,10.88173418,0.00000000
0.73931304,0.36887259,0.36263100,-0.73901339,-1.11638071,-0.48650237,-0.71358197,0.00022570,11.70959471,10.16282665,10.96253053,10.90989083,0.00000000
0.73889401,0.37018705,0.36338940,-0.73860004,-1.11638071,-0.49266470,-0.70852770,0.00022164,11.75103955,10.18379680,10.99718272,10.93765363,0.00000000
0.73847893,0.37148413,0.36413586,-0.73819055,-1.11638071,-0.49873931,-0.70354318,0.00021764,11.79194181,10.20443591,11.03135631,10.96502142,0.00000000
0.73806787,0.37276370,0.36487041,-0.73778497,-1.11638071,-0.50472601,-0.69862862,0.00021371,11.83229738,10.22474423,11.06504849,10.99199312,0.00000000
0.73766093,0.37402562,0.36559306,-0.73738341,-1.11638071,-0.51062463,-0.69378424,0.00020984,11.87210232,10.24472201,11.09825657,11.01856776,0.00000000
0.73725816,0.37526980,0.36630382,-0.73698592,-1.11638071,-0.51643499,-0.68901025,0.00020604,11.91135282,10.26436961,11.13097801,11.04474442,0.00000000
0.73685965,0.37649609,0.36700270,-0.73659260,-1.11638071,-0.52215693,-0.68430687,0.00020230,11.95004527,10.28368740,11.16321038,11.07052228,0.00000000
0.73646546,0.37770441,0.36768974,-0.73620350,-1.11638071,-0.52779029,-0.67967428,0.00019862,11.98817621,10.30267581,11.19495140,11.09590063,0.00000000
0.73607568,0.37889465,0.36836495,-0.73581871,-1.11638071,-0.53333494,-0.67511267,0.00019500,12.02574236,10.32133534,11.22619890,11.12087880,0.00000000
0.73569035,0.38006670,0.36902835,-0.73543830,-1.11638071,-0.53879075,-0.67062223,0.00019144,12.06274062,10.33966653,11.25695088,11.14545627,0.00000000
0.73530956,0.38122049,0.36967997,-0.73506232,-1.11638071,-0.54415761,-0.66620311,0.00018794,12.09916805,10.35766997,11.28720547,11.16963255,0.00000000
0.73493336,0.38235591,0.37031984,-0.73469085,-1.11638071,-0.54943540,-0.66185550,0.00018449,12.13502189,10.37534633,11.31696093,11.19340729,0.00000000
0.73456182,0.38347288,0.37094798,-0.73432395,-1.11638071,-0.55462403,-0.65757952,0.00018111,12.17029959,10.39269631,11.34621567,11.21678022,0.00000000
0.73419498,0.38457135,0.37156444,-0.73396167,-1.11638071,-0.55972345,-0.65337532,0.00017778,12.20499874,10.40972068,11.37496826,11.23975116,0.00000000
0.73383292,0.38565122,0.37216924,-0.73360408,-1.11638071,-0.56473358,-0.64924302,0.00017451,12.23911716,10.42642027,11.40321739,11.26232003,0.00000000
0.73347567,0.38671245,0.37276242,-0.73325122,-1.11638071,-0.56965439,-0.64518274,0.00017129,12.27265283,10.44279597,11.43096194,11.28448686,0.00000000
0.73312330,0.38775497,0.37334402,-0.73290316,-1.11638071,-0.57448585,-0.64119456,0.00016812,12.30560394,10.45884873,11.45820091,11.30625177,0.00000000
0.73277585,0.38877873,0.37391408,-0.73255994,-1.11638071,-0.57922795,-0.63727858,0.00016501,12.33796887,10.47457957,11.48493346,11.32761497,0.00000000
0.73243336,0.38978370,0.37447265,-0.73222160,-1.11638071,-0.58388071,-0.63343485,0.00016195,12.36974621,10.48998954,11.51115894,11.34857681,0.00000000
0.73209589,0.39076982,0.37501977,-0.73188820,-1.11638071,-0.58844415,-0.62966343,0.00015895,12.40093472,10.50507979,11.53687681,11.36913770,0.00000000
0.73176347,0.39173707,0.37555549,-0.73155978,-1.11638071,-0.59291834,-0.62596434,0.00015599,12.43153341,10.51985151,11.56208673,11.38929819,0.00000000
0.73143613,0.39268542,0.37607985,-0.73123637,-1.11638071,-0.59730334,-0.62233761,0.00015308,12.46154145,10.53430598,11.58678850,11.40905892,0.00000000
0.73111392,0.39361486,0.37659292,-0.73091801,-1.11638071,-0.60159924,-0.61878323,0.00015023,12.49095825,10.54844451,11.61098211,11.42842065,0.00000000
0.73079687,0.39452537,0.37709475,-0.73060474,-1.11638071,-0.60580616,-0.61530117,0.00014742,12.51978342,10.56226851,11.63466769,11.44738424,0.00000000
0.73048500,0.39541695,0.37758539,-0.73029659,-1.11638071,-0.60992425,-0.61189140,0.00014466,12.54801679,10.57577944,11.65784557,11.46595066,0.00000000
0.73017835,0.39628960,0.37806490,-0.72999358,-1.11638071,-0.61395366,-0.60855385,0.00014195,12.57565840,10.58897882,11.68051622,11.48412100,0.00000000
0.72987694,0.39714332,0.37853335,-0.72969574,-1.11638071,-0.61789457,-0.60528845,0.00013928,12.60270850,10.60186826,11.70268030,11.50189647,0.00000000
0.72958079,0.39797814,0.37899080,-0.72940310,-1.11638071,-0.62174721,-0.60209507,0.00013666,12.62916759,10.61444943,11.72433865,11.51927837,0.00000000
0.72928992,0.39879408,0.37943732,-0.72911568,-1.11638071,-0.62551180,-0.59897361,0.00013409,12.65503637,10.62672405,11.74549228,11.53626814,0.00000000
0.72900435,0.39959116,0.37987298,-0.72883348,-1.11638071,-0.62918861,-0.59592390,0.00013156,12.68031576,10.63869394,11.76614238,11.55286732,0.00000000
0.72872409,0.40036943,0.38029785,-0.72855653,-1.11638071,-0.63277793,-0.59294579,0.00012907,12.70500693,10.65036099,11.78629032,11.56907760,0.00000000
0.72844914,0.40112893,0.38071201,-0.72828484,-1.11638071,-0.63628008,-0.59003906,0.00012663,12.72911126,10.66172713,11.80593765,11.58490074,0.00000000
0.72817952,0.40186971,0.38111552,-0.72801842,-1.11638071,-0.63969538,-0.58720350,0.00012423,12.75263037,10.67279439,11.82508611,11.60033866,0.00000000
0.72791524,0.40259183,0.38150848,-0.72775726,-1.11638071,-0.64302423,-0.58443888,0.00012187,12.77556611,10.68356488,11.84373761,11.61539338,0.00000000
0.72765628,0.40329535,0.38189096,-0.72750138,-1.11638071,-0.64626701,-0.58174490,0.00011956,12.79792056,10.69404075,11.86189426,11.63006705,0.00000000
0.72740266,0.40398036,0.38226305,-0.72725078,-1.11638071,-0.64942416,-0.57912129,0.00011728,12.81969605,10.70422426,11.87955836,11.64436195,0.00000000
0.72715436,0.40464693,0.38262484,-0.72700544,-1.11638071,-0.65249613,-0.57656772,0.00011505,12.84089512,10.71411772,11.89673238,11.65828047,0.00000000
0.72691138,0.40529515,0.38297641,-0.72676536,-1.11638071,-0.65548341,-0.57408384,0.00011285,12.86152058,10.72372354,11.91341900,11.67182513,0.00000000
0.72667370,0.40592512,0.38331785,-0.72653054,-1.11638071,-0.65838652,-0.57166929,0.00011069,12.88157547,10.73304418,11.92962107,11.68499857,0.00000000
0.72644132,0.40653695,0.38364928,-0.72630096,-1.11638071,-0.66120601,-0.56932364,0.00010857,12.90106305,10.74208219,11.94534165,11.69780358,0.00000000
0.72621422,0.40713075,0.38397077,-0.72607660,-1.11638071,-0.66394245,-0.56704649,0.00010649,12.91998684,10.75084019,11.96058399,11.71024304,0.00000000
0.72599238,0.40770663,0.38428243,-0.72585745,-1.11638071,-0.66659646,-0.56483737,0.00010445,12.93835060,10.75932089,11.97535152,11.72231998,0.00000000
0.72577576,0.40826472,0.38458436,-0.72564347,-1.11638071,-0.66916868,-0.56269580,0.00010244,12.95615834,10.76752708,11.98964786,11.73403755,0.00000000
0.72556436,0.40880517,0.38487668,-0.72543466,-1.11638071,-0.67165977,-0.56062126,0.00010047,12.97341429,10.77546160,12.00347685,11.74539904,0.00000000
0.72535814,0.40932811,0.38515948,-0.72523098,-1.11638071,-0.67407045,-0.55861322,0.00009853,12.99012296,10.78312740,12.01684250,11.75640785,0.00000000
0.72515706,0.40983370,0.38543288,-0.72503240,-1.11638071,-0.67640146,-0.55667110,0.00009663,13.00628906,10.79052749,12.02974903,11.76706752,0.00000000
0.72496109,0.41032209,0.38569699,-0.72483888,-1.11638071,-0.67865356,-0.55479432,0.00009477,13.02191758,10.79766498,12.04220083,11.77738172,0.00000000
0.72477020,0.41079345,0.38595192,-0.72465039,-1.11638071,-0.68082755,-0.55298223,0.00009293,13.03701373,10.80454304,12.05420253,11.78735425,0.00000000
0.72458434,0.41124795,0.38619781,-0.72446688,-1.11638071,-0.68292427,-0.55123419,0.00009113,13.05158299,10.81116493,12.06575890,11.79698903,0.00000000
0.72440347,0.41168579,0.38643476,-0.72428832,-1.11638071,-0.68494460,-0.54954951,0.00008937,13.06563107,10.81753399,12.07687494,11.80629011,0.00000000
0.72422754,0.41210714,0.38666290,-0.72411466,-1.11638071,-0.68688942,-0.54792747,0.00008763,13.07916390,10.82365364,12.08755585,11.81526170,0.00000000
0.72405650,0.41251221,0.38688236,-0.72394584,-1.11638071,-0.68875968,-0.54636733,0.00008593,13.09218770,10.82952739,12.09780700,11.82390809,0.00000000
0.72389029,0.41290120,0.38709327,-0.72378182,-1.11638071,-0.69055634,-0.54486832,0.00008425,13.10470890,10.83515882,12.10763397,11.83223374,0.00000000
0.72372887,0.41327433,0.38729577,-0.72362253,-1.11638071,-0.69228040,-0.54342964,0.00008261,13.11673417,10.84055159,12.11704253,11.84024323,0.00000000
0.72357217,0.41363181,0.38748998,-0.72346793,-1.11638071,-0.69393289,-0.54205045,0.00008100,13.12827045,10.84570945,12.12603863,11.84794127,0.00000000
0.72342014,0.41397388,0.38767604,-0.72331795,-1.11638071,-0.69551489,-0.54072989,0.00007942,13.13932488,10.85063625,12.13462845,11.85533268,0.00000000
0.72327269,0.41430077,0.38785410,-0.72317253,-1.11638071,-0.69702748,-0.53946707,0.00007787,13.14990488,10.85533589,12.14281832,11.86242245,0.00000000
0.72312978,0.41461272,0.38802430,-0.72303159,-1.11638071,-0.69847180,-0.53826107,0.00007634,13.16001807,10.85981237,12.15061478,11.86921566,0.00000000
0.72299132,0.41490999,0.38818679,-0.72289508,-1.11638071,-0.69984903,-0.53711094,0.00007485,13.16967234,10.86406978,12.15802457,11.87571755,0.00000000
0.72285725,0.41519283,0.38834171,-0.72276291,-1.11638071,-0.70116035,-0.53601571,0.00007338,13.17887579,10.86811229,12.16505461,11.88193347,0.00000000
0.72272748,0.41546152,0.38848922,-0.72263501,-1.11638071,-0.70240700,-0.53497436,0.00007194,13.18763677,10.87194413,12.17171201,11.88786890,0.00000000
0.72260194,0.41571633,0.38862947,-0.72251130,-1.11638071,-0.70359023,-0.53398587,0.00007053,13.19596386,10.87556965,12.17800405,11.89352946,0.00000000
0.72248055,0.41595753,0.38876262,-0.72239171,-1.11638071,-0.70471136,-0.53304916,0.00006914,13.20386586,10.87899328,12.18393824,11.89892090,0.00000000
0.72236322,0.41618542,0.38888883,-0.72227614,-1.11638071,-0.70577170,-0.53216314,0.00006778,13.21135182,10.88221950,12.18952224,11.90404908,0.00000000
0.72224987,0.41640029,0.38900826,-0.72216451,-1.11638071,-0.70677262,-0.53132670,0.00006644,13.21843099,10.88525291,12.19476390,11.90892000,0.00000000
0.72214040,0.41660245,0.38912108,-0.72205674,-1.11638071,-0.70771550,-0.53053868,0.00006513,13.22511287,10.88809819,12.19967127,11.91353979,0.00000000
0.72203473,0.41679220,0.38922747,-0.72195273,-1.11638071,-0.70860179,-0.52979790,0.00006385,13.23140718,10.89076009,12.20425257,11.91791470,0.00000000
0.72193276,0.41696987,0.38932758,-0.72185238,-1.11638071,-0.70943292,-0.52910317,0.00006259,13.23732386,10.89324345,12.20851619,11.92205112,0.00000000
0.72183438,0.41713577,0.38942160,-0.72175561,-1.11638071,-0.71021039,-0.52845324,0.00006135,13.24287306,10.89555322,12.21247074,11.92595554,0.00000000
0.72173951,0.41729025,0.38950970,-0.72166231,-1.11638071,-0.71093573,-0.52784686,0.00006014,13.24806517,10.89769439,12.21612496,11.92963461,0.00000000
0.72164804,0.41743363,0.38959207,-0.72157237,-1.11638071,-0.71161047,-0.52728273,0.00005895,13.25291078,10.89967208,12.21948780,11.93309506,0.00000000
0.72155987,0.41756627,0.38966888,-0.72148570,-1.11638071,-0.71223620,-0.52675956,0.00005778,13.25742070,10.90149148,12.22256838,11.93634380,0.00000000
0.72147489,0.41768852,0.38974033,-0.72140219,-1.11638071,-0.71281454,-0.52627599,0.00005663,13.26160596,10.90315784,12.22537598,11.93938782,0.00000000
0.72139298,0.41780073,0.38980660,-0.72132174,-1.11638071,-0.71334712,-0.52583066,0.00005551,13.26547780,10.90467654,12.22792009,11.94223425,0.00000000
0.72131404,0.41790328,0.38986788,-0.72124422,-1.11638071,-0.71383563,-0.52542218,0.00005441,13.26904766,10.90605301,12.23021032,11.94489034,0.00000000
0.72123796,0.41799653,0.38992438,-0.72116953,-1.11638071,-0.71428175,-0.52504912,0.00005333,13.27232719,10.90729279,12.23225650,11.94736348,0.00000000
0.72116461,0.41808087,0.38997628,-0.72109755,-1.11638071,-0.71468723,-0.52471005,0.00005227,13.27532826,10.90840151,12.23406861,11.94966115,0.00000000
0.72109389,0.41815667,0.39002379,-0.72102816,-1.11638071,-0.71505382,-0.52440349,0.00005123,13.27806292,10.90938486,12.23565679,11.95179099,0.00000000
0.72102566,0.41822434,0.39006711,-0.72096124,-1.11638071,-0.71538332,-0.52412795,0.00005021,13.28054346,10.91024863,12.23703137,11.95376072,0.00000000
0.72095982,0.41828427,0.39010646,-0.72089668,-1.11638071,-0.71567756,-0.52388190,0.00004921,13.28278232,10.91099871,12.23820282,11.95557821,0.00000000
0.72089622,0.41833686,0.39014203,-0.72083435,-1.11638071,-0.71593837,-0.52366381,0.00004823,13.28479219,10.91164106,12.23918180,11.95725145,0.00000000
0.72083476,0.41838254,0.39017405,-0.72077412,-1.11638071,-0.71616763,-0.52347210,0.00004726,13.28658592,10.91218174,12.23997911,11.95878855,0.00000000
0.72077529,0.41842170,0.39020272,-0.72071586,-1.11638071,-0.71636726,-0.52330518,0.00004632,13.28817658,10.91262688,12.24060575,11.96019771,0.00000000
0.72071769,0.41845479,0.39022827,-0.72065944,-1.11638071,-0.71653920,-0.52316143,0.00004540,13.28957742,10.91298272,12.24107284,11.96148729,0.00000000
0.72066182,0.41848223,0.39025091,-0.72060474,-1.11638071,-0.71668539,-0.52303922,0.00004449,13.29080188,10.91325557,12.24139170,11.96266576,0.00000000
0.72060756,0.41850446,0.39027088,-0.72055162,-1.11638071,-0.71680784,-0.52293686,0.00004360,13.29186362,10.91345184,12.24157378,11.96374168,0.00000000
0.72055476,0.41852192,0.39028840,-0.72049994,-1.11638071,-0.71690857,-0.52285268,0.00004273,13.29277646,10.91357803,12.24163071,11.96472377,0.00000000
0.72050328,0.41853505,0.39030370,-0.72044956,-1.11638071,-0.71698962,-0.52278497,0.00004188,13.29355441,10.91364070,12.24157427,11.96562085,0.00000000
0.72045300,0.41854433,0.39031701,-0.72040035,-1.11638071,-0.71705307,-0.52273197,0.00004104,13.29421171,10.91364654,12.24141640,11.96644185,0.00000000
0.72040376,0.41855019,0.39032857,-0.72035216,-1.11638071,-0.71710102,-0.52269195,0.00004022,13.29476273,10.91360231,12.24116921,11.96719583,0.00000000
0.72035542,0.41855312,0.39033863,-0.72030485,-1.11638071,-0.71713561,-0.52266310,0.00003942,13.29522208,10.91351485,12.24084495,11.96789198,0.00000000
0.72030784,0.41855358,0.39034741,-0.72025828,-1.11638071,-0.71715898,-0.52264364,0.00003863,13.29560451,10.91339110,12.24045604,11.96853957,0.00000000
0.72026086,0.41855206,0.39035518,-0.72021230,-1.11638071,-0.71717334,-0.52263172,0.00003786,13.29592501,10.91323809,12.24001505,11.96914804,0.00000000
0.72021435,0.41854904,0.39036217,-0.72016675,-1.11638071,-0.71718088,-0.52262550,0.00003710,13.29619871,10.91306294,12.23953473,11.96972691,0.00000000
0.72016814,0.41854501,0.39036864,-0.72012150,-1.11638071,-0.71718386,-0.52262310,0.00003636,13.29644094,10.91287285,12.23902795,11.97028584,0.00000000
0.72012209,0.41854047,0.39037484,-0.72007638,-1.11638071,-0.71718453,-0.52262262,0.00003563,13.29666724,10.91267513,12.23850777,11.97083460,0.00000000
0.72007591,0.41853608,0.39038102,-0.72003111,-1.11638071,-0.71719237,-0.52261491,0.00003492,13.29689930,10.91247569,12.23799114,11.97138384,0.00000000
0.72002876,0.41853314,0.39038730,-0.71998486,-1.11638071,-0.71724464,-0.52256278,0.00003422,13.29718186,10.91227457,12.23750937,11.97194707,0.00000000
0.71997973,0.41853302,0.39039382,-0.71993671,-1.11638071,-0.71738328,-0.52242426,0.00003354,13.29756288,10.91207044,12.23709557,11.97253775,0.00000000
0.71992796,0.41853700,0.39040067,-0.71988580,-1.11638071,-0.71764760,-0.52216007,0.00003287,13.29808741,10.91186206,12.23678090,11.97316858,0.00000000
0.71987264,0.41854630,0.39040795,-0.71983132,-1.11638071,-0.71807434,-0.52173345,0.00003221,13.29879784,10.91164825,12.23659463,11.97385146,0.00000000
0.71981302,0.41856206,0.39041577,-0.71977253,-1.11638071,-0.71869772,-0.52111019,0.00003156,13.29973416,10.91142793,12.23656440,11.97459768,0.00000000
0.71974836,0.41858537,0.39042420,-0.71970868,-1.11638071,-0.71954952,-0.52025851,0.00003093,13.30093426,10.91120007,12.23671642,11.97541790,0.00000000
0.71967799,0.41861726,0.39043335,-0.71963910,-1.11638071,-0.72065915,-0.51914899,0.00003031,13.30243431,10.91096371,12.23707569,11.97632233,0.00000000
0.71960124,0.41865874,0.39044329,-0.71956313,-1.11638071,-0.72205372,-0.51775453,0.00002971,13.30426905,10.91071794,12.23766622,11.97732077,0.00000000
0.71951746,0.41871075,0.39045409,-0.71948012,-1.11638071,-0.72375814,-0.51605022,0.00002911,13.30647215,10.91046190,12.23851132,11.97842273,0.00000000
0.71942604,0.41877425,0.39046585,-0.71938944,-1.11638071,-0.72579515,-0.51401332,0.00002853,13.30907656,10.91019476,12.23963378,11.97963754,0.00000000
0.71932636,0.41885017,0.39047864,-0.71929049,-1.11638071,-0.72818541,-0.51162317,0.00002796,13.31211481,10.90991571,12.24105612,11.98097441,0.00000000
0.71921780,0.41893944,0.39049252,-0.71918265,-1.11638071,-0.73094760,-0.50886108,0.00002740,13.31561933,10.90962399,12.24280077,11.98244255,0.00000000
0.71909974,0.41904299,0.39050759,-0.71906529,-1.11638071,-0.73409845,-0.50571034,0.00002685,13.31962270,10.90931883,12.24489031,11.98405122,0.00000000
0.71897155,0.41916176,0.39052392,-0.71893779,-1.11638071,-0.73765285,-0.50215604,0.00002632,13.32415792,10.90899951,12.24734761,11.98580982,0.00000000
0.71883261,0.41929673,0.39054159,-0.71879953,-1.11638071,-0.74162389,-0.49818509,0.00002579,13.32925862,10.90866528,12.25019595,11.98772794,0.00000000
0.71868225,0.41944887,0.39056069,-0.71864983,-1.11638071,-0.74602299,-0.49378609,0.00002527,13.33495921,10.90831544,12.25345921,11.98981543,0.00000000
0.71851982,0.41961921,0.39058129,-0.71848805,-1.11638071,-0.75085988,-0.48894930,0.00002477,13.34129507,10.90794928,12.25716193,11.99208243,0.00000000
0.71834462,0.41980879,0.39060348,-0.71831348,-1.11638071,-0.75614276,-0.48366651,0.00002427,13.34830265,10.90756613,12.26132938,11.99453940,0.00000000
0.71815594,0.42001869,0.39062735,-0.71812542,-1.11638071,-0.76187833,-0.47793103,0.00002379,13.35601950,10.90716531,12.26598766,11.99719716,0.00000000
0.71795305,0.42025003,0.39065299,-0.71792315,-1.11638071,-0.76807186,-0.47173758,0.00002331,13.36448439,10.90674618,12.27116366,12.00006690,0.00000000
0.71773521,0.42050394,0.39068051,-0.71770590,-1.11638071,-0.77472728,-0.46508225,0.00002285,13.37373723,10.90630812,12.27688515,12.00316019,0.00000000
0.71750164,0.42078161,0.39070999,-0.71747292,-1.11638071,-0.78184723,-0.45796239,0.00002239,13.38381910,10.90585054,12.28318068,12.00648897,0.00000000
0.71725154,0.42108426,0.39074153,-0.71722340,-1.11638071,-0.78943312,-0.45037658,0.00002194,13.39477219,10.90537293,12.29007960,12.01006552,0.00000000
0.71698412,0.42141312,0.39077525,-0.71695653,-1.11638071,-0.79748525,-0.44232453,0.00002150,13.40663968,10.90487479,12.29761199,12.01390249,0.00000000
0.71669854,0.42176947,0.39081123,-0.71667150,-1.11638071,-0.80600281,-0.43380705,0.00002107,13.41946566,10.90435572,12.30580855,12.01801283,0.00000000
0.71639396,0.42215460,0.39084959,-0.71636747,-1.11638071,-0.81498400,-0.42482594,0.00002065,13.43329498,10.90381538,12.31470058,12.02240978,0.00000000
0.71606955,0.42256982,0.39089044,-0.71604359,-1.11638071,-0.82442604,-0.41538398,0.00002024,13.44817309,10.90325353,12.32431979,12.02710683,0.00000000
0.71572445,0.42301645,0.39093388,-0.71569901,-1.11638071,-0.83432529,-0.40548480,0.00001983,13.46414585,10.90267004,12.33469824,12.03211765,0.00000000
0.71535780,0.42349583,0.39098002,-0.71533286,-1.11638071,-0.84467728,-0.39513288,0.00001944,13.48125939,10.90206490,12.34586819,12.03745610,0.00000000
0.71496875,0.42400928,0.39102898,-0.71494431,-1.11638071,-0.85547678,-0.38433346,0.00001905,13.49955983,10.90143823,12.35786195,12.04313610,0.00000000
0.71455646,0.42455815,0.39108085,-0.71453251,-1.11638071,-0.86671782,-0.37309249,0.00001867,13.51909310,10.90079029,12.37071174,12.04917165,0.00000000
0.71412008,0.42514374,0.39113574,-0.71409662,-1.11638071,-0.87839381,-0.36141657,0.00001829,13.53990470,10.90012154,12.38444953,12.05557671,0.00000000
0.71365881,0.42576736,0.39119377,-0.71363582,-1.11638071,-0.89049753,-0.34931291,0.00001793,13.56203949,10.89943258,12.39910689,12.06236518,0.00000000
0.71317185,0.42643028,0.39125503,-0.71314931,-1.11638071,-0.90302124,-0.33678927,0.00001757,13.58554140,10.89872425,12.41471482,12.06955083,0.00000000
0.71265841,0.42713376,0.39131962,-0.71263632,-1.11638071,-0.91595667,-0.32385391,0.00001722,13.61045323,10.89799756,12.43130356,12.07714723,0.00000000
0.71211776,0.42787900,0.39138764,-0.71209611,-1.11638071,-0.92929510,-0.31051554,0.00001687,13.63681639,10.89725377,12.44890249,12.08516768,0.00000000
0.71154919,0.42866716,0.39145919,-0.71152797,-1.11638071,-0.94302738,-0.29678333,0.00001654,13.66467066,10.89649437,12.46753987,12.09362515,0.00000000
0.71095202,0.42949935,0.39153434,-0.71093123,-1.11638071,-0.95714400,-0.28266677,0.00001621,13.69405394,10.89572108,12.48724277,12.10253225,0.00000000
0.71032564,0.43037664,0.39161319,-0.71030526,-1.11638071,-0.97163510,-0.26817573,0.00001588,13.72500202,10.89493591,12.50803685,12.11190109,0.00000000
0.70966946,0.43130001,0.39169581,-0.70964949,-1.11638071,-0.98649050,-0.25332038,0.00001556,13.75754839,10.89414111,12.52994620,12.12174330,0.00000000
0.70898296,0.43227037,0.39178227,-0.70896339,-1.11638071,-1.00169977,-0.23811117,0.00001525,13.79172392,10.89333922,12.55299322,12.13206993,0.00000000
0.70826567,0.43328856,0.39187264,-0.70824650,-1.11638071,-1.01725221,-0.22255879,0.00001495,13.82755676,10.89253304,12.57719845,12.14289135,0.00000000
0.70751719,0.43435535,0.39196696,-0.70749840,-1.11638071,-1.03313689,-0.20667416,0.00001465,13.86507203,10.89172566,12.60258042,12.15421727,0.00000000
0.70673717,0.43547140,0.39206530,-0.70671875,-1.11638071,-1.04934270,-0.19046841,0.00001436,13.90429170,10.89092046,12.62915553,12.16605662,0.00000000
0.70592533,0.43663728,0.39216770,-0.70590728,-1.11638071,-1.06585832,-0.17395284,0.00001407,13.94523433,10.89012108,12.65693790,12.17841751,0.00000000
0.70508148,0.43785347,0.39227418,-0.70506379,-1.11638071,-1.08267229,-0.15713893,0.00001379,13.98791497,10.88933143,12.68593923,12.19130718,0.00000000
0.70420548,0.43912034,0.39238477,-0.70418814,-1.11638071,-1.09977297,-0.14003829,0.00001351,14.03234490,10.88855572,12.71616871,12.20473191,0.00000000
0.70329727,0.44043813,0.39249949,-0.70328029,-1.11638071,-1.11714860,-0.12266272,0.00001324,14.07853154,10.88779838,12.74763290,12.21869702,0.00000000
0.70235689,0.44180701,0.39261833,-0.70234025,-1.11638071,-1.13478727,-0.10502410,0.00001298,14.12647827,10.88706409,12.78033558,12.23320678,0.00000000
0.70138445,0.44322699,0.39274131,-0.70136813,-1.11638071,-1.15267694,-0.08713448,0.00001272,14.17618428,10.88635778,12.81427770,12.24826435,0.00000000
0.70038012,0.44469798,0.39286839,-0.70036414,-1.11638071,-1.17080545,-0.06900601,0.00001246,14.22764446,10.88568455,12.84945727,12.26387174,0.00000000
0.69934420,0.44621975,0.39299955,-0.69932853,-1.11638071,-1.18916051,-0.05065100,0.00001221,14.28084927,10.88504973,12.88586922,12.28002978,0.00000000
0.69827704,0.44779196,0.39313476,-0.69826169,-1.11638071,-1.20772970,-0.03208186,0.00001197,14.33578462,10.88445878,12.92350538,12.29673802,0.00000000
0.69717910,0.44941412,0.39327398,-0.69716405,-1.11638071,-1.22650045,-0.01331115,0.00001173,14.39243179,10.88391730,12.96235436,12.31399473,0.00000000
0.69605092,0.45108561,0.39341713,-0.69603618,-1.11638071,-1.24546006,0.00564841,0.00001149,14.45076729,10.88343100,13.00240149,12.33179680,0.00000000
0.69489314,0.45280568,0.39356416,-0.69487869,-1.11638071,-1.26459566,0.02478397,0.00001126,14.51076280,10.88300567,13.04362873,12.35013973,0.00000000
0.69370648,0.45457342,0.39371498,-0.69369232,-1.11638071,-1.28389422,0.04408249,0.00001104,14.57238508,10.88264709,13.08601460,12.36901757,0.00000000
0.69249176,0.45638779,0.39386950,-0.69247788,-1.11638071,-1.30334250,0.06353073,0.00001082,14.63559589,10.88236110,13.12953414,12.38842285,0.00000000
0.69124989,0.45824760,0.39402760,-0.69123629,-1.11638071,-1.32292708,0.08311526,0.00001060,14.70035191,10.88215344,13.17415880,12.40834654,0.00000000
0.68998188,0.46015151,0.39418919,-0.68996855,-1.11638071,-1.34263425,0.10282240,0.00001039,14.76660466,10.88202978,13.21985642,12.42877801,0.00000000
0.68868882,0.46209803,0.39435412,-0.68867576,-1.11638071,-1.36245008,0.12263819,0.00001018,14.83430043,10.88199566,13.26659113,12.44970496,0.00000000
0.68737192,0.46408550,0.39452225,-0.68735912,-1.11638071,-1.38236032,0.14254840,0.00000998,14.90338021,10.88205642,13.31432328,12.47111334,0.00000000
0.68603247,0.46611212,0.39469344,-0.68601993,-1.11638071,-1.40235039,0.16253842,0.00000978,14.97377959,10.88221718,13.36300940,12.49298736,0.00000000
0.68467185,0.46817594,0.39486751,-0.68465955,-1.11638071,-1.42240530,0.18259330,0.00000958,15.04542870,10.88248275,13.41260210,12.51530935,0.00000000
0.68329154,0.47027481,0.39504428,-0.68327949,-1.11638071,-1.44250968,0.20269764,0.00000939,15.11825207,10.88285763,13.46304997,12.53805973,0.00000000
0.68189313,0.47240644,0.39522356,-0.68188132,-1.11638071,-1.46264762,0.22283555,0.00000920,15.19216857,10.88334589,13.51429753,12.56121694,0.00000000
0.68047830,0.47456836,0.39540516,-0.68046673,-1.11638071,-1.48280269,0.24299059,0.00000902,15.26709123,10.88395117,13.56628505,12.58475735,0.00000000
0.67904883,0.47675793,0.39558883,-0.67903749,-1.11638071,-1.50295784,0.26314570,0.00000884,15.34292711,10.88467657,13.61894850,12.60865517,0.00000000
0.67760661,0.47897230,0.39577436,-0.67759550,-1.11638071,-1.52309528,0.28328311,0.00000866,15.41957709,10.88552462,13.67221936,12.63288235,0.00000000
0.67615364,0.48120845,0.39596150,-0.67614275,-1.11638071,-1.54319646,0.30338426,0.00000849,15.49693568,10.88649721,13.72602441,12.65740848,0.00000000
0.67469200,0.48346317,0.39614997,-0.67468133,-1.11638071,-1.56324189,0.32342966,0.00000832,15.57489071,10.88759554,13.78028560,12.68220064,0.00000000
0.67322394,0.48573302,0.39633951,-0.67321348,-1.11638071,-1.58321106,0.34339879,0.00000815,15.65332299,10.88882001,13.83491972,12.70722328,0.00000000
0.67175177,0.48801433,0.39652980,-0.67174152,-1.11638071,-1.60308225,0.36326995,0.00000799,15.73210592,10.89017018,13.88983810,12.73243800,0.00000000
0.67027798,0.49030323,0.39672055,-0.67026794,-1.11638071,-1.62283241,0.38302008,0.00000783,15.81110497,10.89164469,13.94494625,12.75780340,0.00000000
0.66880518,0.49259555,0.39691142,-0.66879534,-1.11638071,-1.64243690,0.40262455,0.00000767,15.89017700,10.89324118,14.00014340,12.78327478,0.00000000
0.66733613,0.49488686,0.39710204,-0.66732648,-1.11638071,-1.66186932,0.42205693,0.00000752,15.96916956,10.89495620,14.05532188,12.80880388,0.00000000
0.66587377,0.49717240,0.39729205,-0.66586431,-1.11638071,-1.68110114,0.44128873,0.00000737,16.04791989,10.89678513,14.11036649,12.83433852,0.00000000
0.66442121,0.49944711,0.39748104,-0.66441194,-1.11638071,-1.70010145,0.46028901,0.00000722,16.12625370,10.89872204,14.16515357,12.85982216,0.00000000
0.66298179,0.50170548,0.39766856,-0.66297271,-1.11638071,-1.71883647,0.47902401,0.00000708,16.20398374,10.90075961,14.21954997,12.88519337,0.00000000
0.66155911,0.50394159,0.39785416,-0.66155021,-1.11638071,-1.73726915,0.49745665,0.00000694,16.28090798,10.90288898,14.27341174,12.91038522,0.00000000
0.66015702,0.50614902,0.39803733,-0.66014830,-1.11638071,-1.75535849,0.51554597,0.00000680,16.35680737,10.90509961,14.32658252,12.93532446,0.00000000
0.65877972,0.50832073,0.39821750,-0.65877118,-1.11638071,-1.77305893,0.53324639,0.00000666,16.43144306,10.90737909,14.37889152,12.95993062,0.00000000
0.65743181,0.51044900,0.39839409,-0.65742344,-1.11638071,-1.79031942,0.55050685,0.00000653,16.50455311,10.90971291,14.43015122,12.98411480,0.00000000
0.65611833,0.51252532,0.39856641,-0.65611013,-1.11638071,-1.80708248,0.56726989,0.00000640,16.57584845,10.91208428,14.48015438,13.00777835,0.00000000
0.65484488,0.51454020,0.39873373,-0.65483684,-1.11638071,-1.82328301,0.58347040,0.00000627,16.64500817,10.91447380,14.52867074,13.03081122,0.00000000
0.65361768,0.51648307,0.39889521,-0.65360979,-1.11638071,-1.83884700,0.59903436,0.00000614,16.71167425,10.91685914,14.57544320,13.05309019,0.00000000
0.65244368,0.51834209,0.39904993,-0.65243596,-1.11638071,-1.85369015,0.61387749,0.00000602,16.77544592,10.91921479,14.62018380,13.07447691,0.00000000
0.65133067,0.52010398,0.39919686,-0.65132310,-1.11638071,-1.86771668,0.62790400,0.00000590,16.83587476,10.92151171,14.66257018,13.09481629,0.00000000
0.65028729,0.52175400,0.39933482,-0.65027988,-1.11638071,-1.88081862,0.64100591,0.00000578,16.89246195,10.92371718,14.70224365,13.11393548,0.00000000
0.64932301,0.52327596,0.39946256,-0.64931574,-1.11638071,-1.89287636,0.65306364,0.00000567,16.94466105,10.92579496,14.73881113,13.13164488,0.00000000
0.64844785,0.52465269,0.39957872,-0.64844072,-1.11638071,-1.90376177,0.66394902,0.00000555,16.99189153,10.92770601,14.77185487,13.14774267,0.00000000
0.64767188,0.52586692,0.39968194,-0.64766490,-1.11638071,-1.91334554,0.67353277,0.00000544,17.03357101,10.92941022,14.80095548,13.16202575,0.00000000
0.64700411,0.52690312,0.39977100,-0.64699726,-1.11638071,-1.92151119,0.68169840,0.00000533,17.06917579,10.93086977,14.82573529,13.17431027,0.00000000
0.64645080,0.52775031,0.39984502,-0.64644410,-1.11638071,-1.92817726,0.68836445,0.00000523,17.09833700,10.93205434,14.84592715,13.18446418,0.00000000
0.64601327,0.52840582,0.39990379,-0.64600670,-1.11638071,-1.93332692,0.69351409,0.00000512,17.12096853,10.93294817,14.86146602,13.19245069,0.00000000
0.64617448,0.52806599,0.39988322,-0.64616804,-1.11692661,-1.93035561,0.69108866,0.00000502,17.10972719,10.93224334,14.85283804,13.18913250,0.00000000
0.64595359,0.52836154,0.39991333,-0.64594728,-1.11692661,-1.93266634,0.69339938,0.00000492,17.12010701,10.93256293,14.85963713,13.19303282,0.00000000
0.64579896,0.52854699,0.39993466,-0.64579277,-1.11692661,-1.93410929,0.69484231,0.00000482,17.12673977,10.93270622,14.86376316,13.19568283,0.00000000
0.64568020,0.52867280,0.39995122,-0.64567413,-1.11692661,-1.93508277,0.69581577,0.00000473,17.13134295,10.93275323,14.86644114,13.19765503,0.00000000
0.64556829,0.52878721,0.39996685,-0.64556235,-1.11692661,-1.93596730,0.69670028,0.00000463,17.13555822,10.93278174,14.86884241,13.19949755,1.00000000
0.64545715,0.52890036,0.39998237,-0.64545133,-1.11692661,-1.93684284,0.69757580,0.00000454,17.13973073,10.93280818,14.87121325,13.20132566,1.00000000
0.64534676,0.52901228,0.39999778,-0.64534105,-1.11692661,-1.93770949,0.69844244,0.00000445,17.14386094,10.93283257,14.87355398,13.20313952,1.00000000
0.64523712,0.52912297,0.40001307,-0.64523152,-1.11692661,-1.93856734,0.69930027,0.00000436,17.14794931,10.93285493,14.87586495,13.20493929,1.00000000
0.64512821,0.52923244,0.40002825,-0.64512273,-1.11692661,-1.93941647,0.70014939,0.00000427,17.15199628,10.93287528,14.87814645,13.20672511,1.00000000
0.64502003,0.52934072,0.40004332,-0.64501466,-1.11692661,-1.94025698,0.70098987,0.00000419,17.15600229,10.93289364,14.88039881,13.20849712,1.00000000
0.64491257,0.52944780,0.40005829,-0.64490730,-1.11692661,-1.94108893,0.70182181,0.00000410,17.15996779,10.93291002,14.88262234,13.21025548,1.00000000
0.64480582,0.52955371,0.40007314,-0.64480066,-1.11692661,-1.94191243,0.70264530,0.00000402,17.16389321,10.93292445,14.88481734,13.21200033,1.00000000
0.64469978,0.52965846,0.40008789,-0.64469473,-1.11692661,-1.94272755,0.70346040,0.00000394,17.16777898,10.93293695,14.88698413,13.21373180,1.00000000
0.64459444,0.52976206,0.40010254,-0.64458948,-1.11692661,-1.94353438,0.70426722,0.00000386,17.17162552,10.93294752,14.88912300,13.21545005,1.00000000
0.64448978,0.52986452,0.40011708,-0.64448493,-1.11692661,-1.94433300,0.70506582,0.00000378,17.17543324,10.93295620,14.89123424,13.21715520,1.00000000
0.64438581,0.52996585,0.40013152,-0.64438106,-1.11692661,-1.94512349,0.70585630,0.00000371,17.17920257,10.93296299,14.89331816,13.21884740,1.00000000
0.64428252,0.53006606,0.40014586,-0.64427786,-1.11692661,-1.94590593,0.70663872,0.00000363,17.18293391,10.93296792,14.89537505,13.22052678,1.00000000
0.64417989,0.53016518,0.40016009,-0.64417532,-1.11692661,-1.94668040,0.70741318,0.00000356,17.18662766,10.93297099,14.89740518,13.22219348,1.00000000
0.64407793,0.53026320,0.40017423,-0.64407345,-1.11692661,-1.94744698,0.70817974,0.00000349,17.19028424,10.93297224,14.89940885,13.22384762,1.00000000
0.64397662,0.53036015,0.40018827,-0.64397223,-1.11692661,-1.94820574,0.70893850,0.00000342,17.19390402,10.93297167,14.90138634,13.22548935,1.00000000
0.64387596,0.53045603,0.40020222,-0.64387166,-1.11692661,-1.94895677,0.70968952,0.00000335,17.19748740,10.93296930,14.90333792,13.22711879,1.00000000
0.64377593,0.53055085,0.40021607,-0.64377172,-1.11692661,-1.94970015,0.71043287,0.00000328,17.20103477,10.93296516,14.90526387,13.22873606,1.00000000
0.64367654,0.53064462,0.40022983,-0.64367241,-1.11692661,-1.95043593,0.71116865,0.00000322,17.20454651,10.93295925,14.90716445,13.23034130,1.00000000
0.64357778,0.53073736,0.40024349,-0.64357373,-1.11692661,-1.95116421,0.71189692,0.00000315,17.20802300,10.93295159,14.90903995,13.23193463,1.00000000
0.64347964,0.53082908,0.40025706,-0.64347567,-1.11692661,-1.95188506,0.71261775,0.00000309,17.21146460,10.93294220,14.91089062,13.23351618,1.00000000
0.64338211,0.53091979,0.40027054,-0.64337822,-1.11692661,-1.95259854,0.71333122,0.00000303,17.21487169,10.93293109,14.91271672,13.23508606,1.00000000
0.64328519,0.53100949,0.40028393,-0.64328138,-1.11692661,-1.95330473,0.71403740,0.00000297,17.21824464,10.93291829,14.91451852,13.23664441,1.00000000
0.64318887,0.53109820,0.40029723,-0.64318514,-1.11692661,-1.95400371,0.71473637,0.00000291,17.22158380,10.93290380,14.91629627,13.23819133,1.00000000
0.64309314,0.53118593,0.40031044,-0.64308948,-1.11692661,-1.95469554,0.71542819,0.00000285,17.22488953,10.93288765,14.91805023,13.23972695,1.00000000
0.64299800,0.53127269,0.40032357,-0.64299442,-1.11692661,-1.95538029,0.71611293,0.00000279,17.22816218,10.93286984,14.91978063,13.24125138,1.00000000
0.64290345,0.53135849,0.40033661,-0.64289993,-1.11692661,-1.95605804,0.71679067,0.00000274,17.23140210,10.93285040,14.92148774,13.24276475,1.00000000
0.64280947,0.53144334,0.40034956,-0.64280602,-1.11692661,-1.95672885,0.71746147,0.00000268,17.23460963,10.93282933,14.92317180,13.24426716,1.00000000
0.64271606,0.53152725,0.40036243,-0.64271268,-1.11692661,-1.95739280,0.71812540,0.00000263,17.23778512,10.93280666,14.92483304,13.24575873,1.00000000
0.64262321,0.53161023,0.40037522,-0.64261990,-1.11692661,-1.95804994,0.71878253,0.00000258,17.24092889,10.93278239,14.92647172,13.24723957,1.00000000
0.64253092,0.53169228,0.40038793,-0.64252768,-1.11692661,-1.95870034,0.71943293,0.00000253,17.24404129,10.93275655,14.92808805,13.24870979,1.00000000
0.64243918,0.53177343,0.40040055,-0.64243600,-1.11692661,-1.95934408,0.72007666,0.00000248,17.24712264,10.93272915,14.92968229,13.25016950,1.00000000
0.64234799,0.53185368,0.40041310,-0.64234488,-1.11692661,-1.95998121,0.72071378,0.00000243,17.25017327,10.93270020,14.93125465,13.25161881,1.00000000
0.64225734,0.53193303,0.40042556,-0.64225429,-1.11692661,-1.96061181,0.72134437,0.00000238,17.25319350,10.93266971,14.93280538,13.25305783,1.00000000
0.64216722,0.53201150,0.40043795,-0.64216423,-1.11692661,-1.96123593,0.72196848,0.00000233,17.25618364,10.93263771,14.93433468,13.25448667,1.00000000
0.64207763,0.53208909,0.40045026,-0.64207470,-1.11692661,-1.96185364,0.72258618,0.00000228,17.25914401,10.93260420,14.93584280,13.25590542,1.00000000
0.64198857,0.53216582,0.40046250,-0.64198570,-1.11692661,-1.96246500,0.72319753,0.00000224,17.26207492,10.93256920,14.93732994,13.25731419,1.00000000
0.64215560,0.53181387,0.40044045,-0.64215271,-1.11692661,-1.95971345,0.72044198,0.00000225,17.25044367,10.93177666,14.92840639,13.25381395,1.00000000
0.64206492,0.53189328,0.40045289,-0.64206208,-1.11692661,-1.96034680,0.72107540,0.00000221,17.25346591,10.93174574,14.92995855,13.25525310,1.00000000
0.64197476,0.53197181,0.40046525,-0.64197198,-1.11692661,-1.96097364,0.72170231,0.00000216,17.25645815,10.93171333,14.93148937,13.25668211,1.00000000
0.64188514,0.53204947,0.40047753,-0.64188241,-1.11692661,-1.96159405,0.72232278,0.00000212,17.25942069,10.93167943,14.93299905,13.25810107,1.00000000
0.64179604,0.53212627,0.40048974,-0.64179336,-1.11692661,-1.96220808,0.72293688,0.00000208,17.26235385,10.93164406,14.93448781,13.25951010,1.00000000
0.64196298,0.53177435,0.40046766,-0.64196028,-1.11692661,-1.95945896,0.72018382,0.00000210,17.25072456,10.93084820,14.92556480,13.25600796,1.00000000
0.64187226,0.53185383,0.40048008,-0.64186961,-1.11692661,-1.96009492,0.72081992,0.00000206,17.25374916,10.93081697,14.92711869,13.25744745,1.00000000
0.64178206,0.53193243,0.40049241,-0.64177947,-1.11692661,-1.96072435,0.72144949,0.00000201,17.25674383,10.93078427,14.92865128,13.25887682,1.00000000
0.64169240,0.53201017,0.40050467,-0.64168985,-1.11692661,-1.96134731,0.72207260,0.00000197,17.25970886,10.93075011,14.93016279,13.26029618,1.00000000
0.64160326,0.53208704,0.40051686,-0.64160076,-1.11692661,-1.96196388,0.72268930,0.00000193,17.26264457,10.93071449,14.93165343,13.26170563,1.00000000
0.64151463,0.53216306,0.40052897,-0.64151218,-1.11692661,-1.96257411,0.72329966,0.00000190,17.26555125,10.93067743,14.93312342,13.26310527,1.00000000
0.64168153,0.53181106,0.40050686,-0.64167905,-1.11692661,-1.95982672,0.72054842,0.00000192,17.25392076,10.92987704,14.92419845,13.25959936,1.00000000
0.64159127,0.53188978,0.40051918,-0.64158884,-1.11692661,-1.96045890,0.72118081,0.00000188,17.25691939,10.92984423,14.92573394,13.26102968,1.00000000
0.64150154,0.53196763,0.40053143,-0.64149915,-1.11692661,-1.96108459,0.72180671,0.00000184,17.25988843,10.92980997,14.92724838,13.26245002,1.00000000
0.64141233,0.53204463,0.40054359,-0.64140999,-1.11692661,-1.96170386,0.72242617,0.00000180,17.26282818,10.92977427,14.92874199,13.26386047,1.00000000
0.64132363,0.53212077,0.40055569,-0.64132134,-1.11692661,-1.96231676,0.72303927,0.00000177,17.26573895,10.92973715,14.93021498,13.26526112,1.00000000
0.64149045,0.53176879,0.40053357,-0.64148812,-1.11692661,-1.95957140,0.72029010,0.00000179,17.25411046,10.92893367,14.92129064,13.26175349,1.00000000
0.64140012,0.53184764,0.40054587,-0.64139784,-1.11692661,-1.96020621,0.72092517,0.00000176,17.25711323,10.92890086,14.92282919,13.26318489,1.00000000
0.64131032,0.53192562,0.40055810,-0.64130809,-1.11692661,-1.96083449,0.72155372,0.00000172,17.26008643,10.92886660,14.92434671,13.26460632,1.00000000
0.64122105,0.53200274,0.40057026,-0.64121885,-1.11692661,-1.96145633,0.72217582,0.00000169,17.26303039,10.92883092,14.92584343,13.26601788,1.00000000
0.64113228,0.53207901,0.40058234,-0.64113014,-1.11692661,-1.96207178,0.72279152,0.00000165,17.26594538,10.92879384,14.92731955,13.26741967,1.00000000
0.64104403,0.53215444,0.40059435,-0.64104193,-1.11692661,-1.96268090,0.72340088,0.00000162,17.26883171,10.92875535,14.92877528,13.26881178,1.00000000
0.64121080,0.53180239,0.40057220,-0.64120866,-1.11692661,-1.95993684,0.72065310,0.00000165,17.25720208,10.92794758,14.91984910,13.26530057,1.00000000
0.64112092,0.53188054,0.40058442,-0.64111881,-1.11692661,-1.96056789,0.72128447,0.00000162,17.26018085,10.92791348,14.92137072,13.26672362,1.00000000
0.64103155,0.53195783,0.40059657,-0.64102949,-1.11692661,-1.96119246,0.72190935,0.00000158,17.26313037,10.92787797,14.92287154,13.26813680,1.00000000
0.64094270,0.53203427,0.40060864,-0.64094068,-1.11692661,-1.96181062,0.72252781,0.00000155,17.26605094,10.92784106,14.92435177,13.26954022,1.00000000
0.64086317,0.53209509,0.40061947,-0.64086119,-1.11692661,-1.96230626,0.72302375,0.00000152,17.26844111,10.92777629,14.92545281,13.27076459,1.00000000
0.64102987,0.53174310,0.40059734,-0.64102787,-1.11692661,-1.95956236,0.72027710,0.00000154,17.25681411,10.92696701,14.91652816,13.26725295,1.00000000
0.64109702,0.53155814,0.40058862,-0.64109506,-1.11692661,-1.95812583,0.71884092,0.00000150,17.25085763,10.92646226,14.91166021,13.26565969,1.00000000
0.64126028,0.53121217,0.40056708,-0.64125835,-1.11689291,-1.95543992,0.71612165,0.00000147,17.23943311,10.92567021,14.90288213,13.26222119,1.00000000
0.64142324,0.53086676,0.40054557,-0.64142135,-1.11671820,-1.95282794,0.71333531,0.00000145,17.22802686,10.92488091,14.89411751,13.25879026,1.00000000
0.64158590,0.53052189,0.40052409,-0.64158405,-1.11637213,-1.95030473,0.71046634,0.00000142,17.21663851,10.92409434,14.88536609,13.25536675,1.00000000
0.64174829,0.53017757,0.40050266,-0.64174647,-1.11582671,-1.94788381,0.70750032,0.00000139,17.20526779,10.92331046,14.87662767,13.25195058,1.00000000
0.64191039,0.52983377,0.40048126,-0.64190861,-1.11505626,-1.94557742,0.70442381,0.00000136,17.19391449,10.92252926,14.86790210,13.24854166,1.00000000
0.64207221,0.52949049,0.40045990,-0.64207047,-1.11403737,-1.94339649,0.70122429,0.00000133,17.18257848,10.92175074,14.85918928,13.24513994,1.00000000
0.64223375,0.52914775,0.40043857,-0.64223204,-1.11274876,-1.94135061,0.69789010,0.00000131,17.17125975,10.92097488,14.85048920,13.24174542,1.00000000
0.64239501,0.52880553,0.40041728,-0.64239333,-1.11117129,-1.93944803,0.69441035,0.00000128,17.15995837,10.92020167,14.84180193,13.23835811,1.00000000
0.64255598,0.52846385,0.40039603,-0.64255434,-1.10928784,-1.93769564,0.69077480,0.00000125,17.14867456,10.91943113,14.83312760,13.23497810,1.00000000
0.64271666,0.52812271,0.40037482,-0.64271506,-1.10708328,-1.93609900,0.68697387,0.00000123,17.13740867,10.91866326,14.82446646,13.23160547,1.00000000
0.64287705,0.52778213,0.40035364,-0.64287547,-1.10454437,-1.93466226,0.68299851,0.00000121,17.12616118,10.91789809,14.81581887,13.22824040,1.00000000
0.64303712,0.52744212,0.40033251,-0.64303558,-1.10165976,-1.93338827,0.67884019,0.00000118,17.11493273,10.91713563,14.80718526,13.22488310,1.00000000
0.64319686,0.52710272,0.40031142,-0.64319535,-1.09841989,-1.93227850,0.67449081,0.00000116,17.10372410,10.91637591,14.79856620,13.22153381,1.00000000
0.64335627,0.52676395,0.40029037,-0.64335479,-1.09481695,-1.93133309,0.66994272,0.00000113,17.09253625,10.91561899,14.78996238,13.21819286,1.00000000
0.64351531,0.52642584,0.40026937,-0.64351386,-1.09084483,-1.93055088,0.66518864,0.00000111,17.08137031,10.91486490,14.78137459,13.21486061,1.00000000
0.64367397,0.52608842,0.40024843,-0.64367255,-1.08649905,-1.92992943,0.66022167,0.00000109,17.07022756,10.91411369,14.77280375,13.21153750,1.00000000
0.64383221,0.52575175,0.40022753,-0.64383082,-1.08177676,-1.92946504,0.65503524,0.00000107,17.05910946,10.91336544,14.76425090,13.20822400,1.00000000
0.64399002,0.52541587,0.40020670,-0.64398865,-1.07667666,-1.92915283,0.64962316,0.00000105,17.04801764,10.91262021,14.75571720,13.20492065,1.00000000
0.64414735,0.52508083,0.40018593,-0.64414602,-1.07119894,-1.92898675,0.64397960,0.00000103,17.03695388,10.91187808,14.74720392,13.20162805,1.00000000
0.64430418,0.52474669,0.40016522,-0.64430287,-1.06534527,-1.92895967,0.63809909,0.00000100,17.02592014,10.91113914,14.73871245,13.19834682,1.00000000
0.64446047,0.52441351,0.40014459,-0.64445918,-1.05911877,-1.92906340,0.63197654,0.00000098,17.01491849,10.91040346,14.73024427,13.19507768,1.00000000
0.64461617,0.52408136,0.40012403,-0.64461491,-1.05252392,-1.92928880,0.62560731,0.00000098,17.00395119,10.90967115,14.72180099,13.19182135,1.00000000
0.64477125,0.52375030,0.40010356,-0.64477001,-1.04556655,-1.92962583,0.61898719,0.00000098,16.99302059,10.90894230,14.71338427,13.18857861,1.00000000
0.64492566,0.52342041,0.40008318,-0.64492445,-1.03825380,-1.93006365,0.61211248,0.00000098,16.98212916,10.90821702,14.70499590,13.18535029,1.00000000
0.64507935,0.52309177,0.40006289,-0.64507817,-1.03059410,-1.93059066,0.60497999,0.00000098,16.97127950,10.90749542,14.69663770,13.18213722,1.00000000
0.64523228,0.52276444,0.40004270,-0.64523112,-1.02259707,-1.93119464,0.59758715,0.00000098,16.96047426,10.90677760,14.68831157,13.17894030,1.00000000
0.64538440,0.52243852,0.40002262,-0.64538327,-1.01427355,-1.93186281,0.58993201,0.00000098,16.94971618,10.90606368,14.68001945,13.17576040,1.00000000
0.64553567,0.52211408,0.40000265,-0.64553455,-1.00563551,-1.93258194,0.58201329,0.00000098,16.93900803,10.90535376,14.67176333,13.17259846,1.00000000
0.64568602,0.52179121,0.39998281,-0.64568492,-0.99669603,-1.93333841,0.57383048,0.00000098,16.92835264,10.90464796,14.66354520,13.16945539,1.00000000
0.64583541,0.52146999,0.39996309,-0.64583434,-0.98746924,-1.93411839,0.56538386,0.00000098,16.91775281,10.90394639,14.65536707,13.16633212,1.00000000
0.64598379,0.52115049,0.39994351,-0.64598274,-0.97797029,-1.93490786,0.55667456,0.00000098,16.90721135,10.90324915,14.64723094,13.16322956,1.00000000
0.64613111,0.52083281,0.39992407,-0.64613008,-0.96821528,-1.93569275,0.54770462,0.00000098,16.89673106,10.90255635,14.63913878,13.16014863,1.00000000
0.64627732,0.52051702,0.39990478,-0.64627631,-0.95822123,-1.93645902,0.53847702,0.00000098,16.88631466,10.90186809,14.63109254,13.15709021,1.00000000
0.64642237,0.52020321,0.39988564,-0.64642139,-0.94800601,-1.93719281,0.52899576,0.00000098,16.87596479,10.90118446,14.62309409,13.15405516,1.00000000
0.64656623,0.51989143,0.39986666,-0.64656526,-0.93758826,-1.93788049,0.51926587,0.00000098,16.86568404,10.90050556,14.61514527,13.15104433,1.00000000
0.64670883,0.51958177,0.39984784,-0.64670788,-0.92698739,-1.93850875,0.50929343,0.00000098,16.85547485,10.89983146,14.60724782,13.14805850,1.00000000
0.64685015,0.51927430,0.39982920,-0.64684922,-0.91622343,-1.93906477,0.49908565,0.00000098,16.84533956,10.89916225,14.59940338,13.14509843,1.00000000
0.64699014,0.51896908,0.39981073,-0.64698923,-0.90531703,-1.93953623,0.48865086,0.00000098,16.83528034,10.89849798,14.59161350,13.14216482,1.00000000
0.64712877,0.51866616,0.39979245,-0.64712788,-0.89428932,-1.93991142,0.47799852,0.00000098,16.82529921,10.89783873,14.58387962,13.13925832,1.00000000
0.64726601,0.51836560,0.39977435,-0.64726513,-0.88316191,-1.94017937,0.46713920,0.00000098,16.81539803,10.89718453,14.57620305,13.13637951,1.00000000
0.64740181,0.51806746,0.39975644,-0.64740095,-0.87195670,-1.94032986,0.45608464,0.00000098,16.80557845,10.89653543,14.56858495,13.13352893,1.00000000
0.64753616,0.51777176,0.39973872,-0.64753532,-0.86069592,-1.94035353,0.44484767,0.00000098,16.79584192,10.89589146,14.56102635,13.13070703,1.00000000
0.64766904,0.51747855,0.39972120,-0.64766822,-0.84940191,-1.94024194,0.43344222,0.00000098,16.78618970,10.89525264,14.55352815,13.12791420,1.00000000
0.64780042,0.51718787,0.39970388,-0.64779962,-0.83809714,-1.93998762,0.42188327,0.00000098,16.77662283,10.89461898,14.54609105,13.12515075,1.00000000
0.64793030,0.51689972,0.39968675,-0.64792951,-0.82680404,-1.93958410,0.41018680,0.00000098,16.76714210,10.89399048,14.53871564,13.12241694,1.00000000
0.64805865,0.51661413,0.39966983,-0.64805788,-0.81554495,-1.93902601,0.39836975,0.00000098,16.75774810,10.89336713,14.53140232,13.11971291,1.00000000
0.64818548,0.51633111,0.39965311,-0.64818472,-0.80434197,-1.93830905,0.38644994,0.00000098,16.74844118,10.89274891,14.52415132,13.11703877,1.00000000
0.64831077,0.51605066,0.39963660,-0.64831003,-0.79321694,-1.93743002,0.37444601,0.00000098,16.73922147,10.89213578,14.51696272,13.11439453,1.00000000
0.64843454,0.51577278,0.39962029,-0.64843381,-0.78219128,-1.93638687,0.36237734,0.00000098,16.73008884,10.89152771,14.50983643,13.11178012,1.00000000
0.64855679,0.51549745,0.39960417,-0.64855607,-0.77128595,-1.93517868,0.35026393,0.00000098,16.72104295,10.89092464,14.50277219,13.10919540,1.00000000
0.64867752,0.51522467,0.39958826,-0.64867682,-0.76052130,-1.93380563,0.33812637,0.00000098,16.71208322,10.89032652,14.49576959,13.10664015,1.00000000
0.64879675,0.51495440,0.39957255,-0.64879606,-0.74991707,-1.93226904,0.32598566,0.00000098,16.70320887,10.88973327,14.48882805,13.10411409,1.00000000
0.64891450,0.51468662,0.39955704,-0.64891383,-0.73949221,-1.93057128,0.31386317,0.00000098,16.69441887,10.88914481,14.48194683,13.10161685,1.00000000
0.64903079,0.51442128,0.39954172,-0.64903013,-0.72926491,-1.92871580,0.30178050,0.00000098,16.68571198,10.88856105,14.47512504,13.09914799,1.00000000
0.64914564,0.51415835,0.39952659,-0.64914499,-0.71925246,-1.92670703,0.28975939,0.00000098,16.67708678,10.88798190,14.46836166,13.09670702,1.00000000
0.64925909,0.51389778,0.39951164,-0.64925845,-0.70947122,-1.92455037,0.27782161,0.00000098,16.66854161,10.88740726,14.46165550,13.09429336,1.00000000
0.64937116,0.51363952,0.39949688,-0.64937053,-0.69993655,-1.92225212,0.26598880,0.00000098,16.66007465,10.88683701,14.45500526,13.09190640,1.00000000
0.64948189,0.51338350,0.39948230,-0.64948128,-0.69066282,-1.91981940,0.25428245,0.00000098,16.65168389,10.88627103,14.44840949,13.08954543,1.00000000
0.64959131,0.51312966,0.39946788,-0.64959072,-0.68166329,-1.91726009,0.24272372,0.00000098,16.64336715,10.88570920,14.44186663,13.08720972,1.00000000
0.64969948,0.51287793,0.39945364,-0.64969890,-0.67295015,-1.91458276,0.23133336,0.00000098,16.63512207,10.88515140,14.43537500,13.08489847,1.00000000
0.64980643,0.51262824,0.39943955,-0.64980586,-0.66453448,-1.91179658,0.22013160,0.00000098,16.62694616,10.88459748,14.42893281,13.08261083,1.00000000
0.64991221,0.51238051,0.39942562,-0.64991165,-0.65642622,-1.90891122,0.20913808,0.00000098,16.61883679,10.88404730,14.42253819,13.08034591,1.00000000
0.65001687,0.51213465,0.39941184,-0.65001632,-0.64863421,-1.90593678,0.19837173,0.00000098,16.61079120,10.88350073,14.41618916,13.07810278,1.00000000
0.65012045,0.51189060,0.39939820,-0.65011992,-0.64116613,-1.90288370,0.18785066,0.00000098,16.60280652,10.88295761,14.40988366,13.07588047,1.00000000
0.65022302,0.51164825,0.39938470,-0.65022249,-0.63402856,-1.89976266,0.17759215,0.00000098,16.59487977,10.88241780,14.40361959,13.07367799,1.00000000
0.65032462,0.51140751,0.39937132,-0.65032411,-0.62722699,-1.89658446,0.16761247,0.00000098,16.58700791,10.88188115,14.39739476,13.07149430,1.00000000
0.65042532,0.51116831,0.39935807,-0.65042481,-0.62076580,-1.89335999,0.15792690,0.00000098,16.57918781,10.88134749,14.39120694,13.06932837,1.00000000
0.65052516,0.51093053,0.39934492,-0.65052466,-0.61464831,-1.89010007,0.14854958,0.00000098,16.57141629,10.88081669,14.38505385,13.06717912,1.00000000
0.65062420,0.51069409,0.39933188,-0.65062371,-0.60887682,-1.88681539,0.13949350,0.00000098,16.56369013,10.88028857,14.37893322,13.06504549,1.00000000
0.65072250,0.51045890,0.39931894,-0.65072202,-0.60345262,-1.88351643,0.13077042,0.00000098,16.55600611,10.87976300,14.37284272,13.06292639,1.00000000
0.65082012,0.51022485,0.39930609,-0.65081965,-0.59837598,-1.88021334,0.12239078,0.00000098,16.54836096,10.87923982,14.36678005,13.06082073,1.00000000
0.65091712,0.50999185,0.39929333,-0.65091666,-0.59364626,-1.87691591,0.11436370,0.00000098,16.54075146,10.87871887,14.36074289,13.05872744,1.00000000
0.65101354,0.50975981,0.39928063,-0.65101309,-0.58926187,-1.87363343,0.10669691,0.00000098,16.53317440,10.87820002,14.35472896,13.05664546,1.00000000
0.65110946,0.50952864,0.39926801,-0.65110902,-0.58522032,-1.87037467,0.09939668,0.00000098,16.52562662,10.87768311,14.34873601,13.05457372,1.00000000
0.65120491,0.50929824,0.39925544,-0.65120448,-0.58151824,-1.86714779,0.09246779,0.00000098,16.51810502,10.87716801,14.34276182,13.05251120,1.00000000
0.65129997,0.50906852,0.39924293,-0.65129955,-0.57815140,-1.86396027,0.08591351,0.00000098,16.51060656,10.87665458,14.33680424,13.05045689,1.00000000
0.65139467,0.50883941,0.39923047,-0.65139426,-0.57511472,-1.86081888,0.07973552,0.00000098,16.50312831,10.87614269,14.33086117,13.04840982,1.00000000
0.65148907,0.50861081,0.39921804,-0.65148867,-0.57240231,-1.85772961,0.07393391,0.00000098,16.49566745,10.87563222,14.32493061,13.04636905,1.00000000
0.65158322,0.50838264,0.39920565,-0.65158282,-0.57000741,-1.85469765,0.06850712,0.00000098,16.48822126,10.87512305,14.31901062,13.04433369,1.00000000
0.65167716,0.50815484,0.39919329,-0.65167677,-0.56792248,-1.85172732,0.06345192,0.00000098,16.48078720,10.87461506,14.31309938,13.04230288,1.00000000
0.65177094,0.50792733,0.39918094,-0.65177055,-0.56613910,-1.84882209,0.05876338,0.00000098,16.47336284,10.87410816,14.30719518,13.04027583,1.00000000
0.65186459,0.50770004,0.39916862,-0.65186421,-0.56464803,-1.84598453,0.05443482,0.00000098,16.46594594,10.87360225,14.30129640,13.03825179,1.00000000
0.65195815,0.50747292,0.39915630,-0.65195778,-0.56343917,-1.84321632,0.05045782,0.00000098,16.45853443,10.87309724,14.29540158,13.03623008,1.00000000
0.65205166,0.50724590,0.39914399,-0.65205130,-0.56250153,-1.84051824,0.04682216,0.00000098,16.45112643,10.87259304,14.28950939,13.03421008,1.00000000
0.65214514,0.50701895,0.39913169,-0.65214479,-0.56182319,-1.83789016,0.04351580,0.00000098,16.44372026,10.87208961,14.28361862,13.03219124,1.00000000
0.65223862,0.50679201,0.39911938,-0.65223828,-0.56139129,-1.83533108,0.04052488,0.00000098,16.43631446,10.87158686,14.27772824,13.03017308,1.00000000
0.65233213,0.50656505,0.39910708,-0.65233179,-0.56119198,-1.83283912,0.03783367,0.00000098,16.42890779,10.87108475,14.27183736,13.02815518,1.00000000
0.65242568,0.50633805,0.39909476,-0.65242535,-0.56121036,-1.83041159,0.03542458,0.00000098,16.42149923,10.87058325,14.26594526,13.02613722,1.00000000
0.65251928,0.50611097,0.39908244,-0.65251896,-0.56143044,-1.82804497,0.03327809,0.00000098,16.41408803,10.87008232,14.26005141,13.02411894,1.00000000
0.65261295,0.50588380,0.39907012,-0.65261263,-0.56183510,-1.82573496,0.03137281,0.00000098,16.40667365,10.86958194,14.25415541,13.02210017,1.00000000
0.65270668,0.50565654,0.39905778,-0.65270637,-0.56240600,-1.82347657,0.02968537,0.00000098,16.39925583,10.86908209,14.24825710,13.02008082,1.00000000
0.65280049,0.50542919,0.39904543,-0.65280018,-0.56312357,-1.82126407,0.02819050,0.00000098,16.39183456,10.86858280,14.24235646,13.01806090,1.00000000
0.65289436,0.50520175,0.39903308,-0.65289406,-0.56396689,-1.81909113,0.02686092,0.00000098,16.38441013,10.86808406,14.23645369,13.01604050,1.00000000
0.65298828,0.50497423,0.39902071,-0.65298799,-0.56491368,-1.81695078,0.02566742,0.00000098,16.37698308,10.86758590,14.23054918,13.01401980,1.00000000
0.65308224,0.50474667,0.39900835,-0.65308195,-0.56594024,-1.81483550,0.02457875,0.00000098,16.36955423,10.86708835,14.22464352,13.01199906,1.00000000
0.65317623,0.50451910,0.39899598,-0.65317594,-0.56702135,-1.81273727,0.02356168,0.00000098,16.36212472,10.86659147,14.21873752,13.00997867,1.00000000
0.65327020,0.50429156,0.39898361,-0.65326993,-0.56813029,-1.81064751,0.02258091,0.00000098,16.35469599,10.86609530,14.21283219,13.00795910,1.00000000
0.65336415,0.50406407,0.39897124,-0.65336388,-0.56924286,-1.80856031,0.02160633,0.00000098,16.34726904,10.86559990,14.20692826,13.00594068,1.00000000
0.65345811,0.50383660,0.39895888,-0.65345785,-0.57035026,-1.80648175,0.02063522,0.00000098,16.33984228,10.86510519,14.20102459,13.00392288,1.00000000
0.65355116,0.50360906,0.39894541,-0.65354753,-0.57144732,-1.80442167,0.01967224,0.00000098,16.33242529,10.86457089,14.19511591,13.00188027,1.00000000
0.65364394,0.50338140,0.39893153,-0.65363574,-0.57252958,-1.80238855,0.01872142,0.00000098,16.32500824,10.86402243,14.18920291,12.99982777,1.00000000
0.65373601,0.50315354,0.39891667,-0.65372028,-0.57359215,-1.80039168,0.01778717,0.00000098,16.31759494,10.86343909,14.18328209,12.99775195,1.00000000
0.65382720,0.50292543,0.39890058,-0.65380030,-0.57463034,-1.79844004,0.01687377,0.00000098,16.31018566,10.86281217,14.17735105,12.99564677,1.00000000
0.65391735,0.50269698,0.39888304,-0.65387490,-0.57563948,-1.79654252,0.01598543,0.00000098,16.30278063,10.86213302,14.17140741,12.99350625,1.00000000
0.65400630,0.50246813,0.39886380,-0.65394326,-0.57661499,-1.79470791,0.01512637,0.00000098,16.29538008,10.86139314,14.16544878,12.99132444,1.00000000
0.65409389,0.50223882,0.39884263,-0.65400450,-0.57755230,-1.79294492,0.01430073,0.00000098,16.28798422,10.86058406,14.15947281,12.98909546,1.00000000
0.65417996,0.50200897,0.39881930,-0.65405781,-0.57844693,-1.79126215,0.01351263,0.00000098,16.28059322,10.85969743,14.15347715,12.98681350,1.00000000
0.65426437,0.50177853,0.39879358,-0.65410236,-0.57929443,-1.78966812,0.01276614,0.00000098,16.27320726,10.85872500,14.14745947,12.98447279,1.00000000
0.65434696,0.50154743,0.39876524,-0.65413733,-0.58009042,-1.78817125,0.01206530,0.00000098,16.26582649,10.85765858,14.14141744,12.98206763,1.00000000
0.65442757,0.50131559,0.39873407,-0.65416193,-0.58083056,-1.78677985,0.01141407,0.00000098,16.25845105,10.85649012,14.13534878,12.97959238,1.00000000
0.65450606,0.50108296,0.39869984,-0.65417535,-0.58151058,-1.78550213,0.01081641,0.00000098,16.25108106,10.85521163,14.12925122,12.97704147,1.00000000
0.65458229,0.50084947,0.39866233,-0.65417683,-0.58212625,-1.78434620,0.01027619,0.00000098,16.24371665,10.85381524,14.12312251,12.97440938,1.00000000
0.65465611,0.50061505,0.39862133,-0.65416558,-0.58267341,-1.78332006,0.00979724,0.00000098,16.23635793,10.85229318,14.11696042,12.97169068,1.00000000
0.65472738,0.50037965,0.39857663,-0.65414085,-0.58314796,-1.78243158,0.00938335,0.00000098,16.22900500,10.85063779,14.11076277,12.96888001,1.00000000
0.65479595,0.50014321,0.39852802,-0.65410189,-0.58354585,-1.78168853,0.00903823,0.00000098,16.22165797,10.84884151,14.10452740,12.96597208,1.00000000
0.65486170,0.49990565,0.39847528,-0.65404797,-0.58386310,-1.78109856,0.00876554,0.00000098,16.21431695,10.84689688,14.09825217,12.96296167,1.00000000
0.65492448,0.49966693,0.39841823,-0.65397834,-0.58409578,-1.78066918,0.00856887,0.00000098,16.20698203,10.84479659,14.09193499,12.95984364,1.00000000
0.65498417,0.49942697,0.39835665,-0.65389230,-0.58424004,-1.78040779,0.00845177,0.00000098,16.19965334,10.84253342,14.08557381,12.95661296,1.00000000
0.65504062,0.49918574,0.39829036,-0.65378913,-0.58429208,-1.78032164,0.00841769,0.00000098,16.19233099,10.84010028,14.07916662,12.95326465,1.00000000
0.65509372,0.49894316,0.39821916,-0.65366815,-0.58424816,-1.78041785,0.00847002,0.00000098,16.18501510,10.83749018,14.07271145,12.94979384,1.00000000
0.65514333,0.49869918,0.39814287,-0.65352866,-0.58410464,-1.78070340,0.00861207,0.00000098,16.17770583,10.83469630,14.06620638,12.94619575,1.00000000
0.65518933,0.49845376,0.39806129,-0.65336998,-0.58385790,-1.78118513,0.00884709,0.00000098,16.17040333,10.83171192,14.05964955,12.94246570,1.00000000
0.65523159,0.49820684,0.39797424,-0.65319146,-0.58350443,-1.78186971,0.00917823,0.00000098,16.16310777,10.82853046,14.05303914,12.93859909,1.00000000
0.65527000,0.49795836,0.39788156,-0.65299242,-0.58304077,-1.78276368,0.00960857,0.00000098,16.15581935,10.82514547,14.04637338,12.93459144,1.00000000
0.65530444,0.49770829,0.39778305,-0.65277224,-0.58246354,-1.78387340,0.01014109,0.00000098,16.14853830,10.82155066,14.03965059,12.93043837,1.00000000
0.65533479,0.49745657,0.39767856,-0.65253028,-0.58176942,-1.78520509,0.01077868,0.00000098,16.14126486,10.81773986,14.03286911,12.92613561,1.00000000
0.65536093,0.49720317,0.39756792,-0.65226590,-0.58095517,-1.78676479,0.01152416,0.00000098,16.13399930,10.81370707,14.02602738,12.92167900,1.00000000
0.65538276,0.49694804,0.39745097,-0.65197849,-0.58001764,-1.78855836,0.01238023,0.00000098,16.12674194,10.80944643,14.01912389,12.91706448,1.00000000
0.65540017,0.49669114,0.39732754,-0.65166746,-0.57895374,-1.79059150,0.01334949,0.00000098,16.11949312,10.80495224,14.01215721,12.91228814,1.00000000
0.65541304,0.49643243,0.39719750,-0.65133220,-0.57776044,-1.79286973,0.01443445,0.00000098,16.11225320,10.80021894,14.00512597,12.90734617,1.00000000
0.65542128,0.49617188,0.39706068,-0.65097214,-0.57643483,-1.79539838,0.01563752,0.00000098,16.10502262,10.79524115,13.99802888,12.90223489,1.00000000
0.65542477,0.49590946,0.39691695,-0.65058669,-0.57497404,-1.79818261,0.01696098,0.00000098,16.09780181,10.79001367,13.99086474,12.89695075,1.00000000
0.65542343,0.49564514,0.39676617,-0.65017529,-0.57337530,-1.80122738,0.01840703,0.00000098,16.09059129,10.78453144,13.98363241,12.89149031,1.00000000
0.65541715,0.49537889,0.39660820,-0.64973740,-0.57163589,-1.80453745,0.01997772,0.00000098,16.08339157,10.77878959,13.97633085,12.88585031,1.00000000
0.65540583,0.49511068,0.39644292,-0.64927246,-0.56975320,-1.80811742,0.02167501,0.00000098,16.07620326,10.77278342,13.96895910,12.88002757,1.00000000
0.65538939,0.49484050,0.39627020,-0.64877995,-0.56772468,-1.81197165,0.02350075,0.00000098,16.06902697,10.76650842,13.96151628,12.87401911,1.00000000
0.65536773,0.49456833,0.39608993,-0.64825934,-0.56554785,-1.81610435,0.02545664,0.00000098,16.06186338,10.75996025,13.95400160,12.86782204,1.00000000
0.65534077,0.49429415,0.39590198,-0.64771012,-0.56322033,-1.82051948,0.02754427,0.00000098,16.05471320,10.75313479,13.94641435,12.86143364,1.00000000
0.65530842,0.49401794,0.39570627,-0.64713179,-0.56073979,-1.82522084,0.02976512,0.00000098,16.04757722,10.74602807,13.93875394,12.85485134,1.00000000
0.65527059,0.49373970,0.39550267,-0.64652385,-0.55810399,-1.83021202,0.03212051,0.00000098,16.04045623,10.73863634,13.93101985,12.84807273,1.00000000
0.65522722,0.49345942,0.39529110,-0.64588583,-0.55531076,-1.83549639,0.03461167,0.00000098,16.03335111,10.73095605,13.92321164,12.84109552,1.00000000
0.65517822,0.49317710,0.39507147,-0.64521725,-0.55235799,-1.84107713,0.03723966,0.00000098,16.02626275,10.72298385,13.91532900,12.83391761,1.00000000
0.65512353,0.49289273,0.39484369,-0.64451766,-0.54924364,-1.84695724,0.04000544,0.00000098,16.01919211,10.71471660,13.90737167,12.82653704,1.00000000
0.65506306,0.49260631,0.39460768,-0.64378660,-0.54596576,-1.85313947,0.04290981,0.00000098,16.01214019,10.70615135,13.89933953,12.81895201,1.00000000
0.65499675,0.49231786,0.39436337,-0.64302363,-0.54252243,-1.85962641,0.04595344,0.00000098,16.00510803,10.69728540,13.89123253,12.81116090,1.00000000
0.65492455,0.49202738,0.39411069,-0.64222832,-0.53891181,-1.86642044,0.04913687,0.00000098,15.99809671,10.68811624,13.88305070,12.80316224,1.00000000
0.65484638,0.49173488,0.39384959,-0.64140026,-0.53513212,-1.87352374,0.05246050,0.00000098,15.99110735,10.67864159,13.87479420,12.79495473,1.00000000
0.65476219,0.49144036,0.39358000,-0.64053904,-0.53118161,-1.88093829,0.05592456,0.00000098,15.98414111,10.66885939,13.86646326,12.78653723,1.00000000
0.65467193,0.49114386,0.39330189,-0.63964426,-0.52705860,-1.88866589,0.05952916,0.00000098,15.97719919,10.65876781,13.85805821,12.77790879,1.00000000
0.65457555,0.49084539,0.39301520,-0.63871554,-0.52276144,-1.89670814,0.06327427,0.00000098,15.97028282,10.64836526,13.84957947,12.76906861,1.00000000
0.65447301,0.49054496,0.39271991,-0.63775250,-0.51828854,-1.90506645,0.06715969,0.00000098,15.96339326,10.63765037,13.84102756,12.76001607,1.00000000
0.65436425,0.49024261,0.39241599,-0.63675478,-0.51363830,-1.91374206,0.07118509,0.00000098,15.95653180,10.62662202,13.83240308,12.75075073,1.00000000
0.65424924,0.48993836,0.39210341,-0.63572202,-0.50880920,-1.92273602,0.07534996,0.00000098,15.94969974,10.61527932,13.82370674,12.74127232,1.00000000
0.65412796,0.48963224,0.39178217,-0.63465388,-0.50379970,-1.93204920,0.07965366,0.00000098,15.94289844,10.60362162,13.81493930,12.73158076,1.00000000
0.65400036,0.48932428,0.39145225,-0.63355004,-0.49860830,-1.94168232,0.08409538,0.00000098,15.93612924,10.59164854,13.80610165,12.72167613,1.00000000
0.65386642,0.48901453,0.39111365,-0.63241017,-0.49323347,-1.95163590,0.08867415,0.00000098,15.92939352,10.57935992,13.79719475,12.71155869,1.00000000
0.65372613,0.48870300,0.39076638,-0.63123397,-0.48767370,-1.96191032,0.09338882,0.00000098,15.92269265,10.56675587,13.78821962,12.70122890,1.00000000
0.65357946,0.48838976,0.39041045,-0.63002114,-0.48192748,-1.97250581,0.09823809,0.00000098,15.91602803,10.55383676,13.77917741,12.69068738,1.00000000
0.65342640,0.48807482,0.39004588,-0.62877139,-0.47599324,-1.98342241,0.10322048,0.00000098,15.90940105,10.54060319,13.77006932,12.67993493,1.00000000
0.65326695,0.48775825,0.38967271,-0.62748445,-0.46986941,-1.99466006,0.10833431,0.00000098,15.90281312,10.52705605,13.76089662,12.66897255,1.00000000
0.65310111,0.48744009,0.38929096,-0.62616007,-0.46355436,-2.00621853,0.11357774,0.00000098,15.89626563,10.51319648,13.75166069,12.65780142,1.00000000
0.65292887,0.48712037,0.38890068,-0.62479799,-0.45704639,-2.01809745,0.11894870,0.00000098,15.88975998,10.49902587,13.74236296,12.64642289,1.00000000
0.65275024,0.48679917,0.38850192,-0.62339797,-0.45034374,-2.03029633,0.12444495,0.00000098,15.88329755,10.48454591,13.73300495,12.63483851,1.00000000
0.65256525,0.48647651,0.38809473,-0.62195979,-0.44344457,-2.04281455,0.13006401,0.00000098,15.87687971,10.46975854,13.72358825,12.62305000,1.00000000
0.65237390,0.48615247,0.38767918,-0.62048323,-0.43634691,-2.05565137,0.13580318,0.00000098,15.87050784,10.45466595,13.71411452,12.61105927,1.00000000
0.65217622,0.48582710,0.38725534,-0.61896810,-0.42904869,-2.06880592,0.14165953,0.00000098,15.86418327,10.43927065,13.70458548,12.59886844,1.00000000
0.65197224,0.48550044,0.38682329,-0.61741419,-0.42154769,-2.08227724,0.14762986,0.00000098,15.85790733,10.42357539,13.69500295,12.58647978,1.00000000
0.65176200,0.48517257,0.38638313,-0.61582135,-0.41384152,-2.09606425,0.15371071,0.00000098,15.85168134,10.40758322,13.68536879,12.57389576,1.00000000
0.65154553,0.48484354,0.38593493,-0.61418939,-0.40592759,-2.11016577,0.15989831,0.00000098,15.84550659,10.39129743,13.67568495,12.56111907,1.00000000
0.65132288,0.48451341,0.38547881,-0.61251816,-0.39780313,-2.12458051,0.16618860,0.00000098,15.83938433,10.37472164,13.66595343,12.54815254,1.00000000
0.65109410,0.48418226,0.38501487,-0.61080753,-0.38946509,-2.13930710,0.17257716,0.00000098,15.83331582,10.35785972,13.65617631,12.53499923,1.00000000
0.65085925,0.48385014,0.38454324,-0.60905736,-0.38091013,-2.15434407,0.17905918,0.00000098,15.82730227,10.34071584,13.64635575,12.52166237,1.00000000
0.65061840,0.48351713,0.38406404,-0.60726753,-0.37213464,-2.16968985,0.18562948,0.00000098,15.82134490,10.32329445,13.63649396,12.50814539,1.00000000
0.65037160,0.48318329,0.38357740,-0.60543795,-0.36313460,-2.18534280,0.19228241,0.00000098,15.81544487,10.30560028,13.62659323,12.49445192,1.00000000
0.65011894,0.48284870,0.38308346,-0.60356851,-0.35390561,-2.20130118,0.19901180,0.00000098,15.80960337,10.28763836,13.61665594,12.48058579,1.00000000
0.64986049,0.48251343,0.38258238,-0.60165914,-0.34444280,-2.21756315,0.20581097,0.00000098,15.80382153,10.26941401,13.60668453,12.46655101,1.00000000
0.64959634,0.48217756,0.38207431,-0.59970977,-0.33474078,-2.23412679,0.21267260,0.00000098,15.79810052,10.25093283,13.59668153,12.45235182,1.00000000
0.64932659,0.48184117,0.38155942,-0.59772033,-0.32479356,-2.25099009,0.21958869,0.00000098,15.79244145,10.23220074,13.58664956,12.43799264,1.00000000
0.64905131,0.48150434,0.38103788,-0.59569078,-0.31459448,-2.26815092,0.22655046,0.00000098,15.78684550,10.21322393,13.57659131,12.42347812,1.00000000
0.64877063,0.48116715,0.38050988,-0.59362109,-0.30413614,-2.28560706,0.23354826,0.00000098,15.78131380,10.19400891,13.56650960,12.40881310,1.00000000
0.64848464,0.48082970,0.37997560,-0.59151122,-0.29341023,-2.30335616,0.24057146,0.00000098,15.77584753,10.17456247,13.55640733,12.39400267,1.00000000
0.64819346,0.48049207,0.37943524,-0.58936118,-0.28240747,-2.32139575,0.24760829,0.00000098,15.77044792,10.15489173,13.54628754,12.37905212,1.00000000
0.64789721,0.48015437,0.37888901,-0.58717095,-0.27111744,-2.33972319,0.25464572,0.00000098,15.76511622,10.13500409,13.53615336,12.36396696,1.00000000
0.64759600,0.47981670,0.37833712,-0.58494055,-0.25952842,-2.35833569,0.26166921,0.00000098,15.75985375,10.11490729,13.52600809,12.34875295,1.00000000
0.64728995,0.47947915,0.37777980,-0.58266999,-0.24762719,-2.37723025,0.26866254,0.00000098,15.75466190,10.09460935,13.51585515,12.33341610,1.00000000
0.64697921,0.47914185,0.37721728,-0.58035931,-0.23539878,-2.39640365,0.27560755,0.00000098,15.74954216,10.07411864,13.50569813,12.31796267,1.00000000
0.64666391,0.47880491,0.37664980,-0.57800853,-0.22282625,-2.41585238,0.28248374,0.00000098,15.74449612,10.05344384,13.49554081,12.30239915,1.00000000
0.64634417,0.47846846,0.37607762,-0.57561772,-0.20989028,-2.43557260,0.28926801,0.00000098,15.73952550,10.03259394,13.48538712,12.28673232,1.00000000
0.64602015,0.47813262,0.37550099,-0.57318692,-0.19656885,-2.45556008,0.29593407,0.00000098,15.73463216,10.01157830,13.47524122,12.27096925,1.00000000
0.64569199,0.47779755,0.37492018,-0.57071621,-0.18283674,-2.47581012,0.30245200,0.00000098,15.72981811,9.99040658,13.46510745,12.25511725,1.00000000
0.64535983,0.47746339,0.37433547,-0.56820566,-0.16866494,-2.49631739,0.30878748,0.00000098,15.72508552,9.96908880,13.45499038,12.23918394,1.00000000
0.64652963,0.47432015,0.37331639,-0.56716117,-0.16863746,-2.49631739,0.30876000,0.00000098,15.62714648,9.93551551,13.37601450,12.18664749,1.00000000
0.64771600,0.47112761,0.37227378,-0.56609726,-0.16861052,-2.49631739,0.30873307,0.00000098,15.52766540,9.90128482,13.29576507,12.13318516,1.00000000
0.64891880,0.46788581,0.37120730,-0.56501376,-0.16858413,-2.49631739,0.30870669,0.00000098,15.42664286,9.86639020,13.21424053,12.07879254,1.00000000
0.65013789,0.46459478,0.37011660,-0.56391048,-0.16855826,-2.49631739,0.30868082,0.00000098,15.32407973,9.83082508,13.13143954,12.02346528,1.00000000
0.65137313,0.46125456,0.36900132,-0.56278723,-0.16853291,-2.49631739,0.30865548,0.00000098,15.21997723,9.79458286,13.04736098,11.96719911,1.00000000
0.65262438,0.45786523,0.36786110,-0.56164382,-0.16850806,-2.49631739,0.30863064,0.00000098,15.11433687,9.75765687,12.96200393,11.90998981,1.00000000
0.65389146,0.45442684,0.36669557,-0.56048006,-0.16848372,-2.49631739,0.30860630,0.00000098,15.00716051,9.72004044,12.87536770,11.85183325,1.00000000
0.65517423,0.45093948,0.36550439,-0.55929576,-0.16845986,-2.49631739,0.30858245,0.00000098,14.89845031,9.68172680,12.78745178,11.79272534,1.00000000
0.65647250,0.44740325,0.36428716,-0.55809073,-0.16843647,-2.49631739,0.30855907,0.00000098,14.78820876,9.64270919,12.69825590,11.73266206,1.00000000
0.65778610,0.44381824,0.36304354,-0.55686478,-0.16841356,-2.49631739,0.30853616,0.00000098,14.67643867,9.60298077,12.60777998,11.67163946,1.00000000
0.65911485,0.44018457,0.36177315,-0.55561770,-0.16839110,-2.49631739,0.30851371,0.00000098,14.56314314,9.56253466,12.51602415,11.60965365,1.00000000
0.66045855,0.43650236,0.36047561,-0.55434930,-0.16836909,-2.49631739,0.30849170,0.00000098,14.44832562,9.52136393,12.42298875,11.54670081,1.00000000
0.66181701,0.43277176,0.35915055,-0.55305938,-0.16834752,-2.49631739,0.30847014,0.00000098,14.33198986,9.47946162,12.32867432,11.48277716,1.00000000
0.66319002,0.42899289,0.35779759,-0.55174775,-0.16832638,-2.49631739,0.30844901,0.00000098,14.21413994,9.43682069,12.23308162,11.41787900,1.00000000
0.66457737,0.42516593,0.35641635,-0.55041419,-0.16830567,-2.49631739,0.30842830,0.00000098,14.09478022,9.39343408,12.13621160,11.35200270,1.00000000
0.66597885,0.42129104,0.35500646,-0.54905851,-0.16828537,-2.49631739,0.30840800,0.00000098,13.97391542,9.34929466,12.03806543,11.28514465,1.00000000
0.66739422,0.41736839,0.35356753,-0.54768050,-0.16826547,-2.49631739,0.30838811,0.00000098,13.85155053,9.30439528,11.93864447,11.21730134,1.00000000
0.66882326,0.41339817,0.35209917,-0.54627995,-0.16824597,-2.49631739,0.30836862,0.00000098,13.72769089,9.25872869,11.83795029,11.14846930,1.00000000
0.67026572,0.40938059,0.35060101,-0.54485666,-0.16822687,-2.49631739,0.30834952,0.00000098,13.60234213,9.21228764,11.73598466,11.07864511,1.00000000
0.67172137,0.40531586,0.34907264,-0.54341042,-0.16820814,-2.49631739,0.30833080,0.00000098,13.47551019,9.16506481,11.63274955,11.00782544,1.00000000
0.67318995,0.40120418,0.34751370,-0.54194101,-0.16818979,-2.49631739,0.30831245,0.00000098,13.34720133,9.11705281,11.52824715,10.93600699,1.00000000
0.67467120,0.39704580,0.34592379,-0.54044821,-0.16817180,-2.49631739,0.30829447,0.00000098,13.21742213,9.06824422,11.42247982,10.86318653,1.00000000
0.67616486,0.39284095,0.34430251,-0.53893183,-0.16815418,-2.49631739,0.30827685,0.00000098,13.08617945,9.01863156,11.31545015,10.78936086,1.00000000
0.67767066,0.38858989,0.34264949,-0.53739163,-0.16813691,-2.49631739,0.30825958,0.00000098,12.95348049,8.96820732,11.20716093,10.71452688,1.00000000
0.67918831,0.38429288,0.34096433,-0.53582739,-0.16811998,-2.49631739,0.30824266,0.00000098,12.81933274,8.91696389,11.09761512,10.63868152,1.00000000
0.68071753,0.37995018,0.33924663,-0.53423891,-0.16810339,-2.49631739,0.30822608,0.00000098,12.68374401,8.86489366,10.98681590,10.56182177,1.00000000
0.68225804,0.37556209,0.33749602,-0.53262594,-0.16808713,-2.49631739,0.30820982,0.00000098,12.54672240,8.81198894,10.87476666,10.48394467,1.00000000
0.68380952,0.37112890,0.33571209,-0.53098828,-0.16807120,-2.49631739,0.30819390,0.00000098,12.40827633,8.75824198,10.76147098,10.40504734,1.00000000
0.68537168,0.36665090,0.33389446,-0.52932568,-0.16805559,-2.49631739,0.30817829,0.00000098,12.26841453,8.70364501,10.64693262,10.32512692,1.00000000
0.68694421,0.36212842,0.33204273,-0.52763793,-0.16804029,-2.49631739,0.30816299,0.00000098,12.12714603,8.64819017,10.53115556,10.24418064,1.00000000
0.68852678,0.35756177,0.33015652,-0.52592479,-0.16802529,-2.49631739,0.30814800,0.00000098,11.98448016,8.59186958,10.41414398,10.16220575,1.00000000
0.69011907,0.35295129,0.32823544,-0.52418603,-0.16801060,-2.49631739,0.30813331,0.00000098,11.84042656,8.53467528,10.29590224,10.07919960,1.00000000
0.69172074,0.34829733,0.32627909,-0.52242141,-0.16799620,-2.49631739,0.30811891,0.00000098,11.69499518,8.47659929,10.17643492,9.99515955,1.00000000
0.69333147,0.34360023,0.32428709,-0.52063069,-0.16798208,-2.49631739,0.30810480,0.00000098,11.54819627,8.41763355,10.05574677,9.91008305,1.00000000
0.69495091,0.33886036,0.32225906,-0.51881364,-0.16796825,-2.49631739,0.30809097,0.00000098,11.40004037,8.35776997,9.93384275,9.82396758,1.00000000
0.69657870,0.33407810,0.32019460,-0.51697001,-0.16795470,-2.49631739,0.30807742,0.00000098,11.25053834,8.29700039,9.81072803,9.73681070,1.00000000
0.69821448,0.32925383,0.31809334,-0.51509957,-0.16794141,-2.49631739,0.30806414,0.00000098,11.09970134,8.23531663,9.68640796,9.64861001,1.00000000
0.69985790,0.32438794,0.31595489,-0.51320206,-0.16792839,-2.49631739,0.30805112,0.00000098,10.94754082,8.17271042,9.56088808,9.55936316,1.00000000
0.70150857,0.31948083,0.31377887,-0.51127723,-0.16791564,-2.49631739,0.30803837,0.00000098,10.79406855,8.10917347,9.43417414,9.46906788,1.00000000
0.70316613,0.31453293,0.31156490,-0.50932485,-0.16790313,-2.49631739,0.30802587,0.00000098,10.63929658,8.04469743,9.30627208,9.37772193,1.00000000
0.70483019,0.30954464,0.30931261,-0.50734464,-0.16789088,-2.49631739,0.30801362,0.00000098,10.48323727,7.97927391,9.17718805,9.28532314,1.00000000
0.70650036,0.30451640,0.30702161,-0.50533637,-0.16787887,-2.49631739,0.30800162,0.00000098,10.32590329,7.91289448,9.04692837,9.19186940,1.00000000
0.70817624,0.29944866,0.30469155,-0.50329976,-0.16786710,-2.49631739,0.30798985,0.00000098,10.16730760,7.84555062,8.91549956,9.09735866,1.00000000
0.70985743,0.29434187,0.30232205,-0.50123457,-0.16785557,-2.49631739,0.30797832,0.00000098,10.00746345,7.77723383,8.78290837,9.00178891,1.00000000
0.71154352,0.28919648,0.29991275,-0.49914053,-0.16784427,-2.49631739,0.30796702,0.00000098,9.84638440,7.70793551,8.64916169,8.90515822,1.00000000
0.71323409,0.28401296,0.29746328,-0.49701738,-0.16783319,-2.49631739,0.30795595,0.00000098,9.68408431,7.63764705,8.51426666,8.80746471,1.00000000
0.71492872,0.27879180,0.29497329,-0.49486485,-0.16782234,-2.49631739,0.30794510,0.00000098,9.52057734,7.56635977,8.37823057,8.70870654,1.00000000
0.71662699,0.27353348,0.29244241,-0.49268267,-0.16781170,-2.49631739,0.30793446,0.00000098,9.35587792,7.49406498,8.24106093,8.60888197,1.00000000
0.71832845,0.26823850,0.28987030,-0.49047057,-0.16780128,-2.49631739,0.30792404,0.00000098,9.19000081,7.42075392,8.10276544,8.50798929,1.00000000
0.72003267,0.26290736,0.28725661,-0.48822828,-0.16779106,-2.49631739,0.30791383,0.00000098,9.02296105,7.34641781,7.96335201,8.40602686,1.00000000
0.72173920,0.25754058,0.28460100,-0.48595553,-0.16778105,-2.49631739,0.30790382,0.00000098,8.85477399,7.27104781,7.82282871,8.30299310,1.00000000
0.72344759,0.25213868,0.28190312,-0.48365203,-0.16777124,-2.49631739,0.30789401,0.00000098,8.68545526,7.19463508,7.68120383,8.19888650,1.00000000
0.72515737,0.24670220,0.27916264,-0.48131750,-0.16776162,-2.49631739,0.30788440,0.00000098,8.51502078,7.11717070,7.53848587,8.09370561,1.00000000
0.72686809,0.24123167,0.27637923,-0.47895167,-0.16775220,-2.49631739,0.30787498,0.00000098,8.34348679,7.03864575,7.39468349,7.98744905,1.00000000
0.72857927,0.23572764,0.27355256,-0.47655425,-0.16774296,-2.49631739,0.30786574,0.00000098,8.17086980,6.95905125,7.24980557,7.88011548,1.00000000
0.73029042,0.23019067,0.27068233,-0.47412495,-0.16773391,-2.49631739,0.30785670,0.00000098,7.99718662,6.87837822,7.10386118,7.77170366,1.00000000
0.73200108,0.22462133,0.26776820,-0.47166348,-0.16772505,-2.49631739,0.30784783,0.00000098,7.82245437,6.79661762,6.95685958,7.66221241,1.00000000
0.73371075,0.21902018,0.26480987,-0.46916955,-0.16771635,-2.49631739,0.30783914,0.00000098,7.64669044,6.71376040,6.80881025,7.55164059,1.00000000
0.73541893,0.21338782,0.26180704,-0.46664286,-0.16770784,-2.49631739,0.30783062,0.00000098,7.46991252,6.62979748,6.65972284,7.43998717,1.00000000
0.73712512,0.20772482,0.25875941,-0.46408313,-0.16769949,-2.49631739,0.30782228,0.00000098,7.29213860,6.54471976,6.50960720,7.32725116,1.00000000
0.73882882,0.20203179,0.25566669,-0.46149004,-0.16769131,-2.49631739,0.30781410,0.00000098,7.11338696,6.45851810,6.35847340,7.21343166,1.00000000
0.74052951,0.19630933,0.25252860,-0.45886331,-0.16768329,-2.49631739,0.30780608,0.00000098,6.93367616,6.37118337,6.20633168,7.09852784,1.00000000
0.74222667,0.19055805,0.24934485,-0.45620262,-0.16767543,-2.49631739,0.30779823,0.00000098,6.75302505,6.28270639,6.05319250,6.98253894,1.00000000
0.74391979,0.18477858,0.24611517,-0.45350768,-0.16766773,-2.49631739,0.30779053,0.00000098,6.57145279,6.19307798,5.89906649,6.86546427,1.00000000
0.74560832,0.17897153,0.24283931,-0.45077817,-0.16766019,-2.49631739,0.30778299,0.00000098,6.38897881,6.10228895,5.74396451,6.74730324,1.00000000
0.74729174,0.17313755,0.23951699,-0.44801378,-0.16765279,-2.49631739,0.30777560,0.00000098,6.20562283,6.01033009,5.58789761,6.62805531,1.00000000
0.74896950,0.16727726,0.23614798,-0.44521420,-0.16764555,-2.49631739,0.30776835,0.00000098,6.02140488,5.91719219,5.43087703,6.50772005,1.00000000
0.75064105,0.16139133,0.23273202,-0.44237912,-0.16763844,-2.49631739,0.30776125,0.00000098,5.83634526,5.82286602,5.27291420,6.38629708,1.00000000
0.75230585,0.15548041,0.22926889,-0.43950822,-0.16763148,-2.49631739,0.30775429,0.00000098,5.65046455,5.72734237,5.11402079,6.26378613,1.00000000
0.75396334,0.14954515,0.22575836,-0.43660118,-0.16762466,-2.49631739,0.30774747,0.00000098,5.46378363,5.63061200,4.95420863,6.14018701,1.00000000
0.75561295,0.14358622,0.22220020,-0.43365768,-0.16761798,-2.49631739,0.30774079,0.00000098,5.27632367,5.53266569,4.79348976,6.01549960,1.00000000
0.75725412,0.13760429,0.21859422,-0.43067740,-0.16761143,-2.49631739,0.30773424,0.00000098,5.08810612,5.43349422,4.63187644,5.88972390,1.00000000
0.75888628,0.13160005,0.21494020,-0.42766001,-0.16760501,-2.49631739,0.30772782,0.00000098,4.89915270,5.33308838,4.46938111,5.76285997,1.00000000
0.76050884,0.12557418,0.21123795,-0.42460519,-0.16759872,-2.49631739,0.30772153,0.00000098,4.70948545,5.23143897,4.30601643,5.63490799,1.00000000
0.76212123,0.11952737,0.20748729,-0.42151260,-0.16759255,-2.49631739,0.30771537,0.00000098,4.51912665,5.12853681,4.14179525,5.50586821,1.00000000
0.76372285,0.11346031,0.20368804,-0.41838192,-0.16758651,-2.49631739,0.30770933,0.00000098,4.32809889,5.02437272,3.97673062,5.37574099,1.00000000
0.76531311,0.10737371,0.19984005,-0.41521282,-0.16758059,-2.49631739,0.30770341,0.00000098,4.13642505,4.91893756,3.81083581,5.24452679,1.00000000
0.76689142,0.10126828,0.19594314,-0.41200495,-0.16757478,-2.49631739,0.30769761,0.00000098,3.94412827,4.81222220,3.64412429,5.11222618,1.00000000
0.76845718,0.09514472,0.19199718,-0.40875798,-0.16756910,-2.49631739,0.30769192,0.00000098,3.75123197,4.70421755,3.47660971,4.97883981,1.00000000
0.77000977,0.08900375,0.18800203,-0.40547158,-0.16756352,-2.49631739,0.30768635,0.00000098,3.55775987,4.59491454,3.30830596,4.84436845,1.00000000
0.77154859,0.08284610,0.18395755,-0.40214539,-0.16755806,-2.49631739,0.30768089,0.00000098,3.36373596,4.48430415,3.13922712,4.70881298,1.00000000
0.77307302,0.07667249,0.17986364,-0.39877909,-0.16755271,-2.49631739,0.30767554,0.00000098,3.16918449,4.37237740,2.96938748,4.57217440,1.00000000
0.77458245,0.07048365,0.17572019,-0.39537233,-0.16754746,-2.49631739,0.30767029,0.00000098,2.97413001,4.25912532,2.79880152,4.43445380,1.00000000
0.77607623,0.06428031,0.17152710,-0.39192477,-0.16754232,-2.49631739,0.30766516,0.00000098,2.77859733,4.14453904,2.62748396,4.29565241,1.00000000
0.77755376,0.05806322,0.16728429,-0.38843605,-0.16753729,-2.49631739,0.30766012,0.00000098,2.58261155,4.02860970,2.45544969,4.15577156,1.00000000
0.77901440,0.05183311,0.16299167,-0.38490582,-0.16753235,-2.49631739,0.30765518,0.00000098,2.38619803,3.91132852,2.28271384,4.01481271,1.00000000
0.78045750,0.04559073,0.15864919,-0.38133375,-0.16752751,-2.49631739,0.30765035,0.00000098,2.18938241,3.79268676,2.10929173,3.87277745,1.00000000
0.78188244,0.03933682,0.15425680,-0.37771949,-0.16752277,-2.49631739,0.30764561,0.00000098,1.99219059,3.67267579,1.93519890,3.72966748,1.00000000
0.78328857,0.03307215,0.14981445,-0.37406267,-0.16751812,-2.49631739,0.30764096,0.00000098,1.79464876,3.55128699,1.76045109,3.58548466,1.00000000
0.78467523,0.02679747,0.14532211,-0.37036294,-0.16751357,-2.49631739,0.30763641,0.00000098,1.59678334,3.42851186,1.58506425,3.44023095,1.00000000
0.78604179,0.02051352,0.14077977,-0.36661996,-0.16750911,-2.49631739,0.30763195,0.00000098,1.39862107,3.30434196,1.40905456,3.29390846,1.00000000
0.78738758,0.01422108,0.13618742,-0.36283337,-0.16750473,-2.49631739,0.30762757,0.00000098,1.20018890,3.17876895,1.23243840,3.14651945,1.00000000
0.78871195,0.00792091,0.13154506,-0.35900281,-0.16750045,-2.49631739,0.30762329,0.00000098,1.00151408,3.05178458,1.05523234,2.99806632,1.00000000
0.79001424,0.00161376,0.12685271,-0.35512793,-0.16749625,-2.49631739,0.30761909,0.00000098,0.80262411,2.92338068,0.87745320,2.84855159,1.00000000
0.79129379,-0.00469959,0.12211040,-0.35120837,-0.16749213,-2.49631739,0.30761497,0.00000098,0.60354675,2.79354919,0.69911798,2.69797796,1.00000000
0.79254993,-0.01101837,0.11731817,-0.34724377,-0.16748810,-2.49631739,0.30761094,0.00000098,0.40431001,2.66228218,0.52024391,2.54634828,1.00000000
0.79378199,-0.01734182,0.11247607,-0.34323378,-0.16748414,-2.49631739,0.30760699,0.00000098,0.20494217,2.52957179,0.34084843,2.39366553,1.00000000
0.79498930,-0.02366916,0.10758418,-0.33917804,-0.16748027,-2.49631739,0.30760312,0.00000098,0.00547176,2.39541032,0.16094919,2.23993289,1.00000000
0.79617120,-0.02999962,0.10264256,-0.33507619,-0.16747647,-2.49631739,0.30759932,0.00000098,-0.19407246,2.25979018,-0.01943593,2.08515366,1.00000000
0.79732699,-0.03633244,0.09765131,-0.33092787,-0.16747275,-2.49631739,0.30759560,0.00000098,-0.39366145,2.12270392,-0.20028886,1.92933133,1.00000000
0.79845601,-0.04266683,0.09261054,-0.32673272,-0.16746910,-2.49631739,0.30759195,0.00000098,-0.59326594,1.98414420,-0.38159131,1.77246958,1.00000000
0.79955758,-0.04900202,0.08752035,-0.32249040,-0.16746553,-2.49631739,0.30758838,0.00000098,-0.79285641,1.84410387,-0.56332476,1.61457222,1.00000000
0.80063102,-0.05533724,0.08238089,-0.31820053,-0.16746203,-2.49631739,0.30758488,0.00000098,-0.99240311,1.70257589,-0.74547050,1.45564327,1.00000000
0.80167564,-0.06167171,0.07719229,-0.31386276,-0.16745860,-2.49631739,0.30758145,0.00000098,-1.19187605,1.55955341,-0.92800957,1.29568694,1.00000000
0.80269076,-0.06800465,0.07195470,-0.30947674,-0.16745523,-2.49631739,0.30757809,0.00000098,-1.39124498,1.41502973,-1.11092284,1.13470758,1.00000000
0.80367570,-0.07433531,0.06666831,-0.30504211,-0.16745194,-2.49631739,0.30757479,0.00000098,-1.59047946,1.26899831,-1.29419094,0.97270979,1.00000000
0.80462977,-0.08066289,0.06133328,-0.30055852,-0.16744871,-2.49631739,0.30757156,0.00000098,-1.78954878,1.12145283,-1.47779427,0.80969832,1.00000000
0.80555229,-0.08698664,0.05594981,-0.29602561,-0.16744554,-2.49631739,0.30756840,0.00000098,-1.98842204,0.97238712,-1.66171305,0.64567814,1.00000000
0.80644256,-0.09330577,0.05051812,-0.29144303,-0.16744244,-2.49631739,0.30756530,0.00000098,-2.18706808,0.82179522,-1.84592727,0.48065441,1.00000000
0.80729991,-0.09961952,0.04503842,-0.28681043,-0.16743940,-2.49631739,0.30756226,0.00000098,-2.38545556,0.66967136,-2.03041670,0.31463250,1.00000000
0.80812364,-0.10592712,0.03951095,-0.28212746,-0.16743642,-2.49631739,0.30755928,0.00000098,-2.58355289,0.51601000,-2.21516091,0.14761801,1.00000000
0.80891307,-0.11222781,0.03393595,-0.27739377,-0.16743350,-2.49631739,0.30755636,0.00000098,-2.78132831,0.36080580,-2.40013925,-0.02038327,1.00000000
0.80966752,-0.11852081,0.02831370,-0.27260902,-0.16743064,-2.49631739,0.30755350,0.00000098,-2.97874982,0.20405366,-2.58533085,-0.18936531,1.00000000
0.81038628,-0.12480537,0.02264446,-0.26777287,-0.16742783,-2.49631739,0.30755069,0.00000098,-3.17578524,0.04574870,-2.77071465,-0.35932189,1.00000000
0.81106869,-0.13108073,0.01692853,-0.26288497,-0.16742508,-2.49631739,0.30754795,0.00000098,-3.37240216,-0.11411369,-2.95626935,-0.53024651,1.00000000
0.81171406,-0.13734612,0.01116620,-0.25794499,-0.16742239,-2.49631739,0.30754525,0.00000098,-3.56856803,-0.27553792,-3.14197346,-0.70213248,1.00000000
0.81232170,-0.14360080,0.00535780,-0.25295259,-0.16741975,-2.49631739,0.30754262,0.00000098,-3.76425006,-0.43852808,-3.32780529,-0.87497285,1.00000000
0.81289094,-0.14984401,-0.00049635,-0.24790744,-0.16741717,-2.49631739,0.30754003,0.00000098,-3.95941532,-0.60308803,-3.51374291,-1.04876044,1.00000000
0.81342109,-0.15607500,-0.00639590,-0.24280921,-0.16741463,-2.49631739,0.30753750,0.00000098,-4.15403067,-0.76922136,-3.69976422,-1.22348781,1.00000000
0.81391149,-0.16229303,-0.01234050,-0.23765758,-0.16741215,-2.49631739,0.30753501,0.00000098,-4.34806283,-0.93693133,-3.88584688,-1.39914728,1.00000000
0.81436144,-0.16849736,-0.01832977,-0.23245222,-0.16740971,-2.49631739,0.30753258,0.00000098,-4.54147833,-1.10622095,-4.07196836,-1.57573092,1.00000000
0.81477029,-0.17468725,-0.02436333,-0.22719281,-0.16740733,-2.49631739,0.30753019,0.00000098,-4.73424355,-1.27709291,-4.25810594,-1.75323052,1.00000000
0.81513736,-0.18086196,-0.03044079,-0.22187905,-0.16740499,-2.49631739,0.30752786,0.00000098,-4.92632473,-1.44954957,-4.44423668,-1.93163762,1.00000000
0.81546199,-0.18702076,-0.03656172,-0.21651063,-0.16740270,-2.49631739,0.30752556,0.00000098,-5.11768794,-1.62359300,-4.63033746,-2.11094348,1.00000000
0.81574352,-0.19316293,-0.04272572,-0.21108724,-0.16740045,-2.49631739,0.30752332,0.00000098,-5.30829913,-1.79922491,-4.81638493,-2.29113910,1.00000000
0.81598129,-0.19928776,-0.04893234,-0.20560858,-0.16739825,-2.49631739,0.30752112,0.00000098,-5.49812411,-1.97644667,-5.00235558,-2.47221520,1.00000000
0.81617464,-0.20539451,-0.05518112,-0.20007435,-0.16739609,-2.49631739,0.30751896,0.00000098,-5.68712857,-2.15525932,-5.18822570,-2.65416219,1.00000000
0.81632293,-0.21148249,-0.06147161,-0.19448428,-0.16739398,-2.49631739,0.30751685,0.00000098,-5.87527808,-2.33566352,-5.37397136,-2.83697024,1.00000000
0.81642551,-0.21755098,-0.06780333,-0.18883808,-0.16739191,-2.49631739,0.30751478,0.00000098,-6.06253810,-2.51765956,-5.55956848,-3.02062918,1.00000000
0.81648174,-0.22359929,-0.07417578,-0.18313547,-0.16738988,-2.49631739,0.30751275,0.00000098,-6.24887399,-2.70124736,-5.74499277,-3.20512857,1.00000000
0.81649100,-0.22962672,-0.08058847,-0.17737619,-0.16738789,-2.49631739,0.30751076,0.00000098,-6.43425102,-2.88642643,-5.93021978,-3.39045767,1.00000000
0.81645265,-0.23563259,-0.08704087,-0.17155996,-0.16738594,-2.49631739,0.30750881,0.00000098,-6.61863439,-3.07319590,-6.11522486,-3.57660543,1.00000000
0.81636607,-0.24161620,-0.09353246,-0.16568655,-0.16738403,-2.49631739,0.30750690,0.00000098,-6.80198919,-3.26155448,-6.29998319,-3.76356048,1.00000000
0.81623064,-0.24757688,-0.10006269,-0.15975569,-0.16738216,-2.49631739,0.30750503,0.00000098,-6.98428049,-3.45150045,-6.48446980,-3.95131115,1.00000000
0.81604577,-0.25351396,-0.10663101,-0.15376716,-0.16738032,-2.49631739,0.30750319,0.00000098,-7.16547328,-3.64303167,-6.66865950,-4.13984545,1.00000000
0.81581084,-0.25942678,-0.11323685,-0.14772071,-0.16737852,-2.49631739,0.30750139,0.00000098,-7.34553249,-3.83614556,-6.85252700,-4.32915106,1.00000000
0.81552527,-0.26531467,-0.11987963,-0.14161613,-0.16737676,-2.49631739,0.30749963,0.00000098,-7.52442305,-4.03083909,-7.03604679,-4.51921534,1.00000000
0.81518847,-0.27117699,-0.12655876,-0.13545319,-0.16737503,-2.49631739,0.30749791,0.00000098,-7.70210985,-4.22710874,-7.21919326,-4.71002533,1.00000000
0.81479987,-0.27701309,-0.13327364,-0.12923171,-0.16737334,-2.49631739,0.30749621,0.00000098,-7.87855777,-4.42495056,-7.40194061,-4.90156772,1.00000000
0.81435890,-0.28282233,-0.14002364,-0.12295147,-0.16737168,-2.49631739,0.30749456,0.00000098,-8.05373168,-4.62436008,-7.58426290,-5.09382886,1.00000000
0.81386500,-0.28860409,-0.14680814,-0.11661230,-0.16737006,-2.49631739,0.30749293,0.00000098,-8.22759647,-4.82533237,-7.76613407,-5.28679478,1.00000000
0.81331762,-0.29435773,-0.15362651,-0.11021402,-0.16736846,-2.49631739,0.30749134,0.00000098,-8.40011706,-5.02786198,-7.94752789,-5.48045114,1.00000000
0.81271624,-0.30008265,-0.16047808,-0.10375646,-0.16736690,-2.49631739,0.30748977,0.00000098,-8.57125838,-5.23194294,-8.12841804,-5.67478328,1.00000000
0.81206031,-0.30577823,-0.16736220,-0.09723948,-0.16736537,-2.49631739,0.30748824,0.00000098,-8.74098544,-5.43756878,-8.30877805,-5.86977617,1.00000000
0.81134932,-0.31144387,-0.17427819,-0.09066292,-0.16736387,-2.49631739,0.30748674,0.00000098,-8.90926328,-5.64473249,-8.48858135,-6.06541443,1.00000000
0.81058278,-0.31707899,-0.18122537,-0.08402667,-0.16736240,-2.49631739,0.30748527,0.00000098,-9.07605705,-5.85342649,-8.66780123,-6.26168232,1.00000000
0.80976018,-0.32268299,-0.18820303,-0.07733060,-0.16736096,-2.49631739,0.30748383,0.00000098,-9.24133197,-6.06364269,-8.84641091,-6.45856375,1.00000000
0.80888104,-0.32825530,-0.19521048,-0.07057461,-0.16735955,-2.49631739,0.30748242,0.00000098,-9.40505335,-6.27537242,-9.02438349,-6.65604227,1.00000000
0.80794491,-0.33379535,-0.20224700,-0.06375860,-0.16735817,-2.49631739,0.30748104,0.00000098,-9.56718663,-6.48860643,-9.20169200,-6.85410106,1.00000000
0.80695132,-0.33930258,-0.20931186,-0.05688250,-0.16735681,-2.49631739,0.30747969,0.00000098,-9.72769740,-6.70333490,-9.37830937,-7.05272293,1.00000000
0.80589984,-0.34477644,-0.21640432,-0.04994625,-0.16735548,-2.49631739,0.30747836,0.00000098,-9.88655136,-6.91954743,-9.55420847,-7.25189033,1.00000000
0.80479003,-0.35021637,-0.22352364,-0.04294979,-0.16735418,-2.49631739,0.30747706,0.00000098,-10.04371441,-7.13723300,-9.72936209,-7.45158533,1.00000000
0.80362149,-0.35562186,-0.23066906,-0.03589308,-0.16735291,-2.49631739,0.30747578,0.00000098,-10.19915261,-7.35638001,-9.90374297,-7.65178965,1.00000000
0.80239381,-0.36099237,-0.23783981,-0.02877612,-0.16735166,-2.49631739,0.30747453,0.00000098,-10.35283223,-7.57697621,-10.07732382,-7.85248462,1.00000000
0.80110663,-0.36632738,-0.24503512,-0.02159888,-0.16735043,-2.49631739,0.30747331,0.00000098,-10.50471974,-7.79900875,-10.25007728,-8.05365121,1.00000000
0.79975956,-0.37162638,-0.25225421,-0.01436140,-0.16734923,-2.49631739,0.30747211,0.00000098,-10.65478184,-8.02246416,-10.42197599,-8.25527001,1.00000000
0.79835227,-0.37688888,-0.25949628,-0.00706368,-0.16734805,-2.49631739,0.30747093,0.00000098,-10.80298550,-8.24732830,-10.59299255,-8.45732125,1.00000000
0.79688443,-0.38211439,-0.26676054,0.00029421,-0.16734690,-2.49631739,0.30746977,0.00000098,-10.94929792,-8.47358641,-10.76309956,-8.65978476,1.00000000
0.79535570,-0.38730241,-0.27404617,0.00771222,-0.16734577,-2.49631739,0.30746865,0.00000098,-11.09368661,-8.70122306,-10.93226963,-8.86264004,1.00000000
0.79376581,-0.39245248,-0.28135236,0.01519028,-0.16734466,-2.49631739,0.30746754,0.00000098,-11.23611938,-8.93022215,-11.10047536,-9.06586617,1.00000000
0.79211448,-0.39756413,-0.28867829,0.02272827,-0.16734358,-2.49631739,0.30746645,0.00000098,-11.37656435,-9.16056695,-11.26768939,-9.26944191,1.00000000
0.79040143,-0.40263691,-0.29602312,0.03032608,-0.16734251,-2.49631739,0.30746539,0.00000098,-11.51498999,-9.39224003,-11.43388441,-9.47334561,1.00000000
0.78862644,-0.40767038,-0.30338602,0.03798359,-0.16734147,-2.49631739,0.30746435,0.00000098,-11.65136514,-9.62522328,-11.59903313,-9.67755528,1.00000000
0.78678927,-0.41266409,-0.31076615,0.04570062,-0.16734045,-2.49631739,0.30746333,0.00000098,-11.78565898,-9.85949791,-11.76310834,-9.88204856,1.00000000
0.78488974,-0.41761762,-0.31816265,0.05347701,-0.16733945,-2.49631739,0.30746233,0.00000098,-11.91784113,-10.09504446,-11.92608288,-10.08680271,1.00000000
0.78292766,-0.42253056,-0.32557467,0.06131256,-0.16733847,-2.49631739,0.30746134,0.00000098,-12.04788162,-10.33184275,-12.08792970,-10.29179467,1.00000000
0.78090288,-0.42740249,-0.33300135,0.06920705,-0.16733751,-2.49631739,0.30746038,0.00000098,-12.17575091,-10.56987192,-12.24862184,-10.49700099,1.00000000
0.77881525,-0.43223303,-0.34044182,0.07716025,-0.16733656,-2.49631739,0.30745944,0.00000098,-12.30141993,-10.80911041,-12.40813245,-10.70239789,1.00000000
0.77666466,-0.43702177,-0.34789520,0.08517190,-0.16733564,-2.49631739,0.30745852,0.00000098,-12.42486008,-11.04953596,-12.56643480,-10.90796124,1.00000000
0.77445102,-0.44176834,-0.35536063,0.09324171,-0.16733473,-2.49631739,0.30745761,0.00000098,-12.54604328,-11.29112558,-12.72350232,-11.11366655,1.00000000
0.77217425,-0.44647238,-0.36283722,0.10136938,-0.16733385,-2.49631739,0.30745672,0.00000098,-12.66494197,-11.53385562,-12.87930857,-11.31948903,1.00000000
0.76983432,-0.45113351,-0.37032409,0.10955459,-0.16733298,-2.49631739,0.30745585,0.00000098,-12.78152913,-11.77770169,-13.03382729,-11.52540352,1.00000000
0.76743119,-0.45575140,-0.37782035,0.11779698,-0.16733213,-2.49631739,0.30745500,0.00000098,-12.89577830,-12.02263869,-13.18703242,-11.73138457,1.00000000
0.76496487,-0.46032571,-0.38532510,0.12609618,-0.16733129,-2.49631739,0.30745417,0.00000098,-13.00766363,-12.26864084,-13.33889808,-11.93740640,1.00000000
0.76243538,-0.46485609,-0.39283746,0.13445180,-0.16733047,-2.49631739,0.30745335,0.00000098,-13.11715987,-12.51568164,-13.48939860,-12.14344290,1.00000000
0.75984278,-0.46934224,-0.40035652,0.14286342,-0.16732967,-2.49631739,0.30745255,0.00000098,-13.22424240,-12.76373387,-13.63850857,-12.34946770,1.00000000
0.75718714,-0.47378384,-0.40788139,0.15133058,-0.16732889,-2.49631739,0.30745176,0.00000098,-13.32888725,-13.01276964,-13.78620280,-12.55545409,1.00000000
0.75446856,-0.47818059,-0.41541117,0.15985283,-0.16732812,-2.49631739,0.30745099,0.00000098,-13.43107116,-13.26276033,-13.93245638,-12.76137511,1.00000000
0.75168716,-0.48253221,-0.42294495,0.16842966,-0.16732736,-2.49631739,0.30745024,0.00000098,-13.53077152,-13.51367666,-14.07724466,-12.96720352,1.00000000
0.74884310,-0.48683840,-0.43048184,0.17706055,-0.16732662,-2.49631739,0.30744950,0.00000098,-13.62796648,-13.76548862,-14.22054332,-13.17291178,1.00000000
0.74593656,-0.49109890,-0.43802093,0.18574496,-0.16732590,-2.49631739,0.30744878,0.00000098,-13.72263491,-14.01816554,-14.36232832,-13.37847213,1.00000000
0.74296774,-0.49531346,-0.44556131,0.19448232,-0.16732519,-2.49631739,0.30744807,0.00000098,-13.81475646,-14.27167608,-14.50257597,-13.58385657,1.00000000
0.73993688,-0.49948181,-0.45310208,0.20327202,-0.16732449,-2.49631739,0.30744737,0.00000098,-13.90431156,-14.52598820,-14.64126293,-13.78903682,1.00000000
0.73684423,-0.50360371,-0.46064234,0.21211345,-0.16732381,-2.49631739,0.30744669,0.00000098,-13.99128144,-14.78106921,-14.77836622,-13.99398444,1.00000000
0.73369009,-0.50767895,-0.46818118,0.22100595,-0.16732314,-2.49631739,0.30744602,0.00000098,-14.07564817,-15.03688578,-14.91386323,-14.19867072,1.00000000
0.73047477,-0.51170729,-0.47571771,0.22994885,-0.16732249,-2.49631739,0.30744536,0.00000098,-14.15739467,-15.29340391,-15.04773178,-14.40306680,1.00000000
0.72719861,-0.51568852,-0.48325102,0.23894144,-0.16732185,-2.49631739,0.30744472,0.00000098,-14.23650471,-15.55058898,-15.17995008,-14.60714362,1.00000000
0.72386199,-0.51962246,-0.49078022,0.24798298,-0.16732122,-2.49631739,0.30744409,0.00000098,-14.31296299,-15.80840573,-15.31049679,-14.81087194,1.00000000
0.72046530,-0.52350889,-0.49830441,0.25707273,-0.16732060,-2.49631739,0.30744348,0.00000098,-14.38675509,-16.06681831,-15.43935102,-15.01422238,1.00000000
0.71700897,-0.52734765,-0.50582270,0.26620989,-0.16732000,-2.49631739,0.30744287,0.00000098,-14.45786752,-16.32579026,-15.56649236,-15.21716541,1.00000000
0.71349346,-0.53113857,-0.51333420,0.27539365,-0.16731940,-2.49631739,0.30744228,0.00000098,-14.52628776,-16.58528452,-15.69190088,-15.41967140,1.00000000
0.70991925,-0.53488148,-0.52083802,0.28462317,-0.16731882,-2.49631739,0.30744170,0.00000098,-14.59200425,-16.84526348,-15.81555715,-15.62171057,1.00000000
0.70628686,-0.53857624,-0.52833329,0.29389759,-0.16731825,-2.49631739,0.30744113,0.00000098,-14.65500641,-17.10568896,-15.93744228,-15.82325308,1.00000000
0.70259683,-0.54222271,-0.53581911,0.30321600,-0.16731770,-2.49631739,0.30744058,0.00000098,-14.71528467,-17.36652226,-16.05753791,-16.02426901,1.00000000
0.69884972,-0.54582075,-0.54329463,0.31257749,-0.16731715,-2.49631739,0.30744003,0.00000098,-14.77283050,-17.62772414,-16.17582625,-16.22472838,1.00000000
0.69504615,-0.54937025,-0.55075897,0.32198111,-0.16731662,-2.49631739,0.30743950,0.00000098,-14.82763638,-17.88925485,-16.29229007,-16.42460116,1.00000000
0.69118673,-0.55287111,-0.55821128,0.33142588,-0.16731609,-2.49631739,0.30743897,0.00000098,-14.87969586,-18.15107420,-16.40691275,-16.62385730,1.00000000
0.68727213,-0.55632321,-0.56565068,0.34091079,-0.16731558,-2.49631739,0.30743846,0.00000098,-14.92900356,-18.41314147,-16.51967827,-16.82246676,1.00000000
0.68330302,-0.55972649,-0.57307633,0.35043482,-0.16731507,-2.49631739,0.30743795,0.00000098,-14.97555518,-18.67541555,-16.63057123,-17.02039951,1.00000000
0.67928012,-0.56308085,-0.58048739,0.35999691,-0.16731458,-2.49631739,0.30743746,0.00000098,-15.01934753,-18.93785489,-16.73957688,-17.21762554,1.00000000
0.67520417,-0.56638624,-0.58788302,0.36959597,-0.16731410,-2.49631739,0.30743698,0.00000098,-15.06037853,-19.20041753,-16.84668114,-17.41411492,1.00000000
0.67107594,-0.56964259,-0.59526239,0.37923091,-0.16731362,-2.49631739,0.30743650,0.00000098,-15.09864721,-19.46306115,-16.95187059,-17.60983777,1.00000000
0.66689623,-0.57284987,-0.60262467,0.38890057,-0.16731316,-2.49631739,0.30743604,0.00000098,-15.13415374,-19.72574306,-17.05513249,-17.80476431,1.00000000
0.66266585,-0.57600804,-0.60996905,0.39860380,-0.16731270,-2.49631739,0.30743558,0.00000098,-15.16689945,-19.98842026,-17.15645482,-17.99886489,1.00000000
0.65838566,-0.57911707,-0.61729471,0.40833941,-0.16731226,-2.49631739,0.30743513,0.00000098,-15.19688680,-20.25104945,-17.25582627,-18.19210998,1.00000000
0.65405654,-0.58217695,-0.62460087,0.41810620,-0.16731182,-2.49631739,0.30743470,0.00000098,-15.22411944,-20.51358702,-17.35323627,-18.38447020,1.00000000
0.64967939,-0.58518767,-0.63188672,0.42790292,-0.16731139,-2.49631739,0.30743427,0.00000098,-15.24860218,-20.77598915,-17.44867498,-18.57591636,1.00000000
0.64525513,-0.58814926,-0.63915149,0.43772832,-0.16731097,-2.49631739,0.30743385,0.00000098,-15.27034100,-21.03821179,-17.54213332,-18.76641947,1.00000000
0.64078473,-0.59106172,-0.64639440,0.44758112,-0.16731056,-2.49631739,0.30743344,0.00000098,-15.28934307,-21.30021067,-17.63360300,-18.95595074,1.00000000
0.63626915,-0.59392508,-0.65361469,0.45745999,-0.16731015,-2.49631739,0.30743303,0.00000098,-15.30561674,-21.56194140,-17.72307649,-19.14448165,1.00000000
0.63170942,-0.59673940,-0.66081161,0.46736363,-0.16730976,-2.49631739,0.30743264,0.00000098,-15.31917156,-21.82335941,-17.81054705,-19.33198392,1.00000000
0.62710654,-0.59950471,-0.66798440,0.47729067,-0.16730937,-2.49631739,0.30743225,0.00000098,-15.33001827,-22.08442005,-17.89600876,-19.51842956,1.00000000
0.62246158,-0.60222108,-0.67513234,0.48723974,-0.16730899,-2.49631739,0.30743187,0.00000098,-15.33816879,-22.34507860,-17.97945651,-19.70379088,1.00000000
0.61777561,-0.60488859,-0.68225470,0.49720946,-0.16730862,-2.49631739,0.30743150,0.00000098,-15.34363625,-22.60529026,-18.06088599,-19.88804052,1.00000000
0.61304973,-0.60750731,-0.68935077,0.50719839,-0.16730826,-2.49631739,0.30743114,0.00000098,-15.34643495,-22.86501026,-18.14029374,-20.07115147,1.00000000
0.60828505,-0.61007736,-0.69641985,0.51720512,-0.16730790,-2.49631739,0.30743078,0.00000098,-15.34658040,-23.12419383,-18.21767714,-20.25309709,1.00000000
0.60348272,-0.61259883,-0.70346124,0.52722819,-0.16730755,-2.49631739,0.30743043,0.00000098,-15.34408928,-23.38279623,-18.29303439,-20.43385112,1.00000000
0.59864389,-0.61507184,-0.71047426,0.53726613,-0.16730721,-2.49631739,0.30743008,0.00000098,-15.33897945,-23.64077283,-18.36636456,-20.61338772,1.00000000
0.59376974,-0.61749652,-0.71745825,0.54731746,-0.16730687,-2.49631739,0.30742975,0.00000098,-15.33126994,-23.89807910,-18.43766758,-20.79168146,1.00000000
0.58886147,-0.61987301,-0.72441254,0.55738065,-0.16730654,-2.49631739,0.30742942,0.00000098,-15.32098095,-24.15467065,-18.50694420,-20.96870740,1.00000000
0.58392030,-0.62220147,-0.73133650,0.56745421,-0.16730622,-2.49631739,0.30742910,0.00000098,-15.30813382,-24.41050329,-18.57419609,-21.14444102,1.00000000
0.57894745,-0.62448205,-0.73822947,0.57753659,-0.16730590,-2.49631739,0.30742878,0.00000098,-15.29275106,-24.66553301,-18.63942573,-21.31885834,1.00000000
0.57394419,-0.62671494,-0.74509085,0.58762624,-0.16730559,-2.49631739,0.30742847,0.00000098,-15.27485629,-24.91971606,-18.70263650,-21.49193585,1.00000000
0.56891177,-0.62890031,-0.75192002,0.59772161,-0.16730529,-2.49631739,0.30742817,0.00000098,-15.25447425,-25.17300897,-18.76383264,-21.66365059,1.00000000
0.56385147,-0.63103837,-0.75871639,0.60782111,-0.16730499,-2.49631739,0.30742787,0.00000098,-15.23163081,-25.42536857,-18.82301925,-21.83398013,1.00000000
0.55876460,-0.63312932,-0.76547935,0.61792317,-0.16730470,-2.49631739,0.30742758,0.00000098,-15.20635290,-25.67675202,-18.88020229,-22.00290263,1.00000000
0.55365244,-0.63517338,-0.77220835,0.62802617,-0.16730441,-2.49631739,0.30742729,0.00000098,-15.17866854,-25.92711686,-18.93538861,-22.17039679,1.00000000
0.54851634,-0.63717078,-0.77890282,0.63812853,-0.16730413,-2.49631739,0.30742701,0.00000098,-15.14860680,-26.17642103,-18.98858589,-22.33644194,1.00000000
0.54335760,-0.63912177,-0.78556220,0.64822862,-0.16730386,-2.49631739,0.30742673,0.00000098,-15.11619780,-26.42462290,-19.03980268,-22.50101802,1.00000000
0.53817758,-0.64102660,-0.79218596,0.65832483,-0.16730359,-2.49631739,0.30742647,0.00000098,-15.08147266,-26.67168132,-19.08904840,-22.66410559,1.00000000
0.53297763,-0.64288553,-0.79877357,0.66841551,-0.16730332,-2.49631739,0.30742620,0.00000098,-15.04446350,-26.91755561,-19.13633327,-22.82568584,1.00000000
0.52775909,-0.64469884,-0.80532453,0.67849905,-0.16730306,-2.49631739,0.30742594,0.00000098,-15.00520343,-27.16220563,-19.18166840,-22.98574066,1.00000000
0.52252334,-0.64646682,-0.81183832,0.68857380,-0.16730281,-2.49631739,0.30742569,0.00000098,-14.96372648,-27.40559178,-19.22506570,-23.14425256,1.00000000
0.51727175,-0.64818976,-0.81831446,0.69863811,-0.16730256,-2.49631739,0.30742544,0.00000098,-14.92006764,-27.64767506,-19.26653792,-23.30120478,1.00000000
0.51200569,-0.64986797,-0.82475247,0.70869035,-0.16730232,-2.49631739,0.30742520,0.00000098,-14.87426277,-27.88841705,-19.30609861,-23.45658121,1.00000000
0.50672655,-0.65150176,-0.83115188,0.71872886,-0.16730208,-2.49631739,0.30742496,0.00000098,-14.82634863,-28.12777999,-19.34376213,-23.61036649,1.00000000
0.50143571,-0.65309149,-0.83751225,0.72875201,-0.16730185,-2.49631739,0.30742472,0.00000098,-14.77636280,-28.36572678,-19.37954364,-23.76254595,1.00000000
0.49613455,-0.65463747,-0.84383314,0.73875813,-0.16730162,-2.49631739,0.30742450,0.00000098,-14.72434371,-28.60222101,-19.41345907,-23.91310565,1.00000000
0.49082447,-0.65614006,-0.85011411,0.74874560,-0.16730139,-2.49631739,0.30742427,0.00000098,-14.67033054,-28.83722696,-19.44552512,-24.06203238,1.00000000
0.48550685,-0.65759964,-0.85635475,0.75871276,-0.16730117,-2.49631739,0.30742405,0.00000098,-14.61436327,-29.07070968,-19.47575925,-24.20931369,1.00000000
0.48018308,-0.65901656,-0.86255465,0.76865798,-0.16730096,-2.49631739,0.30742384,0.00000098,-14.55648259,-29.30263495,-19.50417966,-24.35493787,1.00000000
0.47485455,-0.66039121,-0.86871341,0.77857963,-0.16730074,-2.49631739,0.30742362,0.00000098,-14.49672988,-29.53296935,-19.53080527,-24.49889396,1.00000000
0.46952264,-0.66172399,-0.87483067,0.78847607,-0.16730054,-2.49631739,0.30742342,0.00000098,-14.43514721,-29.76168025,-19.55565570,-24.64117176,1.00000000
0.46418873,-0.66301530,-0.88090605,0.79834568,-0.16730033,-2.49631739,0.30742321,0.00000098,-14.37177725,-29.98873587,-19.57875127,-24.78176185,1.00000000
0.45885419,-0.66426554,-0.88693918,0.80818685,-0.16730014,-2.49631739,0.30742302,0.00000098,-14.30666331,-30.21410523,-19.60011299,-24.92065555,1.00000000
0.45352040,-0.66547515,-0.89292973,0.81799798,-0.16729994,-2.49631739,0.30742282,0.00000098,-14.23984923,-30.43775824,-19.61976249,-25.05784498,1.00000000
0.44818871,-0.66664456,-0.89887735,0.82777747,-0.16729975,-2.49631739,0.30742263,0.00000098,-14.17137941,-30.65966568,-19.63772208,-25.19332301,1.00000000
0.44286049,-0.66777420,-0.90478172,0.83752374,-0.16729956,-2.49631739,0.30742244,0.00000098,-14.10129874,-30.87979921,-19.65401465,-25.32708329,1.00000000
0.43753709,-0.66886453,-0.91064253,0.84723520,-0.16729938,-2.49631739,0.30742226,0.00000098,-14.02965256,-31.09813140,-19.66866371,-25.45912026,1.00000000
0.43221983,-0.66991601,-0.91645947,0.85691031,-0.16729920,-2.49631739,0.30742208,0.00000098,-13.95648667,-31.31463576,-19.68169335,-25.58942908,1.00000000
0.42691005,-0.67092910,-0.92223225,0.86654751,-0.16729902,-2.49631739,0.30742190,0.00000098,-13.88184724,-31.52928670,-19.69312820,-25.71800574,1.00000000
0.42160907,-0.67190428,-0.92796059,0.87614527,-0.16729885,-2.49631739,0.30742173,0.00000098,-13.80578080,-31.74205959,-19.70299343,-25.84484696,1.00000000
0.41631820,-0.67284204,-0.93364420,0.88570208,-0.16729868,-2.49631739,0.30742156,0.00000098,-13.72833421,-31.95293075,-19.71131474,-25.96995021,1.00000000
0.41103871,-0.67374288,-0.93928284,0.89521642,-0.16729852,-2.49631739,0.30742140,0.00000098,-13.64955462,-32.16187745,-19.71811831,-26.09331376,1.00000000
0.40577191,-0.67460728,-0.94487625,0.90468682,-0.16729835,-2.49631739,0.30742123,0.00000098,-13.56948943,-32.36887795,-19.72343078,-26.21493660,1.00000000
0.40051905,-0.67543576,-0.95042418,0.91411181,-0.16729819,-2.49631739,0.30742107,0.00000098,-13.48818626,-32.57391145,-19.72727925,-26.33481846,1.00000000
0.39528138,-0.67622883,-0.95592641,0.92348994,-0.16729804,-2.49631739,0.30742092,0.00000098,-13.40569290,-32.77695816,-19.72969124,-26.45295982,1.00000000
0.39006014,-0.67698703,-0.96138270,0.93281978,-0.16729789,-2.49631739,0.30742077,0.00000098,-13.32205731,-32.97799926,-19.73069466,-26.56936191,1.00000000
0.38485656,-0.67771087,-0.96679285,0.94209992,-0.16729774,-2.49631739,0.30742062,0.00000098,-13.23732754,-33.17701690,-19.73031781,-26.68402663,1.00000000
0.37967182,-0.67840089,-0.97215665,0.95132896,-0.16729759,-2.49631739,0.30742047,0.00000098,-13.15155172,-33.37399424,-19.72858932,-26.79695665,1.00000000
0.37450712,-0.67905763,-0.97747390,0.96050555,-0.16729745,-2.49631739,0.30742033,0.00000098,-13.06477804,-33.56891542,-19.72553817,-26.90815529,1.00000000
0.36936362,-0.67968165,-0.98274441,0.96962834,-0.16729730,-2.49631739,0.30742018,0.00000098,-12.97705468,-33.76176555,-19.72119364,-27.01762660,1.00000000
0.36424247,-0.68027350,-0.98796801,0.97869600,-0.16729717,-2.49631739,0.30742005,0.00000098,-12.88842982,-33.95253074,-19.71558527,-27.12537528,1.00000000
0.35914480,-0.68083372,-0.99314453,0.98770723,-0.16729703,-2.49631739,0.30741991,0.00000098,-12.79895154,-34.14119806,-19.70874289,-27.23140672,1.00000000
0.35407172,-0.68136290,-0.99827381,0.99666075,-0.16729690,-2.49631739,0.30741978,0.00000098,-12.70866788,-34.32775559,-19.70069653,-27.33572695,1.00000000
0.34902432,-0.68186159,-1.00335568,1.00555532,-0.16729677,-2.49631739,0.30741965,0.00000098,-12.61762673,-34.51219234,-19.69147643,-27.43834264,1.00000000
0.34400366,-0.68233037,-1.00839001,1.01438970,-0.16729664,-2.49631739,0.30741952,0.00000098,-12.52587583,-34.69449830,-19.68111304,-27.53926109,1.00000000
0.33901079,-0.68276982,-1.01337665,1.02316270,-0.16729652,-2.49631739,0.30741940,0.00000098,-12.43346273,-34.87466442,-19.66963694,-27.63849022,1.00000000
0.33404674,-0.68318050,-1.01831549,1.03187313,-0.16729639,-2.49631739,0.30741927,0.00000098,-12.34043479,-35.05268260,-19.65707886,-27.73603853,1.00000000
0.32911251,-0.68356302,-1.02320638,1.04051984,-0.16729627,-2.49631739,0.30741915,0.00000098,-12.24683909,-35.22854568,-19.64346965,-27.83191512,1.00000000
0.32420908,-0.68391795,-1.02804923,1.04910172,-0.16729616,-2.49631739,0.30741904,0.00000098,-12.15272247,-35.40224740,-19.62884022,-27.92612965,1.00000000
0.31933741,-0.68424588,-1.03284391,1.05761765,-0.16729604,-2.49631739,0.30741892,0.00000098,-12.05813144,-35.57378245,-19.61322157,-28.01869231,1.00000000
0.31449843,-0.68454741,-1.03759034,1.06606658,-0.16729593,-2.49631739,0.30741881,0.00000098,-11.96311220,-35.74314641,-19.59664475,-28.10961386,1.00000000
0.30969305,-0.68482313,-1.04228842,1.07444746,-0.16729582,-2.49631739,0.30741870,0.00000098,-11.86771059,-35.91033576,-19.57914080,-28.19890556,1.00000000
0.30492217,-0.68507362,-1.04693805,1.08275927,-0.16729571,-2.49631739,0.30741859,0.00000098,-11.77197207,-36.07534785,-19.56074078,-28.28657914,1.00000000
0.30018665,-0.68529950,-1.05153917,1.09100102,-0.16729560,-2.49631739,0.30741848,0.00000098,-11.67594169,-36.23818091,-19.54147574,-28.37264687,1.00000000
0.29548732,-0.68550135,-1.05609170,1.09917176,-0.16729550,-2.49631739,0.30741838,0.00000098,-11.57966407,-36.39883400,-19.52137664,-28.45712143,1.00000000
0.29082501,-0.68567977,-1.06059556,1.10727055,-0.16729540,-2.49631739,0.30741828,0.00000098,-11.48318336,-36.55730703,-19.50047441,-28.54001598,1.00000000
0.28620051,-0.68583536,-1.06505071,1.11529650,-0.16729530,-2.49631739,0.30741818,0.00000098,-11.38654327,-36.71360071,-19.47879989,-28.62134409,1.00000000
0.28161459,-0.68596872,-1.06945710,1.12324872,-0.16729520,-2.49631739,0.30741808,0.00000098,-11.28978697,-36.86771658,-19.45638380,-28.70111975,1.00000000
0.27706799,-0.68608045,-1.07381466,1.13112637,-0.16729510,-2.49631739,0.30741798,0.00000098,-11.19295713,-37.01965694,-19.43325674,-28.77935733,1.00000000
0.27256144,-0.68617114,-1.07812337,1.13892864,-0.16729501,-2.49631739,0.30741789,0.00000098,-11.09609589,-37.16942487,-19.40944916,-28.85607160,1.00000000
0.26809562,-0.68624138,-1.08238318,1.14665474,-0.16729491,-2.49631739,0.30741780,0.00000098,-10.99924481,-37.31702419,-19.38499135,-28.93127765,1.00000000
0.26367121,-0.68629178,-1.08659408,1.15430390,-0.16729482,-2.49631739,0.30741771,0.00000098,-10.90244487,-37.46245945,-19.35991340,-29.00499092,1.00000000
0.25928886,-0.68632292,-1.09075603,1.16187540,-0.16729474,-2.49631739,0.30741762,0.00000098,-10.80573648,-37.60573593,-19.33424523,-29.07722718,1.00000000
0.25494919,-0.68633539,-1.09486903,1.16936854,-0.16729465,-2.49631739,0.30741753,0.00000098,-10.70915942,-37.74685958,-19.30801651,-29.14800249,1.00000000
0.25065280,-0.68632979,-1.09893306,1.17678264,-0.16729456,-2.49631739,0.30741744,0.00000098,-10.61275284,-37.88583703,-19.28125668,-29.21733319,1.00000000
0.24640026,-0.68630670,-1.10294811,1.18411706,-0.16729448,-2.49631739,0.30741736,0.00000098,-10.51655525,-38.02267558,-19.25399494,-29.28523588,1.00000000
0.24219213,-0.68626669,-1.10691420,1.19137119,-0.16729440,-2.49631739,0.30741728,0.00000098,-10.42060450,-38.15738313,-19.22626021,-29.35172742,1.00000000
0.23802893,-0.68621035,-1.11083132,1.19854444,-0.16729432,-2.49631739,0.30741720,0.00000098,-10.32493779,-38.28996821,-19.19808113,-29.41682487,1.00000000
0.23391117,-0.68613826,-1.11469950,1.20563624,-0.16729424,-2.49631739,0.30741712,0.00000098,-10.22959161,-38.42043996,-19.16948604,-29.48054553,1.00000000
0.22983932,-0.68605098,-1.11851874,1.21264608,-0.16729416,-2.49631739,0.30741704,0.00000098,-10.13460176,-38.54880808,-19.14050297,-29.54290687,1.00000000
0.22581385,-0.68594909,-1.12228909,1.21957345,-0.16729409,-2.49631739,0.30741697,0.00000098,-10.04000335,-38.67508280,-19.11115961,-29.60392655,1.00000000
0.22183518,-0.68583315,-1.12601055,1.22641787,-0.16729401,-2.49631739,0.30741689,0.00000098,-9.94583077,-38.79927493,-19.08148332,-29.66362237,1.00000000
0.21790373,-0.68570370,-1.12968318,1.23317891,-0.16729394,-2.49631739,0.30741682,0.00000098,-9.85211766,-38.92139575,-19.05150113,-29.72201228,1.00000000
0.21401988,-0.68556132,-1.13330701,1.23985614,-0.16729387,-2.49631739,0.30741675,0.00000098,-9.75889697,-39.04145705,-19.02123966,-29.77911436,1.00000000
0.21018400,-0.68540654,-1.13688209,1.24644918,-0.16729380,-2.49631739,0.30741668,0.00000098,-9.66620088,-39.15947109,-18.99072518,-29.83494679,1.00000000
0.20639643,-0.68523992,-1.14040848,1.25295765,-0.16729373,-2.49631739,0.30741661,0.00000098,-9.57406081,-39.27545059,-18.95998358,-29.88952782,1.00000000
0.20265750,-0.68506197,-1.14388623,1.25938123,-0.16729367,-2.49631739,0.30741655,0.00000098,-9.48250747,-39.38940869,-18.92904033,-29.94287582,1.00000000
0.19896750,-0.68487325,-1.14731541,1.26571961,-0.16729360,-2.49631739,0.30741648,0.00000098,-9.39157076,-39.50135894,-18.89792052,-29.99500919,1.00000000
0.19532670,-0.68467427,-1.15069609,1.27197251,-0.16729354,-2.49631739,0.30741642,0.00000098,-9.30127986,-39.61131531,-18.86664879,-30.04594637,1.00000000
0.19173537,-0.68446555,-1.15402834,1.27813966,-0.16729347,-2.49631739,0.30741635,0.00000098,-9.21166313,-39.71929211,-18.83524939,-30.09570585,1.00000000
0.18819375,-0.68424760,-1.15731224,1.28422085,-0.16729341,-2.49631739,0.30741629,0.00000098,-9.12274820,-39.82530402,-18.80374610,-30.14430612,1.00000000
0.18470204,-0.68402093,-1.16054789,1.29021586,-0.16729335,-2.49631739,0.30741623,0.00000098,-9.03456190,-39.92936605,-18.77216228,-30.19176567,1.00000000
0.18126043,-0.68378604,-1.16373537,1.29612453,-0.16729329,-2.49631739,0.30741617,0.00000098,-8.94713029,-40.03149355,-18.74052084,-30.23810301,1.00000000
0.17786912,-0.68354341,-1.16687479,1.30194669,-0.16729323,-2.49631739,0.30741611,0.00000098,-8.86047865,-40.13170214,-18.70884423,-30.28333657,1.00000000
0.17452824,-0.68329353,-1.16996624,1.30768222,-0.16729318,-2.49631739,0.30741606,0.00000098,-8.77463147,-40.23000774,-18.67715442,-30.32748479,1.00000000
0.17123794,-0.68303688,-1.17300984,1.31333102,-0.16729312,-2.49631739,0.30741600,0.00000098,-8.68961245,-40.32642653,-18.64547295,-30.37056603,1.00000000
0.16799833,-0.68277392,-1.17600570,1.31889300,-0.16729307,-2.49631739,0.30741595,0.00000098,-8.60544453,-40.42097493,-18.61382085,-30.41259860,1.00000000
0.16480950,-0.68250512,-1.17895395,1.32436813,-0.16729301,-2.49631739,0.30741589,0.00000098,-8.52214983,-40.51366960,-18.58221869,-30.45360074,1.00000000
0.16167154,-0.68223092,-1.18185472,1.32975636,-0.16729296,-2.49631739,0.30741584,0.00000098,-8.43974972,-40.60452741,-18.55068655,-30.49359059,1.00000000
0.15858451,-0.68195178,-1.18470812,1.33505770,-0.16729291,-2.49631739,0.30741579,0.00000098,-8.35826478,-40.69356544,-18.51924401,-30.53258621,1.00000000
0.15554845,-0.68166812,-1.18751432,1.34027215,-0.16729286,-2.49631739,0.30741574,0.00000098,-8.27771478,-40.78080094,-18.48791019,-30.57060553,1.00000000
0.15256338,-0.68138037,-1.19027344,1.34539977,-0.16729281,-2.49631739,0.30741569,0.00000098,-8.19811875,-40.86625132,-18.45670367,-30.60766639,1.00000000
0.14962931,-0.68108895,-1.19298564,1.35044061,-0.16729276,-2.49631739,0.30741564,0.00000098,-8.11949491,-40.94993417,-18.42564258,-30.64378650,1.00000000
0.14674624,-0.68079428,-1.19565109,1.35539476,-0.16729271,-2.49631739,0.30741559,0.00000098,-8.04186072,-41.03186720,-18.39474452,-30.67898340,1.00000000
0.14391414,-0.68049675,-1.19826993,1.36026233,-0.16729267,-2.49631739,0.30741555,0.00000098,-7.96523288,-41.11206826,-18.36402659,-30.71327454,1.00000000
0.14113296,-0.68019675,-1.20084235,1.36504346,-0.16729262,-2.49631739,0.30741550,0.00000098,-7.88962729,-41.19055529,-18.33350540,-30.74667718,1.00000000
0.13840264,-0.67989467,-1.20336851,1.36973829,-0.16729258,-2.49631739,0.30741546,0.00000098,-7.81505910,-41.26734636,-18.30319703,-30.77920844,1.00000000
0.13572312,-0.67959088,-1.20584860,1.37434700,-0.16729253,-2.49631739,0.30741541,0.00000098,-7.74154270,-41.34245962,-18.27311707,-30.81088525,1.00000000
0.13309430,-0.67928575,-1.20828280,1.37886979,-0.16729249,-2.49631739,0.30741537,0.00000098,-7.66909173,-41.41591328,-18.24328060,-30.84172440,1.00000000
0.13051609,-0.67897963,-1.21067132,1.38330687,-0.16729245,-2.49631739,0.30741533,0.00000098,-7.59771904,-41.48772563,-18.21370220,-30.87174247,1.00000000
0.12798835,-0.67867287,-1.21301434,1.38765849,-0.16729241,-2.49631739,0.30741529,0.00000098,-7.52743677,-41.55791502,-18.18439593,-30.90095586,1.00000000
0.12551095,-0.67836580,-1.21531209,1.39192490,-0.16729237,-2.49631739,0.30741525,0.00000098,-7.45825629,-41.62649984,-18.15537533,-30.92938080,1.00000000
0.12308375,-0.67805875,-1.21756476,1.39610637,-0.16729233,-2.49631739,0.30741521,0.00000098,-7.39018825,-41.69349851,-18.12665346,-30.95703329,1.00000000
0.12070658,-0.67775204,-1.21977259,1.40020322,-0.16729229,-2.49631739,0.30741517,0.00000098,-7.32324253,-41.75892948,-18.09824286,-30.98392915,1.00000000
0.11837927,-0.67744598,-1.22193579,1.40421576,-0.16729225,-2.49631739,0.30741513,0.00000098,-7.25742832,-41.82281124,-18.07015557,-31.01008399,1.00000000
0.11610163,-0.67714087,-1.22405460,1.40814433,-0.16729221,-2.49631739,0.30741510,0.00000098,-7.19275406,-41.88516225,-18.04240311,-31.03551321,1.00000000
0.11387345,-0.67683699,-1.22612926,1.41198929,-0.16729218,-2.49631739,0.30741506,0.00000098,-7.12922748,-41.94600101,-18.01499650,-31.06023198,1.00000000
0.11169452,-0.67653463,-1.22816002,1.41575101,-0.16729214,-2.49631739,0.30741502,0.00000098,-7.06685558,-42.00534599,-17.98794629,-31.08425529,1.00000000
0.10956460,-0.67623405,-1.23014713,1.41942990,-0.16729211,-2.49631739,0.30741499,0.00000098,-7.00564467,-42.06321568,-17.96126248,-31.10759787,1.00000000
0.10748345,-0.67593552,-1.23209085,1.42302636,-0.16729207,-2.49631739,0.30741496,0.00000098,-6.94560036,-42.11962852,-17.93495462,-31.13027425,1.00000000
0.10545083,-0.67563929,-1.23399144,1.42654085,-0.16729204,-2.49631739,0.30741492,0.00000098,-6.88672753,-42.17460295,-17.90903173,-31.15229874,1.00000000
0.10346645,-0.67534559,-1.23584918,1.42997380,-0.16729201,-2.49631739,0.30741489,0.00000098,-6.82903041,-42.22815737,-17.88350237,-31.17368541,1.00000000
0.10153005,-0.67505467,-1.23766436,1.43332569,-0.16729198,-2.49631739,0.30741486,0.00000098,-6.77251253,-42.28031016,-17.85837458,-31.19444811,1.00000000
0.09964133,-0.67476674,-1.23943725,1.43659702,-0.16729194,-2.49631739,0.30741483,0.00000098,-6.71717672,-42.33107968,-17.83365594,-31.21460046,1.00000000
0.09779999,-0.67448201,-1.24116815,1.43978829,-0.16729191,-2.49631739,0.30741479,0.00000098,-6.66302516,-42.38048421,-17.80935352,-31.23415585,1.00000000
0.09600571,-0.67420069,-1.24285737,1.44290002,-0.16729188,-2.49631739,0.30741476,0.00000098,-6.61005937,-42.42854202,-17.78547394,-31.25312745,1.00000000
0.09425816,-0.67392298,-1.24450522,1.44593278,-0.16729185,-2.49631739,0.30741474,0.00000098,-6.55828019,-42.47527134,-17.76202333,-31.27152820,1.00000000
0.09255702,-0.67364905,-1.24611200,1.44888710,-0.16729182,-2.49631739,0.30741471,0.00000098,-6.50768781,-42.52069034,-17.73900734,-31.28937080,1.00000000
0.09090193,-0.67337908,-1.24767805,1.45176359,-0.16729180,-2.49631739,0.30741468,0.00000098,-6.45828177,-42.56481714,-17.71643116,-31.30666775,1.00000000
0.08929254,-0.67311324,-1.24920370,1.45456283,-0.16729177,-2.49631739,0.30741465,0.00000098,-6.41006098,-42.60766983,-17.69429953,-31.32343128,1.00000000
0.08772847,-0.67285168,-1.25068928,1.45728544,-0.16729174,-2.49631739,0.30741462,0.00000098,-6.36302370,-42.64926643,-17.67261670,-31.33967343,1.00000000
0.08620933,-0.67259455,-1.25213514,1.45993206,-0.16729171,-2.49631739,0.30741459,0.00000098,-6.31716758,-42.68962494,-17.65138649,-31.35540602,1.00000000
0.08473475,-0.67234199,-1.25354164,1.46250334,-0.16729169,-2.49631739,0.30741457,0.00000098,-6.27248961,-42.72876327,-17.63061225,-31.37064063,1.00000000
0.08330432,-0.67209413,-1.25490913,1.46499993,-0.16729166,-2.49631739,0.30741454,0.00000098,-6.22898620,-42.76669933,-17.61029689,-31.38538863,1.00000000
0.08191763,-0.67185109,-1.25623799,1.46742254,-0.16729164,-2.49631739,0.30741452,0.00000098,-6.18665313,-42.80345094,-17.59044289,-31.39966118,1.00000000
0.08057424,-0.67161298,-1.25752860,1.46977185,-0.16729161,-2.49631739,0.30741449,0.00000098,-6.14548558,-42.83903590,-17.57105228,-31.41346921,1.00000000
0.07927374,-0.67137990,-1.25878133,1.47204860,-0.16729159,-2.49631739,0.30741447,0.00000098,-6.10547813,-42.87347196,-17.55212664,-31.42682345,1.00000000
0.07801568,-0.67115194,-1.25999658,1.47425351,-0.16729156,-2.49631739,0.30741444,0.00000098,-6.06662477,-42.90677684,-17.53366717,-31.43973444,1.00000000
0.07679960,-0.67092920,-1.26117475,1.47638735,-0.16729154,-2.49631739,0.30741442,0.00000098,-6.02891889,-42.93896819,-17.51567459,-31.45221250,1.00000000
0.07562504,-0.67071174,-1.26231625,1.47845088,-0.16729152,-2.49631739,0.30741440,0.00000098,-5.99235332,-42.97006367,-17.49814924,-31.46426774,1.00000000
0.07449153,-0.67049964,-1.26342150,1.48044488,-0.16729149,-2.49631739,0.30741438,0.00000098,-5.95692029,-43.00008086,-17.48109104,-31.47591011,1.00000000
0.07339858,-0.67029295,-1.26449092,1.48237018,-0.16729147,-2.49631739,0.30741435,0.00000098,-5.92261149,-43.02903734,-17.46449950,-31.48714934,1.00000000
0.07234570,-0.67009173,-1.26552494,1.48422757,-0.16729145,-2.49631739,0.30741433,0.00000098,-5.88941803,-43.05695068,-17.44837373,-31.49799498,1.00000000
0.07133239,-0.66989601,-1.26652401,1.48601792,-0.16729143,-2.49631739,0.30741431,0.00000098,-5.85733045,-43.08383838,-17.43271242,-31.50845641,1.00000000
0.07035814,-0.66970585,-1.26748857,1.48774207,-0.16729141,-2.49631739,0.30741429,0.00000098,-5.82633877,-43.10971798,-17.41751392,-31.51854283,1.00000000
0.06942242,-0.66952125,-1.26841909,1.48940089,-0.16729139,-2.49631739,0.30741427,0.00000098,-5.79643243,-43.13460697,-17.40277614,-31.52826326,1.00000000
0.06852469,-0.66934225,-1.26931602,1.49099528,-0.16729137,-2.49631739,0.30741425,0.00000098,-5.76760037,-43.15852285,-17.38849665,-31.53762657,1.00000000
0.06766442,-0.66916886,-1.27017985,1.49252615,-0.16729135,-2.49631739,0.30741423,0.00000098,-5.73983095,-43.18148314,-17.37467261,-31.54664147,1.00000000
0.06684106,-0.66900107,-1.27101106,1.49399441,-0.16729133,-2.49631739,0.30741421,0.00000098,-5.71311203,-43.20350532,-17.36130085,-31.55531650,1.00000000
0.06605404,-0.66883889,-1.27181014,1.49540101,-0.16729131,-2.49631739,0.30741419,0.00000098,-5.68743095,-43.22460692,-17.34837780,-31.56366007,1.00000000
0.06530279,-0.66868231,-1.27257760,1.49674692,-0.16729129,-2.49631739,0.30741418,0.00000098,-5.66277451,-43.24480548,-17.33589955,-31.57168044,1.00000000
0.06458672,-0.66853131,-1.27331393,1.49803310,-0.16729127,-2.49631739,0.30741416,0.00000098,-5.63912902,-43.26411857,-17.32386185,-31.57938574,1.00000000
0.06438907,-0.66837625,-1.27358498,1.49877674,-0.16475047,-2.49991417,0.30847014,0.00000098,-5.62873225,-43.26873565,-17.31666913,-31.58079876,1.00000000
0.06374154,-0.66823667,-1.27426063,1.49994652,-0.16475036,-2.49991417,0.30847002,0.00000098,-5.60707874,-43.28634521,-17.30551240,-31.58791155,1.00000000
0.06312740,-0.66810255,-1.27490675,1.50105962,-0.16475025,-2.49991417,0.30846991,0.00000098,-5.58639145,-43.30312157,-17.29478075,-31.59473227,1.00000000
0.06254601,-0.66797387,-1.27552387,1.50211708,-0.16475014,-2.49991417,0.30846980,0.00000098,-5.56665469,-43.31908247,-17.28446858,-31.60126859,1.00000000
0.06199675,-0.66785057,-1.27611256,1.50311996,-0.16475003,-2.49991417,0.30846969,0.00000098,-5.54785228,-43.33424573,-17.27456996,-31.60752806,1.00000000
0.06147897,-0.66773259,-1.27667337,1.50406935,-0.16474992,-2.49991417,0.30846959,0.00000098,-5.52996758,-43.34862921,-17.26507866,-31.61351814,1.00000000
0.06099203,-0.66761987,-1.27720689,1.50496635,-0.16474982,-2.49991417,0.30846948,0.00000098,-5.51298346,-43.36225087,-17.25598812,-31.61924621,1.00000000
0.06053526,-0.66751234,-1.27771369,1.50581207,-0.16474972,-2.49991417,0.30846938,0.00000098,-5.49688231,-43.37512873,-17.24729148,-31.62471955,1.00000000
0.06010799,-0.66740993,-1.27819436,1.50660765,-0.16474962,-2.49991417,0.30846928,0.00000098,-5.48164607,-43.38728092,-17.23898159,-31.62994540,1.00000000
0.05970952,-0.66731256,-1.27864951,1.50735424,-0.16474952,-2.49991417,0.30846918,0.00000098,-5.46725622,-43.39872566,-17.23105099,-31.63493089,1.00000000
0.05933918,-0.66722014,-1.27907975,1.50805302,-0.16474943,-2.49991417,0.30846909,0.00000098,-5.45369376,-43.40948130,-17.22349194,-31.63968312,1.00000000
0.05899626,-0.66713258,-1.27948570,1.50870518,-0.16474933,-2.49991417,0.30846900,0.00000098,-5.44093927,-43.41956628,-17.21629642,-31.64420913,1.00000000
0.05868004,-0.66704979,-1.27986798,1.50931193,-0.16474924,-2.49991417,0.30846890,0.00000098,-5.42897285,-43.42899918,-17.20945613,-31.64851590,1.00000000
0.05838979,-0.66697165,-1.28022723,1.50987449,-0.16474915,-2.49991417,0.30846881,0.00000098,-5.41777418,-43.43779872,-17.20296250,-31.65261040,1.00000000
0.05812479,-0.66689808,-1.28056412,1.51039412,-0.16474906,-2.49991417,0.30846873,0.00000098,-5.40732249,-43.44598373,-17.19680669,-31.65649953,1.00000000
0.05788428,-0.66682895,-1.28087928,1.51087208,-0.16474897,-2.49991417,0.30846864,0.00000098,-5.39759658,-43.45357323,-17.19097960,-31.66019021,1.00000000
0.05766750,-0.66676416,-1.28117340,1.51130965,-0.16474889,-2.49991417,0.30846856,0.00000098,-5.38857481,-43.46058638,-17.18547189,-31.66368930,1.00000000
0.05747369,-0.66670357,-1.28144715,1.51170814,-0.16474881,-2.49991417,0.30846847,0.00000098,-5.38023513,-43.46704249,-17.18027394,-31.66700368,1.00000000
0.05730943,-0.66664699,-1.28169463,1.51206151,-0.16471003,-2.49996873,0.30848426,0.00000098,-5.37274356,-43.47275313,-17.17544521,-31.67005149,1.00000000
0.05714647,-0.66659459,-1.28194114,1.51239855,-0.16477696,-2.49987425,0.30845670,0.00000098,-5.36537375,-43.47851393,-17.17071704,-31.67317065,1.00000000
0.05698475,-0.66654622,-1.28218676,1.51271989,-0.16494569,-2.49963618,0.30838737,0.00000098,-5.35812079,-43.48432345,-17.16608556,-31.67635868,1.00000000
0.05682422,-0.66650172,-1.28243152,1.51302615,-0.16521226,-2.49926005,0.30827780,0.00000098,-5.35097975,-43.49018020,-17.16154687,-31.67961307,1.00000000
0.05666480,-0.66646095,-1.28267546,1.51331798,-0.16557258,-2.49875145,0.30812953,0.00000098,-5.34394566,-43.49608267,-17.15709704,-31.68293130,1.00000000
0.05650644,-0.66642373,-1.28291865,1.51359603,-0.16602250,-2.49811608,0.30794408,0.00000098,-5.33701355,-43.50202928,-17.15273207,-31.68631075,1.00000000
0.05634906,-0.66638991,-1.28316112,1.51386094,-0.16655778,-2.49735967,0.30772294,0.00000098,-5.33017839,-43.50801843,-17.14844798,-31.68974883,1.00000000
0.05619262,-0.66635932,-1.28340291,1.51411338,-0.16717409,-2.49648806,0.30746764,0.00000098,-5.32343513,-43.51404844,-17.14424072,-31.69324285,1.00000000
0.05603705,-0.66633180,-1.28364409,1.51435402,-0.16786703,-2.49550716,0.30717969,0.00000098,-5.31677870,-43.52011760,-17.14010619,-31.69679011,1.00000000
0.05588229,-0.66630719,-1.28388468,1.51458354,-0.16863215,-2.49442297,0.30686062,0.00000098,-5.31020396,-43.52622415,-17.13604027,-31.70038784,1.00000000
0.05572827,-0.66628531,-1.28412475,1.51480263,-0.16946492,-2.49324158,0.30651199,0.00000098,-5.30370575,-43.53236627,-17.13203878,-31.70403323,1.00000000
0.05557494,-0.66626599,-1.28436433,1.51501199,-0.17036073,-2.49196916,0.30613539,0.00000098,-5.29727885,-43.53854207,-17.12809749,-31.70772343,1.00000000
0.05542223,-0.66624906,-1.28460346,1.51521231,-0.17131495,-2.49061198,0.30573243,0.00000098,-5.29091802,-43.54474963,-17.12421212,-31.71145552,1.00000000
0.05527009,-0.66623434,-1.28484220,1.51540432,-0.17232285,-2.48917641,0.30530475,0.00000098,-5.28461794,-43.55098694,-17.12037835,-31.71522653,1.00000000
0.05511845,-0.66622165,-1.28508059,1.51558873,-0.17337968,-2.48766890,0.30485407,0.00000098,-5.27837325,-43.55725198,-17.11659179,-31.71903344,1.00000000
0.05496726,-0.66621081,-1.28531867,1.51576627,-0.17448062,-2.48609601,0.30438212,0.00000098,-5.27217853,-43.56354261,-17.11284798,-31.72287315,1.00000000
0.05481645,-0.66620164,-1.28555649,1.51593768,-0.17562082,-2.48446439,0.30389071,0.00000098,-5.26602831,-43.56985667,-17.10914244,-31.72674254,1.00000000
0.05466597,-0.66619395,-1.28579410,1.51610371,-0.17679536,-2.48278082,0.30338168,0.00000098,-5.25991706,-43.57619193,-17.10547058,-31.73063841,1.00000000
0.05451575,-0.66618755,-1.28603153,1.51626511,-0.17799931,-2.48105214,0.30285695,0.00000098,-5.25383916,-43.58254610,-17.10182779,-31.73455748,1.00000000
0.05436574,-0.66618224,-1.28626883,1.51642265,-0.17922767,-2.47928533,0.30231850,0.00000098,-5.24778897,-43.58891683,-17.09820936,-31.73849644,1.00000000
0.05421587,-0.66617783,-1.28650606,1.51657709,-0.18047541,-2.47748746,0.30176837,0.00000098,-5.24176073,-43.59530169,-17.09461053,-31.74245189,1.00000000
0.05406609,-0.66617412,-1.28674324,1.51672924,-0.18173746,-2.47566570,0.30120866,0.00000098,-5.23574865,-43.60169821,-17.09102646,-31.74642040,1.00000000
0.05391634,-0.66617091,-1.28698044,1.51687987,-0.18300871,-2.47382735,0.30064156,0.00000098,-5.22974684,-43.60810385,-17.08745226,-31.75039844,1.00000000
0.05376655,-0.66616798,-1.28721768,1.51702978,-0.18428401,-2.47197980,0.30006931,0.00000098,-5.22374936,-43.61451602,-17.08388294,-31.75438244,1.00000000
0.05361667,-0.66616518,-1.28745502,1.51717966,-0.18556810,-2.47013180,0.29950540,0.00000098,-5.21775120,-43.62093247,-17.08031431,-31.75836935,1.00000000
0.05346670,-0.66616245,-1.28769245,1.51732962,-0.18690413,-2.46829676,0.29900639,0.00000098,-5.21175132,-43.62735271,-17.07674550,-31.76235853,1.00000000
0.05331662,-0.66615980,-1.28793000,1.51747970,-0.18834181,-2.46648825,0.29863556,0.00000098,-5.20574925,-43.63377721,-17.07317630,-31.76635016,1.00000000
0.05316639,-0.66615723,-1.28816770,1.51762993,-0.18992734,-2.46471865,0.29845149,0.00000098,-5.19974393,-43.64020703,-17.06960631,-31.77034466,1.00000000
0.05301595,-0.66615474,-1.28840559,1.51778037,-0.19170352,-2.46299915,0.29850816,0.00000098,-5.19373384,-43.64664378,-17.06603492,-31.77434269,1.00000000
0.05286523,-0.66615232,-1.28864376,1.51793110,-0.19370997,-2.46133971,0.29885518,0.00000098,-5.18771692,-43.65308960,-17.06246137,-31.77834515,1.00000000
0.05271412,-0.66614997,-1.28888228,1.51808221,-0.19598327,-2.45974908,0.29953784,0.00000098,-5.18169067,-43.65954717,-17.05888469,-31.78235315,1.00000000
0.05256251,-0.66614770,-1.28912126,1.51823382,-0.19855716,-2.45823470,0.30059736,0.00000098,-5.17565215,-43.66601962,-17.05530378,-31.78636799,1.00000000
0.05241028,-0.66614550,-1.28936081,1.51838605,-0.20146267,-2.45680274,0.30207091,0.00000098,-5.16959797,-43.67251057,-17.05171735,-31.79039119,1.00000000
0.05225728,-0.66614338,-1.28960107,1.51853905,-0.20472836,-2.45545798,0.30399183,0.00000098,-5.16352430,-43.67902411,-17.04812396,-31.79442446,1.00000000
0.05210334,-0.66614133,-1.28984218,1.51869299,-0.20838039,-2.45420382,0.30638971,0.00000098,-5.15742694,-43.68556476,-17.04452201,-31.79846968,1.00000000
0.05194829,-0.66613935,-1.29008430,1.51884804,-0.21244272,-2.45304225,0.30929047,0.00000098,-5.15130124,-43.69213748,-17.04090976,-31.80252895,1.00000000
0.05179193,-0.66613745,-1.29032760,1.51900440,-0.21693722,-2.45197380,0.31271652,0.00000098,-5.14514218,-43.69874765,-17.03728533,-31.80660451,1.00000000
0.05163406,-0.66613562,-1.29057227,1.51916227,-0.22188377,-2.45099751,0.31668678,0.00000098,-5.13894437,-43.70540108,-17.03364665,-31.81069880,1.00000000
0.05147446,-0.66613387,-1.29081850,1.51932187,-0.22730036,-2.45011095,0.32121681,0.00000098,-5.13270200,-43.71210398,-17.02999157,-31.81481441,1.00000000
0.05131288,-0.66613219,-1.29106652,1.51948345,-0.23320317,-2.44931016,0.32631883,0.00000098,-5.12640895,-43.71886292,-17.02631776,-31.81895411,1.00000000
0.05114908,-0.66613059,-1.29131655,1.51964725,-0.23960658,-2.44858972,0.33200180,0.00000098,-5.12005871,-43.72568488,-17.02262277,-31.82312082,1.00000000
0.05098280,-0.66612906,-1.29156881,1.51981353,-0.24652324,-2.44794271,0.33827145,0.00000098,-5.11364446,-43.73257717,-17.01890403,-31.82731760,1.00000000
0.05081376,-0.66612761,-1.29182356,1.51998257,-0.25396406,-2.44736075,0.34513031,0.00000098,-5.10715906,-43.73954743,-17.01515884,-31.83154765,1.00000000
0.05064168,-0.66612625,-1.29208105,1.52015465,-0.26193819,-2.44683406,0.35257775,0.00000098,-5.10059510,-43.74660361,-17.01138441,-31.83581429,1.00000000
0.05046626,-0.66612496,-1.29234154,1.52033007,-0.27045300,-2.44635147,0.36060998,0.00000098,-5.09394490,-43.75375390,-17.00757783,-31.84012097,1.00000000
0.05028720,-0.66612375,-1.29260531,1.52050912,-0.27951404,-2.44590054,0.36922008,0.00000098,-5.08720058,-43.76100675,-17.00373612,-31.84447120,1.00000000
0.05010420,-0.66612263,-1.29287263,1.52069213,-0.28912494,-2.44546757,0.37839801,0.00000098,-5.08035408,-43.76837074,-16.99985623,-31.84886858,1.00000000
0.04991693,-0.66612159,-1.29314379,1.52087939,-0.29928737,-2.44503776,0.38813063,0.00000098,-5.07339724,-43.77585458,-16.99593507,-31.85331675,1.00000000
0.04972509,-0.66612063,-1.29341906,1.52107124,-0.31000095,-2.44459526,0.39840170,0.00000098,-5.06632184,-43.78346703,-16.99196952,-31.85781936,1.00000000
0.04952836,-0.66611977,-1.29369873,1.52126797,-0.32126313,-2.44412333,0.40919196,0.00000098,-5.05911968,-43.79121681,-16.98795645,-31.86238004,1.00000000
0.04932643,-0.66611898,-1.29398307,1.52146989,-0.33306915,-2.44360448,0.42047912,0.00000098,-5.05178264,-43.79911251,-16.98389279,-31.86700237,1.00000000
0.04911900,-0.66611829,-1.29427236,1.52167732,-0.34541188,-2.44302058,0.43223795,0.00000098,-5.04430283,-43.80716251,-16.97977551,-31.87168983,1.00000000
0.04890578,-0.66611769,-1.29456686,1.52189054,-0.35828181,-2.44235305,0.44444036,0.00000098,-5.03667260,-43.81537486,-16.97560170,-31.87644576,1.00000000
0.04868650,-0.66611717,-1.29486681,1.52210983,-0.37166693,-2.44158307,0.45705550,0.00000098,-5.02888473,-43.82375716,-16.97136857,-31.88127331,1.00000000
0.04846089,-0.66611675,-1.29517244,1.52233544,-0.38555271,-2.44069170,0.47004991,0.00000098,-5.02093246,-43.83231646,-16.96707353,-31.88617539,1.00000000
0.04822873,-0.66611642,-1.29548396,1.52256760,-0.39992204,-2.43966012,0.48338766,0.00000098,-5.01280969,-43.84105915,-16.96271421,-31.89115462,1.00000000
0.04798981,-0.66611618,-1.29580155,1.52280652,-0.41475527,-2.43846982,0.49703059,0.00000098,-5.00451100,-43.84999077,-16.95828850,-31.89621327,1.00000000
0.04774397,-0.66611603,-1.29612537,1.52305236,-0.43003021,-2.43710280,0.51093850,0.00000098,-4.99603185,-43.85911598,-16.95379460,-31.90135322,1.00000000
0.04749106,-0.66611597,-1.29645553,1.52330526,-0.44572218,-2.43554178,0.52506947,0.00000098,-4.98736861,-43.86843838,-16.94923107,-31.90657592,1.00000000
0.04723101,-0.66611600,-1.29679212,1.52356532,-0.46180417,-2.43377043,0.53938010,0.00000098,-4.97851871,-43.87796044,-16.94459683,-31.91188232,1.00000000
0.04696375,-0.66611611,-1.29713518,1.52383258,-0.47824690,-2.43177350,0.55382590,0.00000098,-4.96948070,-43.88768340,-16.93989125,-31.91727285,1.00000000
0.04668928,-0.66611631,-1.29748472,1.52410705,-0.49501906,-2.42953706,0.56836163,0.00000098,-4.96025431,-43.89760721,-16.93511410,-31.92274742,1.00000000
0.04640765,-0.66611660,-1.29784070,1.52438868,-0.51208747,-2.42704866,0.58294163,0.00000098,-4.95084053,-43.90773047,-16.93026566,-31.92830533,1.00000000
0.04611895,-0.66611697,-1.29820303,1.52467737,-0.52941734,-2.42429744,0.59752028,0.00000098,-4.94124157,-43.91805042,-16.92534664,-31.93394535,1.00000000
0.04582333,-0.66611741,-1.29857159,1.52497300,-0.54697253,-2.42127433,0.61205235,0.00000098,-4.93146094,-43.92856294,-16.92035825,-31.93966564,1.00000000
0.04552097,-0.66611793,-1.29894620,1.52527536,-0.56471583,-2.41797210,0.62649342,0.00000098,-4.92150338,-43.93926256,-16.91530214,-31.94546381,1.00000000
0.04521210,-0.66611853,-1.29932666,1.52558423,-0.58260927,-2.41438545,0.64080022,0.00000098,-4.91137481,-43.95014255,-16.91018043,-31.95133694,1.00000000
0.04489701,-0.66611919,-1.29971271,1.52589931,-0.60061442,-2.41051110,0.65493101,0.00000098,-4.90108227,-43.96119498,-16.90499565,-31.95728160,1.00000000
0.04457602,-0.66611991,-1.30010408,1.52622031,-0.61869268,-2.40634777,0.66884594,0.00000098,-4.89063382,-43.97241083,-16.89975072,-31.96329393,1.00000000
0.04424947,-0.66612069,-1.30050045,1.52654686,-0.63680559,-2.40189620,0.68250729,0.00000098,-4.88003845,-43.98378010,-16.89444891,-31.96936964,1.00000000
0.04391774,-0.66612153,-1.30090146,1.52687859,-0.65491513,-2.39715914,0.69587977,0.00000098,-4.86930589,-43.99529201,-16.88909379,-31.97550411,1.00000000
0.04358125,-0.66612242,-1.30130677,1.52721508,-0.67298395,-2.39214128,0.70893073,0.00000098,-4.85844655,-44.00693507,-16.88368916,-31.98169245,1.00000000
0.04324041,-0.66612335,-1.30171599,1.52755591,-0.69097562,-2.38684918,0.72163030,0.00000098,-4.84747131,-44.01869730,-16.87823905,-31.98792957,1.00000000
0.04289567,-0.66612433,-1.30212873,1.52790066,-0.70885485,-2.38129118,0.73395153,0.00000098,-4.83639140,-44.03056640,-16.87274758,-31.99421022,1.00000000
0.04254747,-0.66612534,-1.30254459,1.52824886,-0.72658768,-2.37547730,0.74587047,0.00000098,-4.82521825,-44.04252985,-16.86721899,-32.00052912,1.00000000
0.04219625,-0.66612638,-1.30296317,1.52860008,-0.74414157,-2.36941913,0.75736620,0.00000098,-4.81396333,-44.05457514,-16.86165752,-32.00688094,1.00000000
0.04184245,-0.66612745,-1.30338408,1.52895387,-0.76148561,-2.36312966,0.76842077,0.00000098,-4.80263802,-44.06668986,-16.85606742,-32.01326046,1.00000000
0.04148652,-0.66612854,-1.30380692,1.52930981,-0.77859052,-2.35662320,0.77901922,0.00000098,-4.79125350,-44.07886187,-16.85045284,-32.01966254,1.00000000
0.04112886,-0.66612965,-1.30423133,1.52966747,-0.79542878,-2.34991518,0.78914945,0.00000098,-4.77982062,-44.09107942,-16.84481782,-32.02608221,1.00000000
0.04076988,-0.66613077,-1.30465693,1.53002645,-0.81197459,-2.34302204,0.79880213,0.00000098,-4.76834981,-44.10333120,-16.83916628,-32.03251473,1.00000000
0.04040996,-0.66613191,-1.30508340,1.53038637,-0.82820395,-2.33596108,0.80797052,0.00000098,-4.75685100,-44.11560650,-16.83350191,-32.03895559,1.00000000
0.04004946,-0.66613306,-1.30551040,1.53074686,-0.84409460,-2.32875029,0.81665039,0.00000098,-4.74533354,-44.12789525,-16.82782824,-32.04540055,1.00000000
0.03968873,-0.66613421,-1.30593763,1.53110760,-0.85962604,-2.32140825,0.82483979,0.00000098,-4.73380617,-44.14018805,-16.82214854,-32.05184567,1.00000000
0.03932807,-0.66613536,-1.30636482,1.53146826,-0.87477942,-2.31395397,0.83253888,0.00000098,-4.72227696,-44.15247624,-16.81646587,-32.05828733,1.00000000
0.03896776,-0.66613652,-1.30679170,1.53182857,-0.88953756,-2.30640672,0.83974978,0.00000098,-4.71075331,-44.16475190,-16.81078301,-32.06472221,1.00000000
0.03860806,-0.66613767,-1.30721806,1.53218826,-0.90388488,-2.29878598,0.84647636,0.00000098,-4.69924193,-44.17700789,-16.80510250,-32.07114733,1.00000000
0.03824921,-0.66613882,-1.30764368,1.53254712,-0.91780730,-2.29111124,0.85272404,0.00000098,-4.68774882,-44.18923781,-16.79942662,-32.07756002,1.00000000
0.03789140,-0.66613996,-1.30806838,1.53290493,-0.93129222,-2.28340194,0.85849966,0.00000098,-4.67627931,-44.20143601,-16.79375739,-32.08395794,1.00000000
0.03753481,-0.66614109,-1.30849201,1.53326152,-0.94432845,-2.27567730,0.86381125,0.00000098,-4.66483806,-44.21359756,-16.78809659,-32.09033903,1.00000000
0.03717960,-0.66614222,-1.30891442,1.53361673,-0.95690613,-2.26795627,0.86866790,0.00000098,-4.65342909,-44.22571823,-16.78244577,-32.09670155,1.00000000
0.03682590,-0.66614334,-1.30933550,1.53397043,-0.96901671,-2.26025739,0.87307959,0.00000098,-4.64205583,-44.23779443,-16.77680624,-32.10304402,1.00000000
0.03647381,-0.66614445,-1.30975515,1.53432252,-0.98065285,-2.25259870,0.87705705,0.00000098,-4.63072111,-44.24982321,-16.77117909,-32.10936522,1.00000000
0.03612342,-0.66614554,-1.31017329,1.53467291,-0.99180845,-2.24499767,0.88061162,0.00000098,-4.61942723,-44.26180218,-16.76556523,-32.11566419,1.00000000
0.03577479,-0.66614663,-1.31058987,1.53502153,-1.00247852,-2.23747108,0.88375510,0.00000098,-4.60817602,-44.27372950,-16.75996536,-32.12194016,1.00000000
0.03542799,-0.66614770,-1.31100484,1.53536834,-1.01265922,-2.23003496,0.88649968,0.00000098,-4.59696882,-44.28560381,-16.75438003,-32.12819259,1.00000000
0.03508304,-0.66614877,-1.31141816,1.53571329,-1.02234781,-2.22270450,0.88885781,0.00000098,-4.58580658,-44.29742416,-16.74880962,-32.13442112,1.00000000
0.03473996,-0.66614982,-1.31182983,1.53605636,-1.03154263,-2.21549399,0.89084211,0.00000098,-4.57468989,-44.30919004,-16.74325438,-32.14062555,1.00000000
0.03439877,-0.66615085,-1.31223982,1.53639756,-1.04024308,-2.20841674,0.89246532,0.00000098,-4.56361899,-44.32090125,-16.73771442,-32.14680582,1.00000000
0.03405945,-0.66615188,-1.31264815,1.53673687,-1.04844966,-2.20148501,0.89374017,0.00000098,-4.55259384,-44.33255793,-16.73218977,-32.15296200,1.00000000
0.03372200,-0.66615289,-1.31305483,1.53707432,-1.05616392,-2.19470998,0.89467941,0.00000098,-4.54161417,-44.34416044,-16.72668033,-32.15909428,1.00000000
0.03338640,-0.66615389,-1.31345987,1.53740993,-1.06338852,-2.18810166,0.89529568,0.00000098,-4.53067947,-44.35570939,-16.72118595,-32.16520291,1.00000000
0.03305261,-0.66615488,-1.31386330,1.53774371,-1.07012719,-2.18166885,0.89560154,0.00000098,-4.51978908,-44.36720558,-16.71570639,-32.17128827,1.00000000
0.03272062,-0.66615586,-1.31426515,1.53807571,-1.07638483,-2.17541910,0.89560943,0.00000098,-4.50894218,-44.37864994,-16.71024137,-32.17735074,1.00000000
0.03239037,-0.66615682,-1.31466545,1.53840596,-1.08216747,-2.16935866,0.89533163,0.00000098,-4.49813783,-44.39004352,-16.70479056,-32.18339079,1.00000000
0.03206182,-0.66615778,-1.31506423,1.53873450,-1.08748235,-2.16349246,0.89478031,0.00000098,-4.48737502,-44.40138748,-16.69935358,-32.18940892,1.00000000
0.03173495,-0.66615872,-1.31546154,1.53906138,-1.09233793,-2.15782406,0.89396749,0.00000098,-4.47665269,-44.41268301,-16.69393006,-32.19540564,1.00000000
0.03140970,-0.66615965,-1.31585741,1.53938663,-1.09674396,-2.15235563,0.89290509,0.00000098,-4.46596970,-44.42393137,-16.68851960,-32.20138148,1.00000000
0.03108602,-0.66616057,-1.31625189,1.53971031,-1.10071152,-2.14708793,0.89160495,0.00000098,-4.45532494,-44.43513381,-16.68312176,-32.20733699,1.00000000
0.03076388,-0.66616148,-1.31664501,1.54003245,-1.10425307,-2.14202030,0.89007888,0.00000098,-4.44471726,-44.44629159,-16.67773616,-32.21327270,1.00000000
0.03044323,-0.66616238,-1.31703682,1.54035310,-1.10738251,-2.13715066,0.88833867,0.00000098,-4.43414554,-44.45740596,-16.67236236,-32.21918914,1.00000000
0.03012403,-0.66616327,-1.31742734,1.54067230,-1.11011522,-2.13247547,0.88639619,0.00000098,-4.42360869,-44.46847812,-16.66699999,-32.22508683,1.00000000
0.02980623,-0.66616415,-1.31781663,1.54099010,-1.11246817,-2.12798977,0.88426344,0.00000098,-4.41310564,-44.47950926,-16.66164863,-32.23096627,1.00000000
0.02948979,-0.66616502,-1.31820471,1.54130654,-1.11445994,-2.12368718,0.88195261,0.00000098,-4.40263537,-44.49050050,-16.65630793,-32.23682794,1.00000000
0.02917468,-0.66616588,-1.31859162,1.54162164,-1.11611078,-2.11955989,0.87947618,0.00000098,-4.39219689,-44.50145293,-16.65097751,-32.24267231,1.00000000
0.02709512,-0.66617727,-1.32055907,1.54370121,-1.11611078,-2.10230522,0.86222151,0.00000098,-4.33534956,-44.56111027,-16.62784103,-32.26861881,1.00000000
0.02500928,-0.66618796,-1.32253213,1.54578704,-1.11611078,-2.08502771,0.84494399,0.00000098,-4.27823215,-44.62084145,-16.60453610,-32.29453751,1.00000000
0.02470711,-0.66618847,-1.32290770,1.54608922,-1.11697373,-2.08139788,0.84217711,0.00000098,-4.26808625,-44.63140205,-16.59928859,-32.30019971,1.00000000
0.02441460,-0.66618892,-1.32327463,1.54638173,-1.11697373,-2.07822482,0.83899070,0.00000099,-4.25819220,-44.64169438,-16.59413626,-32.30575032,1.00000000
0.02412238,-0.66618938,-1.32364132,1.54667396,-1.11697373,-2.07507248,0.83582949,0.00000099,-4.24830336,-44.65197707,-16.58898442,-32.31129600,1.00000000
0.02383049,-0.66618984,-1.32400774,1.54696585,-1.11697373,-2.07193773,0.83268967,0.00000099,-4.23842052,-44.66224918,-16.58383335,-32.31683635,1.00000000
0.02353895,-0.66619030,-1.32437385,1.54725739,-1.11697373,-2.06881753,0.82956751,0.00000100,-4.22854451,-44.67250980,-16.57868335,-32.32237096,1.00000000
0.02324190,-0.66619079,-1.32474492,1.54755444,-1.11698157,-2.06565928,0.82641769,0.00000100,-4.21852030,-44.68292006,-16.57347446,-32.32796590,1.00000000
0.02294582,-0.66619128,-1.32511514,1.54785052,-1.11691691,-2.06254568,0.82323999,0.00000100,-4.20851893,-44.69330180,-16.56827272,-32.33354801,1.00000000
0.02265069,-0.66619176,-1.32548452,1.54814565,-1.11682000,-2.05945655,0.82005452,0.00000100,-4.19853994,-44.70365551,-16.56307794,-32.33911752,1.00000000
0.02235649,-0.66619223,-1.32585309,1.54843985,-1.11672601,-2.05637427,0.81687880,0.00000100,-4.18858293,-44.71398167,-16.55788999,-32.34467461,0.00000000
0.02206323,-0.66619270,-1.32622084,1.54873312,-1.11664204,-2.05329520,0.81371630,0.00000100,-4.17864768,-44.72428051,-16.55270878,-32.35021940,0.00000000
0.02177087,-0.66619316,-1.32658778,1.54902547,-1.11656796,-2.05021930,0.81056685,0.00000100,-4.16873401,-44.73455225,-16.54753427,-32.35575198,0.00000000
0.02147944,-0.66619362,-1.32695393,1.54931690,-1.11650366,-2.04714653,0.80743029,0.00000100,-4.15884176,-44.74479709,-16.54236640,-32.36127245,0.00000000
0.02118890,-0.66619407,-1.32731929,1.54960744,-1.11644901,-2.04407684,0.80430646,0.00000100,-4.14897077,-44.75501523,-16.53720511,-32.36678089,0.00000000
0.02089927,-0.66619451,-1.32768385,1.54989707,-1.11640390,-2.04101019,0.80119520,0.00000100,-4.13912086,-44.76520689,-16.53205035,-32.37227740,0.00000000
0.02061052,-0.66619495,-1.32804764,1.55018582,-1.11636822,-2.03794654,0.79809636,0.00000100,-4.12929188,-44.77537224,-16.52690207,-32.37776206,0.00000000
0.02032266,-0.66619539,-1.32841065,1.55047368,-1.11634186,-2.03488586,0.79500979,0.00000100,-4.11948367,-44.78551150,-16.52176021,-32.38323496,0.00000000
0.02003568,-0.66619581,-1.32877289,1.55076066,-1.11632470,-2.03182810,0.79193535,0.00000100,-4.10969606,-44.79562484,-16.51662472,-32.38869618,0.00000000
0.01974957,-0.66619623,-1.32913437,1.55104677,-1.11631665,-2.02877321,0.78887287,0.00000100,-4.09992891,-44.80571246,-16.51149555,-32.39414582,0.00000000
0.01946433,-0.66619665,-1.32949509,1.55133201,-1.11631759,-2.02572118,0.78582223,0.00000100,-4.09018206,-44.81577455,-16.50637265,-32.39958395,0.00000000
0.01917994,-0.66619706,-1.32985506,1.55161640,-1.11632743,-2.02267194,0.78278327,0.00000100,-4.08045535,-44.82581129,-16.50125598,-32.40501067,0.00000000
0.01889641,-0.66619746,-1.33021428,1.55189993,-1.11634606,-2.01962547,0.77975586,0.00000100,-4.07074865,-44.83582286,-16.49614547,-32.41042604,0.00000000
0.01861373,-0.66619786,-1.33057276,1.55218261,-1.11637338,-2.01658173,0.77673987,0.00000100,-4.06106179,-44.84580945,-16.49104109,-32.41583015,0.00000000
0.01833188,-0.66619824,-1.33093051,1.55246446,-1.11640930,-2.01354068,0.77373515,0.00000100,-4.05139464,-44.85577123,-16.48594279,-32.42122309,0.00000000
0.01805087,-0.66619863,-1.33128752,1.55274547,-1.11645372,-2.01050227,0.77074157,0.00000100,-4.04174705,-44.86570838,-16.48085051,-32.42660492,0.00000000
0.01777069,-0.66619900,-1.33164381,1.55302565,-1.11650654,-2.00746649,0.76775900,0.00000100,-4.03211888,-44.87562107,-16.47576422,-32.43197573,0.00000000
0.01749133,-0.66619937,-1.33199938,1.55330500,-1.11656767,-2.00443328,0.76478732,0.00000100,-4.02250999,-44.88550948,-16.47068386,-32.43733560,0.00000000
0.01721279,-0.66619974,-1.33235424,1.55358354,-1.11663703,-2.00140261,0.76182639,0.00000100,-4.01292024,-44.89537376,-16.46560940,-32.44268460,0.00000000
0.01693506,-0.66620009,-1.33270838,1.55386127,-1.11671452,-1.99837445,0.75887609,0.00000100,-4.00334950,-44.90521410,-16.46054079,-32.44802281,0.00000000
0.01665814,-0.66620044,-1.33306183,1.55413819,-1.11680005,-1.99534875,0.75593629,0.00000100,-3.99379763,-44.91503065,-16.45547797,-32.45335030,0.00000000
0.01638202,-0.66620079,-1.33341457,1.55441432,-1.11689354,-1.99232549,0.75300689,0.00000100,-3.98426449,-44.92482358,-16.45042092,-32.45866714,0.00000000
0.01610669,-0.66620112,-1.33376661,1.55468964,-1.11699490,-1.98930463,0.75008774,0.00000100,-3.97474996,-44.93459304,-16.44536959,-32.46397341,0.00000000
0.01582858,-0.66620146,-1.33412117,1.55496775,-1.11699490,-1.98631333,0.74709451,0.00000100,-3.96515893,-44.94443683,-16.44028688,-32.46930888,0.00000000
0.01555101,-0.66620180,-1.33447526,1.55524533,-1.11699490,-1.98332665,0.74410573,0.00000100,-3.95557954,-44.95426425,-16.43520715,-32.47463665,0.00000000
0.01527397,-0.66620213,-1.33482889,1.55552237,-1.11699490,-1.98034462,0.74112144,0.00000099,-3.94601187,-44.96407527,-16.43013043,-32.47995671,0.00000000
0.01499746,-0.66620245,-1.33518206,1.55579887,-1.11699490,-1.97736728,0.73814167,0.00000099,-3.93645595,-44.97386984,-16.42505676,-32.48526904,0.00000000
0.01472150,-0.66620277,-1.33553476,1.55607483,-1.11699490,-1.97439466,0.73516646,0.00000099,-3.92691187,-44.98364791,-16.41998615,-32.49057362,0.00000000
0.01444608,-0.66620308,-1.33588699,1.55635025,-1.11699490,-1.97142681,0.73219585,0.00000099,-3.91737966,-44.99340944,-16.41491865,-32.49587046,0.00000000
0.01417121,-0.66620338,-1.33623875,1.55662512,-1.11699490,-1.96846375,0.72922988,0.00000099,-3.90785940,-45.00315439,-16.40985427,-32.50115952,0.00000000
0.01389688,-0.66620368,-1.33659004,1.55689945,-1.11699490,-1.96550553,0.72626858,0.00000099,-3.89835114,-45.01288272,-16.40479305,-32.50644081,0.00000000
0.01362309,-0.66620397,-1.33694086,1.55717324,-1.11699490,-1.96255217,0.72331199,0.00000099,-3.88885493,-45.02259438,-16.39973501,-32.51171430,0.00000000
0.01379878,-0.66620319,-1.33688925,1.55699755,-1.11699490,-1.96313292,0.72389355,0.00000099,-3.89133370,-45.02005294,-16.39936573,-32.51202091,0.00000000
0.01397363,-0.66620241,-1.33683839,1.55682270,-1.11699490,-1.96370748,0.72446891,0.00000099,-3.89379012,-45.01753408,-16.39898777,-32.51233643,0.00000000
0.01414765,-0.66620164,-1.33678826,1.55664868,-1.11699490,-1.96427591,0.72503812,0.00000099,-3.89622444,-45.01503756,-16.39860122,-32.51266078,0.00000000
0.01432084,-0.66620087,-1.33673886,1.55647549,-1.11699490,-1.96483827,0.72560124,0.00000099,-3.89863687,-45.01256318,-16.39820617,-32.51299388,0.00000000
0.01449321,-0.66620011,-1.33669018,1.55630312,-1.11699490,-1.96539461,0.72615833,0.00000099,-3.90102764,-45.01011070,-16.39780270,-32.51333563,0.00000000
0.01421939,-0.66620047,-1.33704100,1.55657694,-1.11699490,-1.96244330,0.72320377,0.00000099,-3.89153714,-45.01982843,-16.39275100,-32.51861458,0.00000000
0.01439493,-0.66619971,-1.33698949,1.55640140,-1.11699490,-1.96302521,0.72378648,0.00000099,-3.89401267,-45.01729006,-16.39238089,-32.51892184,0.00000000
0.01456963,-0.66619896,-1.33693871,1.55622670,-1.11699490,-1.96360092,0.72436297,0.00000099,-3.89646596,-45.01477415,-16.39200213,-32.51923797,0.00000000
0.01474351,-0.66619821,-1.33688867,1.55605282,-1.11699490,-1.96417049,0.72493331,0.00000099,-3.89889723,-45.01228048,-16.39161482,-32.51956289,0.00000000
0.01491656,-0.66619746,-1.33683935,1.55587977,-1.11699490,-1.96473397,0.72549754,0.00000099,-3.90130670,-45.00980885,-16.39121904,-32.51989650,0.00000000
0.01508880,-0.66619672,-1.33679075,1.55570753,-1.11699490,-1.96529143,0.72605574,0.00000099,-3.90369459,-45.00735902,-16.39081487,-32.52023873,0.00000000
0.01481494,-0.66619715,-1.33714157,1.55598139,-1.11699490,-1.96234194,0.72310298,0.00000099,-3.89420973,-45.01708269,-16.38576940,-32.52552301,0.00000000
0.01499035,-0.66619641,-1.33709013,1.55580598,-1.11699490,-1.96292493,0.72368675,0.00000099,-3.89668243,-45.01454675,-16.38539857,-32.52583062,0.00000000
0.01516493,-0.66619568,-1.33703943,1.55563140,-1.11699490,-1.96350170,0.72426430,0.00000099,-3.89913298,-45.01203319,-16.38501911,-32.52614706,0.00000000
0.01533868,-0.66619495,-1.33698945,1.55545765,-1.11699490,-1.96407233,0.72483568,0.00000099,-3.90156159,-45.00954178,-16.38463113,-32.52647224,0.00000000
0.01551161,-0.66619423,-1.33694020,1.55528472,-1.11699490,-1.96463686,0.72540096,0.00000099,-3.90396848,-45.00707231,-16.38423471,-32.52680609,0.00000000
0.01568373,-0.66619350,-1.33689166,1.55511260,-1.11699490,-1.96519536,0.72596018,0.00000099,-3.90635387,-45.00462457,-16.38382993,-32.52714851,0.00000000
0.01585505,-0.66619278,-1.33684383,1.55494128,-1.11699490,-1.96574787,0.72651341,0.00000099,-3.90871798,-45.00219834,-16.38341689,-32.52749942,0.00000000
0.01558104,-0.66619328,-1.33719473,1.55521529,-1.11699490,-1.96279937,0.72356165,0.00000099,-3.89923744,-45.01193221,-16.37837817,-32.53279148,0.00000000
0.01575555,-0.66619257,-1.33714405,1.55504077,-1.11699490,-1.96337749,0.72414053,0.00000099,-3.90168675,-45.00941930,-16.37799856,-32.53310749,0.00000000
0.01592924,-0.66619185,-1.33709409,1.55486709,-1.11699490,-1.96394944,0.72471322,0.00000099,-3.90411418,-45.00692847,-16.37761043,-32.53343222,0.00000000
0.01610211,-0.66619114,-1.33704485,1.55469422,-1.11699490,-1.96451528,0.72527980,0.00000099,-3.90651996,-45.00445951,-16.37721389,-32.53376558,0.00000000
0.01627417,-0.66619043,-1.33699633,1.55452216,-1.11699490,-1.96507508,0.72584031,0.00000099,-3.90890429,-45.00201222,-16.37680902,-32.53410749,0.00000000
0.01644543,-0.66618972,-1.33694851,1.55435090,-1.11699490,-1.96562888,0.72639482,0.00000099,-3.91126739,-44.99958638,-16.37639590,-32.53445787,0.00000000
0.01617139,-0.66619028,-1.33729940,1.55462493,-1.11699490,-1.96268183,0.72344450,0.00000099,-3.90179243,-45.00932577,-16.37136325,-32.53975495,0.00000000
0.01634585,-0.66618957,-1.33724873,1.55445048,-1.11699490,-1.96326120,0.72402462,0.00000099,-3.90424074,-45.00681310,-16.37098352,-32.54007033,0.00000000
0.01651948,-0.66618887,-1.33719878,1.55427684,-1.11699490,-1.96383439,0.72459855,0.00000099,-3.90666723,-45.00432247,-16.37059529,-32.54039440,0.00000000
0.01669230,-0.66618817,-1.33714954,1.55410402,-1.11699490,-1.96440146,0.72516635,0.00000099,-3.90907210,-45.00185365,-16.37019867,-32.54072708,0.00000000
0.01686432,-0.66618747,-1.33710102,1.55393201,-1.11699490,-1.96496247,0.72572807,0.00000099,-3.91145558,-44.99940644,-16.36979374,-32.54106829,0.00000000
0.01703553,-0.66618677,-1.33705320,1.55376080,-1.11699490,-1.96551748,0.72628378,0.00000099,-3.91381789,-44.99698064,-16.36938058,-32.54141794,0.00000000
0.01676146,-0.66618738,-1.33740408,1.55403486,-1.11699490,-1.96257172,0.72333473,0.00000099,-3.90434844,-45.00672547,-16.36435393,-32.54671998,0.00000000
0.01692093,-0.66618673,-1.33736679,1.55387539,-1.11699490,-1.96303454,0.72379830,0.00000099,-3.90639885,-45.00462100,-16.36381921,-32.54720064,0.00000000
0.01699082,-0.66618632,-1.33740969,1.55380550,-1.11699490,-1.96279186,0.72355635,0.00000099,-3.90606874,-45.00496455,-16.36235618,-32.54867711,0.00000000
0.01688795,-0.66618641,-1.33760729,1.55390838,-1.11699490,-1.96118825,0.72195346,0.00000099,-3.90114804,-45.01003015,-16.35910315,-32.55207504,0.00000000
0.01662040,-0.66618701,-1.33795234,1.55417592,-1.11695989,-1.95830451,0.71903542,0.00000099,-3.89185083,-45.01959580,-16.35414293,-32.55730370,0.00000000
0.01635355,-0.66618759,-1.33829678,1.55444277,-1.11678481,-1.95549514,0.71605165,0.00000099,-3.88256946,-45.02914085,-16.34918735,-32.56252295,0.00000000
0.01608738,-0.66618817,-1.33864064,1.55470895,-1.11643928,-1.95277496,0.71298661,0.00000099,-3.87330360,-45.03866565,-16.34423631,-32.56773294,0.00000000
0.01582187,-0.66618873,-1.33898391,1.55497445,-1.11589531,-1.95015749,0.70982584,0.00000099,-3.86405301,-45.04817049,-16.33928971,-32.57293379,0.00000000
0.01555703,-0.66618928,-1.33932661,1.55523930,-1.11512725,-1.94765496,0.70655589,0.00000099,-3.85481749,-45.05765560,-16.33434749,-32.57812560,0.00000000
0.01529284,-0.66618982,-1.33966874,1.55550349,-1.11411169,-1.94527826,0.70316427,0.00000099,-3.84559692,-45.06712112,-16.32940960,-32.58330844,0.00000000
0.01502930,-0.66619035,-1.34001030,1.55576703,-1.11282741,-1.94303696,0.69963932,0.00000099,-3.83639126,-45.07656711,-16.32447604,-32.58848233,0.00000000
0.01476641,-0.66619087,-1.34035130,1.55602991,-1.11125530,-1.94093929,0.69597015,0.00000099,-3.82720057,-45.08599354,-16.31954684,-32.59364727,0.00000000
0.01450419,-0.66619138,-1.34069171,1.55629214,-1.10937829,-1.93899212,0.69214656,0.00000099,-3.81802502,-45.09540026,-16.31462207,-32.59880321,0.00000000
0.01424264,-0.66619187,-1.34103155,1.55655369,-1.10718130,-1.93720097,0.68815901,0.00000099,-3.80886488,-45.10478702,-16.30970185,-32.60395005,0.00000000
0.01398177,-0.66619236,-1.34137078,1.55681456,-1.10465118,-1.93556998,0.68399848,0.00000099,-3.79972055,-45.11415342,-16.30478634,-32.60908763,0.00000000
0.01372160,-0.66619284,-1.34170940,1.55707472,-1.10177664,-1.93410197,0.67965649,0.00000099,-3.79059256,-45.12349896,-16.29987576,-32.61421576,0.00000000
0.01346217,-0.66619330,-1.34204739,1.55733416,-1.09854819,-1.93279839,0.67512502,0.00000099,-3.78148157,-45.13282298,-16.29497037,-32.61933418,0.00000000
0.01320349,-0.66619376,-1.34238471,1.55759284,-1.09495810,-1.93165937,0.67039645,0.00000099,-3.77238839,-45.14212468,-16.29007050,-32.62444258,0.00000000
0.01294560,-0.66619420,-1.34272134,1.55785072,-1.09100035,-1.93068374,0.66546360,0.00000099,-3.76331397,-45.15140313,-16.28517653,-32.62954057,0.00000000
0.01268855,-0.66619464,-1.34305724,1.55810777,-1.08667056,-1.92986905,0.66031964,0.00000099,-3.75425940,-45.16065722,-16.28028889,-32.63462773,0.00000000
0.01243238,-0.66619506,-1.34339237,1.55836395,-1.08196596,-1.92921161,0.65495811,0.00000099,-3.74522592,-45.16988573,-16.27540810,-32.63970356,0.00000000
0.01217714,-0.66619547,-1.34372668,1.55861919,-1.07688533,-1.92870654,0.64937291,0.00000099,-3.73621493,-45.17908727,-16.27053469,-32.64476751,0.00000000
0.01192289,-0.66619587,-1.34406012,1.55887344,-1.07142898,-1.92834780,0.64355830,0.00000099,-3.72722795,-45.18826030,-16.26566929,-32.64981897,0.00000000
0.01166968,-0.66619626,-1.34439264,1.55912664,-1.06559867,-1.92812827,0.63750895,0.00000099,-3.71826666,-45.19740317,-16.26081256,-32.65485728,0.00000000
0.01141760,-0.66619664,-1.34472418,1.55937873,-1.05939760,-1.92803981,0.63121989,0.00000099,-3.70933285,-45.20651409,-16.25596521,-32.65988172,0.00000000
0.01116670,-0.66619701,-1.34505466,1.55962963,-1.05283035,-1.92807331,0.62468660,0.00000099,-3.70042843,-45.21559113,-16.25112802,-32.66489154,0.00000000
0.01091706,-0.66619737,-1.34538404,1.55987927,-1.04590287,-1.92821876,0.61790502,0.00000099,-3.69155546,-45.22463226,-16.24630180,-32.66988592,0.00000000
0.01066876,-0.66619771,-1.34571223,1.56012756,-1.03862238,-1.92846537,0.61087158,0.00000099,-3.68271606,-45.23363536,-16.24148741,-32.67486401,0.00000000
0.01042189,-0.66619805,-1.34603916,1.56037444,-1.03099739,-1.92880160,0.60358325,0.00000099,-3.67391245,-45.24259821,-16.23668573,-32.67982494,0.00000000
0.01017653,-0.66619837,-1.34636475,1.56061980,-1.02303762,-1.92921530,0.59603760,0.00000099,-3.66514695,-45.25151853,-16.23189769,-32.68476779,0.00000000
0.00993276,-0.66619868,-1.34668893,1.56086357,-1.01475399,-1.92969374,0.58823283,0.00000099,-3.65642190,-45.26039396,-16.22712423,-32.68969163,0.00000000
0.00969068,-0.66619898,-1.34701162,1.56110565,-1.00615855,-1.93022377,0.58016784,0.00000099,-3.64773973,-45.26922212,-16.22236633,-32.69459552,0.00000000
0.00945037,-0.66619927,-1.34733273,1.56134595,-0.99726445,-1.93079188,0.57184224,0.00000099,-3.63910285,-45.27800060,-16.21762495,-32.69947850,0.00000000
0.00921193,-0.66619955,-1.34765219,1.56158440,-0.98808589,-1.93138430,0.56325649,0.00000099,-3.63051372,-45.28672698,-16.21290108,-32.70433961,0.00000000
0.00897544,-0.66619982,-1.34796992,1.56182088,-0.97863807,-1.93198710,0.55441186,0.00000099,-3.62197477,-45.29539884,-16.20819571,-32.70917790,0.00000000
0.00874100,-0.66620008,-1.34828583,1.56205533,-0.96893714,-1.93258631,0.54531052,0.00000099,-3.61348841,-45.30401382,-16.20350981,-32.71399242,0.00000000
0.00850869,-0.66620032,-1.34859984,1.56228764,-0.95900016,-1.93316802,0.53595562,0.00000099,-3.60505702,-45.31256958,-16.19884433,-32.71878227,0.00000000
0.00827859,-0.66620056,-1.34891189,1.56251774,-0.94884502,-1.93371844,0.52635126,0.00000099,-3.59668291,-45.32106385,-16.19420021,-32.72354654,0.00000000
0.00805079,-0.66620078,-1.34922190,1.56274554,-0.93849039,-1.93422405,0.51650260,0.00000099,-3.58836831,-45.32949444,-16.18957836,-32.72828438,0.00000000
0.00782537,-0.66620099,-1.34952980,1.56297096,-0.92795566,-1.93467168,0.50641584,0.00000099,-3.58011536,-45.33785927,-16.18497965,-32.73299497,0.00000000
0.00760239,-0.66620120,-1.34983551,1.56319393,-0.91726086,-1.93504858,0.49609828,0.00000099,-3.57192609,-45.34615635,-16.18040491,-32.73767754,0.00000000
0.00738194,-0.66620139,-1.35013899,1.56341439,-0.90642660,-1.93534256,0.48555832,0.00000099,-3.56380240,-45.35438386,-16.17585491,-32.74233135,0.00000000
0.00716407,-0.66620157,-1.35044017,1.56363226,-0.89547398,-1.93554202,0.47480549,0.00000099,-3.55574607,-45.36254007,-16.17133038,-32.74695577,0.00000000
0.00694884,-0.66620174,-1.35073899,1.56384749,-0.88442453,-1.93563608,0.46385043,0.00000099,-3.54775872,-45.37062344,-16.16683199,-32.75155017,0.00000000
0.00673630,-0.66620190,-1.35103542,1.56406002,-0.87330012,-1.93561463,0.45270488,0.00000099,-3.53984179,-45.37863259,-16.16236034,-32.75611404,0.00000000
0.00652651,-0.66620206,-1.35132941,1.56426981,-0.86212285,-1.93546840,0.44138169,0.00000099,-3.53199657,-45.38656630,-16.15791597,-32.76064690,0.00000000
0.00631950,-0.66620220,-1.35162092,1.56447683,-0.85091498,-1.93518906,0.42989478,0.00000099,-3.52422417,-45.39442355,-16.15349934,-32.76514838,0.00000000
0.00611530,-0.66620233,-1.35190992,1.56468102,-0.83969885,-1.93476921,0.41825909,0.00000099,-3.51652551,-45.40220350,-16.14911085,-32.76961815,0.00000000
0.00591394,-0.66620246,-1.35219640,1.56488239,-0.82849676,-1.93420248,0.40649056,0.00000099,-3.50890129,-45.40990551,-16.14475081,-32.77405599,0.00000000
0.00571543,-0.66620257,-1.35248034,1.56508089,-0.81733089,-1.93348355,0.39460605,0.00000099,-3.50135206,-45.41752914,-16.14041946,-32.77846174,0.00000000
0.00551979,-0.66620268,-1.35276172,1.56527653,-0.80622322,-1.93260818,0.38262329,0.00000099,-3.49387813,-45.42507416,-16.13611696,-32.78283533,0.00000000
0.00532702,-0.66620278,-1.35304055,1.56546930,-0.79519539,-1.93157324,0.37056079,0.00000099,-3.48647964,-45.43254052,-16.13184338,-32.78717677,0.00000000
0.00513712,-0.66620287,-1.35331683,1.56565921,-0.78426865,-1.93037672,0.35843780,0.00000099,-3.47915649,-45.43992838,-16.12759872,-32.79148615,0.00000000
0.00495006,-0.66620296,-1.35359057,1.56584626,-0.77346377,-1.92901772,0.34627417,0.00000099,-3.47190841,-45.44723813,-16.12338290,-32.79576364,0.00000000
0.00476584,-0.66620303,-1.35386178,1.56603049,-0.76280091,-1.92749646,0.33409031,0.00000099,-3.46473492,-45.45447033,-16.11919575,-32.80000949,0.00000000
0.00458442,-0.66620310,-1.35413049,1.56621190,-0.75229959,-1.92581424,0.32190703,0.00000099,-3.45763534,-45.46162573,-16.11503704,-32.80422403,0.00000000
0.00440578,-0.66620316,-1.35439674,1.56639055,-0.74197860,-1.92397347,0.30974551,0.00000099,-3.45060881,-45.46870531,-16.11090645,-32.80840767,0.00000000
0.00422986,-0.66620322,-1.35466055,1.56656646,-0.73185589,-1.92197755,0.29762712,0.00000099,-3.44365426,-45.47571019,-16.10680358,-32.81256088,0.00000000
0.00405663,-0.66620327,-1.35492197,1.56673970,-0.72194855,-1.91983090,0.28557337,0.00000099,-3.43677047,-45.48264171,-16.10272797,-32.81668421,0.00000000
0.00388603,-0.66620332,-1.35518105,1.56691030,-0.71227274,-1.91753889,0.27360578,0.00000099,-3.42995601,-45.48950136,-16.09867908,-32.82077829,0.00000000
0.00371799,-0.66620335,-1.35543784,1.56707834,-0.70284364,-1.91510775,0.26174577,0.00000099,-3.42320930,-45.49629080,-16.09465631,-32.82484379,0.00000000
0.00355246,-0.66620339,-1.35569240,1.56724387,-0.69367539,-1.91254456,0.25001456,0.00000099,-3.41652861,-45.50301186,-16.09065899,-32.82888147,0.00000000
0.00338935,-0.66620342,-1.35594480,1.56740697,-0.68478110,-1.90985713,0.23843305,0.00000099,-3.40991203,-45.50966651,-16.08668640,-32.83289214,0.00000000
0.00322861,-0.66620344,-1.35619511,1.56756772,-0.67617275,-1.90705395,0.22702174,0.00000099,-3.40335753,-45.51625686,-16.08273774,-32.83687665,0.00000000
0.00307013,-0.66620346,-1.35644339,1.56772620,-0.66786127,-1.90414410,0.21580061,0.00000099,-3.39686295,-45.52278515,-16.07881217,-32.84083592,0.00000000
0.00291383,-0.66620347,-1.35668972,1.56788249,-0.65985643,-1.90113715,0.20478903,0.00000099,-3.39042598,-45.52925374,-16.07490881,-32.84477092,0.00000000
0.00275963,-0.66620348,-1.35693419,1.56803669,-0.65216691,-1.89804311,0.19400567,0.00000099,-3.38404424,-45.53566511,-16.07102672,-32.84868263,0.00000000
0.00260743,-0.66620349,-1.35717688,1.56818889,-0.64480027,-1.89487230,0.18346842,0.00000099,-3.37771521,-45.54202181,-16.06716492,-32.85257210,0.00000000
0.00245714,-0.66620349,-1.35741788,1.56833919,-0.63776296,-1.89163528,0.17319428,0.00000099,-3.37143631,-45.54832650,-16.06332240,-32.85644041,0.00000000
0.00230864,-0.66620349,-1.35765727,1.56848768,-0.63106033,-1.88834276,0.16319932,0.00000099,-3.36520487,-45.55458190,-16.05949812,-32.86028865,0.00000000
0.00216185,-0.66620348,-1.35789515,1.56863447,-0.62469668,-1.88500548,0.15349857,0.00000099,-3.35901816,-45.56079079,-16.05569100,-32.86411795,0.00000000
0.00201666,-0.66620348,-1.35813161,1.56877967,-0.61867523,-1.88163413,0.14410596,0.00000099,-3.35287342,-45.56695599,-16.05189997,-32.86792944,0.00000000
0.00187295,-0.66620346,-1.35836675,1.56892337,-0.61299821,-1.87823929,0.13503428,0.00000099,-3.34676784,-45.57308036,-16.04812391,-32.87172429,0.00000000
0.00173063,-0.66620345,-1.35860066,1.56906569,-0.60766683,-1.87483130,0.12629507,0.00000099,-3.34069857,-45.57916677,-16.04436171,-32.87550363,0.00000000
0.00158959,-0.66620343,-1.35883342,1.56920673,-0.60268131,-1.87142019,0.11789862,0.00000099,-3.33466280,-45.58521809,-16.04061226,-32.87926864,0.00000000
0.00144973,-0.66620341,-1.35906515,1.56934660,-0.59804097,-1.86801561,0.10985387,0.00000099,-3.32865770,-45.59123720,-16.03687444,-32.88302046,0.00000000
0.00131093,-0.66620339,-1.35929593,1.56948539,-0.59374417,-1.86462675,0.10216837,0.00000099,-3.32268045,-45.59722692,-16.03314714,-32.88676022,0.00000000
0.00117310,-0.66620337,-1.35952585,1.56962322,-0.58978840,-1.86126223,0.09484825,0.00000099,-3.31672830,-45.60319005,-16.02942928,-32.89048906,0.00000000
0.00103614,-0.66620334,-1.35975501,1.56976019,-0.58617029,-1.85793012,0.08789818,0.00000099,-3.31079854,-45.60912932,-16.02571979,-32.89420807,0.00000000
0.00089994,-0.66620331,-1.35998349,1.56989639,-0.58288558,-1.85463776,0.08132128,0.00000099,-3.30488851,-45.61504741,-16.02201760,-32.89791832,0.00000000
0.00076441,-0.66620328,-1.36021138,1.57003191,-0.57992922,-1.85139183,0.07511913,0.00000099,-3.29899567,-45.62094690,-16.01832172,-32.90162085,0.00000000
0.00062947,-0.66620324,-1.36043877,1.57016686,-0.57729530,-1.84819821,0.06929174,0.00000099,-3.29311753,-45.62683028,-16.01463116,-32.90531665,0.00000000
0.00049501,-0.66620321,-1.36066572,1.57030132,-0.57497710,-1.84506199,0.06383746,0.00000099,-3.28725175,-45.63269991,-16.01094499,-32.90900666,0.00000000
0.00036096,-0.66620317,-1.36089231,1.57043537,-0.57296708,-1.84198740,0.05875300,0.00000099,-3.28139607,-45.63855805,-16.00726232,-32.91269180,0.00000000
0.00022724,-0.66620313,-1.36111862,1.57056909,-0.57125688,-1.83897784,0.05403338,0.00000099,-3.27554841,-45.64440682,-16.00358232,-32.91637291,0.00000000
0.00009378,-0.66620309,-1.36134471,1.57070255,-0.56983729,-1.83603580,0.04967188,0.00000099,-3.26970679,-45.65024817,-15.99990420,-32.92005076,0.00000000
-0.00003949,-0.66620304,-1.36157063,1.57083582,-0.56869824,-1.83316289,0.04566006,0.00000099,-3.26386943,-45.65608392,-15.99622725,-32.92372609,0.00000000
-0.00017264,-0.66620300,-1.36179645,1.57096896,-0.56782879,-1.83035984,0.04198769,0.00000099,-3.25803468,-45.66191569,-15.99255082,-32.92739954,0.00000000
-0.00030571,-0.66620295,-1.36202221,1.57110203,-0.56721710,-1.82762646,0.03864275,0.00000099,-3.25220109,-45.66774496,-15.98887434,-32.93107171,0.00000000
-0.00043875,-0.66620290,-1.36224796,1.57123507,-0.56685037,-1.82496172,0.03561140,0.00000099,-3.24636739,-45.67357298,-15.98519729,-32.93474308,0.00000000
-0.00057180,-0.66620284,-1.36247372,1.57136812,-0.56671480,-1.82236372,0.03287796,0.00000099,-3.24053251,-45.67940083,-15.98151924,-32.93841409,0.00000000
-0.00070489,-0.66620279,-1.36269954,1.57150122,-0.56679558,-1.81982973,0.03042488,0.00000099,-3.23469557,-45.68522937,-15.97783986,-32.94208509,0.00000000
-0.00083806,-0.66620273,-1.36292542,1.57163438,-0.56707682,-1.81735623,0.02823274,0.00000099,-3.22885593,-45.69105927,-15.97415888,-32.94575633,0.00000000
-0.00097131,-0.66620267,-1.36315139,1.57176763,-0.56754149,-1.81493894,0.02628022,0.00000099,-3.22301314,-45.69689096,-15.97047611,-32.94942799,0.00000000
-0.00110465,-0.66620261,-1.36337745,1.57190097,-0.56817135,-1.81257284,0.02454410,0.00000099,-3.21716698,-45.70272465,-15.96679149,-32.95310015,0.00000000
-0.00123808,-0.66620255,-1.36360360,1.57203441,-0.56894693,-1.81025226,0.02299921,0.00000099,-3.21131748,-45.70856032,-15.96310500,-32.95677280,0.00000000
-0.00137159,-0.66620248,-1.36382984,1.57216792,-0.56984746,-1.80797087,0.02161846,0.00000099,-3.20546488,-45.71439772,-15.95941675,-32.96044585,0.00000000
-0.00150517,-0.66620241,-1.36405614,1.57230150,-0.57085079,-1.80572177,0.02037279,0.00000099,-3.19960968,-45.72023635,-15.95572694,-32.96411909,0.00000000
-0.00163879,-0.66620234,-1.36428248,1.57243512,-0.57193335,-1.80349748,0.01923117,0.00000099,-3.19375263,-45.72607546,-15.95203586,-32.96779223,0.00000000
-0.00177240,-0.66620227,-1.36450883,1.57256873,-0.57307010,-1.80129003,0.01816058,0.00000099,-3.18789474,-45.73191404,-15.94834392,-32.97146485,0.00000000
-0.00190597,-0.66620219,-1.36473514,1.57270230,-0.57423449,-1.79909094,0.01712598,0.00000099,-3.18203728,-45.73775082,-15.94465163,-32.97513647,0.00000000
