0.78344789,0.16191679,-0.06706813,0.03698419,-0.15348174,-0.37165848
0.76777431,0.15867843,-0.06575543,0.03607244,-0.15047795,-0.36421835
0.75241450,0.15550463,-0.06446780,0.03523032,-0.14752828,-0.35692508
0.73736217,0.15239413,-0.06320480,0.03442410,-0.14463308,-0.34977624
0.72261115,0.14934566,-0.06196598,0.03364182,-0.14179191,-0.34276969
0.70815540,0.14635802,-0.06075092,0.03287683,-0.13900414,-0.33590357
0.69398900,0.14343000,-0.05955917,0.03169224,-0.13635621,-0.32916432
0.68010614,0.14056043,-0.05839033,0.03093318,-0.13366899,-0.32258393
0.66650114,0.13774816,-0.05724397,0.03017054,-0.13103033,-0.31614668
0.65316843,0.13499204,-0.05611970,0.02943184,-0.12843301,-0.30984730
0.64010255,0.13229098,-0.05501710,0.02878676,-0.12586844,-0.30366486
0.62729816,0.12964387,-0.05393579,0.02818895,-0.12334764,-0.29760030
0.61475001,0.12704966,-0.05287537,0.02760564,-0.12087564,-0.29165708
0.60245297,0.12450729,-0.05183546,0.02702134,-0.11845321,-0.28583672
0.59040201,0.12201574,-0.05081568,0.02645282,-0.11607704,-0.28013266
0.57859219,0.11957399,-0.04981567,0.02589892,-0.11374670,-0.27454245
0.56701869,0.11718106,-0.04883505,0.02535875,-0.11146165,-0.26906378
0.55567677,0.11483598,-0.04787347,0.02483160,-0.10922127,-0.26369436
0.54456179,0.11253779,-0.04693057,0.02431684,-0.10702490,-0.25843197
0.53366920,0.11028556,-0.04600601,0.02381398,-0.10487184,-0.25327447
0.52299456,0.10807838,-0.04509944,0.02332254,-0.10276138,-0.24821974
0.51253349,0.10591536,-0.04421053,0.02284214,-0.10069279,-0.24326572
0.50228172,0.10379560,-0.04333895,0.02237239,-0.09866533,-0.23841040
0.49223506,0.10171825,-0.04248437,0.02191297,-0.09667828,-0.23365181
0.48238939,0.09968246,-0.04164648,0.02146356,-0.09473088,-0.22898801
0.47274071,0.09768741,-0.04082495,0.02102389,-0.09282242,-0.22441712
0.46328505,0.09573228,-0.04001948,0.02059367,-0.09095215,-0.21993728
0.45401857,0.09381628,-0.03922977,0.02017267,-0.08911937,-0.21554669
0.44493746,0.09193862,-0.03845551,0.01976063,-0.08732336,-0.21124357
0.43603802,0.09009853,-0.03769642,0.01935732,-0.08556341,-0.20702617
0.42731662,0.08829528,-0.03695221,0.01896254,-0.08383882,-0.20289281
0.41876968,0.08652812,-0.03622259,0.01857606,-0.08214892,-0.19884179
0.41039372,0.08479632,-0.03550729,0.01819770,-0.08049302,-0.19487150
0.40218532,0.08309920,-0.03480602,0.01782725,-0.07887046,-0.19098032
0.39414111,0.08143604,-0.03411853,0.01746453,-0.07728059,-0.18716669
0.38625782,0.07980617,-0.03344455,0.01710937,-0.07572275,-0.18342906
0.37853223,0.07820894,-0.03278382,0.01676158,-0.07419632,-0.17976592
0.37096117,0.07664367,-0.03213609,0.01642101,-0.07270067,-0.17617580
0.36354156,0.07510974,-0.03150110,0.01608748,-0.07123520,-0.17265724
0.35627036,0.07360652,-0.03087862,0.01576085,-0.06979929,-0.16920882
0.34914461,0.07213339,-0.03026839,0.01544095,-0.06839237,-0.16582915
0.34216139,0.07068975,-0.02967019,0.01512764,-0.06701385,-0.16251687
0.33531786,0.06927501,-0.02908378,0.01482078,-0.06566316,-0.15927062
0.32861121,0.06788859,-0.02850893,0.01452022,-0.06433974,-0.15608911
0.32203872,0.06652993,-0.02794543,0.01422584,-0.06304306,-0.15297105
0.31559768,0.06519847,-0.02739304,0.01393748,-0.06177257,-0.14991516
0.30928549,0.06389367,-0.02685156,0.01365503,-0.06052774,-0.14692023
0.30309955,0.06261499,-0.02632076,0.01337836,-0.05930805,-0.14398503
0.29703734,0.06136190,-0.02580046,0.01310735,-0.05811301,-0.14110838
0.29109638,0.06013391,-0.02529043,0.01284187,-0.05694211,-0.13828912
0.28527426,0.05893049,-0.02479048,0.01258181,-0.05579487,-0.13552610
0.27956859,0.05775117,-0.02430042,0.01232705,-0.05467081,-0.13281820
0.27397704,0.05659546,-0.02382005,0.01207749,-0.05356946,-0.13016433
0.26849733,0.05546288,-0.02334918,0.01183301,-0.05249036,-0.12756342
0.26312723,0.05435298,-0.02288762,0.01159350,-0.05143306,-0.12501441
0.25786453,0.05326530,-0.02243520,0.01135887,-0.05039712,-0.12251627
0.25270710,0.05219939,-0.02199174,0.01112901,-0.04938211,-0.12006798
0.24765282,0.05115482,-0.02155705,0.01090382,-0.04838761,-0.11766855
0.24269963,0.05013116,-0.02113097,0.01068320,-0.04741319,-0.11531702
0.23784552,0.04912799,-0.02071333,0.01046707,-0.04645846,-0.11301243
0.23308849,0.04814490,-0.02030396,0.01025532,-0.04552301,-0.11075384
0.22842661,0.04718149,-0.01990270,0.01004787,-0.04460646,-0.10854033
0.22385797,0.04623737,-0.01950940,0.00984462,-0.04370841,-0.10637102
0.21938071,0.04531215,-0.01912388,0.00964550,-0.04282850,-0.10424502
0.21499300,0.04440545,-0.01874601,0.00945042,-0.04196636,-0.10216147
0.21069305,0.04351690,-0.01837563,0.00925928,-0.04112162,-0.10011951
0.20647910,0.04264613,-0.01801259,0.00907203,-0.04029394,-0.09811834
0.20234944,0.04179279,-0.01765675,0.00888856,-0.03948297,-0.09615712
0.19830237,0.04095654,-0.01730797,0.00870881,-0.03868836,-0.09423507
0.19433625,0.04013702,-0.01696610,0.00853270,-0.03790980,-0.09235141
0.19044946,0.03933391,-0.01663101,0.00836016,-0.03714694,-0.09050536
0.18664040,0.03854687,-0.01630257,0.00819111,-0.03639948,-0.08869619
0.18290753,0.03777558,-0.01598065,0.00802548,-0.03566711,-0.08692315
0.17924932,0.03701973,-0.01566511,0.00786321,-0.03494950,-0.08518553
0.17566428,0.03627901,-0.01535583,0.00770422,-0.03424638,-0.08348262
0.17215095,0.03555312,-0.01505269,0.00754844,-0.03355743,-0.08181373
0.16870788,0.03484175,-0.01475556,0.00739582,-0.03288239,-0.08017818
0.16533368,0.03414462,-0.01446433,0.00724629,-0.03222095,-0.07857530
0.16202696,0.03346145,-0.01417888,0.00709979,-0.03157285,-0.07700445
0.15878639,0.03279194,-0.01389909,0.00695625,-0.03093783,-0.07546498
0.15561062,0.03213584,-0.01362485,0.00681561,-0.03031560,-0.07395628
0.15249838,0.03149287,-0.01335605,0.00667782,-0.02970591,-0.07247772
0.14944838,0.03086276,-0.01309259,0.00654282,-0.02910852,-0.07102870
0.14645939,0.03024527,-0.01283436,0.00641056,-0.02852316,-0.06960864
0.14353018,0.02964013,-0.01258125,0.00628097,-0.02794960,-0.06821696
0.14065955,0.02904710,-0.01233316,0.00615401,-0.02738760,-0.06685309
0.13784635,0.02846594,-0.01208999,0.00602961,-0.02683692,-0.06551647
0.13508940,0.02789642,-0.01185165,0.00590774,-0.02629733,-0.06420657
0.13238761,0.02733829,-0.01161804,0.00578834,-0.02576862,-0.06292286
0.12973984,0.02679132,-0.01138907,0.00567131,-0.02525115,-0.06166486
0.12714504,0.02625531,-0.01116463,0.00555670,-0.02474350,-0.06043195
0.12460214,0.02573002,-0.01094465,0.00544441,-0.02424608,-0.05922368
0.12211009,0.02521524,-0.01072904,0.00533440,-0.02375867,-0.05803956
0.11966789,0.02471076,-0.01051770,0.00522662,-0.02328108,-0.05687911
0.11727454,0.02421638,-0.01031055,0.00512103,-0.02281309,-0.05574186
0.11492906,0.02373189,-0.01010751,0.00501758,-0.02235453,-0.05462735
0.11263049,0.02325710,-0.00990850,0.00491617,-0.02190511,-0.05353512
0.11037789,0.02279180,-0.00971343,0.00481673,-0.02146465,-0.05246473
0.10817035,0.02233582,-0.00952223,0.00471921,-0.02103298,-0.05141575
0.10600696,0.02188896,-0.00933483,0.00462354,-0.02060992,-0.05038776
0.10388684,0.02145105,-0.00915114,0.00452969,-0.02019531,-0.04938034
0.10180913,0.02102189,-0.00897109,0.00443759,-0.01978897,-0.04839308
0.09977297,0.02060133,-0.00879461,0.00434720,-0.01939074,-0.04742559
0.09777754,0.02018917,-0.00862162,0.00425847,-0.01900046,-0.04647746
0.09582202,0.01978527,-0.00845207,0.00417135,-0.01861798,-0.04554831
0.09390561,0.01938945,-0.00828588,0.00408580,-0.01824313,-0.04463776
0.09202753,0.01900154,-0.00812298,0.00400178,-0.01787577,-0.04374545
0.09018702,0.01862140,-0.00796330,0.00391926,-0.01751574,-0.04287100
0.08838332,0.01824887,-0.00780679,0.00383819,-0.01716290,-0.04201406
0.08661570,0.01788379,-0.00765338,0.00375854,-0.01681711,-0.04117428
0.08488343,0.01752601,-0.00750301,0.00368028,-0.01647823,-0.04035130
0.08318581,0.01717539,-0.00735561,0.00360338,-0.01614612,-0.03954481
0.08152214,0.01683179,-0.00721114,0.00352780,-0.01582065,-0.03875445
0.07989175,0.01649506,-0.00706952,0.00345353,-0.01550168,-0.03797991
0.07829397,0.01616507,-0.00693071,0.00338053,-0.01518908,-0.03722087
0.07672815,0.01584168,-0.00679464,0.00330878,-0.01488274,-0.03647701
0.07519365,0.01552476,-0.00666127,0.00323825,-0.01458251,-0.03574803
0.07368984,0.01521419,-0.00653054,0.00316892,-0.01428829,-0.03503364
0.07221610,0.01490982,-0.00640239,0.00310077,-0.01399996,-0.03433352
0.07077185,0.01461155,-0.00627678,0.00303378,-0.01371739,-0.03364740
0.06935648,0.01431924,-0.00615365,0.00296792,-0.01344047,-0.03297500
0.06796942,0.01403279,-0.00603296,0.00290318,-0.01316909,-0.03231603
0.06661010,0.01375206,-0.00591465,0.00283954,-0.01290314,-0.03167024
0.06527797,0.01347695,-0.00579868,0.00277697,-0.01264251,-0.03103734
0.06397249,0.01320734,-0.00568500,0.00271547,-0.01238710,-0.03041710
0.06269312,0.01294313,-0.00557357,0.00265501,-0.01213681,-0.02980924
0.06143934,0.01268421,-0.00546434,0.00259557,-0.01189152,-0.02921353
0.06021063,0.01243046,-0.00535727,0.00253713,-0.01165115,-0.02862971
0.05900651,0.01218179,-0.00525232,0.00247969,-0.01141559,-0.02805756
0.05782646,0.01193810,-0.00514943,0.00242322,-0.01118475,-0.02749685
0.05667002,0.01169928,-0.00504858,0.00236770,-0.01095854,-0.02694734
0.05553671,0.01146524,-0.00494972,0.00231311,-0.01073686,-0.02640881
0.05442607,0.01123588,-0.00485281,0.00225945,-0.01051962,-0.02588104
0.05333764,0.01101111,-0.00475781,0.00220670,-0.01030675,-0.02536383
0.05227099,0.01079084,-0.00466469,0.00215482,-0.01009814,-0.02485697
0.05122566,0.01057497,-0.00457340,0.00210382,-0.00989371,-0.02436025
0.05020125,0.01036343,-0.00448392,0.00205368,-0.00969339,-0.02387348
0.04919733,0.01015611,-0.00439620,0.00200437,-0.00949709,-0.02339645
0.04821348,0.00995294,-0.00431021,0.00195588,-0.00930473,-0.02292899
0.04724932,0.00975384,-0.00422591,0.00190820,-0.00911623,-0.02247090
0.04630444,0.00955872,-0.00414327,0.00186130,-0.00893152,-0.02202201
0.04537846,0.00936751,-0.00406227,0.00181517,-0.00875052,-0.02158213
0.04447099,0.00918012,-0.00398286,0.00176979,-0.00857315,-0.02115110
0.04358169,0.00899647,-0.00390501,0.00172515,-0.00839935,-0.02072874
0.04271016,0.00881651,-0.00382870,0.00168122,-0.00822904,-0.02031488
0.04185607,0.00864014,-0.00375389,0.00163800,-0.00806216,-0.01990937
0.04101907,0.00846730,-0.00368055,0.00159545,-0.00789864,-0.01951205
0.04019880,0.00829792,-0.00360865,0.00155357,-0.00773840,-0.01912276
0.03939494,0.00813193,-0.00353818,0.00151233,-0.00758139,-0.01874134
0.03860716,0.00796925,-0.00346908,0.00147172,-0.00742754,-0.01836766
0.03783514,0.00780984,-0.00340135,0.00143171,-0.00727679,-0.01800156
0.03707856,0.00765361,-0.00333495,0.00139228,-0.00712907,-0.01764289
0.03633711,0.00750051,-0.00326985,0.00135342,-0.00698433,-0.01729153
0.03561049,0.00735047,-0.00320603,0.00131509,-0.00684250,-0.01694733
0.03489840,0.00720343,-0.00314347,0.00127728,-0.00670353,-0.01661015
0.03420056,0.00705933,-0.00308214,0.00123997,-0.00656737,-0.01627987
0.03351668,0.00691812,-0.00302201,0.00120312,-0.00643394,-0.01595636
0.03284647,0.00677973,-0.00296307,0.00116671,-0.00630321,-0.01563948
0.03218967,0.00664411,-0.00290528,0.00113071,-0.00617512,-0.01532912
0.03154600,0.00651120,-0.00284862,0.00109510,-0.00604961,-0.01502514
0.03091521,0.00638095,-0.00279308,0.00105983,-0.00592663,-0.01472743
0.03029704,0.00625331,-0.00273863,0.00102489,-0.00580613,-0.01443587
0.02969123,0.00612822,-0.00268525,0.00099021,-0.00568807,-0.01415033
0.02909754,0.00600563,-0.00263291,0.00095578,-0.00557239,-0.01387070
0.02851572,0.00588550,-0.00258160,0.00092154,-0.00545905,-0.01359687
0.02794554,0.00576776,-0.00253130,0.00088744,-0.00534799,-0.01332872
0.02738676,0.00565239,-0.00248199,0.00085343,-0.00523918,-0.01306614
0.02683916,0.00553932,-0.00243364,0.00081945,-0.00513257,-0.01280901
0.02630251,0.00542851,-0.00238624,0.00078542,-0.00502812,-0.01255722
0.02577660,0.00531992,-0.00233976,0.00075127,-0.00492577,-0.01231065
0.02526120,0.00521351,-0.00229420,0.00071692,-0.00482550,-0.01206919
0.02475612,0.00510922,-0.00224953,0.00068224,-0.00472725,-0.01183272
0.02426113,0.00500702,-0.00220574,0.00064713,-0.00463099,-0.01160113
0.02377605,0.00490686,-0.00216280,0.00061143,-0.00453668,-0.01137429
0.02330066,0.00480870,-0.00212070,0.00057496,-0.00444428,-0.01115207
0.02283479,0.00471251,-0.00207943,0.00053751,-0.00435375,-0.01093435
0.02237823,0.00461825,-0.00203897,0.00049881,-0.00426505,-0.01072098
0.02193081,0.00452587,-0.00199929,0.00045852,-0.00417815,-0.01051180
0.02149233,0.00443534,-0.00196040,0.00041621,-0.00409301,-0.01030665
0.02106262,0.00434661,-0.00192226,0.00037130,-0.00400959,-0.01010533
0.02064151,0.00425967,-0.00188487,0.00032304,-0.00392787,-0.00990760
0.02022882,0.00417446,-0.00184821,0.00027038,-0.00384781,-0.00971318
0.01982438,0.00409096,-0.00181227,0.00021185,-0.00376937,-0.00952170
0.01942803,0.00400913,-0.00177703,0.00014534,-0.00369253,-0.00933266
0.01903961,0.00392893,-0.00174248,0.00006783,-0.00361725,-0.00914538
0.01865896,0.00385034,-0.00170860,-0.00002470,-0.00354349,-0.00895890
0.01828592,0.00377332,-0.00167539,-0.00013557,-0.00347120,-0.00877221
0.01792034,0.00369784,-0.00164282,-0.00025564,-0.00340024,-0.00858567
0.01756207,0.00362387,-0.00161089,-0.00033028,-0.00333029,-0.00840566
0.01721097,0.00355138,-0.00157959,-0.00033075,-0.00326131,-0.00823658
0.01686689,0.00348035,-0.00154889,-0.00031992,-0.00319368,-0.00807203
0.01652969,0.00341073,-0.00151880,-0.00030906,-0.00312743,-0.00791078
0.01619924,0.00334250,-0.00148929,-0.00029840,-0.00306253,-0.00775272
0.01587539,0.00327564,-0.00146035,-0.00028795,-0.00299897,-0.00759781
0.01555802,0.00321012,-0.00143199,-0.00027771,-0.00293671,-0.00744598
0.01524700,0.00314591,-0.00140417,-0.00026767,-0.00287572,-0.00729716
0.01494220,0.00308298,-0.00137690,-0.00025784,-0.00281599,-0.00715129
0.01464349,0.00302131,-0.00135016,-0.00024823,-0.00275748,-0.00700832
0.01435076,0.00296088,-0.00132394,-0.00023881,-0.00270018,-0.00686818
0.01406388,0.00290165,-0.00129823,-0.00022961,-0.00264406,-0.00673083
0.01378274,0.00284361,-0.00127302,-0.00022061,-0.00258909,-0.00659620
0.01350722,0.00278673,-0.00124830,-0.00021182,-0.00253525,-0.00646424
0.01323721,0.00273099,-0.00122407,-0.00020324,-0.00248252,-0.00633489
0.01297260,0.00267636,-0.00120030,-0.00019486,-0.00243088,-0.00620811
0.01271328,0.00262283,-0.00117700,-0.00018668,-0.00238030,-0.00608384
0.01245915,0.00257036,-0.00115415,-0.00017871,-0.00233076,-0.00596203
0.01221010,0.00251895,-0.00113175,-0.00017094,-0.00228225,-0.00584263
0.01196603,0.00246856,-0.00110979,-0.00016336,-0.00223473,-0.00572560
0.01172684,0.00241919,-0.00108825,-0.00015599,-0.00218820,-0.00561088
0.01149243,0.00237080,-0.00106713,-0.00014881,-0.00214262,-0.00549843
0.01126271,0.00232337,-0.00104642,-0.00014183,-0.00209799,-0.00538821
0.01103759,0.00227690,-0.00102611,-0.00013504,-0.00205427,-0.00528017
0.01081697,0.00223136,-0.00100620,-0.00012844,-0.00201146,-0.00517427
0.01060076,0.00218672,-0.00098668,-0.00012203,-0.00196953,-0.00507045
0.01038887,0.00214298,-0.00096754,-0.00011580,-0.00192847,-0.00496870
0.01018122,0.00210012,-0.00094876,-0.00010975,-0.00188826,-0.00486895
0.00997772,0.00205811,-0.00093036,-0.00010389,-0.00184887,-0.00477117
0.00977829,0.00201694,-0.00091231,-0.00009820,-0.00181030,-0.00467533
0.00958285,0.00197660,-0.00089461,-0.00009269,-0.00177252,-0.00458137
0.00939132,0.00193706,-0.00087726,-0.00008734,-0.00173552,-0.00448927
0.00920361,0.00189832,-0.00086024,-0.00008217,-0.00169929,-0.00439899
0.00901966,0.00186035,-0.00084355,-0.00007716,-0.00166380,-0.00431049
0.00883939,0.00182314,-0.00082719,-0.00007231,-0.00162905,-0.00422374
0.00866273,0.00178667,-0.00081114,-0.00006763,-0.00159501,-0.00413870
0.00848959,0.00175093,-0.00079541,-0.00006309,-0.00156167,-0.00405533
0.00831992,0.00171591,-0.00077998,-0.00005871,-0.00152903,-0.00397361
0.00815364,0.00168159,-0.00076486,-0.00005449,-0.00149705,-0.00389349
0.00799068,0.00164795,-0.00075002,-0.00005040,-0.00146573,-0.00381496
0.00783099,0.00161499,-0.00073547,-0.00004646,-0.00143506,-0.00373797
0.00767448,0.00158269,-0.00072121,-0.00004266,-0.00140503,-0.00366250
0.00752111,0.00155103,-0.00070722,-0.00003899,-0.00137561,-0.00358851
0.00737080,0.00152000,-0.00069351,-0.00003546,-0.00134679,-0.00351597
0.00722349,0.00148960,-0.00068006,-0.00003206,-0.00131857,-0.00344487
0.00707914,0.00145981,-0.00066687,-0.00002879,-0.00129093,-0.00337516
0.00693766,0.00143061,-0.00065393,-0.00002563,-0.00126386,-0.00330682
0.00679902,0.00140199,-0.00064125,-0.00002260,-0.00123735,-0.00323982
0.00666315,0.00137395,-0.00062882,-0.00001969,-0.00121139,-0.00317414
0.00652999,0.00134647,-0.00061662,-0.00001689,-0.00118596,-0.00310974
0.00639950,0.00131954,-0.00060466,-0.00001420,-0.00116105,-0.00304661
0.00627162,0.00129314,-0.00059294,-0.00001162,-0.00113665,-0.00298472
0.00614629,0.00126728,-0.00058144,-0.00000915,-0.00111276,-0.00292404
0.00602347,0.00124193,-0.00057016,-0.00000677,-0.00108936,-0.00286456
0.00590310,0.00121709,-0.00055910,-0.00000450,-0.00106644,-0.00280623
0.00578514,0.00119274,-0.00054826,-0.00000233,-0.00104399,-0.00274905
0.00566954,0.00116889,-0.00053762,-0.00000024,-0.00102200,-0.00269299
0.00555625,0.00114551,-0.00052720,0.00000175,-0.00100047,-0.00263802
0.00544522,0.00112259,-0.00051697,0.00000365,-0.00097937,-0.00258413
0.00533642,0.00110014,-0.00050694,0.00000546,-0.00095872,-0.00253130
0.00522979,0.00107814,-0.00049711,0.00000719,-0.00093848,-0.00247949
0.00512529,0.00105657,-0.00048747,0.00000884,-0.00091866,-0.00242870
0.00502288,0.00103544,-0.00047801,0.00001042,-0.00089925,-0.00237890
0.00492251,0.00101473,-0.00046874,0.00001191,-0.00088024,-0.00233007
0.00482416,0.00099443,-0.00045965,0.00001333,-0.00086162,-0.00228219
0.00472776,0.00097454,-0.00045073,0.00001468,-0.00084338,-0.00223525
0.00463330,0.00095505,-0.00044198,0.00001596,-0.00082552,-0.00218922
0.00454072,0.00093595,-0.00043341,0.00001717,-0.00080802,-0.00214409
0.00445000,0.00091722,-0.00042500,0.00001832,-0.00079089,-0.00209984
0.00436109,0.00089888,-0.00041675,0.00001940,-0.00077410,-0.00205645
0.00427395,0.00088090,-0.00040867,0.00002042,-0.00075766,-0.00201391
0.00418856,0.00086328,-0.00040074,0.00002139,-0.00074156,-0.00197219
0.00410487,0.00084601,-0.00039296,0.00002229,-0.00072579,-0.00193128
0.00402286,0.00082909,-0.00038534,0.00002314,-0.00071034,-0.00189117
0.00394249,0.00081251,-0.00037786,0.00002394,-0.00069522,-0.00185184
0.00386372,0.00079626,-0.00037052,0.00002468,-0.00068040,-0.00181328
0.00378652,0.00078033,-0.00036333,0.00002537,-0.00066588,-0.00177546
0.00371087,0.00076472,-0.00035628,0.00002602,-0.00065167,-0.00173837
0.00363674,0.00074943,-0.00034937,0.00002662,-0.00063774,-0.00170201
0.00356408,0.00073444,-0.00034258,0.00002717,-0.00062410,-0.00166635
0.00349287,0.00071975,-0.00033593,0.00002768,-0.00061075,-0.00163138
0.00342309,0.00070535,-0.00032941,0.00002814,-0.00059766,-0.00159710
0.00335471,0.00069124,-0.00032301,0.00002857,-0.00058485,-0.00156347
0.00328769,0.00067742,-0.00031674,0.00002895,-0.00057230,-0.00153050
0.00322201,0.00066387,-0.00031059,0.00002930,-0.00056000,-0.00149817
0.00315764,0.00065059,-0.00030456,0.00002961,-0.00054796,-0.00146646
0.00309456,0.00063758,-0.00029865,0.00002988,-0.00053617,-0.00143537
0.00303274,0.00062483,-0.00029285,0.00003013,-0.00052462,-0.00140487
0.00297215,0.00061233,-0.00028716,0.00003033,-0.00051331,-0.00137497
0.00291278,0.00060008,-0.00028158,0.00003051,-0.00050223,-0.00134565
0.00285459,0.00058808,-0.00027611,0.00003065,-0.00049137,-0.00131690
0.00279756,0.00057632,-0.00027075,0.00003077,-0.00048074,-0.00128870
0.00274168,0.00056479,-0.00026548,0.00003086,-0.00047033,-0.00126105
0.00268691,0.00055349,-0.00026033,0.00003092,-0.00046014,-0.00123393
0.00263323,0.00054242,-0.00025527,0.00003095,-0.00045015,-0.00120734
0.00258063,0.00053157,-0.00025031,0.00003096,-0.00044037,-0.00118126
0.00252908,0.00052094,-0.00024544,0.00003094,-0.00043079,-0.00115569
0.00247856,0.00051052,-0.00024067,0.00003091,-0.00042141,-0.00113061
0.00242905,0.00050031,-0.00023599,0.00003084,-0.00041222,-0.00110602
0.00238053,0.00049030,-0.00023140,0.00003076,-0.00040322,-0.00108190
0.00233298,0.00048050,-0.00022691,0.00003066,-0.00039440,-0.00105825
0.00228637,0.00047089,-0.00022249,0.00003054,-0.00038577,-0.00103506
0.00224070,0.00046147,-0.00021817,0.00003039,-0.00037731,-0.00101232
0.00219595,0.00045224,-0.00021392,0.00003024,-0.00036903,-0.00099001
0.00215208,0.00044319,-0.00020976,0.00003006,-0.00036092,-0.00096814
0.00210909,0.00043433,-0.00020568,0.00002987,-0.00035298,-0.00094670
0.00206697,0.00042564,-0.00020168,0.00002966,-0.00034520,-0.00092567
0.00202568,0.00041713,-0.00019776,0.00002943,-0.00033758,-0.00090504
0.00198522,0.00040879,-0.00019391,0.00002919,-0.00033012,-0.00088482
0.00194556,0.00040061,-0.00019014,0.00002894,-0.00032282,-0.00086499
0.00190670,0.00039260,-0.00018644,0.00002868,-0.00031566,-0.00084555
0.00186862,0.00038474,-0.00018281,0.00002840,-0.00030865,-0.00082648
0.00183129,0.00037705,-0.00017925,0.00002811,-0.00030179,-0.00080779
0.00179472,0.00036951,-0.00017576,0.00002781,-0.00029507,-0.00078946
0.00175887,0.00036212,-0.00017234,0.00002750,-0.00028849,-0.00077149
0.00172374,0.00035487,-0.00016898,0.00002718,-0.00028205,-0.00075386
0.00168931,0.00034778,-0.00016569,0.00002685,-0.00027573,-0.00073658
0.00165557,0.00034082,-0.00016246,0.00002651,-0.00026955,-0.00071964
0.00162250,0.00033400,-0.00015930,0.00002617,-0.00026350,-0.00070303
0.00159009,0.00032732,-0.00015619,0.00002581,-0.00025758,-0.00068675
0.00155833,0.00032078,-0.00015315,0.00002545,-0.00025177,-0.00067078
0.00152721,0.00031436,-0.00015017,0.00002509,-0.00024609,-0.00065513
0.00149670,0.00030807,-0.00014724,0.00002471,-0.00024053,-0.00063978
0.00146681,0.00030191,-0.00014437,0.00002433,-0.00023508,-0.00062474
0.00143751,0.00029587,-0.00014156,0.00002395,-0.00022975,-0.00060999
0.00140880,0.00028996,-0.00013880,0.00002356,-0.00022452,-0.00059554
0.00138066,0.00028416,-0.00013609,0.00002316,-0.00021941,-0.00058137
0.00135309,0.00027847,-0.00013344,0.00002277,-0.00021440,-0.00056748
0.00132606,0.00027290,-0.00013083,0.00002236,-0.00020950,-0.00055386
0.00129958,0.00026744,-0.00012828,0.00002196,-0.00020470,-0.00054052
0.00127362,0.00026210,-0.00012578,0.00002155,-0.00020000,-0.00052744
0.00124819,0.00025685,-0.00012332,0.00002114,-0.00019540,-0.00051463
0.00122326,0.00025172,-0.00012092,0.00002073,-0.00019090,-0.00050206
0.00119882,0.00024668,-0.00011856,0.00002031,-0.00018649,-0.00048975
0.00117488,0.00024175,-0.00011624,0.00001990,-0.00018217,-0.00047769
0.00115142,0.00023691,-0.00011398,0.00001948,-0.00017794,-0.00046587
0.00112842,0.00023217,-0.00011175,0.00001906,-0.00017381,-0.00045429
0.00110588,0.00022753,-0.00010957,0.00001865,-0.00016976,-0.00044294
0.00108380,0.00022298,-0.00010743,0.00001823,-0.00016580,-0.00043182
0.00106215,0.00021852,-0.00010533,0.00001781,-0.00016192,-0.00042093
0.00104094,0.00021415,-0.00010327,0.00001739,-0.00015812,-0.00041026
0.00102015,0.00020987,-0.00010125,0.00001697,-0.00015440,-0.00039981
0.00099977,0.00020567,-0.00009928,0.00001656,-0.00015076,-0.00038957
0.00097980,0.00020156,-0.00009734,0.00001614,-0.00014720,-0.00037954
0.00096023,0.00019752,-0.00009543,0.00001573,-0.00014372,-0.00036972
0.00094106,0.00019357,-0.00009357,0.00001532,-0.00014031,-0.00036010
0.00092226,0.00018970,-0.00009174,0.00001491,-0.00013697,-0.00035068
0.00090384,0.00018591,-0.00008994,0.00001450,-0.00013371,-0.00034146
0.00088579,0.00018219,-0.00008819,0.00001409,-0.00013051,-0.00033243
0.00086810,0.00017855,-0.00008646,0.00001369,-0.00012739,-0.00032359
0.00085076,0.00017497,-0.00008477,0.00001329,-0.00012433,-0.00031493
0.00083377,0.00017148,-0.00008311,0.00001289,-0.00012133,-0.00030646
0.00081712,0.00016805,-0.00008148,0.00001250,-0.00011840,-0.00029816
0.00080080,0.00016468,-0.00007989,0.00001210,-0.00011554,-0.00029005
0.00078480,0.00016139,-0.00007832,0.00001172,-0.00011274,-0.00028211
0.00076913,0.00015816,-0.00007679,0.00001133,-0.00010999,-0.00027433
0.00075377,0.00015500,-0.00007529,0.00001095,-0.00010731,-0.00026673
0.00073871,0.00015190,-0.00007381,0.00001057,-0.00010469,-0.00025929
0.00072396,0.00014886,-0.00007237,0.00001020,-0.00010212,-0.00025201
0.00070950,0.00014588,-0.00007095,0.00000983,-0.00009961,-0.00024489
0.00069533,0.00014297,-0.00006956,0.00000947,-0.00009716,-0.00023793
0.00068144,0.00014011,-0.00006820,0.00000911,-0.00009476,-0.00023112
0.00066783,0.00013730,-0.00006686,0.00000492,-0.00009240,-0.00022250
0.00065449,0.00013456,-0.00006555,0.00000092,-0.00009009,-0.00021406
0.00064142,0.00013187,-0.00006426,-0.00000289,-0.00008782,-0.00020580
0.00062861,0.00012923,-0.00006300,-0.00000651,-0.00008560,-0.00019772
0.00061606,0.00012665,-0.00006177,-0.00000997,-0.00008342,-0.00018981
0.00060375,0.00012411,-0.00006056,-0.00001325,-0.00008128,-0.00018207
0.00059169,0.00012163,-0.00005937,-0.00001638,-0.00007918,-0.00017451
0.00057987,0.00011920,-0.00005820,-0.00001935,-0.00007712,-0.00016711
0.00056829,0.00011681,-0.00005706,-0.00002217,-0.00007511,-0.00015988
0.00055694,0.00011448,-0.00005594,-0.00002484,-0.00007313,-0.00015282
0.00054582,0.00011219,-0.00005484,-0.00002738,-0.00007119,-0.00014591
0.00053492,0.00010994,-0.00005377,-0.00002978,-0.00006929,-0.00013917
0.00052423,0.00010774,-0.00005271,-0.00003205,-0.00006743,-0.00013259
0.00051376,0.00010559,-0.00005167,-0.00003420,-0.00006561,-0.00012616
0.00050350,0.00010348,-0.00005066,-0.00003623,-0.00006382,-0.00011989
0.00049344,0.00010141,-0.00004966,-0.00003815,-0.00006207,-0.00011376
0.00048359,0.00009938,-0.00004869,-0.00003995,-0.00006036,-0.00010779
0.00047393,0.00009739,-0.00004773,-0.00004165,-0.00005869,-0.00010197
0.00046446,0.00009544,-0.00004679,-0.00004324,-0.00005704,-0.00009629
0.00045518,0.00009354,-0.00004587,-0.00004474,-0.00005544,-0.00009076
0.00044609,0.00009166,-0.00004497,-0.00004614,-0.00005386,-0.00008537
0.00043718,0.00008983,-0.00004409,-0.00004744,-0.00005233,-0.00008012
0.00042845,0.00008803,-0.00004322,-0.00004866,-0.00005082,-0.00007502
0.00041989,0.00008627,-0.00004237,-0.00004979,-0.00004935,-0.00007004
0.00041150,0.00008455,-0.00004154,-0.00005084,-0.00004791,-0.00006520
0.00040328,0.00008286,-0.00004072,-0.00005181,-0.00004650,-0.00006050
0.00039523,0.00008120,-0.00003992,-0.00005271,-0.00004513,-0.00005593
0.00038733,0.00007958,-0.00003913,-0.00005353,-0.00004378,-0.00005148
0.00037960,0.00007798,-0.00003836,-0.00005428,-0.00004247,-0.00004717
0.00037201,0.00007643,-0.00003760,-0.00005496,-0.00004118,-0.00004298
0.00036458,0.00007490,-0.00003686,-0.00005558,-0.00003993,-0.00003891
0.00035730,0.00007340,-0.00003614,-0.00005613,-0.00003871,-0.00003497
0.00035016,0.00007193,-0.00003543,-0.00005663,-0.00003751,-0.00003114
0.00034317,0.00007049,-0.00003473,-0.00005706,-0.00003634,-0.00002744
0.00033631,0.00006908,-0.00003404,-0.00005744,-0.00003520,-0.00002385
0.00032959,0.00006770,-0.00003337,-0.00005777,-0.00003409,-0.00002038
0.00032301,0.00006635,-0.00003271,-0.00005804,-0.00003301,-0.00001702
0.00031656,0.00006502,-0.00003207,-0.00005826,-0.00003195,-0.00001377
0.00031023,0.00006372,-0.00003144,-0.00005844,-0.00003092,-0.00001064
0.00030403,0.00006244,-0.00003082,-0.00005857,-0.00002991,-0.00000761
0.00029796,0.00006120,-0.00003021,-0.00005866,-0.00002893,-0.00000469
0.00029201,0.00005997,-0.00002961,-0.00005870,-0.00002798,-0.00000187
0.00028617,0.00005877,-0.00002903,-0.00005871,-0.00002705,0.00000084
0.00028046,0.00005760,-0.00002845,-0.00005868,-0.00002614,0.00000346
0.00027485,0.00005645,-0.00002789,-0.00005861,-0.00002526,0.00000597
0.00026936,0.00005532,-0.00002734,-0.00005850,-0.00002440,0.00000838
0.00026398,0.00005421,-0.00002680,-0.00005836,-0.00002357,0.00001070
0.00025871,0.00005313,-0.00002627,-0.00005819,-0.00002275,0.00001292
0.00025354,0.00005206,-0.00002575,-0.00005799,-0.00002196,0.00001505
0.00024847,0.00005102,-0.00002524,-0.00005776,-0.00002120,0.00001709
0.00024351,0.00005000,-0.00002474,-0.00005751,-0.00002045,0.00001904
0.00023864,0.00004900,-0.00002425,-0.00005722,-0.00001972,0.00002090
0.00023387,0.00004802,-0.00002378,-0.00005691,-0.00001902,0.00002267
0.00022920,0.00004706,-0.00002330,-0.00005658,-0.00001833,0.00002436
0.00022462,0.00004612,-0.00002284,-0.00005622,-0.00001767,0.00002597
0.00022013,0.00004520,-0.00002239,-0.00005585,-0.00001703,0.00002749
0.00021574,0.00004429,-0.00002195,-0.00005545,-0.00001640,0.00002894
0.00021142,0.00004341,-0.00002151,-0.00005504,-0.00001579,0.00003030
0.00020720,0.00004254,-0.00002109,-0.00005460,-0.00001521,0.00003160
0.00020306,0.00004169,-0.00002067,-0.00005415,-0.00001464,0.00003281
0.00019900,0.00004085,-0.00002026,-0.00005368,-0.00001409,0.00003396
0.00019503,0.00004004,-0.00001986,-0.00005320,-0.00001355,0.00003503
0.00019113,0.00003924,-0.00001947,-0.00005271,-0.00001303,0.00003603
0.00018731,0.00003845,-0.00001908,-0.00005220,-0.00001253,0.00003697
0.00018357,0.00003768,-0.00001870,-0.00005168,-0.00001205,0.00003783
0.00017990,0.00003693,-0.00001833,-0.00005115,-0.00001158,0.00003864
0.00017630,0.00003619,-0.00001797,-0.00005061,-0.00001113,0.00003938
0.00017278,0.00003547,-0.00001761,-0.00005005,-0.00001069,0.00004006
0.00016933,0.00003476,-0.00001726,-0.00004949,-0.00001027,0.00004068
0.00016594,0.00003406,-0.00001692,-0.00004893,-0.00000986,0.00004124
0.00016263,0.00003338,-0.00001659,-0.00004835,-0.00000947,0.00004175
0.00015938,0.00003271,-0.00001626,-0.00004777,-0.00000909,0.00004220
0.00015619,0.00003206,-0.00001593,-0.00004718,-0.00000872,0.00004260
0.00015307,0.00003142,-0.00001562,-0.00004659,-0.00000837,0.00004294
0.00015001,0.00003079,-0.00001531,-0.00004599,-0.00000803,0.00004324
0.00014701,0.00003017,-0.00001500,-0.00004539,-0.00000770,0.00004349
0.00014407,0.00002957,-0.00001471,-0.00004479,-0.00000739,0.00004369
0.00014119,0.00002898,-0.00001441,-0.00004418,-0.00000709,0.00004385
0.00013837,0.00002840,-0.00001413,-0.00004357,-0.00000680,0.00004396
0.00013561,0.00002783,-0.00001385,-0.00004296,-0.00000652,0.00004404
0.00013290,0.00002727,-0.00001357,-0.00004235,-0.00000625,0.00004407
0.00013024,0.00002673,-0.00001330,-0.00004174,-0.00000599,0.00004406
0.00012764,0.00002619,-0.00001304,-0.00004113,-0.00000574,0.00004402
0.00012509,0.00002567,-0.00001278,-0.00004052,-0.00000550,0.00004394
0.00012259,0.00002516,-0.00001252,-0.00003991,-0.00000528,0.00004383
0.00012014,0.00002465,-0.00001228,-0.00003930,-0.00000506,0.00004368
0.00011773,0.00002416,-0.00001203,-0.00003869,-0.00000485,0.00004350
0.00011538,0.00002368,-0.00001179,-0.00003808,-0.00000465,0.00004330
0.00011307,0.00002320,-0.00001156,-0.00003748,-0.00000446,0.00004306
0.00011081,0.00002274,-0.00001133,-0.00003688,-0.00000427,0.00004280
0.00010860,0.00002229,-0.00001110,-0.00003628,-0.00000410,0.00004252
0.00010643,0.00002184,-0.00001088,-0.00003569,-0.00000393,0.00004221
0.00010430,0.00002140,-0.00001067,-0.00003510,-0.00000377,0.00004187
0.00010221,0.00002097,-0.00001045,-0.00003452,-0.00000362,0.00004152
0.00010017,0.00002056,-0.00001024,-0.00003393,-0.00000347,0.00004115
0.00009817,0.00002014,-0.00001004,-0.00003336,-0.00000333,0.00004075
0.00009621,0.00001974,-0.00000984,-0.00003279,-0.00000320,0.00004034
0.00009428,0.00001935,-0.00000964,-0.00003222,-0.00000307,0.00003992
0.00009240,0.00001896,-0.00000945,-0.00003166,-0.00000295,0.00003948
0.00009055,0.00001858,-0.00000926,-0.00003110,-0.00000284,0.00003902
0.00008874,0.00001821,-0.00000908,-0.00003055,-0.00000273,0.00003856
0.00008697,0.00001784,-0.00000890,-0.00003000,-0.00000262,0.00003808
0.00008523,0.00001749,-0.00000872,-0.00002946,-0.00000252,0.00003759
0.00008352,0.00001714,-0.00000855,-0.00002893,-0.00000243,0.00003709
0.00008185,0.00001680,-0.00000838,-0.00002841,-0.00000234,0.00003659
0.00008022,0.00001646,-0.00000821,-0.00002788,-0.00000225,0.00003607
0.00007861,0.00001613,-0.00000805,-0.00002737,-0.00000217,0.00003555
0.00007704,0.00001581,-0.00000789,-0.00002686,-0.00000210,0.00003503
0.00007550,0.00001549,-0.00000773,-0.00002636,-0.00000202,0.00003450
0.00007399,0.00001518,-0.00000757,-0.00002587,-0.00000195,0.00003397
0.00007251,0.00001488,-0.00000742,-0.00002538,-0.00000189,0.00003343
0.00007106,0.00001458,-0.00000728,-0.00002490,-0.00000182,0.00003290
0.00006964,0.00001429,-0.00000713,-0.00002443,-0.00000176,0.00003236
0.00006825,0.00001400,-0.00000699,-0.00002396,-0.00000171,0.00003182
0.00006688,0.00001372,-0.00000685,-0.00002350,-0.00000165,0.00003129
0.00006555,0.00001345,-0.00000671,-0.00002305,-0.00000160,0.00003075
0.00006424,0.00001318,-0.00000658,-0.00002261,-0.00000155,0.00003022
0.00006295,0.00001292,-0.00000645,-0.00002217,-0.00000151,0.00002968
0.00006169,0.00001266,-0.00000632,-0.00002174,-0.00000146,0.00002916
0.00006046,0.00001240,-0.00000619,-0.00002132,-0.00000142,0.00002863
0.00005925,0.00001216,-0.00000607,-0.00002090,-0.00000138,0.00002811
0.00005807,0.00001191,-0.00000595,-0.00002049,-0.00000134,0.00002759
0.00005690,0.00001167,-0.00000583,-0.00002009,-0.00000131,0.00002708
0.00005577,0.00001144,-0.00000571,-0.00001969,-0.00000127,0.00002657
0.00005465,0.00001121,-0.00000560,-0.00001930,-0.00000124,0.00002607
0.00005356,0.00001099,-0.00000549,-0.00001892,-0.00000121,0.00002558
0.00005249,0.00001077,-0.00000538,-0.00001855,-0.00000118,0.00002509
0.00005144,0.00001055,-0.00000527,-0.00001818,-0.00000115,0.00002460
0.00005041,0.00001034,-0.00000516,-0.00001782,-0.00000112,0.00002413
0.00004940,0.00001014,-0.00000506,-0.00001746,-0.00000109,0.00002366
0.00004841,0.00000993,-0.00000496,-0.00001712,-0.00000107,0.00002320
0.00004744,0.00000973,-0.00000486,-0.00001678,-0.00000104,0.00002274
0.00004650,0.00000954,-0.00000476,-0.00001644,-0.00000102,0.00002229
0.00004557,0.00000935,-0.00000467,-0.00001611,-0.00000100,0.00002185
0.00004465,0.00000916,-0.00000457,-0.00001579,-0.00000097,0.00002142
0.00004376,0.00000898,-0.00000448,-0.00001548,-0.00000095,0.00002100
0.00004289,0.00000880,-0.00000439,-0.00001517,-0.00000093,0.00002058
0.00004203,0.00000862,-0.00000431,-0.00001486,-0.00000091,0.00002017
0.00004119,0.00000845,-0.00000422,-0.00001457,-0.00000089,0.00001977
0.00004036,0.00000828,-0.00000413,-0.00001428,-0.00000087,0.00001937
0.00003956,0.00000812,-0.00000405,-0.00001399,-0.00000085,0.00001899
0.00003877,0.00000795,-0.00000397,-0.00001371,-0.00000084,0.00001861
0.00003799,0.00000779,-0.00000389,-0.00001344,-0.00000082,0.00001824
0.00003723,0.00000764,-0.00000381,-0.00001317,-0.00000080,0.00001787
0.00003649,0.00000749,-0.00000374,-0.00001290,-0.00000079,0.00001751
0.00003576,0.00000734,-0.00000366,-0.00001265,-0.00000077,0.00001716
0.00003504,0.00000719,-0.00000359,-0.00001239,-0.00000076,0.00001682
0.00003434,0.00000705,-0.00000352,-0.00001214,-0.00000074,0.00001648
0.00003365,0.00000690,-0.00000345,-0.00001190,-0.00000073,0.00001615
0.00003298,0.00000677,-0.00000338,-0.00001166,-0.00000071,0.00001583
0.00003232,0.00000663,-0.00000331,-0.00001143,-0.00000070,0.00001551
0.00003167,0.00000650,-0.00000324,-0.00001120,-0.00000068,0.00001520
0.00003104,0.00000637,-0.00000318,-0.00001098,-0.00000067,0.00001490
0.00003042,0.00000624,-0.00000312,-0.00001076,-0.00000066,0.00001460
0.00002981,0.00000612,-0.00000305,-0.00001055,-0.00000064,0.00001432
0.00002922,0.00000599,-0.00000299,-0.00001034,-0.00000063,0.00001404
0.00002863,0.00000587,-0.00000293,-0.00001015,-0.00000062,0.00001378
0.00002806,0.00000576,-0.00000287,-0.00000997,-0.00000060,0.00001355
0.00002750,0.00000564,-0.00000282,-0.00000981,-0.00000059,0.00001335
0.00002695,0.00000553,-0.00000276,-0.00000968,-0.00000058,0.00001320
0.00002641,0.00000542,-0.00000271,-0.00000958,-0.00000056,0.00001310
0.00002588,0.00000531,-0.00000265,-0.00000953,-0.00000055,0.00001308
0.00002536,0.00000520,-0.00000260,-0.00000953,-0.00000053,0.00001316
0.00002486,0.00000510,-0.00000255,-0.00000959,-0.00000052,0.00001335
0.00002436,0.00000500,-0.00000250,-0.00000972,-0.00000050,0.00001366
0.00002387,0.00000490,-0.00000245,-0.00000994,-0.00000048,0.00001414
0.00002339,0.00000480,-0.00000240,-0.00001025,-0.00000046,0.00001479
0.00002293,0.00000470,-0.00000235,-0.00001067,-0.00000044,0.00001564
0.00002247,0.00000461,-0.00000230,-0.00001120,-0.00000041,0.00001672
0.00002202,0.00000452,-0.00000226,-0.00001186,-0.00000039,0.00001805
0.00002158,0.00000443,-0.00000221,-0.00001265,-0.00000036,0.00001966
0.00002115,0.00000434,-0.00000217,-0.00001359,-0.00000033,0.00002156
0.00002072,0.00000425,-0.00000212,-0.00001467,-0.00000029,0.00002380
0.00002031,0.00000417,-0.00000208,-0.00001590,-0.00000025,0.00002639
0.00001990,0.00000408,-0.00000204,-0.00001729,-0.00000020,0.00002935
0.00001950,0.00000400,-0.00000200,-0.00001884,-0.00000015,0.00003270
0.00001911,0.00000392,-0.00000196,-0.00002055,-0.00000009,0.00003648
0.00001873,0.00000384,-0.00000192,-0.00002241,-0.00000003,0.00004070
0.00001836,0.00000377,-0.00000188,-0.00002442,0.00000005,0.00004538
0.00001799,0.00000369,-0.00000184,-0.00002659,0.00000013,0.00005053
0.00001763,0.00000362,-0.00000181,-0.00002888,0.00000022,0.00005618
0.00001728,0.00000354,-0.00000177,-0.00003131,0.00000033,0.00006233
0.00001693,0.00000347,-0.00000173,-0.00003385,0.00000044,0.00006900
0.00001659,0.00000340,-0.00000170,-0.00003650,0.00000057,0.00007620
0.00001626,0.00000334,-0.00000167,-0.00003923,0.00000071,0.00008394
0.00001594,0.00000327,-0.00000163,-0.00004202,0.00000087,0.00009223
0.00001562,0.00000320,-0.00000160,-0.00004487,0.00000105,0.00010106
0.00001531,0.00000314,-0.00000157,-0.00004774,0.00000125,0.00011044
0.00001500,0.00000308,-0.00000154,-0.00005062,0.00000146,0.00012037
0.00001470,0.00000302,-0.00000151,-0.00005348,0.00000170,0.00013084
0.00001441,0.00000296,-0.00000148,-0.00005630,0.00000196,0.00014186
0.00001412,0.00000290,-0.00000145,-0.00005905,0.00000225,0.00015340
0.00001384,0.00000284,-0.00000142,-0.00006171,0.00000256,0.00016547
0.00001356,0.00000278,-0.00000139,-0.00006424,0.00000291,0.00017805
0.00001329,0.00000273,-0.00000136,-0.00006663,0.00000328,0.00019112
0.00001302,0.00000267,-0.00000133,-0.00006884,0.00000368,0.00020466
0.00001276,0.00000262,-0.00000131,-0.00007085,0.00000411,0.00021867
0.00001251,0.00000257,-0.00000128,-0.00007263,0.00000458,0.00023311
0.00001226,0.00000251,-0.00000126,-0.00007415,0.00000509,0.00024796
0.00001201,0.00000246,-0.00000123,-0.00007540,0.00000563,0.00026319
0.00001177,0.00000241,-0.00000121,-0.00007634,0.00000621,0.00027879
0.00001153,0.00000237,-0.00000118,-0.00007695,0.00000682,0.00029471
0.00001130,0.00000232,-0.00000116,-0.00007721,0.00000748,0.00031093
0.00001108,0.00000227,-0.00000113,-0.00007709,0.00000817,0.00032740
0.00001086,0.00000223,-0.00000111,-0.00007658,0.00000891,0.00034411
0.00001064,0.00000218,-0.00000109,-0.00007567,0.00000969,0.00036100
0.00001043,0.00000214,-0.00000107,-0.00007432,0.00001050,0.00037804
0.00001022,0.00000210,-0.00000105,-0.00007254,0.00001136,0.00039520
0.00001001,0.00000205,-0.00000103,-0.00007030,0.00001226,0.00041242
0.00000981,0.00000201,-0.00000101,-0.00006761,0.00001319,0.00042967
0.00000962,0.00000197,-0.00000099,-0.00006444,0.00001416,0.00044690
0.00000942,0.00000193,-0.00000097,-0.00006081,0.00001517,0.00046407
0.00000924,0.00000189,-0.00000095,-0.00005670,0.00001621,0.00048114
0.00000905,0.00000186,-0.00000093,-0.00005211,0.00001729,0.00049805
0.00000887,0.00000182,-0.00000091,-0.00004706,0.00001840,0.00051476
0.00000869,0.00000178,-0.00000089,-0.00004155,0.00001953,0.00053123
0.00000852,0.00000175,-0.00000087,-0.00003558,0.00002069,0.00054740
0.00000835,0.00000171,-0.00000086,-0.00002918,0.00002186,0.00056323
0.00000818,0.00000168,-0.00000084,-0.00002236,0.00002306,0.00057866
0.00000802,0.00000165,-0.00000082,-0.00001514,0.00002427,0.00059366
0.00000786,0.00000161,-0.00000080,-0.00000754,0.00002549,0.00060817
0.00000770,0.00000158,-0.00000079,0.00000041,0.00002671,0.00062214
0.00000755,0.00000155,-0.00000077,0.00000868,0.00002794,0.00063553
0.00000740,0.00000152,-0.00000076,0.00001723,0.00002916,0.00064828
0.00000725,0.00000149,-0.00000074,0.00002603,0.00003036,0.00066035
0.00000710,0.00000146,-0.00000073,0.00003502,0.00003156,0.00067169
0.00000696,0.00000143,-0.00000071,0.00004417,0.00003272,0.00068226
0.00000682,0.00000140,-0.00000070,0.00005343,0.00003386,0.00069200
0.00000669,0.00000137,-0.00000068,0.00006273,0.00003497,0.00070087
0.00000655,0.00000134,-0.00000067,0.00007202,0.00003603,0.00070882
0.00000642,0.00000132,-0.00000066,0.00008124,0.00003704,0.00071580
0.00000629,0.00000129,-0.00000064,0.00009031,0.00003799,0.00072177
0.00000617,0.00000127,-0.00000063,0.00009916,0.00003888,0.00072669
0.00000604,0.00000124,-0.00000062,0.00010771,0.00003969,0.00073049
0.00000592,0.00000121,-0.00000061,0.00011588,0.00004042,0.00073314
0.00000580,0.00000119,-0.00000059,0.00012358,0.00004107,0.00073459
0.00000569,0.00000117,-0.00000058,0.00013070,0.00004161,0.00073478
0.00000557,0.00000114,-0.00000057,0.00013717,0.00004205,0.00073369
0.00000546,0.00000112,-0.00000056,0.00014287,0.00004237,0.00073125
0.00000535,0.00000110,-0.00000055,0.00014771,0.00004256,0.00072745
0.00000525,0.00000108,-0.00000054,0.00015161,0.00004263,0.00072225
0.00000514,0.00000105,-0.00000053,0.00015448,0.00004255,0.00071564
0.00000504,0.00000103,-0.00000052,0.00015627,0.00004234,0.00070766
0.00000494,0.00000101,-0.00000051,0.00015698,0.00004200,0.00069838
0.00000484,0.00000099,-0.00000050,0.00015666,0.00004153,0.00068792
0.00000474,0.00000097,-0.00000049,0.00015542,0.00004094,0.00067649
0.00000465,0.00000095,-0.00000048,0.00015345,0.00004028,0.00066434
0.00000455,0.00000093,-0.00000047,0.00015061,0.00003950,0.00065137
0.00000446,0.00000092,-0.00000046,0.00014783,0.00003875,0.00063862
0.00000437,0.00000090,-0.00000045,0.00014496,0.00003799,0.00062595
0.00000429,0.00000088,-0.00000044,0.00014211,0.00003724,0.00061348
0.00000420,0.00000086,-0.00000043,0.00013930,0.00003650,0.00060125
0.00000412,0.00000084,-0.00000042,0.00013655,0.00003577,0.00058927
0.00000403,0.00000083,-0.00000041,0.00013385,0.00003507,0.00057752
0.00000395,0.00000081,-0.00000041,0.00013120,0.00003437,0.00056601
0.00000387,0.00000079,-0.00000040,0.00012861,0.00003369,0.00055473
0.00000380,0.00000078,-0.00000039,0.00012607,0.00003302,0.00054367
0.00000372,0.00000076,-0.00000038,0.00012358,0.00003237,0.00053283
0.00000365,0.00000075,-0.00000037,0.00012113,0.00003173,0.00052221
0.00000357,0.00000073,-0.00000037,0.00011874,0.00003110,0.00051180
0.00000350,0.00000072,-0.00000036,0.00011639,0.00003048,0.00050160
0.00000343,0.00000070,-0.00000035,0.00011409,0.00002988,0.00049160
0.00000336,0.00000069,-0.00000034,0.00011184,0.00002929,0.00048180
0.00000330,0.00000068,-0.00000034,0.00010963,0.00002871,0.00047219
0.00000323,0.00000066,-0.00000033,0.00010746,0.00002814,0.00046278
0.00000317,0.00000065,-0.00000032,0.00010534,0.00002758,0.00045355
0.00000310,0.00000064,-0.00000032,0.00010326,0.00002704,0.00044451
0.00000304,0.00000062,-0.00000031,0.00010122,0.00002650,0.00043565
0.00000298,0.00000061,-0.00000031,0.00009922,0.00002598,0.00042697
0.00000292,0.00000060,-0.00000030,0.00009726,0.00002546,0.00041845
0.00000286,0.00000059,-0.00000029,0.00009534,0.00002496,0.00041011
0.00000280,0.00000058,-0.00000029,0.00009345,0.00002446,0.00040194
0.00000275,0.00000056,-0.00000028,0.00009161,0.00002398,0.00039392
0.00000269,0.00000055,-0.00000028,0.00008980,0.00002350,0.00038607
0.00000264,0.00000054,-0.00000027,0.00008802,0.00002304,0.00037837
0.00000259,0.00000053,-0.00000026,0.00008628,0.00002258,0.00037083
0.00000253,0.00000052,-0.00000026,0.00008458,0.00002214,0.00036344
0.00000248,0.00000051,-0.00000025,0.00008291,0.00002170,0.00035619
0.00000243,0.00000050,-0.00000025,0.00008127,0.00002127,0.00034909
0.00000239,0.00000049,-0.00000024,0.00007966,0.00002085,0.00034213
0.00000234,0.00000048,-0.00000024,0.00007809,0.00002043,0.00033531
0.00000229,0.00000047,-0.00000023,0.00007655,0.00002003,0.00032863
0.00000225,0.00000046,-0.00000023,0.00007503,0.00001963,0.00032208
0.00000220,0.00000045,-0.00000023,0.00007355,0.00001924,0.00031565
0.00000216,0.00000044,-0.00000022,0.00007210,0.00001886,0.00030936
0.00000211,0.00000043,-0.00000022,0.00007067,0.00001849,0.00030319
0.00000207,0.00000042,-0.00000021,0.00006928,0.00001812,0.00029715
0.00000203,0.00000042,-0.00000021,0.00006791,0.00001777,0.00029123
0.00000205,-0.00000359,-0.00000020,0.00008523,0.00001757,0.00030641
0.00000201,-0.00000352,-0.00000020,0.00008354,0.00001722,0.00030030
0.00000197,-0.00000345,-0.00000020,0.00008189,0.00001688,0.00029431
0.00000193,-0.00000338,-0.00000019,0.00008027,0.00001655,0.00028845
0.00000189,-0.00000331,-0.00000019,0.00007868,0.00001622,0.00028270
0.00000191,-0.00000726,-0.00000018,0.00009586,0.00001606,0.00029814
0.00000187,-0.00000712,-0.00000018,0.00009396,0.00001574,0.00029219
0.00000184,-0.00000697,-0.00000018,0.00009210,0.00001543,0.00028637
0.00000180,-0.00000683,-0.00000017,0.00009027,0.00001512,0.00028066
0.00000176,-0.00000670,-0.00000017,0.00008849,0.00001483,0.00027507
0.00000173,-0.00000656,-0.00000017,0.00008673,0.00001453,0.00026959
0.00000175,-0.00001042,-0.00000016,0.00010362,0.00001440,0.00028513
0.00000172,-0.00001021,-0.00000016,0.00010157,0.00001412,0.00027945
0.00000168,-0.00001000,-0.00000016,0.00009955,0.00001384,0.00027388
0.00000165,-0.00000980,-0.00000015,0.00009758,0.00001357,0.00026842
0.00000162,-0.00000961,-0.00000015,0.00009564,0.00001330,0.00026307
0.00000165,-0.00001342,-0.00000015,0.00011243,0.00001319,0.00027883
0.00000161,-0.00001315,-0.00000014,0.00011019,0.00001293,0.00027328
0.00000158,-0.00001289,-0.00000014,0.00010801,0.00001268,0.00026783
0.00000155,-0.00001263,-0.00000014,0.00010587,0.00001243,0.00026250
0.00000152,-0.00001238,-0.00000014,0.00010376,0.00001218,0.00025726
0.00000149,-0.00001213,-0.00000013,0.00010171,0.00001194,0.00025214
0.00000152,-0.00001586,-0.00000013,0.00011824,0.00001186,0.00026796
0.00000149,-0.00001554,-0.00000013,0.00011589,0.00001163,0.00026262
0.00000146,-0.00001523,-0.00000013,0.00011359,0.00001140,0.00025739
0.00000143,-0.00001493,-0.00000012,0.00011134,0.00001118,0.00025226
0.00000140,-0.00001463,-0.00000012,0.00010912,0.00001095,0.00024723
0.00000142,-0.00001737,-0.00000012,0.00012120,0.00001086,0.00025833
0.00000139,-0.00001703,-0.00000012,0.00011887,0.00001065,0.00025327
0.00000136,-0.00001669,-0.00000011,0.00011682,0.00001047,0.00024858
0.00000133,-0.00001635,-0.00000011,0.00011483,0.00001029,0.00024400
0.00000131,-0.00001602,-0.00000011,0.00011289,0.00001011,0.00023955
0.00000128,-0.00001570,-0.00000011,0.00011099,0.00000994,0.00023522
0.00000126,-0.00001539,-0.00000010,0.00010914,0.00000977,0.00023101
0.00000123,-0.00001508,-0.00000010,0.00010733,0.00000960,0.00022694
0.00000121,-0.00001478,-0.00000010,0.00010555,0.00000944,0.00022302
0.00000118,-0.00001449,-0.00000010,0.00010378,0.00000928,0.00021925
0.00000116,-0.00001420,-0.00000010,0.00010201,0.00000912,0.00021564
0.00000114,-0.00001391,-0.00000009,0.00010024,0.00000897,0.00021220
0.00000111,-0.00001363,-0.00000009,0.00009843,0.00000882,0.00020894
0.00000109,-0.00001336,-0.00000009,0.00009659,0.00000867,0.00020587
0.00000107,-0.00001309,-0.00000009,0.00009468,0.00000853,0.00020300
0.00000105,-0.00001283,-0.00000009,0.00009270,0.00000838,0.00020034
0.00000103,-0.00001257,-0.00000009,0.00009063,0.00000825,0.00019790
0.00000101,-0.00001232,-0.00000008,0.00008844,0.00000811,0.00019569
0.00000099,-0.00001208,-0.00000008,0.00008613,0.00000797,0.00019372
0.00000097,-0.00001184,-0.00000008,0.00008368,0.00000784,0.00019200
0.00000095,-0.00001160,-0.00000008,0.00008108,0.00000771,0.00019054
0.00000093,-0.00001137,-0.00000008,0.00007831,0.00000759,0.00018935
0.00000091,-0.00001114,0.00000091,0.00007535,0.00000746,0.00018842
0.00000089,-0.00001092,0.00000089,0.00007221,0.00000734,0.00018777
0.00000087,-0.00001070,0.00000087,0.00006888,0.00000722,0.00018740
0.00000086,-0.00001048,0.00000086,0.00006534,0.00000710,0.00018731
0.00000084,-0.00001027,0.00000084,0.00006159,0.00000699,0.00018750
0.00000082,-0.00001007,0.00000082,0.00005764,0.00000687,0.00018798
0.00000081,-0.00000987,0.00000081,0.00005348,0.00000676,0.00018875
0.00000079,-0.00000967,0.00000079,0.00004912,0.00000665,0.00018979
0.00000077,-0.00000948,0.00000077,0.00004456,0.00000654,0.00019111
0.00000076,-0.00000929,0.00000076,0.00003982,0.00000644,0.00019270
0.00000074,-0.00000910,0.00000074,0.00003490,0.00000633,0.00019456
0.00000073,-0.00000892,0.00000073,0.00002981,0.00000623,0.00019668
0.00000071,-0.00000874,0.00000071,0.00002458,0.00000613,0.00019904
0.00000070,-0.00000857,0.00000070,0.00001921,0.00000603,0.00020165
0.00000068,-0.00000840,0.00000068,0.00001373,0.00000594,0.00020447
0.00000067,-0.00000823,0.00000067,0.00000815,0.00000584,0.00020751
0.00000066,-0.00000806,0.00000066,0.00000251,0.00000575,0.00021075
0.00000064,-0.00000790,0.00000064,-0.00000319,0.00000565,0.00021417
0.00000063,-0.00000774,0.00000063,-0.00000892,0.00000556,0.00021776
0.00000062,-0.00000759,0.00000062,-0.00001465,0.00000547,0.00022149
0.00000061,-0.00000744,0.00000061,-0.00002035,0.00000538,0.00022535
0.00000059,-0.00000729,0.00000059,-0.00002602,0.00000530,0.00022932
0.00000058,-0.00000714,0.00000058,-0.00003161,0.00000521,0.00023338
0.00000057,-0.00000700,0.00000057,-0.00003710,0.00000513,0.00023751
0.00000056,-0.00000686,0.00000056,-0.00004249,0.00000504,0.00024169
0.00000055,-0.00000672,0.00000055,-0.00004773,0.00000496,0.00024588
0.00000054,-0.00000659,0.00000054,-0.00005281,0.00000488,0.00025007
0.00000053,-0.00000646,0.00000053,-0.00005772,0.00000480,0.00025424
0.00000052,-0.00000633,0.00000052,-0.00006242,0.00000473,0.00025836
0.00000051,-0.00000620,0.00000051,-0.00006692,0.00000465,0.00026241
0.00000050,-0.00000608,0.00000050,-0.00007119,0.00000457,0.00026635
0.00000049,-0.00000595,0.00000049,-0.00007521,0.00000450,0.00027018
0.00000048,-0.00000584,0.00000048,-0.00007898,0.00000442,0.00027386
0.00000047,-0.00000572,0.00000047,-0.00008250,0.00000435,0.00027737
0.00000046,-0.00000560,0.00000046,-0.00008574,0.00000428,0.00028068
0.00000045,-0.00000549,0.00000045,-0.00008871,0.00000421,0.00028378
0.00000044,-0.00000538,0.00000044,-0.00009140,0.00000414,0.00028665
0.00000043,-0.00000528,0.00000043,-0.00009382,0.00000407,0.00028926
0.00000042,-0.00000517,0.00000042,-0.00009595,0.00000401,0.00029160
0.00000041,-0.00000507,0.00000041,-0.00009781,0.00000394,0.00029365
0.00000041,-0.00000496,0.00000041,-0.00009940,0.00000388,0.00029540
0.00000040,-0.00000487,0.00000040,-0.00010071,0.00000381,0.00029683
0.00000039,-0.00000477,0.00000039,-0.00010177,0.00000375,0.00029794
0.00000038,-0.00000467,0.00000038,-0.00010256,0.00000369,0.00029871
0.00000037,-0.00000458,0.00000037,-0.00010312,0.00000363,0.00029914
0.00000037,-0.00000449,0.00000037,-0.00010343,0.00000357,0.00029923
0.00000036,-0.00000440,0.00000036,-0.00010352,0.00000351,0.00029898
0.00000035,-0.00000431,0.00000035,-0.00010339,0.00000345,0.00029838
0.00000034,-0.00000422,0.00000034,-0.00010307,0.00000339,0.00029745
0.00000034,-0.00000414,0.00000034,-0.00010255,0.00000334,0.00029618
0.00000033,-0.00000406,0.00000033,-0.00010186,0.00000328,0.00029459
0.00000032,-0.00000398,0.00000032,-0.00010100,0.00000323,0.00029269
0.00000032,-0.00000390,0.00000032,-0.00010000,0.00000318,0.00029050
0.00000031,-0.00000382,0.00000031,-0.00009887,0.00000312,0.00028802
0.00000031,-0.00000374,0.00000031,-0.00009762,0.00000307,0.00028527
0.00000030,-0.00000367,0.00000030,-0.00009627,0.00000302,0.00028227
0.00000029,-0.00000359,0.00000029,-0.00009482,0.00000297,0.00027905
0.00000029,-0.00000352,0.00000029,-0.00009331,0.00000293,0.00027561
0.00000028,-0.00000345,0.00000028,-0.00009173,0.00000288,0.00027199
0.00000028,-0.00000338,0.00000028,-0.00009011,0.00000283,0.00026820
0.00000027,-0.00000331,0.00000027,-0.00008846,0.00000279,0.00026426
0.00000027,-0.00000325,0.00000027,-0.00008679,0.00000274,0.00026020
0.00000026,-0.00000318,0.00000026,-0.00008510,0.00000270,0.00025604
0.00000025,-0.00000312,0.00000025,-0.00008342,0.00000265,0.00025179
0.00000025,-0.00000306,0.00000025,-0.00008176,0.00000261,0.00024749
0.00000024,-0.00000300,0.00000024,-0.00008011,0.00000257,0.00024314
0.00000024,-0.00000294,0.00000024,-0.00007849,0.00000253,0.00023876
0.00000023,-0.00000288,0.00000023,-0.00007691,0.00000249,0.00023438
0.00000023,-0.00000282,0.00000023,-0.00007536,0.00000245,0.00023000
0.00000023,-0.00000276,0.00000023,-0.00007386,0.00000241,0.00022564
0.00000022,-0.00000271,0.00000022,-0.00007240,0.00000238,0.00022132
0.00000022,-0.00000265,0.00000022,-0.00007099,0.00000234,0.00021703
0.00000021,-0.00000260,0.00000021,-0.00006962,0.00000231,0.00021280
0.00000021,-0.00000255,0.00000021,-0.00006829,0.00000227,0.00020862
0.00000020,-0.00000250,0.00000020,-0.00006700,0.00000224,0.00020451
0.00000020,-0.00000245,0.00000020,-0.00006575,0.00000220,0.00020047
0.00000020,-0.00000240,0.00000020,-0.00006453,0.00000217,0.00019651
0.00000019,-0.00000235,0.00000019,-0.00006333,0.00000214,0.00019262
0.00000019,-0.00000230,0.00000019,-0.00006215,0.00000211,0.00018881
0.00000018,-0.00000226,0.00000018,-0.00006100,0.00000207,0.00018508
0.00000018,-0.00000221,0.00000018,-0.00005987,0.00000204,0.00018142
0.00000018,-0.00000217,0.00000018,-0.00005875,0.00000201,0.00017783
0.00000017,-0.00000213,0.00000017,-0.00005766,0.00000198,0.00017431
0.00000017,-0.00000208,0.00000017,-0.00005658,0.00000195,0.00017086
0.00000017,-0.00000204,0.00000017,-0.00005552,0.00000191,0.00016748
0.00000016,-0.00000200,0.00000016,-0.00005448,0.00000188,0.00016416
0.00000016,-0.00000196,0.00000016,-0.00005345,0.00000185,0.00016091
0.00000016,-0.00000192,0.00000016,-0.00005243,0.00000181,0.00015772
0.00000015,-0.00000188,0.00000015,-0.00005143,0.00000177,0.00015458
0.00000015,-0.00000184,0.00000015,-0.00005044,0.00000174,0.00015151
0.00000015,-0.00000181,0.00000015,-0.00004947,0.00000170,0.00014850
0.00000014,-0.00000177,0.00000014,-0.00004851,0.00000166,0.00014554
0.00000014,-0.00000174,0.00000014,-0.00004756,0.00000162,0.00014264
0.00000014,-0.00000170,0.00000014,-0.00004663,0.00000158,0.00013980
0.00000014,-0.00000167,0.00000014,-0.00004571,0.00000154,0.00013701
0.00000013,-0.00000163,0.00000013,-0.00004480,0.00000150,0.00013427
0.00000013,-0.00000160,0.00000013,-0.00004391,0.00000146,0.00013159
0.00000013,-0.00000157,0.00000013,-0.00004304,0.00000142,0.00012896
0.00000013,-0.00000154,0.00000013,-0.00004218,0.00000137,0.00012638
0.00000012,-0.00000151,0.00000012,-0.00004134,0.00000133,0.00012386
0.00000012,-0.00000148,0.00000012,-0.00004051,0.00000129,0.00012139
0.00000012,-0.00000145,0.00000012,-0.00003971,0.00000125,0.00011897
0.00000012,-0.00000142,0.00000012,-0.00003893,0.00000121,0.00011660
0.00000011,-0.00000139,0.00000011,-0.00003818,0.00000118,0.00011428
0.00000011,-0.00000136,0.00000011,-0.00003745,0.00000114,0.00011202
0.00000011,-0.00000134,0.00000011,-0.00003674,0.00000111,0.00010980
0.00000011,-0.00000131,0.00000011,-0.00003607,0.00000108,0.00010764
0.00000010,-0.00000128,0.00000010,-0.00003542,0.00000105,0.00010554
0.00000010,-0.00000126,0.00000010,-0.00003481,0.00000103,0.00010349
0.00000010,-0.00000123,0.00000010,-0.00003424,0.00000101,0.00010149
0.00000010,-0.00000121,0.00000010,-0.00003370,0.00000100,0.00009955
0.00000010,-0.00000118,0.00000010,-0.00003321,0.00000099,0.00009766
0.00000009,-0.00000116,0.00000009,-0.00003276,0.00000099,0.00009583
0.00000009,-0.00000114,0.00000009,-0.00003235,0.00000099,0.00009405
0.00000009,-0.00000111,0.00000009,-0.00003200,0.00000100,0.00009233
0.00000009,-0.00000109,0.00000009,-0.00003169,0.00000102,0.00009067
0.00000009,-0.00000107,0.00000009,-0.00003145,0.00000105,0.00008907
0.00000009,-0.00000105,0.00000009,-0.00003126,0.00000109,0.00008753
0.00000008,-0.00000103,0.00000008,-0.00003113,0.00000113,0.00008605
0.00000008,-0.00000101,0.00000008,-0.00003106,0.00000119,0.00008462
0.00000008,-0.00000099,0.00000008,-0.00003106,0.00000126,0.00008326
0.00000008,-0.00000097,0.00000008,-0.00003114,0.00000134,0.00008196
0.00000008,-0.00000095,0.00000008,-0.00003128,0.00000144,0.00008072
0.00000008,-0.00000093,0.00000008,-0.00003151,0.00000155,0.00007954
0.00000007,-0.00000091,0.00000007,-0.00003181,0.00000168,0.00007842
0.00000007,-0.00000089,0.00000007,-0.00003219,0.00000182,0.00007737
0.00000007,-0.00000087,0.00000007,-0.00003266,0.00000198,0.00007637
0.00000007,-0.00000086,0.00000007,-0.00003322,0.00000215,0.00007544
0.00000007,-0.00000084,0.00000007,-0.00003387,0.00000235,0.00007456
0.00000007,-0.00000082,0.00000007,-0.00003462,0.00000256,0.00007374
0.00000007,-0.00000081,0.00000007,-0.00003546,0.00000280,0.00007298
0.00000006,-0.00000079,0.00000006,-0.00003640,0.00000305,0.00007228
0.00000006,-0.00000077,0.00000006,-0.00003745,0.00000333,0.00007163
0.00000006,-0.00000076,0.00000006,-0.00003860,0.00000364,0.00007104
0.00000006,-0.00000074,0.00000006,-0.00003986,0.00000396,0.00007049
0.00000006,-0.00000073,0.00000006,-0.00004123,0.00000432,0.00007000
0.00000006,-0.00000071,0.00000006,-0.00004271,0.00000470,0.00006955
0.00000006,-0.00000070,0.00000006,-0.00004431,0.00000511,0.00006914
0.00000006,-0.00000069,0.00000006,-0.00004602,0.00000555,0.00006877
0.00000005,-0.00000067,0.00000005,-0.00004786,0.00000601,0.00006844
0.00000005,-0.00000066,0.00000005,-0.00004982,0.00000651,0.00006813
0.00000005,-0.00000065,0.00000005,-0.00005191,0.00000704,0.00006785
0.00000005,-0.00000063,0.00000005,-0.00005412,0.00000761,0.00006759
0.00000005,-0.00000062,0.00000005,-0.00005647,0.00000821,0.00006735
0.00000005,-0.00000061,0.00000005,-0.00005894,0.00000884,0.00006712
0.00000005,-0.00000060,0.00000005,-0.00006156,0.00000952,0.00006688
0.00000005,-0.00000058,0.00000005,-0.00006431,0.00001023,0.00006664
0.00000005,-0.00000057,0.00000005,-0.00006721,0.00001097,0.00006638
0.00000005,-0.00000056,0.00000005,-0.00007025,0.00001176,0.00006610
0.00000004,-0.00000055,0.00000004,-0.00007344,0.00001259,0.00006579
0.00000004,-0.00000054,0.00000004,-0.00007678,0.00001347,0.00006543
0.00000004,-0.00000053,0.00000004,-0.00008029,0.00001438,0.00006502
0.00000004,-0.00000052,0.00000004,-0.00008395,0.00001534,0.00006453
0.00000004,-0.00000051,0.00000004,-0.00008778,0.00001635,0.00006397
0.00000004,-0.00000050,0.00000004,-0.00009179,0.00001740,0.00006330
0.00000004,-0.00000049,0.00000004,-0.00009597,0.00001850,0.00006252
0.00000004,-0.00000048,0.00000004,-0.00010035,0.00001965,0.00006161
0.00000004,-0.00000047,0.00000004,-0.00010492,0.00002086,0.00006054
0.00000004,-0.00000046,0.00000004,-0.00010970,0.00002211,0.00005931
0.00000004,-0.00000045,0.00000004,-0.00011470,0.00002341,0.00005787
0.00000004,-0.00000044,0.00000004,-0.00011993,0.00002477,0.00005621
0.00000004,-0.00000043,0.00000004,-0.00012541,0.00002618,0.00005429
0.00000003,-0.00000042,0.00000003,-0.00013115,0.00002765,0.00005209
0.00000003,-0.00000041,0.00000003,-0.00013717,0.00002917,0.00004956
0.00000003,-0.00000041,0.00000003,-0.00014350,0.00003076,0.00004668
0.00000003,-0.00000040,0.00000003,-0.00015017,0.00003240,0.00004338
0.00000003,-0.00000039,0.00000003,-0.00015719,0.00003410,0.00003962
0.00000003,-0.00000038,0.00000003,-0.00016462,0.00003586,0.00003535
0.00000003,-0.00000037,0.00000003,-0.00017248,0.00003769,0.00003049
0.00000003,-0.00000037,0.00000003,-0.00018083,0.00003957,0.00002498
0.00000003,-0.00000036,0.00000003,-0.00018972,0.00004153,0.00001872
0.00000003,-0.00000035,0.00000003,-0.00018615,0.00003897,0.00001856
0.00000003,-0.00000034,0.00000003,-0.00018266,0.00003640,0.00001842
0.00000003,-0.00000034,0.00000003,-0.00017924,0.00003382,0.00001829
0.00000003,-0.00000033,0.00000003,-0.00017590,0.00003123,0.00001817
0.00000003,-0.00000032,0.00000003,-0.00017264,0.00002862,0.00001807
0.00000003,-0.00000032,0.00000003,-0.00016945,0.00002600,0.00001797
0.00000003,-0.00000031,0.00000003,-0.00016633,0.00002336,0.00001788
0.00000002,-0.00000031,0.00000002,-0.00016329,0.00002071,0.00001781
0.00000002,-0.00000030,0.00000002,-0.00016031,0.00001804,0.00001774
0.00000002,-0.00000029,0.00000002,-0.00015741,0.00001535,0.00001769
0.00000002,-0.00000029,0.00000002,-0.00015457,0.00001264,0.00001764
0.00000002,-0.00000028,0.00000002,-0.00015180,0.00000991,0.00001761
0.00000002,-0.00000028,0.00000002,-0.00014909,0.00000715,0.00001759
0.00000002,-0.00000027,0.00000002,-0.00014645,0.00000437,0.00001757
0.00000002,-0.00000027,0.00000002,-0.00014387,0.00000157,0.00001757
0.00000002,-0.00000026,0.00000002,-0.00014135,-0.00000126,0.00001758
0.00000002,-0.00000025,0.00000002,-0.00013890,-0.00000411,0.00001760
0.00000002,-0.00000025,0.00000002,-0.00013650,-0.00000700,0.00001763
0.00000002,-0.00000024,0.00000002,-0.00013417,-0.00000991,0.00001767
0.00000002,-0.00000024,0.00000002,-0.00013189,-0.00001286,0.00001772
0.00000002,-0.00000023,0.00000002,-0.00012967,-0.00001583,0.00001779
0.00000002,-0.00000023,0.00000002,-0.00012750,-0.00001884,0.00001786
0.00000002,-0.00000023,0.00000002,-0.00012539,-0.00002188,0.00001794
0.00000002,-0.00000022,0.00000002,-0.00012334,-0.00002496,0.00001804
0.00000002,-0.00000022,0.00000002,-0.00012134,-0.00002807,0.00001814
0.00000002,-0.00000021,0.00000002,-0.00011939,-0.00003122,0.00001826
0.00000002,-0.00000021,0.00000002,-0.00011749,-0.00003440,0.00001838
0.00000002,-0.00000020,0.00000002,-0.00011564,-0.00003763,0.00001852
0.00000002,-0.00000020,0.00000002,-0.00011385,-0.00004089,0.00001867
0.00000002,-0.00000020,0.00000002,-0.00011210,-0.00004420,0.00001882
0.00000002,-0.00000019,0.00000002,-0.00011041,-0.00004754,0.00001899
0.00000002,-0.00000019,0.00000002,-0.00010876,-0.00005093,0.00001917
0.00000002,-0.00000018,0.00000002,-0.00010716,-0.00005436,0.00001936
0.00000001,-0.00000018,0.00000001,-0.00010560,-0.00005784,0.00001956
0.00000001,-0.00000018,0.00000001,-0.00010409,-0.00006136,0.00001978
0.00000001,-0.00000017,0.00000001,-0.00010263,-0.00006493,0.00002000
0.00000001,-0.00000017,0.00000001,-0.00010121,-0.00006855,0.00002023
0.00000001,-0.00000017,0.00000001,-0.00009984,-0.00007221,0.00002048
0.00000001,-0.00000016,0.00000001,-0.00009850,-0.00007593,0.00002073
0.00000001,-0.00000016,0.00000001,-0.00009722,-0.00007969,0.00002100
0.00000001,-0.00000016,0.00000001,-0.00009597,-0.00008350,0.00002128
0.00000001,-0.00000015,0.00000001,-0.00009476,-0.00008737,0.00002156
0.00000001,-0.00000015,0.00000001,-0.00009360,-0.00009129,0.00002186
0.00000001,-0.00000015,0.00000001,-0.00009247,-0.00009526,0.00002217
0.00000001,-0.00000014,0.00000001,-0.00009139,-0.00009929,0.00002250
0.00000001,-0.00000014,0.00000001,-0.00009034,-0.00010338,0.00002283
0.00000001,-0.00000014,0.00000001,-0.00008934,-0.00010752,0.00002317
0.00000001,-0.00000014,0.00000001,-0.00008837,-0.00011171,0.00002353
0.00000001,-0.00000013,0.00000001,-0.00008744,-0.00011597,0.00002389
0.00000001,-0.00000013,0.00000001,-0.00008655,-0.00012028,0.00002427
0.00000001,-0.00000013,0.00000001,-0.00008569,-0.00012466,0.00002466
0.00000001,-0.00000013,0.00000001,-0.00008487,-0.00012909,0.00002506
0.00000001,-0.00000012,0.00000001,-0.00008408,-0.00013359,0.00002547
0.00000001,-0.00000012,0.00000001,-0.00008333,-0.00013815,0.00002589
0.00000001,-0.00000012,0.00000001,-0.00008262,-0.00014277,0.00002633
0.00000001,-0.00000012,0.00000001,-0.00008194,-0.00014746,0.00002677
0.00000001,-0.00000011,0.00000001,-0.00008129,-0.00015221,0.00002723
0.00000001,-0.00000011,0.00000001,-0.00008068,-0.00015702,0.00002770
0.00000001,-0.00000011,0.00000001,-0.00008010,-0.00016191,0.00002818
0.00000001,-0.00000011,0.00000001,-0.00007956,-0.00016686,0.00002867
0.00000001,-0.00000010,0.00000001,-0.00007904,-0.00017187,0.00002918
0.00000001,-0.00000010,0.00000001,-0.00007856,-0.00017696,0.00002969
0.00000001,-0.00000010,0.00000001,-0.00007811,-0.00018212,0.00003022
0.00000001,-0.00000010,0.00000001,-0.00007769,-0.00018734,0.00003076
0.00000001,-0.00000010,0.00000001,-0.00007730,-0.00019264,0.00003131
0.00000001,-0.00000009,0.00000001,-0.00007695,-0.00019801,0.00003187
0.00000001,-0.00000009,0.00000001,-0.00007662,-0.00020345,0.00003245
0.00000001,-0.00000009,0.00000001,-0.00007632,-0.00020896,0.00003303
0.00000001,-0.00000009,0.00000001,-0.00007606,-0.00021454,0.00003363
0.00000001,-0.00000009,0.00000001,-0.00007582,-0.00022020,0.00003424
0.00000001,-0.00000009,0.00000001,-0.00007561,-0.00022594,0.00003487
0.00000001,-0.00000008,0.00000001,-0.00007543,-0.00023175,0.00003550
0.00000001,-0.00000008,0.00000001,-0.00007528,-0.00023764,0.00003615
0.00000001,-0.00000008,0.00000001,-0.00007515,-0.00024360,0.00003681
0.00000001,-0.00000008,0.00000001,-0.00007506,-0.00024964,0.00003748
0.00000001,-0.00000008,0.00000001,-0.00007499,-0.00025576,0.00003816
0.00000001,-0.00000008,0.00000001,-0.00007495,-0.00026196,0.00003886
0.00000001,-0.00000007,0.00000001,-0.00007494,-0.00026823,0.00003957
0.00000001,-0.00000007,0.00000001,-0.00007495,-0.00027459,0.00004029
0.00000001,-0.00000007,0.00000001,-0.00007499,-0.00028103,0.00004102
0.00000001,-0.00000007,0.00000001,-0.00007505,-0.00028754,0.00004176
0.00000001,-0.00000007,0.00000001,-0.00007515,-0.00029414,0.00004252
0.00000001,-0.00000007,0.00000001,-0.00007526,-0.00030082,0.00004329
0.00000001,-0.00000007,0.00000001,-0.00007541,-0.00030758,0.00004407
0.00000001,-0.00000006,0.00000001,-0.00007557,-0.00031443,0.00004487
0.00000001,-0.00000006,0.00000001,-0.00007577,-0.00032135,0.00004568
0.00000001,-0.00000006,0.00000001,-0.00007599,-0.00032836,0.00004650
0.00000000,-0.00000006,0.00000000,-0.00007623,-0.00033546,0.00004733
0.00000000,-0.00000006,0.00000000,-0.00007649,-0.00034264,0.00004817
0.00000000,-0.00000006,0.00000000,-0.00007679,-0.00034990,0.00004903
0.00000000,-0.00000006,0.00000000,-0.00007710,-0.00035725,0.00004990
0.00000000,-0.00000006,0.00000000,-0.00007744,-0.00036468,0.00005078
0.00000000,-0.00000005,0.00000000,-0.00007780,-0.00037220,0.00005168
0.00000000,-0.00000005,0.00000000,-0.00007819,-0.00037981,0.00005258
0.00000000,-0.00000005,0.00000000,-0.00007859,-0.00038750,0.00005351
0.00000000,-0.00000005,0.00000000,-0.00007903,-0.00039527,0.00005444
0.00000000,-0.00000005,0.00000000,-0.00007948,-0.00040314,0.00005538
0.00000000,-0.00000005,0.00000000,-0.00007996,-0.00041109,0.00005634
0.00000000,-0.00000005,0.00000000,-0.00008045,-0.00041913,0.00005731
0.00000000,-0.00000005,0.00000000,-0.00008097,-0.00042725,0.00005830
0.00000000,-0.00000005,0.00000000,-0.00008152,-0.00043546,0.00005929
0.00000000,-0.00000005,0.00000000,-0.00008208,-0.00044376,0.00006030
0.00000000,-0.00000004,0.00000000,-0.00008267,-0.00045215,0.00006132
0.00000000,-0.00000004,0.00000000,-0.00008327,-0.00046062,0.00006236
0.00000000,-0.00000004,0.00000000,-0.00008390,-0.00046918,0.00006340
0.00000000,-0.00000004,0.00000000,-0.00008455,-0.00047783,0.00006446
0.00000000,-0.00000004,0.00000000,-0.00008522,-0.00048656,0.00006553
0.00000000,-0.00000004,0.00000000,-0.00008591,-0.00049538,0.00006661
0.00000000,-0.00000004,0.00000000,-0.00008662,-0.00050429,0.00006771
0.00000000,-0.00000004,0.00000000,-0.00008735,-0.00051329,0.00006882
0.00000000,-0.00000004,0.00000000,-0.00008810,-0.00052237,0.00006994
0.00000000,-0.00000004,0.00000000,-0.00008887,-0.00053154,0.00007107
0.00000000,-0.00000004,0.00000000,-0.00008966,-0.00054079,0.00007222
0.00000000,-0.00000004,0.00000000,-0.00009046,-0.00055013,0.00007337
0.00000000,-0.00000004,0.00000000,-0.00009129,-0.00055956,0.00007454
0.00000000,-0.00000003,0.00000000,-0.00009214,-0.00056907,0.00007572
0.00000000,-0.00000003,0.00000000,-0.00009300,-0.00057866,0.00007692
0.00000000,-0.00000003,0.00000000,-0.00009389,-0.00058834,0.00007812
0.00000000,-0.00000003,0.00000000,-0.00009479,-0.00059811,0.00007934
0.00000000,-0.00000003,0.00000000,-0.00009571,-0.00060795,0.00008057
0.00000000,-0.00000003,0.00000000,-0.00009664,-0.00061788,0.00008181
0.00000000,-0.00000003,0.00000000,-0.00009760,-0.00062789,0.00008306
0.00000000,-0.00000003,0.00000000,-0.00009857,-0.00063798,0.00008432
0.00000000,-0.00000003,0.00000000,-0.00009956,-0.00064816,0.00008559
0.00000000,-0.00000003,0.00000000,-0.00010057,-0.00065841,0.00008688
0.00000000,-0.00000003,0.00000000,-0.00010159,-0.00066874,0.00008818
0.00000000,-0.00000003,0.00000000,-0.00010263,-0.00067915,0.00008948
0.00000000,-0.00000003,0.00000000,-0.00010368,-0.00068964,0.00009080
0.00000000,0.00000000,0.00000000,-0.00010475,-0.00070020,0.00009213
0.00000000,0.00000000,0.00000000,-0.00010584,-0.00071084,0.00009347
0.00000000,0.00000000,0.00000000,-0.00010694,-0.00072155,0.00009482
0.00000000,-0.00000003,0.00000000,-0.00010806,-0.00073234,0.00009618
0.00000000,-0.00000003,0.00000000,-0.00010919,-0.00074320,0.00009755
0.00000000,0.00000000,0.00000000,-0.00011034,-0.00075413,0.00009893
0.00000000,-0.00000003,0.00000000,-0.00011150,-0.00076513,0.00010032
0.00000000,0.00000000,0.00000000,-0.00011268,-0.00077619,0.00010172
0.00000000,-0.00000002,0.00000000,-0.00011387,-0.00078732,0.00010313
0.00000000,-0.00000002,0.00000000,-0.00011507,-0.00079852,0.00010455
0.00000000,-0.00000002,0.00000000,-0.00011629,-0.00080978,0.00010598
0.00000000,0.00000000,0.00000000,-0.00011752,-0.00082111,0.00010741
0.00000000,0.00000000,0.00000000,-0.00011876,-0.00083249,0.00010886
0.00000000,0.00000000,0.00000000,-0.00012002,-0.00084394,0.00011031
0.00000000,0.00000000,0.00000000,-0.00012128,-0.00085544,0.00011177
0.00000000,0.00000000,0.00000000,-0.00012256,-0.00086699,0.00011324
0.00000000,0.00000000,0.00000000,-0.00012385,-0.00087860,0.00011472
0.00000000,0.00000000,0.00000000,-0.00012515,-0.00089026,0.00011620
0.00000000,-0.00000002,0.00000000,-0.00012646,-0.00090197,0.00011769
0.00000000,-0.00000002,0.00000000,-0.00012779,-0.00091373,0.00011919
0.00000000,-0.00000002,0.00000000,-0.00012912,-0.00092553,0.00012069
0.00000000,0.00000000,0.00000000,-0.00013046,-0.00093738,0.00012220
0.00000000,0.00000000,0.00000000,-0.00013181,-0.00094927,0.00012372
0.00000000,0.00000000,0.00000000,-0.00013317,-0.00096119,0.00012524
0.00000000,-0.00000002,0.00000000,-0.00013454,-0.00097315,0.00012677
0.00000000,0.00000000,0.00000000,-0.00013592,-0.00098514,0.00012830
0.00000000,0.00000000,0.00000000,-0.00013730,-0.00099717,0.00012984
0.00000000,0.00000000,0.00000000,-0.00013869,-0.00100922,0.00013138
0.00000000,0.00000000,0.00000000,-0.00014009,-0.00102130,0.00013292
0.00000000,-0.00000002,0.00000000,-0.00014150,-0.00103340,0.00013447
0.00000000,0.00000000,0.00000000,-0.00014291,-0.00104552,0.00013602
0.00000000,-0.00000002,0.00000000,-0.00014433,-0.00105766,0.00013758
0.00000000,0.00000000,0.00000000,-0.00014575,-0.00106981,0.00013914
0.00000000,-0.00000002,0.00000000,-0.00014718,-0.00108197,0.00014070
0.00000000,0.00000000,0.00000000,-0.00014861,-0.00109414,0.00014226
0.00000000,0.00000000,0.00000000,-0.00015004,-0.00110631,0.00014382
0.00000000,0.00000000,0.00000000,-0.00015148,-0.00111849,0.00014538
0.00000000,0.00000000,0.00000000,-0.00015292,-0.00113066,0.00014695
0.00000000,0.00000000,0.00000000,-0.00015437,-0.00114283,0.00014851
0.00000000,0.00000000,0.00000000,-0.00015581,-0.00115498,0.00015007
0.00000000,0.00000000,0.00000000,-0.00015726,-0.00116713,0.00015163
0.00000000,0.00000000,0.00000000,-0.00015871,-0.00117926,0.00015320
0.00000000,0.00000000,0.00000000,-0.00016016,-0.00119136,0.00015475
0.00000000,-0.00000002,0.00000000,-0.00016161,-0.00120345,0.00015631
0.00000000,0.00000000,0.00000000,-0.00016305,-0.00121550,0.00015786
0.00000000,-0.00000002,0.00000000,-0.00016450,-0.00122753,0.00015941
0.00000000,0.00000000,0.00000000,-0.00016594,-0.00123952,0.00016096
0.00000000,0.00000000,0.00000000,-0.00016738,-0.00125147,0.00016250
0.00000000,0.00000000,0.00000000,-0.00016882,-0.00126337,0.00016404
0.00000000,0.00000000,0.00000000,-0.00017026,-0.00127523,0.00016557
0.00000000,0.00000000,0.00000000,-0.00017169,-0.00128704,0.00016709
0.00000000,0.00000000,0.00000000,-0.00017312,-0.00129879,0.00016861
0.00000000,0.00000000,0.00000000,-0.00017454,-0.00131047,0.00017012
0.00000000,-0.00000002,0.00000000,-0.00017595,-0.00132210,0.00017163
0.00000000,0.00000000,0.00000000,-0.00017736,-0.00133365,0.00017312
0.00000000,0.00000000,0.00000000,-0.00017876,-0.00134513,0.00017461
0.00000000,0.00000000,0.00000000,-0.00018016,-0.00135653,0.00017608
0.00000000,0.00000000,0.00000000,-0.00018154,-0.00136785,0.00017755
0.00000000,0.00000000,0.00000000,-0.00018292,-0.00137908,0.00017901
0.00000000,0.00000000,0.00000000,-0.00018428,-0.00139022,0.00018045
0.00000000,0.00000000,0.00000000,-0.00018564,-0.00140126,0.00018188
0.00000000,-0.00000002,0.00000000,-0.00018699,-0.00141219,0.00018330
0.00000000,0.00000000,0.00000000,-0.00018832,-0.00142302,0.00018471
0.00000000,0.00000000,0.00000000,-0.00018964,-0.00143374,0.00018611
0.00000000,0.00000000,0.00000000,-0.00019095,-0.00144435,0.00018749
0.00000000,-0.00000002,0.00000000,-0.00019224,-0.00145483,0.00018885
0.00000000,0.00000000,0.00000000,-0.00019353,-0.00146519,0.00019020
0.00000000,0.00000000,0.00000000,-0.00019479,-0.00147541,0.00019153
0.00000000,0.00000000,0.00000000,-0.00019604,-0.00148550,0.00019285
0.00000000,0.00000000,0.00000000,-0.00019728,-0.00149545,0.00019415
0.00000000,0.00000000,0.00000000,-0.00019849,-0.00150526,0.00019543
0.00000000,0.00000000,0.00000000,-0.00019969,-0.00151491,0.00019669
0.00000000,0.00000000,0.00000000,-0.00020088,-0.00152441,0.00019793
0.00000000,0.00000000,0.00000000,-0.00020204,-0.00153375,0.00019915
0.00000000,0.00000000,0.00000000,-0.00020318,-0.00154292,0.00020035
0.00000000,0.00000000,0.00000000,-0.00020431,-0.00155193,0.00020153
0.00000000,0.00000000,0.00000000,-0.00020541,-0.00156076,0.00020269
0.00000000,0.00000000,0.00000000,-0.00020649,-0.00156941,0.00020383
0.00000000,0.00000000,0.00000000,-0.00020755,-0.00157788,0.00020494
0.00000000,0.00000000,0.00000000,-0.00020859,-0.00158616,0.00020603
0.00000000,0.00000000,0.00000000,-0.00020960,-0.00159424,0.00020709
0.00000000,-0.00000002,0.00000000,-0.00021059,-0.00160213,0.00020813
0.00000000,0.00000000,0.00000000,-0.00021156,-0.00160981,0.00020915
0.00000000,0.00000000,0.00000000,-0.00021250,-0.00161729,0.00021014
0.00000000,0.00000000,0.00000000,-0.00021341,-0.00162456,0.00021110
0.00000000,0.00000000,0.00000000,-0.00021430,-0.00163161,0.00021203
0.00000000,0.00000000,0.00000000,-0.00021516,-0.00163844,0.00021294
0.00000000,0.00000000,0.00000000,-0.00021599,-0.00164505,0.00021382
0.00000000,0.00000000,0.00000000,-0.00021680,-0.00165143,0.00021467
0.00000000,0.00000000,0.00000000,-0.00021758,-0.00165757,0.00021548
0.00000000,0.00000000,0.00000000,-0.00021832,-0.00166348,0.00021627
0.00000000,-0.00000002,0.00000000,-0.00021904,-0.00166915,0.00021703
0.00000000,0.00000000,0.00000000,-0.00021973,-0.00167458,0.00021776
0.00000000,0.00000000,0.00000000,-0.00022039,-0.00167976,0.00021846
0.00000000,0.00000000,0.00000000,-0.00022101,-0.00168468,0.00021912
0.00000000,0.00000000,0.00000000,-0.00022161,-0.00168935,0.00021975
0.00000000,0.00000000,0.00000000,-0.00022217,-0.00169377,0.00022035
0.00000000,0.00000000,0.00000000,-0.00022270,-0.00169792,0.00022092
0.00000000,0.00000000,0.00000000,-0.00022320,-0.00170181,0.00022145
0.00000000,0.00000000,0.00000000,-0.00022366,-0.00170543,0.00022195
0.00000000,0.00000000,0.00000000,-0.00022409,-0.00170879,0.00022241
0.00000000,0.00000000,0.00000000,-0.00022448,-0.00171187,0.00022284
0.00000000,0.00000000,0.00000000,-0.00022484,-0.00171467,0.00022324
0.00000000,0.00000000,0.00000000,-0.00022517,-0.00171720,0.00022359
0.00000000,0.00000000,0.00000000,-0.00022546,-0.00171945,0.00022392
0.00000000,0.00000000,0.00000000,-0.00022572,-0.00172141,0.00022420
0.00000000,0.00000000,0.00000000,-0.00022593,-0.00172310,0.00022445
0.00000000,0.00000000,0.00000000,-0.00022612,-0.00172449,0.00022466
0.00000000,0.00000000,0.00000000,-0.00022627,-0.00172560,0.00022484
0.00000000,0.00000000,0.00000000,-0.00022638,-0.00172643,0.00022498
0.00000000,0.00000000,0.00000000,-0.00022645,-0.00172696,0.00022508
0.00000000,0.00000000,0.00000000,-0.00022649,-0.00172720,0.00022515
0.00000000,0.00000000,0.00000000,-0.00022649,-0.00172715,0.00022517
0.00000000,0.00000000,0.00000000,-0.00022645,-0.00172681,0.00022516
0.00000000,0.00000000,0.00000000,-0.00022637,-0.00172618,0.00022511
0.00000000,0.00000000,0.00000000,-0.00022626,-0.00172525,0.00022503
0.00000000,0.00000000,0.00000000,-0.00022611,-0.00172403,0.00022490
0.00000000,0.00000000,0.00000000,-0.00022593,-0.00172252,0.00022474
0.00000000,0.00000000,0.00000000,-0.00022570,-0.00172071,0.00022454
0.00000000,0.00000000,0.00000000,-0.00022544,-0.00171861,0.00022430
0.00000000,0.00000000,0.00000000,-0.00022514,-0.00171622,0.00022402
0.00000000,0.00000000,0.00000000,-0.00022481,-0.00171354,0.00022371
0.00000000,0.00000000,0.00000000,-0.00022443,-0.00171057,0.00022336
0.00000000,0.00000000,0.00000000,-0.00022402,-0.00170730,0.00022297
0.00000000,-0.00000002,0.00000000,-0.00022357,-0.00170375,0.00022254
0.00000000,0.00000000,0.00000000,-0.00022309,-0.00169991,0.00022208
0.00000000,0.00000000,0.00000000,-0.00022257,-0.00169579,0.00022158
0.00000000,0.00000000,0.00000000,-0.00022201,-0.00169138,0.00022104
0.00000000,-0.00000002,0.00000000,-0.00022141,-0.00168669,0.00022046
0.00000000,0.00000000,0.00000000,-0.00022078,-0.00168172,0.00021985
0.00000000,0.00000000,0.00000000,-0.00022012,-0.00167647,0.00021920
0.00000000,0.00000000,0.00000000,-0.00021941,-0.00167095,0.00021852
0.00000000,0.00000000,0.00000000,-0.00021867,-0.00166515,0.00021780
0.00000000,0.00000000,0.00000000,-0.00021790,-0.00165909,0.00021704
0.00000000,0.00000000,0.00000000,-0.00021709,-0.00165276,0.00021625
0.00000000,0.00000000,0.00000000,-0.00021625,-0.00164616,0.00021543
0.00000000,0.00000000,0.00000000,-0.00021538,-0.00163931,0.00021457
0.00000000,0.00000000,0.00000000,-0.00021447,-0.00163219,0.00021368
0.00000000,-0.00000002,0.00000000,-0.00021353,-0.00162483,0.00021275
0.00000000,0.00000000,0.00000000,-0.00021255,-0.00161721,0.00021179
0.00000000,0.00000000,0.00000000,-0.00021155,-0.00160935,0.00021080
0.00000000,0.00000000,0.00000000,-0.00021051,-0.00160125,0.00020978
0.00000000,0.00000000,0.00000000,-0.00020944,-0.00159291,0.00020872
0.00000000,0.00000000,0.00000000,-0.00020834,-0.00158433,0.00020763
0.00000000,0.00000000,0.00000000,-0.00020721,-0.00157552,0.00020652
0.00000000,0.00000000,0.00000000,-0.00020605,-0.00156649,0.00020537
0.00000000,-0.00000002,0.00000000,-0.00020486,-0.00155724,0.00020420
0.00000000,0.00000000,0.00000000,-0.00020364,-0.00154777,0.00020299
0.00000000,0.00000000,0.00000000,-0.00020239,-0.00153810,0.00020176
0.00000000,0.00000000,0.00000000,-0.00020112,-0.00152821,0.00020050
0.00000000,0.00000000,0.00000000,-0.00019982,-0.00151812,0.00019921
0.00000000,0.00000000,0.00000000,-0.00019850,-0.00150784,0.00019790
0.00000000,0.00000000,0.00000000,-0.00019715,-0.00149737,0.00019656
0.00000000,0.00000000,0.00000000,-0.00019577,-0.00148671,0.00019520
0.00000000,0.00000000,0.00000000,-0.00019437,-0.00147587,0.00019381
0.00000000,0.00000000,0.00000000,-0.00019295,-0.00146485,0.00019240
0.00000000,0.00000000,0.00000000,-0.00019150,-0.00145366,0.00019096
0.00000000,0.00000000,0.00000000,-0.00019004,-0.00144231,0.00018951
0.00000000,0.00000000,0.00000000,-0.00018855,-0.00143080,0.00018803
0.00000000,0.00000000,0.00000000,-0.00018704,-0.00141914,0.00018653
0.00000000,0.00000000,0.00000000,-0.00018551,-0.00140733,0.00018501
0.00000000,0.00000000,0.00000000,-0.00018396,-0.00139537,0.00018347
0.00000000,0.00000000,0.00000000,-0.00018239,-0.00138328,0.00018192
0.00000000,0.00000000,0.00000000,-0.00018081,-0.00137106,0.00018034
0.00000000,0.00000000,0.00000000,-0.00017921,-0.00135872,0.00017875
0.00000000,0.00000000,0.00000000,-0.00017759,-0.00134625,0.00017714
0.00000000,0.00000000,0.00000000,-0.00017596,-0.00133367,0.00017552
0.00000000,0.00000000,0.00000000,-0.00017431,-0.00132098,0.00017388
0.00000000,0.00000000,0.00000000,-0.00017265,-0.00130819,0.00017223
0.00000000,0.00000000,0.00000000,-0.00017098,-0.00129531,0.00017056
0.00000000,0.00000000,0.00000000,-0.00016929,-0.00128233,0.00016888
0.00000000,0.00000000,0.00000000,-0.00016759,-0.00126927,0.00016719
0.00000000,0.00000000,0.00000000,-0.00016588,-0.00125613,0.00016549
0.00000000,0.00000000,0.00000000,-0.00016416,-0.00124292,0.00016378
0.00000000,0.00000000,0.00000000,-0.00016243,-0.00122964,0.00016206
0.00000000,0.00000000,0.00000000,-0.00016069,-0.00121630,0.00016033
0.00000000,0.00000000,0.00000000,-0.00015895,-0.00120290,0.00015859
0.00000000,0.00000000,0.00000000,-0.00015719,-0.00118945,0.00015684
0.00000000,0.00000000,0.00000000,-0.00015543,-0.00117596,0.00015509
0.00000000,0.00000000,0.00000000,-0.00015367,-0.00116243,0.00015333
0.00000000,0.00000000,0.00000000,-0.00015190,-0.00114886,0.00015156
0.00000000,0.00000000,0.00000000,-0.00015012,-0.00113527,0.00014980
0.00000000,0.00000000,0.00000000,-0.00014834,-0.00112165,0.00014802
0.00000000,0.00000000,0.00000000,-0.00014656,-0.00110802,0.00014625
0.00000000,0.00000000,0.00000000,-0.00014478,-0.00109437,0.00014447
0.00000000,0.00000000,0.00000000,-0.00014299,-0.00108072,0.00014269
0.00000000,0.00000000,0.00000000,-0.00014121,-0.00106707,0.00014091
0.00000000,0.00000000,0.00000000,-0.00013942,-0.00105341,0.00013913
0.00000000,0.00000000,0.00000000,-0.00013763,-0.00103977,0.00013735
0.00000000,0.00000000,0.00000000,-0.00013585,-0.00102614,0.00013557
0.00000000,0.00000000,0.00000000,-0.00013407,-0.00101253,0.00013380
0.00000000,0.00000000,0.00000000,-0.00013229,-0.00099894,0.00013202
0.00000000,-0.00000002,0.00000000,-0.00013051,-0.00098539,0.00013025
0.00000000,0.00000000,0.00000000,-0.00012874,-0.00097186,0.00012848
0.00000000,0.00000000,0.00000000,-0.00012697,-0.00095837,0.00012672
0.00000000,0.00000000,0.00000000,-0.00012520,-0.00094492,0.00012496
0.00000000,0.00000000,0.00000000,-0.00012344,-0.00093152,0.00012320
0.00000000,0.00000000,0.00000000,-0.00012169,-0.00091817,0.00012145
0.00000000,0.00000000,0.00000000,-0.00011994,-0.00090487,0.00011971
0.00000000,0.00000000,0.00000000,-0.00011820,-0.00089163,0.00011798
0.00000000,0.00000000,0.00000000,-0.00011647,-0.00087846,0.00011625
0.00000000,0.00000000,0.00000000,-0.00011475,-0.00086535,0.00011453
0.00000000,-0.00000002,0.00000000,-0.00011304,-0.00085231,0.00011282
0.00000000,-0.00000002,0.00000000,-0.00011133,-0.00083935,0.00011112
0.00000000,0.00000000,0.00000000,-0.00010963,-0.00082646,0.00010943
0.00000000,0.00000000,0.00000000,-0.00010795,-0.00081366,0.00010775
0.00000000,0.00000000,0.00000000,-0.00010628,-0.00080094,0.00010608
0.00000000,0.00000000,0.00000000,-0.00010461,-0.00078831,0.00010442
0.00000000,0.00000000,0.00000000,-0.00010296,-0.00077577,0.00010277
0.00000000,-0.00000002,0.00000000,-0.00010132,-0.00076333,0.00010114
0.00000000,0.00000000,0.00000000,-0.00009969,-0.00075098,0.00009951
0.00000000,0.00000000,0.00000000,-0.00009808,-0.00073873,0.00009790
0.00000000,0.00000000,0.00000000,-0.00009648,-0.00072659,0.00009630
0.00000000,0.00000000,0.00000000,-0.00009489,-0.00071455,0.00009472
0.00000000,0.00000000,0.00000000,-0.00009332,-0.00070262,0.00009315
0.00000000,0.00000000,0.00000000,-0.00009176,-0.00069080,0.00009159
0.00000000,0.00000000,0.00000000,-0.00009021,-0.00067910,0.00009005
0.00000000,0.00000000,0.00000000,-0.00008868,-0.00066751,0.00008852
0.00000000,0.00000000,0.00000000,-0.00008717,-0.00065604,0.00008701
0.00000000,0.00000000,0.00000000,-0.00008567,-0.00064469,0.00008552
0.00000000,0.00000000,0.00000000,-0.00008418,-0.00063346,0.00008404
0.00000000,0.00000000,0.00000000,-0.00008272,-0.00062235,0.00008257
0.00000000,0.00000000,0.00000000,-0.00008126,-0.00061137,0.00008112
0.00000000,0.00000000,0.00000000,-0.00007983,-0.00060052,0.00007969
0.00000000,0.00000000,0.00000000,-0.00007841,-0.00058979,0.00007827
0.00000000,0.00000000,0.00000000,-0.00007701,-0.00057920,0.00007687
0.00000000,0.00000000,0.00000000,-0.00007562,-0.00056873,0.00007549
0.00000000,0.00000000,0.00000000,-0.00007426,-0.00055840,0.00007413
0.00000000,0.00000000,0.00000000,-0.00007291,-0.00054820,0.00007278
0.00000000,0.00000000,0.00000000,-0.00007157,-0.00053813,0.00007145
0.00000000,0.00000000,0.00000000,-0.00007026,-0.00052820,0.00007014
0.00000000,-0.00000002,0.00000000,-0.00006896,-0.00051840,0.00006884
0.00000000,0.00000000,0.00000000,-0.00006768,-0.00050874,0.00006756
0.00000000,0.00000000,0.00000000,-0.00006642,-0.00049922,0.00006630
0.00000000,0.00000000,0.00000000,-0.00006517,-0.00048983,0.00006506
0.00000000,0.00000000,0.00000000,-0.00006395,-0.00048059,0.00006384
0.00000000,-0.00000001,0.00000000,-0.00006310,-0.00047095,0.00006239
0.00000000,-0.00000001,0.00000000,-0.00006190,-0.00046198,0.00006120
0.00000000,-0.00000001,0.00000000,-0.00006072,-0.00045316,0.00006004
0.00000000,-0.00000001,0.00000000,-0.00005956,-0.00044447,0.00005889
0.00000000,0.00000000,0.00000000,-0.00005842,-0.00043592,0.00005776
0.00000000,-0.00000001,0.00000000,-0.00005729,-0.00042751,0.00005665
0.00000000,0.00000000,0.00000000,-0.00005619,-0.00041924,0.00005556
0.00000000,0.00000000,0.00000000,-0.00005510,-0.00041110,0.00005448
0.00000000,0.00000000,0.00000000,-0.00005403,-0.00040309,0.00005342
0.00000000,0.00000000,0.00000000,-0.00005298,-0.00039523,0.00005238
0.00000000,0.00000000,0.00000000,-0.00005194,-0.00038749,0.00005136
0.00000000,0.00000000,0.00000000,-0.00005093,-0.00037989,0.00005036
0.00000000,0.00000000,0.00000000,-0.00004993,-0.00037243,0.00004937
0.00000000,-0.00000001,0.00000000,-0.00004895,-0.00036509,0.00004840
0.00000000,-0.00000001,0.00000000,-0.00004798,-0.00035789,0.00004745
0.00000000,-0.00000001,0.00000000,-0.00004703,-0.00035082,0.00004651
0.00000000,0.00000000,0.00000000,-0.00004610,-0.00034387,0.00004559
0.00000000,0.00000000,0.00000000,-0.00004519,-0.00033706,0.00004469
0.00000000,-0.00000001,0.00000000,-0.00004430,-0.00033036,0.00004380
0.00000000,0.00000000,0.00000000,-0.00004342,-0.00032380,0.00004293
0.00000000,0.00000000,0.00000000,-0.00004256,-0.00031737,0.00004208
0.00000000,-0.00000001,0.00000000,-0.00004172,-0.00031107,0.00004124
0.00000000,0.00000000,0.00000000,-0.00004089,-0.00030489,0.00004042
0.00000000,0.00000000,0.00000000,-0.00004009,-0.00029884,0.00003960
0.00000000,0.00000000,0.00000000,-0.00003931,-0.00029290,0.00003881
0.00000000,0.00000000,0.00000000,-0.00003855,-0.00028708,0.00003802
0.00000000,0.00000000,0.00000000,-0.00003781,-0.00028138,0.00003725
0.00000000,-0.00000001,0.00000000,-0.00003709,-0.00027579,0.00003648
0.00000000,-0.00000001,0.00000000,-0.00003639,-0.00027031,0.00003573
0.00000000,0.00000000,0.00000000,-0.00003571,-0.00026494,0.00003499
0.00000000,0.00000000,0.00000000,-0.00003506,-0.00025967,0.00003426
0.00000000,-0.00000001,0.00000000,-0.00003442,-0.00025450,0.00003355
0.00000000,0.00000000,0.00000000,-0.00003380,-0.00024944,0.00003284
0.00000000,0.00000000,0.00000000,-0.00003319,-0.00024448,0.00003214
0.00000000,0.00000000,0.00000000,-0.00003261,-0.00023961,0.00003146
0.00000000,0.00000000,0.00000000,-0.00003204,-0.00023485,0.00003079
0.00000000,0.00000000,0.00000000,-0.00003148,-0.00023017,0.00003013
0.00000000,0.00000000,0.00000000,-0.00003095,-0.00022559,0.00002948
0.00000000,0.00000000,0.00000000,-0.00003042,-0.00022110,0.00002884
0.00000000,0.00000000,0.00000000,-0.00002991,-0.00021670,0.00002821
0.00000000,0.00000000,0.00000000,-0.00002941,-0.00021238,0.00002760
0.00000000,0.00000000,0.00000000,-0.00002892,-0.00020815,0.00002699
0.00000000,0.00000000,0.00000000,-0.00002844,-0.00020401,0.00002640
0.00000000,0.00000000,0.00000000,-0.00002798,-0.00019995,0.00002581
0.00000000,0.00000000,0.00000000,-0.00002755,-0.00019597,0.00002522
0.00000000,0.00000000,0.00000000,-0.00002716,-0.00019207,0.00002460
0.00000000,0.00000000,0.00000000,-0.00002682,-0.00018825,0.00002398
0.00000000,0.00000000,0.00000000,-0.00002654,-0.00018450,0.00002333
0.00000000,-0.00000001,0.00000000,-0.00002633,-0.00018083,0.00002267
0.00000000,0.00000000,0.00000000,-0.00002621,-0.00017724,0.00002200
0.00000000,0.00000000,0.00000000,-0.00002619,-0.00017371,0.00002134
0.00000000,-0.00000001,0.00000000,-0.00002628,-0.00017026,0.00002070
0.00000000,0.00000000,0.00000000,-0.00002650,-0.00016687,0.00002009
0.00000000,0.00000000,0.00000000,-0.00002687,-0.00016356,0.00001953
0.00000000,0.00000000,0.00000000,-0.00002741,-0.00016031,0.00001905
0.00000000,0.00000000,0.00000000,-0.00002813,-0.00015712,0.00001866
0.00000000,0.00000000,0.00000000,-0.00002906,-0.00015400,0.00001839
0.00000000,0.00000000,0.00000000,-0.00003022,-0.00015094,0.00001827
0.00000000,0.00000000,0.00000000,-0.00003162,-0.00014795,0.00001830
0.00000000,0.00000000,0.00000000,-0.00003329,-0.00014501,0.00001853
0.00000000,0.00000000,0.00000000,-0.00003525,-0.00014214,0.00001896
0.00000000,0.00000000,0.00000000,-0.00003753,-0.00013932,0.00001961
0.00000000,0.00000000,0.00000000,-0.00004014,-0.00013656,0.00002051
0.00000000,0.00000000,0.00000000,-0.00004310,-0.00013385,0.00002166
0.00000000,0.00000000,0.00000000,-0.00004644,-0.00013120,0.00002307
0.00000000,0.00000000,0.00000000,-0.00005019,-0.00012861,0.00002476
0.00000000,0.00000000,0.00000000,-0.00005434,-0.00012606,0.00002672
0.00000000,0.00000000,0.00000000,-0.00005894,-0.00012357,0.00002895
0.00000000,-0.00000001,0.00000000,-0.00006399,-0.00012113,0.00003145
0.00000000,0.00000000,0.00000000,-0.00006951,-0.00011875,0.00003421
0.00000000,0.00000000,0.00000000,-0.00007551,-0.00011641,0.00003722
0.00000000,0.00000000,0.00000000,-0.00008200,-0.00011411,0.00004046
0.00000000,0.00000000,0.00000000,-0.00008900,-0.00011187,0.00004391
0.00000000,0.00000000,0.00000000,-0.00009650,-0.00010967,0.00004755
0.00000000,0.00000000,0.00000000,-0.00010451,-0.00010752,0.00005137
0.00000000,0.00000000,0.00000000,-0.00011303,-0.00010542,0.00005532
0.00000000,0.00000000,0.00000000,-0.00012205,-0.00010336,0.00005940
0.00000000,0.00000000,0.00000000,-0.00013156,-0.00010134,0.00006356
0.00000000,0.00000000,0.00000000,-0.00014153,-0.00009936,0.00006779
0.00000000,0.00000000,0.00000000,-0.00015196,-0.00009743,0.00007205
0.00000000,0.00000000,0.00000000,-0.00016281,-0.00009554,0.00007632
0.00000000,0.00000000,0.00000000,-0.00017404,-0.00009369,0.00008058
0.00000000,-0.00000001,0.00000000,-0.00018563,-0.00009187,0.00008481
0.00000000,0.00000000,0.00000000,-0.00019751,-0.00009010,0.00008897
0.00000000,0.00000000,0.00000000,-0.00020965,-0.00008837,0.00009306
0.00000000,0.00000000,0.00000000,-0.00022199,-0.00008667,0.00009705
0.00000000,0.00000000,0.00000000,-0.00023447,-0.00008501,0.00010093
0.00000000,0.00000000,0.00000000,-0.00024702,-0.00008338,0.00010470
0.00000000,0.00000000,0.00000000,-0.00025958,-0.00008179,0.00010832
0.00000000,0.00000000,0.00000000,-0.00027209,-0.00008023,0.00011181
0.00000000,0.00000000,0.00000000,-0.00028447,-0.00007870,0.00011514
0.00000000,0.00000000,0.00000000,-0.00029666,-0.00007721,0.00011831
0.00000000,0.00000000,0.00000000,-0.00030858,-0.00007575,0.00012132
0.00000000,0.00000000,0.00000000,-0.00032018,-0.00007432,0.00012416
0.00000000,0.00000000,0.00000000,-0.00033139,-0.00007292,0.00012682
0.00000000,0.00000000,0.00000000,-0.00034214,-0.00007154,0.00012931
0.00000000,0.00000000,0.00000000,-0.00035239,-0.00007020,0.00013161
0.00000000,0.00000000,0.00000000,-0.00036208,-0.00006888,0.00013372
0.00000000,0.00000000,0.00000000,-0.00037116,-0.00006759,0.00013565
0.00000000,0.00000000,0.00000000,-0.00037960,-0.00006633,0.00013738
0.00000000,0.00000000,0.00000000,-0.00038735,-0.00006509,0.00013891
0.00000000,0.00000000,0.00000000,-0.00039440,-0.00006388,0.00014025
0.00000000,0.00000000,0.00000000,-0.00040072,-0.00006269,0.00014139
0.00000000,0.00000000,0.00000000,-0.00040628,-0.00006152,0.00014233
0.00000000,-0.00000001,0.00000000,-0.00041109,-0.00006038,0.00014307
0.00000000,0.00000000,0.00000000,-0.00041513,-0.00005926,0.00014361
0.00000000,0.00000000,0.00000000,-0.00041841,-0.00005816,0.00014396
0.00000000,0.00000000,0.00000000,-0.00042092,-0.00005708,0.00014410
0.00000000,0.00000000,0.00000000,-0.00042269,-0.00005602,0.00014405
0.00000000,0.00000000,0.00000000,-0.00042373,-0.00005499,0.00014381
0.00000000,0.00000000,0.00000000,-0.00042405,-0.00005397,0.00014339
0.00000000,0.00000000,0.00000000,-0.00042369,-0.00005297,0.00014278
0.00000000,0.00000000,0.00000000,-0.00042266,-0.00005200,0.00014200
0.00000000,0.00000000,0.00000000,-0.00042100,-0.00005104,0.00014106
0.00000000,0.00000000,0.00000000,-0.00041873,-0.00005010,0.00013997
0.00000000,0.00000000,0.00000000,-0.00041591,-0.00004917,0.00013873
0.00000000,0.00000000,0.00000000,-0.00041255,-0.00004827,0.00013735
0.00000000,0.00000000,0.00000000,-0.00040870,-0.00004738,0.00013585
0.00000000,0.00000000,0.00000000,-0.00040440,-0.00004651,0.00013424
0.00000000,0.00000000,0.00000000,-0.00039969,-0.00004566,0.00013253
0.00000000,0.00000000,0.00000000,-0.00039461,-0.00004482,0.00013074
0.00000000,0.00000000,0.00000000,-0.00038920,-0.00004400,0.00012888
0.00000000,0.00000000,0.00000000,-0.00038349,-0.00004319,0.00012696
0.00000000,0.00000000,0.00000000,-0.00037753,-0.00004240,0.00012499
0.00000000,0.00000000,0.00000000,-0.00037135,-0.00004163,0.00012300
0.00000000,0.00000000,0.00000000,-0.00036500,-0.00004087,0.00012098
0.00000000,0.00000000,0.00000000,-0.00035850,-0.00004012,0.00011897
0.00000000,0.00000000,0.00000000,-0.00035189,-0.00003939,0.00011695
0.00000000,0.00000000,0.00000000,-0.00034520,-0.00003868,0.00011496
0.00000000,0.00000000,0.00000000,-0.00033847,-0.00003797,0.00011299
0.00000000,0.00000000,0.00000000,-0.00033171,-0.00003728,0.00011106
0.00000000,0.00000000,0.00000000,-0.00032496,-0.00003661,0.00010917
0.00000000,0.00000000,0.00000000,-0.00030305,-0.00003828,0.00011989
0.00000000,0.00000000,0.00000000,-0.00028176,-0.00003993,0.00013069
0.00000000,0.00000000,0.00000000,-0.00027580,-0.00003920,0.00012844
0.00000001,-0.00001336,0.00000001,-0.00020834,-0.00003845,0.00018158
0.00000001,-0.00002223,0.00000001,-0.00016160,-0.00003773,0.00021647
0.00000001,-0.00002730,0.00000001,-0.00013252,-0.00003703,0.00023566
0.00000001,-0.00002926,0.00000001,-0.00011783,-0.00003635,0.00024197
0.00000001,-0.00002868,0.00000001,-0.00011498,-0.00003568,0.00023758
0.00000001,-0.00002810,0.00000001,-0.00011218,-0.00003503,0.00023329
0.00000001,-0.00002754,0.00000001,-0.00010943,-0.00003439,0.00022909
0.00000001,-0.00002699,0.00000001,-0.00010675,-0.00003377,0.00022498
0.00000001,-0.00002645,0.00000001,-0.00010412,-0.00003315,0.00022094
0.00000001,-0.00002592,0.00000001,-0.00010155,-0.00003255,0.00021698
0.00000001,-0.00002540,0.00000001,-0.00009904,-0.00003196,0.00021310
0.00000001,-0.00002490,0.00000001,-0.00009659,-0.00003138,0.00020929
0.00000001,-0.00002440,0.00000001,-0.00009418,-0.00003081,0.00020556
0.00000001,-0.00002391,0.00000001,-0.00009183,-0.00003026,0.00020190
0.00000001,-0.00002343,0.00000001,-0.00008954,-0.00002971,0.00019831
0.00000001,-0.00002296,0.00000001,-0.00008729,-0.00002917,0.00019480
0.00000001,-0.00002250,0.00000001,-0.00008510,-0.00002865,0.00019135
0.00000001,-0.00002205,0.00000001,-0.00008295,-0.00002814,0.00018796
0.00000001,-0.00002161,0.00000001,-0.00008085,-0.00002763,0.00018464
0.00000001,-0.00002118,0.00000001,-0.00007880,-0.00002714,0.00018139
0.00000001,-0.00002076,0.00000001,-0.00007679,-0.00002665,0.00017820
0.00000001,-0.00002034,0.00000001,-0.00007483,-0.00002617,0.00017507
0.00000001,-0.00001993,0.00000001,-0.00007291,-0.00002571,0.00017200
0.00000001,-0.00001954,0.00000001,-0.00007103,-0.00002525,0.00016899
0.00000001,-0.00001914,0.00000001,-0.00006920,-0.00002480,0.00016604
0.00000001,-0.00001876,0.00000001,-0.00006740,-0.00002436,0.00016315
0.00000001,-0.00001839,0.00000001,-0.00006565,-0.00002393,0.00016031
0.00000001,-0.00001802,0.00000001,-0.00006394,-0.00002351,0.00015753
0.00000001,-0.00001766,0.00000001,-0.00006226,-0.00002309,0.00015480
0.00000001,-0.00001731,0.00000001,-0.00006063,-0.00002268,0.00015213
0.00000001,-0.00001923,0.00000001,-0.00004858,-0.00002229,0.00016066
0.00000001,-0.00002133,0.00000001,-0.00003581,-0.00002190,0.00017012
0.00000001,-0.00002359,0.00000001,-0.00002234,-0.00002152,0.00018049
0.00000001,-0.00002602,0.00000001,-0.00000817,-0.00002115,0.00019179
0.00000000,-0.00002861,0.00000000,0.00000668,-0.00002078,0.00020401
0.00000000,-0.00003137,0.00000000,0.00002222,-0.00002042,0.00021714
0.00000000,-0.00003429,0.00000000,0.00003843,-0.00002007,0.00023120
0.00000000,-0.00003736,0.00000000,0.00005531,-0.00001973,0.00024617
0.00000000,-0.00004059,0.00000000,0.00007284,-0.00001939,0.00026207
0.00000000,-0.00003978,0.00000000,0.00007140,-0.00001901,0.00025684
0.00000000,-0.00003899,0.00000000,0.00006999,-0.00001864,0.00025172
0.00000000,-0.00003821,0.00000000,0.00006860,-0.00001827,0.00024670
0.00000000,-0.00003744,0.00000000,0.00006724,-0.00001791,0.00024179
0.00000000,-0.00003669,0.00000000,0.00006591,-0.00001756,0.00023697
0.00000000,-0.00003994,0.00000000,0.00008326,-0.00001727,0.00025308
0.00000000,-0.00003914,0.00000000,0.00008161,-0.00001693,0.00024804
0.00000000,-0.00003836,0.00000000,0.00007999,-0.00001660,0.00024309
0.00000000,-0.00003759,0.00000000,0.00007841,-0.00001627,0.00023825
0.00000000,-0.00003684,0.00000000,0.00007685,-0.00001595,0.00023350
0.00000000,-0.00003611,0.00000000,0.00007533,-0.00001564,0.00022884
0.00000000,-0.00003937,0.00000000,0.00009251,-0.00001539,0.00024515
0.00000000,-0.00003859,0.00000000,0.00009068,-0.00001509,0.00024027
0.00000000,-0.00003781,0.00000000,0.00008888,-0.00001479,0.00023548
0.00000000,-0.00003706,0.00000000,0.00008712,-0.00001450,0.00023079
0.00000000,-0.00003632,0.00000000,0.00008539,-0.00001422,0.00022619
0.00000000,-0.00003559,0.00000000,0.00008370,-0.00001394,0.00022168
0.00000000,-0.00003488,0.00000000,0.00008204,-0.00001367,0.00021726
-0.00000000,-0.00003814,-0.00000000,0.00009892,-0.00001346,0.00023360
-0.00000000,-0.00003737,-0.00000000,0.00009696,-0.00001319,0.00022895
-0.00000000,-0.00003663,-0.00000000,0.00009503,-0.00001294,0.00022438
-0.00000000,-0.00003589,-0.00000000,0.00009315,-0.00001268,0.00021991
-0.00000000,-0.00003518,-0.00000000,0.00009130,-0.00001244,0.00021553
-0.00000000,-0.00003447,-0.00000000,0.00008949,-0.00001220,0.00021123
-0.00000000,-0.00003774,-0.00000000,0.00010626,-0.00001201,0.00022774
-0.00000000,-0.00003699,-0.00000000,0.00010415,-0.00001178,0.00022320
-0.00000000,-0.00003625,-0.00000000,0.00010208,-0.00001155,0.00021875
-0.00000000,-0.00003552,-0.00000000,0.00010005,-0.00001132,0.00021439
-0.00000000,-0.00003481,-0.00000000,0.00009807,-0.00001110,0.00021012
-0.00000000,-0.00003412,-0.00000000,0.00009612,-0.00001089,0.00020593
-0.00000000,-0.00003740,-0.00000000,0.00011279,-0.00001073,0.00022258
-0.00000000,-0.00003666,-0.00000000,0.00011054,-0.00001052,0.00021814
-0.00000000,-0.00003592,-0.00000000,0.00010834,-0.00001031,0.00021378
-0.00000000,-0.00003520,-0.00000000,0.00010628,-0.00001011,0.00020964
-0.00000000,-0.00003450,-0.00000000,0.00010454,-0.00000996,0.00020588
-0.00000000,-0.00003381,-0.00000000,0.00010284,-0.00000982,0.00020221
-0.00000000,-0.00003313,-0.00000000,0.00010119,-0.00000967,0.00019865
-0.00000000,-0.00003247,-0.00000000,0.00009959,-0.00000953,0.00019519
-0.00000000,-0.00003182,-0.00000000,0.00009802,-0.00000939,0.00019185
-0.00000000,-0.00003119,-0.00000000,0.00009649,-0.00000925,0.00018863
-0.00000000,-0.00003056,-0.00000000,0.00009498,-0.00000912,0.00018554
-0.00000000,-0.00002995,-0.00000000,0.00009348,-0.00000899,0.00018259
-0.00000000,-0.00002935,-0.00000000,0.00009199,-0.00000886,0.00017978
-0.00000000,-0.00002876,-0.00000000,0.00009048,-0.00000873,0.00017713
-0.00000000,-0.00002819,-0.00000000,0.00008894,-0.00000861,0.00017465
-0.00000000,-0.00002763,-0.00000000,0.00008735,-0.00000848,0.00017235
-0.00000000,-0.00002707,-0.00000000,0.00008571,-0.00000836,0.00017023
-0.00000000,-0.00002653,-0.00000000,0.00008398,-0.00000825,0.00016831
-0.00000000,-0.00002600,-0.00000000,0.00008217,-0.00000813,0.00016660
-0.00000000,-0.00002548,-0.00000000,0.00008024,-0.00000802,0.00016511
-0.00000000,-0.00002497,-0.00000000,0.00007818,-0.00000790,0.00016385
-0.00000000,-0.00002447,-0.00000000,0.00007598,-0.00000779,0.00016283
-0.00000000,-0.00002398,-0.00000000,0.00007363,-0.00000769,0.00016205
-0.00000000,-0.00002350,-0.00000000,0.00007111,-0.00000758,0.00016153
-0.00000000,-0.00002303,-0.00000000,0.00006840,-0.00000747,0.00016127
-0.00000000,-0.00002257,-0.00000000,0.00006551,-0.00000737,0.00016127
-0.00000000,-0.00002212,-0.00000000,0.00006242,-0.00000727,0.00016154
-0.00000000,-0.00002168,-0.00000000,0.00005913,-0.00000717,0.00016208
-0.00000000,-0.00002124,-0.00000000,0.00005563,-0.00000707,0.00016290
-0.00000000,-0.00002082,-0.00000000,0.00005193,-0.00000698,0.00016399
-0.00000000,-0.00002040,-0.00000000,0.00004802,-0.00000688,0.00016536
-0.00000000,-0.00002000,-0.00000000,0.00004390,-0.00000679,0.00016700
-0.00000000,-0.00001960,-0.00000000,0.00003959,-0.00000670,0.00016890
-0.00000000,-0.00001920,-0.00000000,0.00003509,-0.00000660,0.00017107
-0.00000000,-0.00001882,-0.00000000,0.00003042,-0.00000651,0.00017350
-0.00000000,-0.00001844,-0.00000000,0.00002558,-0.00000643,0.00017617
-0.00000000,-0.00001807,-0.00000000,0.00002059,-0.00000634,0.00017907
-0.00000000,-0.00001771,-0.00000000,0.00001546,-0.00000625,0.00018221
-0.00000000,-0.00001736,-0.00000000,0.00001022,-0.00000617,0.00018556
-0.00000000,-0.00001701,-0.00000000,0.00000488,-0.00000608,0.00018912
-0.00000000,-0.00001667,-0.00000000,-0.00000053,-0.00000600,0.00019286
-0.00000000,-0.00001634,-0.00000000,-0.00000600,-0.00000592,0.00019677
-0.00000000,-0.00001601,-0.00000000,-0.00001149,-0.00000583,0.00020084
-0.00000000,-0.00001569,-0.00000000,-0.00001699,-0.00000575,0.00020505
-0.00000000,-0.00001538,-0.00000000,-0.00002248,-0.00000567,0.00020937
-0.00000000,-0.00001507,-0.00000000,-0.00002792,-0.00000559,0.00021380
-0.00000000,-0.00001477,-0.00000000,-0.00003330,-0.00000552,0.00021830
-0.00000000,-0.00001447,-0.00000000,-0.00003858,-0.00000544,0.00022286
-0.00000000,-0.00001418,-0.00000000,-0.00004376,-0.00000536,0.00022745
-0.00000000,-0.00001390,-0.00000000,-0.00004881,-0.00000529,0.00023205
-0.00000000,-0.00001362,-0.00000000,-0.00005370,-0.00000521,0.00023664
-0.00000000,-0.00001335,-0.00000000,-0.00005842,-0.00000514,0.00024120
-0.00000000,-0.00001308,-0.00000000,-0.00006295,-0.00000506,0.00024569
-0.00000000,-0.00001282,-0.00000000,-0.00006727,-0.00000499,0.00025010
-0.00000000,-0.00001256,-0.00000000,-0.00007137,-0.00000492,0.00025440
-0.00000000,-0.00001231,-0.00000000,-0.00007524,-0.00000485,0.00025857
-0.00000000,-0.00001207,-0.00000000,-0.00007886,-0.00000478,0.00026258
-0.00000000,-0.00001183,-0.00000000,-0.00008224,-0.00000471,0.00026641
-0.00000000,-0.00001159,-0.00000000,-0.00008535,-0.00000464,0.00027004
-0.00000000,-0.00001136,-0.00000000,-0.00008819,-0.00000457,0.00027344
-0.00000000,-0.00001113,-0.00000000,-0.00009077,-0.00000450,0.00027660
-0.00000000,-0.00001091,-0.00000000,-0.00009308,-0.00000444,0.00027949
-0.00000000,-0.00001069,-0.00000000,-0.00009511,-0.00000437,0.00028211
-0.00000000,-0.00001048,-0.00000000,-0.00009688,-0.00000431,0.00028442
-0.00000000,-0.00001027,-0.00000000,-0.00009838,-0.00000424,0.00028642
-0.00000000,-0.00001006,-0.00000000,-0.00009962,-0.00000418,0.00028810
-0.00000000,-0.00000986,-0.00000000,-0.00010060,-0.00000411,0.00028944
-0.00000000,-0.00000966,-0.00000000,-0.00010134,-0.00000405,0.00029044
-0.00000000,-0.00000947,-0.00000000,-0.00010184,-0.00000399,0.00029110
-0.00000000,-0.00000928,-0.00000000,-0.00010210,-0.00000393,0.00029140
-0.00000000,-0.00000909,-0.00000000,-0.00010215,-0.00000387,0.00029136
-0.00000000,-0.00000891,-0.00000000,-0.00010199,-0.00000381,0.00029096
-0.00000000,-0.00000873,-0.00000000,-0.00010163,-0.00000376,0.00029022
-0.00000000,-0.00000856,-0.00000000,-0.00010108,-0.00000370,0.00028915
-0.00000000,-0.00000839,-0.00000000,-0.00010037,-0.00000364,0.00028774
-0.00000000,-0.00000822,-0.00000000,-0.00009950,-0.00000359,0.00028602
-0.00000000,-0.00000806,-0.00000000,-0.00009849,-0.00000353,0.00028400
-0.00000000,-0.00000789,-0.00000000,-0.00009735,-0.00000348,0.00028169
-0.00000000,-0.00000774,-0.00000000,-0.00009610,-0.00000343,0.00027910
-0.00000000,-0.00000758,-0.00000000,-0.00009475,-0.00000338,0.00027626
-0.00000000,-0.00000743,-0.00000000,-0.00009331,-0.00000333,0.00027319
-0.00000000,-0.00000728,-0.00000000,-0.00009180,-0.00000328,0.00026990
-0.00000000,-0.00000714,-0.00000000,-0.00009024,-0.00000323,0.00026642
-0.00000000,-0.00000699,-0.00000000,-0.00008863,-0.00000318,0.00026277
-0.00000000,-0.00000685,-0.00000000,-0.00008699,-0.00000313,0.00025896
-0.00000000,-0.00000672,-0.00000000,-0.00008534,-0.00000309,0.00025503
-0.00000000,-0.00000658,-0.00000000,-0.00008368,-0.00000304,0.00025100
-0.00000000,-0.00000645,-0.00000000,-0.00008202,-0.00000300,0.00024687
-0.00000000,-0.00000632,-0.00000000,-0.00008038,-0.00000295,0.00024268
-0.00000000,-0.00000619,-0.00000000,-0.00007876,-0.00000291,0.00023845
-0.00000000,-0.00000607,-0.00000000,-0.00007717,-0.00000287,0.00023418
-0.00000000,-0.00000595,-0.00000000,-0.00007561,-0.00000283,0.00022991
-0.00000000,-0.00000583,-0.00000000,-0.00007409,-0.00000279,0.00022563
-0.00000000,-0.00000571,-0.00000000,-0.00007262,-0.00000275,0.00022137
-0.00000000,-0.00000560,-0.00000000,-0.00007119,-0.00000271,0.00021714
-0.00000000,-0.00000549,-0.00000000,-0.00006981,-0.00000267,0.00021295
-0.00000000,-0.00000538,-0.00000000,-0.00006847,-0.00000264,0.00020881
-0.00000000,-0.00000527,-0.00000000,-0.00006718,-0.00000260,0.00020472
-0.00000000,-0.00000517,-0.00000000,-0.00006592,-0.00000256,0.00020069
-0.00000000,-0.00000506,-0.00000000,-0.00006470,-0.00000253,0.00019673
