0.78539816,0.00000000,0.00000000,0.00000000,0.00000000,0.20000000,-1.60000000,0.00000000,0.00000000,0.00000000,0.00000000,0.00000000,0.00000000
0.78576733,-0.00018100,0.00036426,-0.01658748,0.00686594,0.24249441,-1.65266345,0.00138839,-0.00837912,0.01383832,-0.00239475,0.00785395,0.00000000
0.78601869,-0.00035365,0.00058759,-0.03303041,0.02286620,0.26482496,-1.69431691,0.00271999,-0.01555358,0.02252725,-0.00549451,0.01246817,0.00000000
0.78615574,-0.00050036,0.00069192,-0.04932659,0.04488339,0.27379022,-1.72864056,0.00399537,-0.02103025,0.02674737,-0.00874953,0.01446665,0.00000000
0.78618190,-0.00062692,0.00067574,-0.06547355,0.07180990,0.27163954,-1.75677315,0.00521323,-0.02501060,0.02648057,-0.01230589,0.01377586,0.00000000
0.78610179,-0.00075025,0.00052796,-0.08147045,0.10322079,0.25905709,-1.77897235,0.00637376,-0.02803629,0.02143412,-0.01663016,0.01002799,0.00000000
0.78592263,-0.00090109,0.00022694,-0.09731909,0.13907274,0.23579240,-1.79494244,0.00747685,-0.03108056,0.01102254,-0.02257874,0.00252071,0.00000000
0.78565678,-0.00113563,-0.00026780,-0.11302659,0.17959836,0.20079050,-1.80385918,0.00852248,-0.03591454,-0.00585949,-0.03172229,-0.01005174,0.00000000
0.78532821,-0.00156666,-0.00103856,-0.12861182,0.22514842,0.15226540,-1.80428545,0.00951073,-0.04608679,-0.03146913,-0.04722082,-0.03033510,0.00000000
0.78499030,-0.00244792,-0.00227105,-0.14412320,0.27522932,0.08904843,-1.79455718,0.01044172,-0.06957678,-0.07090897,-0.07618842,-0.06429733,0.00000000
0.78476380,-0.00432708,-0.00435916,-0.15967665,0.32286119,0.02144388,-1.77799694,0.01131568,-0.12365649,-0.13494312,-0.13393980,-0.12465981,0.00000000
0.78473826,-0.00739775,-0.00738285,-0.17535702,0.34570196,-0.00383679,-1.77897233,0.01213290,-0.21481422,-0.22523326,-0.22551156,-0.21453592,0.00000000
0.78477806,-0.01070443,-0.01055999,-0.19102416,0.35450172,-0.00116623,-1.79385905,0.01289372,-0.31352556,-0.31956642,-0.32357784,-0.30951414,0.00000000
0.78487128,-0.01414104,-0.01380014,-0.20666174,0.36411310,-0.00149196,-1.80656050,0.01359856,-0.41654368,-0.41533816,-0.42508479,-0.40679705,0.00000000
0.78502121,-0.01769557,-0.01708755,-0.22226877,0.37301040,-0.00142417,-1.81893909,0.01424793,-0.52354336,-0.51204674,-0.52965393,-0.50593617,0.00000000
0.78523101,-0.02135905,-0.02040976,-0.23784423,0.38144060,-0.00141301,-1.83079002,0.01484235,-0.63428944,-0.60928781,-0.63699904,-0.60657821,0.00000000
0.78550333,-0.02512319,-0.02375562,-0.25338676,0.38940783,-0.00139714,-1.84217716,0.01538243,-0.74856303,-0.70669988,-0.74685817,-0.70840474,0.00000000
0.78584041,-0.02898033,-0.02711516,-0.26889469,0.39694402,-0.00138413,-1.85312333,0.01586884,-0.86616088,-0.80395976,-0.85899183,-0.81112880,0.00000000
0.78624409,-0.03292331,-0.03047944,-0.28436609,0.40407348,-0.00137253,-1.86365277,0.01630226,-0.98689133,-0.90077669,-0.97317842,-0.91448960,0.00000000
0.78671587,-0.03694537,-0.03384038,-0.29979878,0.41081829,-0.00136219,-1.87378624,0.01668348,-1.11057179,-0.99688810,-1.08921111,-1.01824878,0.00000000
0.78725691,-0.04104007,-0.03719064,-0.31519040,0.41719808,-0.00135286,-1.88354222,0.01701328,-1.23702670,-1.09205623,-1.20689549,-1.12218743,0.00000000
0.78786806,-0.04520128,-0.04052358,-0.33053836,0.42323053,-0.00134437,-1.89293718,0.01729251,-1.36608604,-1.18606536,-1.32604766,-1.22610373,0.00000000
0.78854991,-0.04942308,-0.04383311,-0.34583993,0.42893165,-0.00133658,-1.90198596,0.01752205,-1.49758418,-1.27871962,-1.44649276,-1.32981104,0.00000000
0.78930274,-0.05369975,-0.04711372,-0.36109222,0.43431598,-0.00132938,-1.91070196,0.01770284,-1.63135903,-1.36984114,-1.56806379,-1.43313637,0.00000000
0.79012661,-0.05802578,-0.05036036,-0.37629216,0.43939683,-0.00132266,-1.91909735,0.01783582,-1.76725130,-1.45926856,-1.69060074,-1.53591913,0.00000000
0.79102132,-0.06239581,-0.05356843,-0.39143661,0.44418643,-0.00131637,-1.92718328,0.01792199,-1.90510410,-1.54685572,-1.81394978,-1.63801004,0.00000000
0.79198646,-0.06680460,-0.05673375,-0.40652225,0.44869607,-0.00131042,-1.93496999,0.01796236,-2.04476250,-1.63247056,-1.93796276,-1.73927030,0.00000000
0.79302140,-0.07124709,-0.05985250,-0.42154571,0.45293621,-0.00130479,-1.94246693,0.01795798,-2.18607332,-1.71599424,-2.06249670,-1.83957086,0.00000000
0.79412530,-0.07571833,-0.06292122,-0.43650347,0.45691660,-0.00129942,-1.94968288,0.01790991,-2.32888492,-1.79732024,-2.18741342,-1.93879174,0.00000000
0.79529716,-0.08021348,-0.06593678,-0.45139196,0.46064632,-0.00129429,-1.95662600,0.01781925,-2.47304716,-1.87635369,-2.31257928,-2.03682157,0.00000000
0.79653576,-0.08472783,-0.06889634,-0.46620751,0.46413389,-0.00128935,-1.96330394,0.01768709,-2.61841128,-1.95301075,-2.43786495,-2.13355708,0.00000000
0.79783976,-0.08925680,-0.07179737,-0.48094641,0.46738730,-0.00128460,-1.96972387,0.01751458,-2.76482994,-2.02721794,-2.56314519,-2.22890270,0.00000000
0.79920761,-0.09379590,-0.07463759,-0.49560485,0.47041411,-0.00128002,-1.97589255,0.01730283,-2.91215724,-2.09891170,-2.68829876,-2.32277018,0.00000000
0.80063767,-0.09834076,-0.07741499,-0.51017900,0.47322142,-0.00127558,-1.98181638,0.01705302,-3.06024875,-2.16803788,-2.81320830,-2.41507833,0.00000000
0.80212812,-0.10288713,-0.08012778,-0.52466497,0.47581598,-0.00127127,-1.98750140,0.01676629,-3.20896167,-2.23455125,-2.93776026,-2.50575266,0.00000000
0.80367703,-0.10743087,-0.08277442,-0.53905886,0.47820420,-0.00126710,-1.99295340,0.01644381,-3.35815481,-2.29841512,-3.06184478,-2.59472515,0.00000000
0.80528235,-0.11196794,-0.08535356,-0.55335670,0.48039216,-0.00126304,-1.99817785,0.01608677,-3.50768883,-2.35960091,-3.18535576,-2.68193399,0.00000000
0.80694191,-0.11649443,-0.08786408,-0.56755455,0.48238564,-0.00125910,-2.00318003,0.01569633,-3.65742625,-2.41808779,-3.30819070,-2.76732333,0.00000000
0.80865347,-0.12100654,-0.09030503,-0.58164844,0.48419019,-0.00125526,-2.00796497,0.01527368,-3.80723163,-2.47386227,-3.43025080,-2.85084311,0.00000000
0.81041468,-0.12550058,-0.09267565,-0.59563438,0.48581110,-0.00125154,-2.01253752,0.01481999,-3.95697173,-2.52691789,-3.55144083,-2.93244879,0.00000000
0.81222310,-0.12997298,-0.09497535,-0.60950842,0.48725341,-0.00124792,-2.01690232,0.01433646,-4.10651556,-2.57725485,-3.67166921,-3.01210119,0.00000000
0.81407623,-0.13442027,-0.09720371,-0.62326660,0.48852197,-0.00124441,-2.02106388,0.01382425,-4.25573458,-2.62487967,-3.79084796,-3.08976629,0.00000000
0.81597152,-0.13883912,-0.09936044,-0.63690497,0.48962145,-0.00124101,-2.02502653,0.01328453,-4.40450281,-2.66980488,-3.90889268,-3.16541501,0.00000000
0.81790632,-0.14322631,-0.10144542,-0.65041965,0.49055630,-0.00123771,-2.02879447,0.01271848,-4.55269696,-2.71204867,-4.02572258,-3.23902305,0.00000000
0.81987799,-0.14757873,-0.10345865,-0.66380675,0.49133081,-0.00123454,-2.03237177,0.01212725,-4.70019653,-2.75163460,-4.14126042,-3.31057071,0.00000000
0.82188380,-0.15189338,-0.10540028,-0.67706244,0.49194912,-0.00123148,-2.03576236,0.01151198,-4.84688398,-2.78859127,-4.25543257,-3.38004267,0.00000000
0.82392102,-0.15616741,-0.10727055,-0.69018295,0.49241521,-0.00122854,-2.03897009,0.01087383,-4.99264477,-2.82295202,-4.36816892,-3.44742787,0.00000000
0.82598689,-0.16039804,-0.10906983,-0.70316454,0.49273289,-0.00122573,-2.04199868,0.01021391,-5.13736754,-2.85475463,-4.47940291,-3.51271927,0.00000000
0.82807862,-0.16458266,-0.11079861,-0.71600356,0.49290587,-0.00122306,-2.04485174,0.00953334,-5.28094414,-2.88404103,-4.58907148,-3.57591370,0.00000000
0.83019342,-0.16871873,-0.11245745,-0.72869639,0.49293770,-0.00122053,-2.04753281,0.00883324,-5.42326977,-2.91085700,-4.69711508,-3.63701168,0.00000000
0.83232850,-0.17280385,-0.11404702,-0.74123952,0.49283181,-0.00121816,-2.05004532,0.00811468,-5.56424303,-2.93525186,-4.80347762,-3.69601727,0.00000000
0.83448106,-0.17683574,-0.11556807,-0.75362950,0.49259153,-0.00121594,-2.05239263,0.00737875,-5.70376599,-2.95727825,-4.90810641,-3.75293783,0.00000000
0.83664833,-0.18081221,-0.11702144,-0.76586296,0.49222006,-0.00121390,-2.05457800,0.00662650,-5.84174428,-2.97699181,-5.01095216,-3.80778392,0.00000000
0.83882753,-0.18473120,-0.11840803,-0.77793663,0.49172047,-0.00121203,-2.05660464,0.00585898,-5.97808711,-2.99445089,-5.11196893,-3.86056908,0.00000000
0.84101593,-0.18859076,-0.11972882,-0.78984732,0.49109577,-0.00121036,-2.05847566,0.00507720,-6.11270736,-3.00971635,-5.21111405,-3.91130966,0.00000000
0.84321081,-0.19238905,-0.12098484,-0.80159195,0.49034883,-0.00120889,-2.06019410,0.00428219,-6.24552155,-3.02285124,-5.30834812,-3.96002467,0.00000000
0.84540948,-0.19612434,-0.12217718,-0.81316754,0.48948244,-0.00120765,-2.06176294,0.00347493,-6.37644993,-3.03392059,-5.40363489,-4.00673562,0.00000000
0.84760929,-0.19979499,-0.12330700,-0.82457122,0.48849929,-0.00120663,-2.06318509,0.00265638,-6.50541644,-3.04299114,-5.49694127,-4.05146632,0.00000000
0.84980765,-0.20339949,-0.12437547,-0.83580020,0.48740198,-0.00120586,-2.06446339,0.00182751,-6.63234879,-3.05013114,-5.58823718,-4.09424275,0.00000000
0.85200197,-0.20693641,-0.12538384,-0.84685184,0.48619302,-0.00120536,-2.06560062,0.00098924,-6.75717837,-3.05541004,-5.67749556,-4.13509285,0.00000000
0.85418977,-0.21040445,-0.12633338,-0.85772361,0.48487485,-0.00120514,-2.06659950,0.00014249,-6.87984033,-3.05889838,-5.76469226,-4.17404645,0.00000000
0.85636856,-0.21380237,-0.12722538,-0.86841306,0.48344981,-0.00120522,-2.06746269,-0.00071184,-7.00027351,-3.06066748,-5.84980596,-4.21113503,0.00000000
0.85853597,-0.21712905,-0.12806118,-0.87891791,0.48192016,-0.00120562,-2.06819277,-0.00157290,-7.11842041,-3.06078928,-5.93281810,-4.24639159,0.00000000
0.86068964,-0.22038346,-0.12884213,-0.88923598,0.48028810,-0.00120637,-2.06879230,-0.00243982,-7.23422721,-3.05933613,-6.01371280,-4.27985054,0.00000000
0.86282729,-0.22356467,-0.12956961,-0.89936521,0.47855574,-0.00120748,-2.06926375,-0.00331177,-7.34764369,-3.05638062,-6.09247678,-4.31154752,0.00000000
0.86494672,-0.22667183,-0.13024501,-0.90930367,0.47672511,-0.00120899,-2.06960954,-0.00418794,-7.45862318,-3.05199535,-6.16909927,-4.34151927,0.00000000
0.86704577,-0.22970417,-0.13086973,-0.91904956,0.47479820,-0.00121091,-2.06983206,-0.00506755,-7.56712256,-3.04625283,-6.24357190,-4.36980349,0.00000000
0.86912237,-0.23266101,-0.13144520,-0.92860121,0.47277690,-0.00121328,-2.06993362,-0.00594982,-7.67310215,-3.03922524,-6.31588868,-4.39643871,0.00000000
0.87117452,-0.23554177,-0.13197282,-0.93795707,0.47066306,-0.00121614,-2.06991647,-0.00683401,-7.77652566,-3.03098434,-6.38604582,-4.42146418,0.00000000
0.87320028,-0.23834591,-0.13245402,-0.94711572,0.46845843,-0.00121950,-2.06978284,-0.00771938,-7.87736016,-3.02160128,-6.45404171,-4.44491972,0.00000000
0.87519779,-0.24107301,-0.13289024,-0.95607587,0.46616474,-0.00122341,-2.06953488,-0.00860523,-7.97557596,-3.01114649,-6.51987680,-4.46684565,0.00000000
0.87716527,-0.24372269,-0.13328288,-0.96483637,0.46378363,-0.00122792,-2.06917470,-0.00949088,-8.07114657,-2.99968953,-6.58355351,-4.48728259,0.00000000
0.87910101,-0.24629466,-0.13363337,-0.97339618,0.46131668,-0.00123305,-2.06870435,-0.01037565,-8.16404863,-2.98729900,-6.64507615,-4.50627148,0.00000000
0.88100338,-0.24878869,-0.13394311,-0.98175440,0.45876543,-0.00123886,-2.06812584,-0.01125890,-8.25426178,-2.97404239,-6.70445083,-4.52385334,0.00000000
0.88287083,-0.25120463,-0.13421350,-0.98991026,0.45613136,-0.00124540,-2.06744112,-0.01214001,-8.34176862,-2.95998602,-6.76168535,-4.54006930,0.00000000
0.88470188,-0.25354238,-0.13444594,-0.99786311,0.45341589,-0.00125273,-2.06665210,-0.01301836,-8.42655464,-2.94519491,-6.81678915,-4.55496040,0.00000000
0.88649512,-0.25580192,-0.13464180,-1.00561242,0.45062038,-0.00126089,-2.06576063,-0.01389337,-8.50860807,-2.92973271,-6.86977318,-4.56856760,0.00000000
0.88824923,-0.25798325,-0.13480243,-1.01315779,0.44774616,-0.00126996,-2.06476853,-0.01476448,-8.58791985,-2.91366162,-6.92064986,-4.58093161,0.00000000
0.88996297,-0.26008648,-0.13492918,-1.02049894,0.44479449,-0.00128002,-2.06367754,-0.01563112,-8.66448354,-2.89704232,-6.96943296,-4.59209290,0.00000000
0.89163516,-0.26211173,-0.13502338,-1.02763572,0.44176659,-0.00129113,-2.06248937,-0.01649278,-8.73829517,-2.87993392,-7.01613752,-4.60209156,0.00000000
0.89326470,-0.26405920,-0.13508631,-1.03456809,0.43866364,-0.00130338,-2.06120568,-0.01734894,-8.80935322,-2.86239386,-7.06077983,-4.61096725,0.00000000
0.89485058,-0.26592913,-0.13511927,-1.04129613,0.43548677,-0.00131687,-2.05982808,-0.01819910,-8.87765850,-2.84447792,-7.10337724,-4.61875918,0.00000000
0.89639184,-0.26772181,-0.13512351,-1.04782003,0.43223707,-0.00133171,-2.05835813,-0.01904278,-8.94321407,-2.82624014,-7.14394821,-4.62550600,0.00000000
0.89788760,-0.26943757,-0.13510028,-1.05414009,0.42891557,-0.00134801,-2.05679733,-0.01987954,-9.00602512,-2.80773279,-7.18251213,-4.63124578,0.00000000
0.89933707,-0.27107679,-0.13505077,-1.06025674,0.42552329,-0.00136590,-2.05514714,-0.02070892,-9.06609895,-2.78900635,-7.21908935,-4.63601595,0.00000000
0.90073950,-0.27263990,-0.13497618,-1.06617050,0.42206119,-0.00138552,-2.05340896,-0.02153050,-9.12344479,-2.77010948,-7.25370100,-4.63985328,0.00000000
0.90209424,-0.27412735,-0.13487766,-1.07188200,0.41853020,-0.00140705,-2.05158415,-0.02234387,-9.17807383,-2.75108901,-7.28636904,-4.64279380,0.00000000
0.90340068,-0.27553965,-0.13475634,-1.07739198,0.41493122,-0.00143065,-2.04967401,-0.02314864,-9.22999901,-2.73198991,-7.31711611,-4.64487280,0.00000000
0.90465830,-0.27687733,-0.13461334,-1.08270126,0.41126511,-0.00145653,-2.04767977,-0.02394442,-9.27923505,-2.71285528,-7.34596553,-4.64612481,0.00000000
0.90586662,-0.27814096,-0.13444972,-1.08781079,0.40753270,-0.00148492,-2.04560263,-0.02473086,-9.32579832,-2.69372639,-7.37294119,-4.64658352,0.00000000
0.90702526,-0.27933114,-0.13426654,-1.09272160,0.40373480,-0.00151608,-2.04344371,-0.02550760,-9.36970675,-2.67464264,-7.39806757,-4.64628182,0.00000000
0.90813386,-0.28044852,-0.13406482,-1.09743480,0.39987219,-0.00155031,-2.04120407,-0.02627431,-9.41097980,-2.65564155,-7.42136960,-4.64525175,0.00000000
0.90919215,-0.28149375,-0.13384555,-1.10195162,0.39594562,-0.00158794,-2.03888472,-0.02703067,-9.44963834,-2.63675884,-7.44287269,-4.64352448,0.00000000
0.91019991,-0.28246753,-0.13360970,-1.10627335,0.39195583,-0.00162934,-2.03648657,-0.02777637,-9.48570463,-2.61802835,-7.46260266,-4.64113032,0.00000000
0.91115698,-0.28337059,-0.13335820,-1.11040137,0.38790354,-0.00167497,-2.03401049,-0.02851112,-9.51920222,-2.59948213,-7.48058566,-4.63809869,0.00000000
0.91206325,-0.28420367,-0.13309195,-1.11433717,0.38378947,-0.00172533,-2.03145725,-0.02923464,-9.55015590,-2.58115043,-7.49684821,-4.63445813,0.00000000
0.91291867,-0.28496755,-0.13281183,-1.11808229,0.37961431,-0.00178099,-2.02882754,-0.02994665,-9.57859167,-2.56306172,-7.51141710,-4.63023629,0.00000000
0.91372325,-0.28566302,-0.13251870,-1.12163836,0.37537877,-0.00184264,-2.02612194,-0.03064691,-9.60453662,-2.54524270,-7.52431939,-4.62545993,0.00000000
0.91447704,-0.28629090,-0.13221337,-1.12500707,0.37108358,-0.00191106,-2.02334093,-0.03133516,-9.62801894,-2.52771836,-7.53558236,-4.62015493,0.00000000
0.91518015,-0.28685205,-0.13189664,-1.12819021,0.36672945,-0.00198717,-2.02048489,-0.03201117,-9.64906784,-2.51051197,-7.54523354,-4.61434627,0.00000000
0.91583273,-0.28734732,-0.13156926,-1.13118962,0.36231716,-0.00207205,-2.01755404,-0.03267472,-9.66771355,-2.49364512,-7.55330060,-4.60805807,0.00000000
0.91643498,-0.28777759,-0.13123199,-1.13400722,0.35784752,-0.00216699,-2.01454844,-0.03332559,-9.68398721,-2.47713778,-7.55981141,-4.60131359,0.00000000
0.91698716,-0.28814379,-0.13088553,-1.13664498,0.35332139,-0.00227350,-2.01146799,-0.03396360,-9.69792091,-2.46100827,-7.56479398,-4.59413520,0.00000000
0.91748956,-0.28844682,-0.13053056,-1.13910494,0.34873973,-0.00239337,-2.00831236,-0.03458853,-9.70954762,-2.44527333,-7.56827650,-4.58654446,0.00000000
0.91794253,-0.28868764,-0.13016774,-1.14138922,0.34410360,-0.00252878,-2.00508100,-0.03520021,-9.71890119,-2.42994815,-7.57028725,-4.57856208,0.00000000
0.91834644,-0.28886722,-0.12979770,-1.14349997,0.33941424,-0.00268232,-2.00177302,-0.03579847,-9.72601632,-2.41504636,-7.57085470,-4.57020798,0.00000000
0.91870174,-0.28898654,-0.12942104,-1.14543942,0.33467305,-0.00285714,-1.99838720,-0.03638315,-9.73092856,-2.40058011,-7.57000743,-4.56150124,0.00000000
0.91900889,-0.28904660,-0.12903834,-1.14720985,0.32988170,-0.00305708,-1.99492188,-0.03695408,-9.73367433,-2.38656005,-7.56777419,-4.55246020,0.00000000
0.91926840,-0.28904844,-0.12865017,-1.14881359,0.32504220,-0.00328685,-1.99137486,-0.03751112,-9.73429091,-2.37299538,-7.56418388,-4.54310241,0.00000000
0.91948085,-0.28899310,-0.12825704,-1.15025303,0.32015698,-0.00355222,-1.98774327,-0.03805414,-9.73281649,-2.35989383,-7.55926563,-4.53344469,0.00000000
0.91964682,-0.28888165,-0.12785946,-1.15153063,0.31522905,-0.00386039,-1.98402340,-0.03858300,-9.72929019,-2.34726171,-7.55304875,-4.52350315,0.00000000
0.91976698,-0.28871520,-0.12745792,-1.15264888,0.31026214,-0.00422032,-1.98021049,-0.03909758,-9.72375218,-2.33510387,-7.54556289,-4.51329316,0.00000000
0.91984202,-0.28849488,-0.12705286,-1.15361033,0.30526094,-0.00464328,-1.97629845,-0.03959776,-9.71624376,-2.32342372,-7.53683801,-4.50282946,0.00000000
0.91987270,-0.28822183,-0.12664472,-1.15441762,0.30023141,-0.00514353,-1.97227941,-0.04008344,-9.70680751,-2.31222314,-7.52690457,-4.49212609,0.00000000
0.91985981,-0.28789728,-0.12623391,-1.15507341,0.29518116,-0.00573923,-1.96814329,-0.04055451,-9.69548759,-2.30150245,-7.51579359,-4.48119646,0.00000000
0.91980423,-0.28752246,-0.12582081,-1.15558046,0.29012000,-0.00645367,-1.96387703,-0.04101089,-9.68233005,-2.29126026,-7.50353694,-4.47005338,0.00000000
0.91970693,-0.28709871,-0.12540577,-1.15594162,0.28506063,-0.00731696,-1.95946366,-0.04145247,-9.66738341,-2.28149324,-7.49016764,-4.45870901,0.00000000
0.91956896,-0.28662742,-0.12498910,-1.15615984,0.28001961,-0.00836823,-1.95488104,-0.04187919,-9.65069950,-2.27219579,-7.47572033,-4.44717496,0.00000000
0.91939152,-0.28611014,-0.12457110,-1.15623820,0.27501862,-0.00965868,-1.95010006,-0.04229096,-9.63233486,-2.26335942,-7.46023206,-4.43546221,0.00000000
0.91917601,-0.28554858,-0.12415200,-1.15618001,0.27008607,-0.01125561,-1.94508225,-0.04268772,-9.61235288,-2.25497181,-7.44374356,-4.42358113,0.00000000
0.91892413,-0.28494475,-0.12373198,-1.15598885,0.26525929,-0.01324781,-1.93977654,-0.04306941,-9.59082747,-2.24701520,-7.42630123,-4.41154144,0.00000000
0.91863803,-0.28430110,-0.12331112,-1.15566877,0.26058699,-0.01575236,-1.93411495,-0.04343596,-9.56784895,-2.23946367,-7.40796052,-4.39935209,0.00000000
0.91832059,-0.28362078,-0.12288937,-1.15522455,0.25613207,-0.01892282,-1.92800720,-0.04378732,-9.54353405,-2.23227865,-7.38879155,-4.38702115,0.00000000
0.91797584,-0.28290813,-0.12246649,-1.15466212,0.25197366,-0.02295748,-1.92133452,-0.04412345,-9.51804227,-2.22540149,-7.36888829,-4.37455547,0.00000000
0.91760970,-0.28216933,-0.12204188,-1.15398929,0.24820653,-0.02810392,-1.91394446,-0.04444431,-9.49160189,-2.21874165,-7.34838323,-4.36196031,0.00000000
0.91723098,-0.28141345,-0.12161447,-1.15321676,0.24493317,-0.03465094,-1.90565106,-0.04474985,-9.46454822,-2.21215946,-7.32746892,-4.34923877,0.00000000
0.91685261,-0.28065372,-0.12118250,-1.15235936,0.24224127,-0.04289072,-1.89625019,-0.04504006,-9.43736977,-2.20544546,-7.30642404,-4.33639119,0.00000000
0.91649248,-0.27990836,-0.12074336,-1.15143686,0.24015885,-0.05302973,-1.88556371,-0.04531489,-9.41073887,-2.19830737,-7.28563095,-4.32341530,0.00000000
0.91617234,-0.27919948,-0.12029388,-1.15047287,0.23859282,-0.06504803,-1.87351885,-0.04557434,-9.38547177,-2.19038978,-7.26555360,-4.31030796,0.00000000
0.91591320,-0.27854856,-0.11983103,-1.14949030,0.23729006,-0.07857771,-1.86023070,-0.04581838,-9.36236169,-2.18135199,-7.24664431,-4.29706937,0.00000000
0.91572871,-0.27796983,-0.11935315,-1.14850466,0.23587769,-0.09293304,-1.84601242,-0.04604701,-9.34193171,-2.17098134,-7.22920500,-4.28370806,0.00000000
0.91562129,-0.27746632,-0.11886054,-1.14752024,0.23397817,-0.10732435,-1.83127643,-0.04626021,-9.32429173,-2.15925722,-7.21330637,-4.27024258,0.00000000
0.91558417,-0.27703190,-0.11835505,-1.14653212,0.23130932,-0.12108905,-1.81640348,-0.04645799,-9.30921259,-2.14631488,-7.19882895,-4.25669852,0.00000000
0.91560642,-0.27665629,-0.11783925,-1.14553122,0.22770728,-0.13378244,-1.80167469,-0.04664034,-9.29631074,-2.13235948,-7.18556631,-4.24310392,0.00000000
0.91567690,-0.27632891,-0.11731573,-1.14450823,0.22309613,-0.14514538,-1.78727353,-0.04680728,-9.28519328,-2.11759926,-7.17330638,-4.22948615,0.00000000
0.91578596,-0.27604071,-0.11678679,-1.14345534,0.21744883,-0.15503538,-1.77331574,-0.04695881,-9.27552275,-2.10221598,-7.16186796,-4.21587077,0.00000000
0.91592583,-0.27578447,-0.11625442,-1.14236660,0.21075924,-0.16336956,-1.75987835,-0.04709494,-9.26703028,-2.08635921,-7.15110806,-4.20228142,0.00000000
0.91609040,-0.27555460,-0.11572031,-1.14123770,0.20302586,-0.17008795,-1.74702005,-0.04721571,-9.25950752,-2.07015013,-7.14091753,-4.18874012,0.00000000
0.91627485,-0.27534680,-0.11518592,-1.14006562,0.19424294,-0.17513163,-1.73479428,-0.04732113,-9.25279367,-2.05368765,-7.13121373,-4.17526759,0.00000000
0.91647531,-0.27515773,-0.11465255,-1.13884830,0.18439531,-0.17842891,-1.72325781,-0.04741123,-9.24676338,-2.03705397,-7.12193381,-4.16188354,0.00000000
0.91668864,-0.27498472,-0.11412135,-1.13758435,0.17345460,-0.17988489,-1.71247736,-0.04748604,-9.24131687,-2.02031911,-7.11302913,-4.14860684,0.00000000
0.91691217,-0.27482559,-0.11359338,-1.13627288,0.16137507,-0.17937099,-1.70253605,-0.04754561,-9.23637217,-2.00354448,-7.10446092,-4.13545573,0.00000000
0.91714355,-0.27467847,-0.11306964,-1.13491328,0.14808805,-0.17671131,-1.69354130,-0.04758996,-9.23185862,-1.98678578,-7.09619658,-4.12244782,0.00000000
0.91738058,-0.27454161,-0.11255110,-1.13350511,0.13349290,-0.17166203,-1.68563649,-0.04761916,-9.22771077,-1.97009573,-7.08820628,-4.10960022,0.00000000
0.91762104,-0.27441323,-0.11203869,-1.13204784,0.11744173,-0.16387690,-1.67902019,-0.04763323,-9.22386126,-1.95352718,-7.08045889,-4.09692955,0.00000000
0.91786235,-0.27429118,-0.11153338,-1.13054062,0.09971128,-0.15284441,-1.67398087,-0.04763225,-9.22022980,-1.93713787,-7.07291569,-4.08445199,0.00000000
0.91810104,-0.27417236,-0.11103625,-1.12898168,0.07994657,-0.13776166,-1.67096659,-0.04761626,-9.21670141,-1.92099984,-7.06551802,-4.07218323,0.00000000
0.91833126,-0.27405126,-0.11054869,-1.12736684,0.05753236,-0.11724577,-1.67074520,-0.04758534,-9.21307121,-1.90522308,-7.05815576,-4.06013853,0.00000000
0.91853994,-0.27391493,-0.11007307,-1.12568471,0.03123843,-0.08852967,-1.67485373,-0.04753954,-9.20886120,-1.89003447,-7.05056296,-4.04833271,0.00000000
0.91868192,-0.27371767,-0.10961615,-1.12389176,-0.00213409,-0.04433828,-1.68736854,-0.04747893,-9.20238421,-1.87618051,-7.04178438,-4.03678034,0.00000000
0.91832247,-0.27301593,-0.10923863,-1.12155490,-0.05804698,0.05233961,-1.72983922,-0.04740359,-9.17727097,-1.87072606,-7.02249805,-4.02549898,0.00000000
0.91784839,-0.27220262,-0.10888485,-1.11906256,-0.02698962,-0.03712457,-1.67314797,-0.04731361,-9.14803343,-1.86733182,-7.00094549,-4.01441976,0.00000000
0.91644273,-0.27044077,-0.10866565,-1.11559937,-0.08946029,0.08217002,-1.73169751,-0.04720905,-9.08378170,-1.87914630,-6.95948032,-4.00344767,0.00000000
0.91613782,-0.26980990,-0.10830357,-1.11319925,-0.06942781,0.01430706,-1.68560281,-0.04709001,-9.06128128,-1.87338122,-6.94192259,-3.99273991,0.00000000
0.91136072,-0.26458712,-0.10854669,-1.10629084,-0.01561567,-0.08726107,-1.63959291,-0.04695658,-8.86926968,-1.93918321,-6.82735029,-3.98110259,0.00000000
0.91107066,-0.26397399,-0.10819175,-1.10383489,-0.05813603,-0.02142696,-1.66466319,-0.04680885,-8.84748213,-1.93334093,-6.81026481,-3.97055825,0.00000000
0.90732291,-0.25978854,-0.10828980,-1.09788822,-0.10746377,0.08914326,-1.72767275,-0.04664693,-8.69380669,-1.98200196,-6.71734243,-3.95846622,0.00000000
0.90693019,-0.25907468,-0.10795996,-1.09526507,-0.08766754,0.02145630,-1.68155977,-0.04647092,-8.66833467,-1.97801814,-6.69823659,-3.94811622,0.00000000
0.90312494,-0.25481307,-0.10806159,-1.08919936,-0.03908267,-0.07821591,-1.63226094,-0.04628092,-8.51187968,-2.02700736,-6.60346659,-3.93542045,0.00000000
0.90247338,-0.25383410,-0.10777506,-1.08625877,-0.08608031,-0.00062016,-1.66465844,-0.04607704,-8.47665296,-2.02723028,-6.57880208,-3.92508116,0.00000000
0.89729565,-0.24811519,-0.10803855,-1.07876493,-0.07957861,0.00187456,-1.67546521,-0.04585941,-8.26642832,-2.09644136,-6.45251111,-3.91035857,0.00000000
0.89207487,-0.24231802,-0.10829412,-1.07120236,-0.06582917,-0.01086225,-1.67829924,-0.04562814,-8.05337308,-2.16514641,-6.32408749,-3.89443199,0.00000000
0.88738145,-0.23704579,-0.10847483,-1.06414291,-0.09172275,0.05681851,-1.72191897,-0.04538336,-7.85977559,-2.22488565,-6.20657292,-3.87808832,0.00000000
0.88646791,-0.23577468,-0.10822265,-1.06084050,-0.06182955,-0.02932862,-1.66750880,-0.04512520,-7.81396057,-2.22865624,-6.17556685,-3.86704996,0.00000000
0.88378167,-0.23261461,-0.10817074,-1.05574392,-0.11239700,0.07307388,-1.72119890,-0.04485378,-7.69841691,-2.25825851,-6.10356856,-3.85310685,0.00000000
0.88305002,-0.23154473,-0.10791280,-1.05258182,-0.08801262,-0.00332657,-1.67104924,-0.04456924,-7.66003465,-2.25966300,-6.07704672,-3.84265094,0.00000000
0.87838243,-0.22624802,-0.10807323,-1.04546501,-0.09011944,0.01246055,-1.68660735,-0.04427173,-7.46567446,-2.31725859,-5.95835058,-3.82458248,0.00000000
0.87424401,-0.22149477,-0.10816842,-1.03885992,-0.05913225,-0.04766693,-1.65935636,-0.04396139,-7.29145502,-2.36647238,-5.85121701,-3.80671039,0.00000000
0.87275683,-0.21960150,-0.10799473,-1.03488990,-0.10963765,0.04309343,-1.70151213,-0.04363837,-7.22279634,-2.37833513,-5.80666641,-3.79446506,0.00000000
0.87088388,-0.21729022,-0.10786408,-1.03051925,-0.07369840,-0.04852670,-1.64774363,-0.04330282,-7.13872318,-2.39558016,-5.75295479,-3.78134855,0.00000000
0.86916518,-0.21514779,-0.10772390,-1.02628922,-0.12257999,0.04048379,-1.68979653,-0.04295489,-7.06088159,-2.41074360,-5.70297418,-3.76865101,0.00000000
0.86693306,-0.21244264,-0.10763515,-1.02153339,-0.08698531,-0.04745950,-1.63938358,-0.04259475,-6.96230624,-2.43285116,-5.64058270,-3.75457470,0.00000000
0.86497703,-0.21003904,-0.10752536,-1.01704249,-0.13395348,0.03927735,-1.68109958,-0.04222257,-6.87485904,-2.45120578,-5.58484378,-3.74122104,0.00000000
0.86254835,-0.20711182,-0.10745969,-1.01206897,-0.09982970,-0.04400568,-1.63389938,-0.04183850,-6.76813653,-2.47576444,-5.51749139,-3.72640959,0.00000000
0.86030616,-0.20438724,-0.10738082,-1.00727314,-0.14400425,0.03906156,-1.67476285,-0.04144273,-6.66890012,-2.49775773,-5.45460200,-3.71205586,0.00000000
0.85779100,-0.20135517,-0.10732635,-1.00219670,-0.11156342,-0.04007536,-1.63004930,-0.04103543,-6.55836586,-2.52316941,-5.38483996,-3.69669531,0.00000000
0.85529521,-0.19833939,-0.10727196,-0.99713313,-0.15222756,0.03753264,-1.66898748,-0.04061677,-6.44846036,-2.54816572,-5.31539240,-3.68123368,0.00000000
0.85267347,-0.19517661,-0.10722842,-0.99193821,-0.12167668,-0.03679189,-1.62721992,-0.04018695,-6.33317788,-2.57457568,-5.24260975,-3.66514381,0.00000000
0.85000688,-0.19195662,-0.10718901,-0.98669413,-0.15885396,0.03468917,-1.66354158,-0.03974615,-6.21582702,-2.60133558,-5.16848578,-3.64867682,0.00000000
0.84726120,-0.18863984,-0.10715567,-0.98136774,-0.13066978,-0.03359969,-1.62546659,-0.03929455,-6.09495682,-2.62883972,-5.09212449,-3.63167204,0.00000000
0.84447369,-0.18526748,-0.10712533,-0.97599735,-0.16434704,0.03130397,-1.65873448,-0.03883236,-5.97208735,-2.65659935,-5.01444191,-3.61424479,0.00000000
0.84162293,-0.18181426,-0.10709896,-0.97056254,-0.13900908,-0.03005644,-1.62476529,-0.03835977,-5.84629408,-2.68484557,-4.93486106,-3.59627860,0.00000000
0.83874160,-0.17831671,-0.10707410,-0.96509703,-0.16893800,0.02752097,-1.65447885,-0.03787698,-5.71892373,-2.71316239,-4.85419862,-3.57788750,0.00000000
0.83581092,-0.17475254,-0.10705152,-0.95958302,-0.14691953,-0.02609455,-1.62495864,-0.03738420,-5.58916184,-2.74174747,-4.77194454,-3.55896476,0.00000000
0.83286064,-0.17115539,-0.10702922,-0.95405123,-0.17279834,0.02330880,-1.65057177,-0.03688163,-5.45824728,-2.77023612,-4.68885552,-3.53962788,0.00000000
0.82987576,-0.16750732,-0.10700776,-0.94848760,-0.15460311,-0.02168992,-1.62586862,-0.03636949,-5.32552546,-2.79878232,-4.60452015,-3.51978764,0.00000000
0.82688309,-0.16383907,-0.10698558,-0.94291986,-0.17612633,0.01866233,-1.64680972,-0.03584798,-5.19212708,-2.82707177,-4.51963461,-3.49956423,0.00000000
0.82387255,-0.16013853,-0.10696303,-0.93733886,-0.16225835,-0.01688032,-1.62725881,-0.03531733,-5.05761123,-2.85520581,-4.43392113,-3.47889591,0.00000000
0.82086811,-0.15643368,-0.10693898,-0.93176943,-0.17920853,0.01368705,-1.64301145,-0.03477776,-4.92300393,-2.88291934,-4.34801747,-3.45790580,0.00000000
0.81786528,-0.15271916,-0.10691363,-0.92620797,-0.17004937,-0.01187744,-1.62875322,-0.03422948,-4.78811140,-2.91025970,-4.26180241,-3.43656868,0.00000000
0.81488459,-0.14901951,-0.10688629,-0.92067585,-0.18249751,0.00873480,-1.63907602,-0.03367273,-4.65383046,-2.93701666,-4.17583989,-3.41500723,0.00000000
0.81192603,-0.14533499,-0.10685713,-0.91517386,-0.17804254,-0.00719989,-1.62976658,-0.03310772,-4.52017031,-2.96320080,-4.09013955,-3.39323156,0.00000000
0.80900459,-0.14168405,-0.10682594,-0.90971782,-0.18661701,0.00447417,-1.63504800,-0.03253470,-4.38780293,-2.98867595,-4.00513039,-3.37134849,0.00000000
0.80612109,-0.13806831,-0.10679301,-0.90430933,-0.18618150,-0.00359464,-1.62960800,-0.03195390,-4.25678477,-3.01345311,-3.92085521,-3.34938267,0.00000000
0.80328271,-0.13449712,-0.10675852,-0.89895633,-0.19212771,0.00158727,-1.63104849,-0.03136554,-4.12745430,-3.03748464,-3.83753640,-3.32740254,0.00000000
0.80048825,-0.13096978,-0.10672289,-0.89365838,-0.19442607,-0.00151379,-1.62786524,-0.03076988,-3.99978201,-3.06080517,-3.75516379,-3.30542339,0.00000000
0.79773845,-0.12748794,-0.10668648,-0.88841694,-0.19916359,0.00017012,-1.62703918,-0.03016714,-3.87382433,-3.08343092,-3.67378173,-3.28347352,0.00000000
0.79503077,-0.12404915,-0.10664972,-0.88323015,-0.20291906,-0.00068538,-1.62466704,-0.02955758,-3.74948919,-3.10540767,-3.59333964,-3.26155722,0.00000000
0.79236335,-0.12065183,-0.10661296,-0.87809689,-0.20743811,-0.00031257,-1.62277090,-0.02894143,-3.62671546,-3.12677286,-3.51380606,-3.23968225,0.00000000
0.78973367,-0.11729345,-0.10657656,-0.87301526,-0.21188600,-0.00047935,-1.62041753,-0.02831894,-3.50540791,-3.14756843,-3.43512705,-3.21784929,0.00000000
0.78713949,-0.11397182,-0.10654083,-0.86798370,-0.21660233,-0.00043380,-1.61801918,-0.02769037,-3.38548382,-3.16783164,-3.35725599,-3.19605947,0.00000000
0.78457858,-0.11068467,-0.10650605,-0.86300059,-0.22144257,-0.00046373,-1.61543251,-0.02705595,-3.26685835,-3.18759799,-3.28014426,-3.17431208,0.00000000
0.78204887,-0.10742989,-0.10647245,-0.85806449,-0.22644258,-0.00047076,-1.61271999,-0.02641595,-3.14945245,-3.20689984,-3.20374633,-3.15260596,0.00000000
0.77954840,-0.10420548,-0.10644027,-0.85317402,-0.23157904,-0.00048460,-1.60987514,-0.02577061,-3.03319071,-3.22576697,-3.12801847,-3.13093922,0.00000000
0.77707536,-0.10100953,-0.10640968,-0.84832796,-0.23684664,-0.00049738,-1.60691109,-0.02512018,-2.91800230,-3.24422656,-3.05291932,-3.10930954,0.00000000
0.77462805,-0.09784028,-0.10638084,-0.84352515,-0.24223608,-0.00051089,-1.60383530,-0.02446493,-2.80382076,-3.26230336,-2.97840990,-3.08771423,0.00000000
0.77220491,-0.09469605,-0.10635390,-0.83876458,-0.24773953,-0.00052475,-1.60065586,-0.02380511,-2.69058404,-3.28001979,-2.90445357,-3.06615027,0.00000000
0.76980449,-0.09157530,-0.10632896,-0.83404530,-0.25334946,-0.00053901,-1.59738018,-0.02314098,-2.57823436,-3.29739618,-2.83101606,-3.04461449,0.00000000
0.76742544,-0.08847658,-0.10630612,-0.82936650,-0.25905885,-0.00055366,-1.59401525,-0.02247279,-2.46671806,-3.31445082,-2.75806538,-3.02310351,0.00000000
0.76506654,-0.08539856,-0.10628546,-0.82472743,-0.26486111,-0.00056868,-1.59056757,-0.02180080,-2.35598546,-3.33120016,-2.68557175,-3.00161388,0.00000000
0.76272667,-0.08233999,-0.10626703,-0.82012742,-0.27075004,-0.00058406,-1.58704327,-0.02112528,-2.24599064,-3.34765895,-2.61350751,-2.98014208,0.00000000
0.76040479,-0.07929974,-0.10625086,-0.81556591,-0.27671988,-0.00059979,-1.58344803,-0.02044648,-2.13669123,-3.36384036,-2.54184703,-2.95868456,0.00000000
0.75809995,-0.07627675,-0.10623700,-0.81104237,-0.28276523,-0.00061587,-1.57978719,-0.01976467,-2.02804821,-3.37975611,-2.47056655,-2.93723777,0.00000000
0.75581131,-0.07327005,-0.10622545,-0.80655638,-0.28888102,-0.00063227,-1.57606573,-0.01908010,-1.92002573,-3.39541658,-2.39964415,-2.91579816,0.00000000
0.75353808,-0.07027873,-0.10621621,-0.80210755,-0.29506254,-0.00064901,-1.57228827,-0.01839304,-1.81259083,-3.41083097,-2.32905956,-2.89436224,0.00000000
0.75127954,-0.06730198,-0.10620927,-0.79769556,-0.30130537,-0.00066605,-1.56845916,-0.01770375,-1.70571330,-3.42600733,-2.25879410,-2.87292653,0.00000000
0.74903506,-0.06433904,-0.10620461,-0.79332013,-0.30760537,-0.00068341,-1.56458245,-0.01701248,-1.59936548,-3.44095270,-2.18883056,-2.85148763,0.00000000
0.74680404,-0.06138922,-0.10620220,-0.78898102,-0.31395867,-0.00070106,-1.56066191,-0.01631951,-1.49352205,-3.45567321,-2.11915308,-2.83004219,0.00000000
0.74458596,-0.05845188,-0.10620201,-0.78467806,-0.32036164,-0.00071900,-1.55670107,-0.01562508,-1.38815986,-3.47017414,-2.04974709,-2.80858692,0.00000000
0.74238035,-0.05552643,-0.10620397,-0.78041109,-0.32681090,-0.00073723,-1.55270324,-0.01492946,-1.28325780,-3.48445998,-1.98059918,-2.78711861,0.00000000
0.74018677,-0.05261235,-0.10620805,-0.77617998,-0.33330325,-0.00075574,-1.54867151,-0.01423292,-1.17879661,-3.49853455,-1.91169704,-2.76563411,0.00000000
0.73800484,-0.04970915,-0.10621417,-0.77198464,-0.33983571,-0.00077451,-1.54460876,-0.01353570,-1.07475874,-3.51240099,-1.84302938,-2.74413035,0.00000000
0.73583422,-0.04681637,-0.10622228,-0.76782501,-0.34640547,-0.00079355,-1.54051770,-0.01283807,-0.97112823,-3.52606191,-1.77458582,-2.72260432,0.00000000
0.73367460,-0.04393360,-0.10623230,-0.76370104,-0.35300988,-0.00081285,-1.53640086,-0.01214028,-0.86789061,-3.53951935,-1.70635686,-2.70105310,0.00000000
0.73152569,-0.04106049,-0.10624415,-0.75961271,-0.35964647,-0.00083239,-1.53226063,-0.01144260,-0.76503272,-3.55277489,-1.63833379,-2.67947382,0.00000000
0.72938727,-0.03819668,-0.10625776,-0.75556001,-0.36631290,-0.00085219,-1.52809923,-0.01074527,-0.66254267,-3.56582968,-1.57050865,-2.65786369,0.00000000
0.72725912,-0.03534186,-0.10627303,-0.75154295,-0.37300695,-0.00087221,-1.52391875,-0.01004854,-0.56040970,-3.57868447,-1.50287416,-2.63622001,0.00000000
0.72514105,-0.03249576,-0.10628989,-0.74756155,-0.37972655,-0.00089248,-1.51972118,-0.00935268,-0.45862411,-3.59133966,-1.43542366,-2.61454011,0.00000000
0.72303289,-0.02965811,-0.10630823,-0.74361583,-0.38646972,-0.00091296,-1.51550836,-0.00865794,-0.35717717,-3.60379533,-1.36815107,-2.59282143,0.00000000
0.72093451,-0.02682869,-0.10632797,-0.73970583,-0.39323461,-0.00093367,-1.51128203,-0.00796455,-0.25606107,-3.61605125,-1.30105088,-2.57106145,0.00000000
0.71884577,-0.02400728,-0.10634900,-0.73583161,-0.40001946,-0.00095459,-1.50704383,-0.00727277,-0.15526878,-3.62810697,-1.23411803,-2.54925772,0.00000000
0.71676659,-0.02119368,-0.10637123,-0.73199321,-0.40682259,-0.00097572,-1.50279532,-0.00658285,-0.05479407,-3.63996176,-1.16734797,-2.52740786,0.00000000
0.71469687,-0.01838773,-0.10639455,-0.72819069,-0.41364241,-0.00099705,-1.49853794,-0.00589504,0.04536860,-3.65161472,-1.10073655,-2.50550957,0.00000000
0.71263654,-0.01558927,-0.10641886,-0.72442411,-0.42047744,-0.00101858,-1.49427309,-0.00520956,0.14522413,-3.66306473,-1.03428001,-2.48356060,0.00000000
0.71058555,-0.01279815,-0.10644406,-0.72069353,-0.42732622,-0.00104029,-1.49000207,-0.00452666,0.24477681,-3.67431054,-0.96797498,-2.46155875,0.00000000
0.70854385,-0.01001425,-0.10647003,-0.71699902,-0.43418740,-0.00106219,-1.48572609,-0.00384659,0.34403041,-3.68535073,-0.90181842,-2.43950190,0.00000000
0.70651141,-0.00723747,-0.10649668,-0.71334063,-0.44105969,-0.00108427,-1.48144634,-0.00316957,0.44298815,-3.69618375,-0.83580758,-2.41738801,0.00000000
0.70448821,-0.00446768,-0.10652388,-0.70971843,-0.44794184,-0.00110652,-1.47716390,-0.00249584,0.54165282,-3.70680794,-0.76994005,-2.39521507,0.00000000
0.70247424,-0.00170482,-0.10655154,-0.70613248,-0.45483267,-0.00112894,-1.47287983,-0.00182563,0.64002677,-3.71722156,-0.70421365,-2.37298114,0.00000000
0.70046950,0.00105122,-0.10657954,-0.70258283,-0.46173105,-0.00115152,-1.46859512,-0.00115916,0.73811192,-3.72742277,-0.63862648,-2.35068437,0.00000000
0.69847398,0.00380048,-0.10660777,-0.69906955,-0.46863591,-0.00117425,-1.46431069,-0.00049667,0.83590988,-3.73740967,-0.57317686,-2.32832293,0.00000000
0.69648771,0.00654304,-0.10663613,-0.69559269,-0.47554620,-0.00119712,-1.46002744,0.00016163,0.93342188,-3.74718029,-0.50786333,-2.30589508,0.00000000
0.69451071,0.00927895,-0.10666449,-0.69215229,-0.48246095,-0.00122014,-1.45574622,0.00081551,1.03064886,-3.75673263,-0.44268463,-2.28339914,0.00000000
0.69254299,0.01200825,-0.10669276,-0.68874840,-0.48937918,-0.00124330,-1.45146783,0.00146476,1.12759146,-3.76606465,-0.37763971,-2.26083348,0.00000000
0.69058460,0.01473098,-0.10672082,-0.68538106,-0.49630000,-0.00126658,-1.44719303,0.00210916,1.22425005,-3.77517427,-0.31272767,-2.23819654,0.00000000
0.68863557,0.01744717,-0.10674856,-0.68205032,-0.50322253,-0.00128999,-1.44292255,0.00274851,1.32062479,-3.78405941,-0.24794780,-2.21548683,0.00000000
0.68669593,0.02015685,-0.10677588,-0.67875618,-0.51014591,-0.00131351,-1.43865707,0.00338260,1.41671557,-3.79271799,-0.18329952,-2.19270290,0.00000000
0.68476574,0.02286005,-0.10680266,-0.67549869,-0.51706934,-0.00133715,-1.43439725,0.00401122,1.51252212,-3.80114790,-0.11878240,-2.16984338,0.00000000
0.68284504,0.02555676,-0.10682879,-0.67227787,-0.52399204,-0.00136088,-1.43014371,0.00463417,1.60804394,-3.80934707,-0.05439616,-2.14690696,0.00000000
0.68093388,0.02824701,-0.10685418,-0.66909371,-0.53091325,-0.00138472,-1.42589704,0.00525125,1.70328039,-3.81731342,0.00985937,-2.12389240,0.00000000
0.67903231,0.03093080,-0.10687871,-0.66594625,-0.53783224,-0.00140864,-1.42165782,0.00586228,1.79823064,-3.82504491,0.07398423,-2.10079850,0.00000000
0.67714040,0.03360813,-0.10690228,-0.66283546,-0.54474831,-0.00143265,-1.41742658,0.00646705,1.89289373,-3.83253952,0.13797837,-2.07762416,0.00000000
0.67525819,0.03627900,-0.10692479,-0.65976136,-0.55166077,-0.00145673,-1.41320383,0.00706539,1.98726857,-3.83979527,0.20184161,-2.05436830,0.00000000
0.67338575,0.03894341,-0.10694613,-0.65672392,-0.55856897,-0.00148089,-1.40899006,0.00765711,2.08135395,-3.84681019,0.26557370,-2.03102994,0.00000000
0.67152313,0.04160134,-0.10696621,-0.65372313,-0.56547228,-0.00150511,-1.40478573,0.00824204,2.17514852,-3.85358240,0.32917427,-2.00760816,0.00000000
0.66967040,0.04425279,-0.10698492,-0.65075897,-0.57237007,-0.00152938,-1.40059129,0.00881999,2.26865085,-3.86011003,0.39264290,-1.98410207,0.00000000
0.66782762,0.04689773,-0.10700217,-0.64783140,-0.57926175,-0.00155371,-1.39640716,0.00939079,2.36185943,-3.86639127,0.45597905,-1.96051090,0.00000000
0.66599485,0.04953616,-0.10701786,-0.64494039,-0.58614674,-0.00157808,-1.39223374,0.00995428,2.45477264,-3.87242439,0.51918214,-1.93683390,0.00000000
0.66417216,0.05216805,-0.10703190,-0.64208589,-0.59302447,-0.00160248,-1.38807141,0.01051030,2.54738880,-3.87820769,0.58225150,-1.91307040,0.00000000
0.66235961,0.05479338,-0.10704419,-0.63926785,-0.59989440,-0.00162692,-1.38392054,0.01105868,2.63970615,-3.88373956,0.64518640,-1.88921981,0.00000000
0.66055725,0.05741213,-0.10705465,-0.63648620,-0.60675600,-0.00165138,-1.37978149,0.01159927,2.73172288,-3.88901843,0.70798603,-1.86528158,0.00000000
0.65876516,0.06002427,-0.10706318,-0.63374090,-0.61360875,-0.00167585,-1.37565457,0.01213191,2.82343713,-3.89404283,0.77064954,-1.84125525,0.00000000
0.65698340,0.06262977,-0.10706970,-0.63103186,-0.62045214,-0.00170033,-1.37154010,0.01265647,2.91484696,-3.89881134,0.83317603,-1.81714041,0.00000000
0.65521202,0.06522860,-0.10707412,-0.62835900,-0.62728569,-0.00172481,-1.36743839,0.01317280,3.00595043,-3.90332262,0.89556453,-1.79293672,0.00000000
0.65345109,0.06782074,-0.10707636,-0.62572224,-0.63410892,-0.00174929,-1.36334972,0.01368076,3.09674553,-3.90757542,0.95781403,-1.76864391,0.00000000
0.65170067,0.07040615,-0.10707634,-0.62312149,-0.64092136,-0.00177376,-1.35927437,0.01418021,3.18723023,-3.91156856,1.01992346,-1.74426178,0.00000000
0.64996081,0.07298479,-0.10707399,-0.62055665,-0.64772256,-0.00179820,-1.35521258,0.01467103,3.27740247,-3.91530095,1.08189172,-1.71979019,0.00000000
0.64823158,0.07555663,-0.10706922,-0.61802762,-0.65451209,-0.00182262,-1.35116462,0.01515309,3.36726017,-3.91877158,1.14371766,-1.69522907,0.00000000
0.64651303,0.07812164,-0.10706196,-0.61553427,-0.66128949,-0.00184701,-1.34713070,0.01562627,3.45680122,-3.92197953,1.20540010,-1.67057841,0.00000000
0.64480521,0.08067978,-0.10705214,-0.61307650,-0.66805436,-0.00187135,-1.34311107,0.01609045,3.54602350,-3.92492396,1.26693781,-1.64583827,0.00000000
0.64310819,0.08323100,-0.10703969,-0.61065417,-0.67480628,-0.00189565,-1.33910592,0.01654552,3.63492488,-3.92760413,1.32832953,-1.62100878,0.00000000
0.64142201,0.08577527,-0.10702455,-0.60826717,-0.68154485,-0.00191990,-1.33511546,0.01699137,3.72350321,-3.93001938,1.38957397,-1.59609014,0.00000000
0.63974672,0.08831254,-0.10700664,-0.60591534,-0.68826967,-0.00194408,-1.33113988,0.01742791,3.81175635,-3.93216916,1.45066980,-1.57108260,0.00000000
0.63808237,0.09084279,-0.10698591,-0.60359855,-0.69498035,-0.00196820,-1.32717936,0.01785502,3.89968215,-3.93405299,1.51161566,-1.54598651,0.00000000
0.63642902,0.09336595,-0.10696230,-0.60131665,-0.70167651,-0.00199224,-1.32323407,0.01827263,3.98727844,-3.93567050,1.57241018,-1.52080224,0.00000000
0.63478670,0.09588199,-0.10693575,-0.59906948,-0.70835780,-0.00201620,-1.31930418,0.01868063,4.07454308,-3.93702141,1.63305193,-1.49553027,0.00000000
0.63315546,0.09839087,-0.10690620,-0.59685689,-0.71502383,-0.00204007,-1.31538983,0.01907894,4.16147392,-3.93810554,1.69353949,-1.47017111,0.00000000
0.63153534,0.10089254,-0.10687361,-0.59467869,-0.72167425,-0.00206385,-1.31149118,0.01946749,4.24806881,-3.93892279,1.75387138,-1.44472537,0.00000000
0.62992638,0.10338696,-0.10683792,-0.59253473,-0.72830872,-0.00208753,-1.30760836,0.01984619,4.33432561,-3.93947318,1.81404611,-1.41919368,0.00000000
0.62832862,0.10587407,-0.10679909,-0.59042482,-0.73492689,-0.00211109,-1.30374150,0.02021498,4.42024221,-3.93975681,1.87406219,-1.39357679,0.00000000
0.62674209,0.10835383,-0.10675707,-0.58834878,-0.74152842,-0.00213455,-1.29989073,0.02057379,4.50581648,-3.93977389,1.93391807,-1.36787548,0.00000000
0.62516684,0.11082620,-0.10671182,-0.58630642,-0.74811298,-0.00215788,-1.29605615,0.02092255,4.59104631,-3.93952470,1.99361221,-1.34209059,0.00000000
0.62360289,0.11329112,-0.10666330,-0.58429754,-0.75468024,-0.00218109,-1.29223789,0.02126121,4.67592963,-3.93900966,2.05314302,-1.31622305,0.00000000
0.62205026,0.11574855,-0.10661148,-0.58232195,-0.76122989,-0.00220416,-1.28843604,0.02158972,4.76046435,-3.93822925,2.11250894,-1.29027384,0.00000000
0.62050900,0.11819843,-0.10655631,-0.58037944,-0.76776160,-0.00222709,-1.28465069,0.02190803,4.84464841,-3.93718407,2.17170833,-1.26424399,0.00000000
0.61897913,0.12064072,-0.10649778,-0.57846980,-0.77427507,-0.00224988,-1.28088195,0.02221610,4.92847977,-3.93587480,2.23073959,-1.23813462,0.00000000
0.61746066,0.12307536,-0.10643584,-0.57659282,-0.78076999,-0.00227251,-1.27712989,0.02251388,5.01195640,-3.93430223,2.28960106,-1.21194689,0.00000000
0.61595362,0.12550231,-0.10637047,-0.57474828,-0.78724606,-0.00229499,-1.27339459,0.02280135,5.09507630,-3.93246724,2.34829109,-1.18568203,0.00000000
0.61445803,0.12792152,-0.10630166,-0.57293594,-0.79370298,-0.00231730,-1.26967614,0.02307846,5.17783748,-3.93037081,2.40680800,-1.15934134,0.00000000
0.61297391,0.13033292,-0.10622937,-0.57115560,-0.80014046,-0.00233945,-1.26597459,0.02334521,5.26023797,-3.92801402,2.46515011,-1.13292616,0.00000000
0.61150127,0.13273646,-0.10615359,-0.56940700,-0.80655821,-0.00236142,-1.26229002,0.02360155,5.34227582,-3.92539803,2.52331572,-1.10643792,0.00000000
0.61004013,0.13513211,-0.10607430,-0.56768992,-0.81295594,-0.00238321,-1.25862248,0.02384749,5.42394911,-3.92252410,2.58130310,-1.07987808,0.00000000
0.60859049,0.13751979,-0.10599149,-0.56600411,-0.81933338,-0.00240481,-1.25497203,0.02408301,5.50525594,-3.91939359,2.63911053,-1.05324818,0.00000000
0.60715237,0.13989945,-0.10590515,-0.56434933,-0.82569025,-0.00242623,-1.25133873,0.02430810,5.58619441,-3.91600796,2.69673626,-1.02654981,0.00000000
0.60572577,0.14227105,-0.10581526,-0.56272533,-0.83202626,-0.00244745,-1.24772262,0.02452276,5.66676267,-3.91236873,2.75417855,-0.99978462,0.00000000
0.60431069,0.14463452,-0.10572183,-0.56113185,-0.83834116,-0.00246847,-1.24412374,0.02472699,5.74695887,-3.90847756,2.81143562,-0.97295431,0.00000000
0.60290714,0.14698980,-0.10562485,-0.55956864,-0.84463467,-0.00248928,-1.24054215,0.02492079,5.82678120,-3.90433614,2.86850569,-0.94606064,0.00000000
0.60151512,0.14933685,-0.10552431,-0.55803544,-0.85090653,-0.00250988,-1.23697788,0.02510418,5.90622786,-3.89994631,2.92538699,-0.91910544,0.00000000
0.60013463,0.15167560,-0.10542023,-0.55653199,-0.85715647,-0.00253027,-1.23343096,0.02527717,5.98529708,-3.89530996,2.98207769,-0.89209058,0.00000000
0.59876566,0.15400599,-0.10531259,-0.55505801,-0.86338423,-0.00255044,-1.22990142,0.02543978,6.06398710,-3.89042908,3.03857600,-0.86501798,0.00000000
0.59740821,0.15632798,-0.10520141,-0.55361323,-0.86958957,-0.00257038,-1.22638931,0.02559203,6.14229619,-3.88530574,3.09488009,-0.83788964,0.00000000
0.59606227,0.15864149,-0.10508670,-0.55219739,-0.87577222,-0.00259010,-1.22289464,0.02573395,6.22022265,-3.87994210,3.15098813,-0.81070757,0.00000000
0.59472783,0.16094647,-0.10496846,-0.55081021,-0.88193193,-0.00260958,-1.21941744,0.02586557,6.29776479,-3.87434040,3.20689827,-0.78347388,0.00000000
0.59340487,0.16324286,-0.10484672,-0.54945140,-0.88806845,-0.00262883,-1.21595774,0.02598694,6.37492094,-3.86850297,3.26260867,-0.75619070,0.00000000
0.59209340,0.16553060,-0.10472148,-0.54812068,-0.89418153,-0.00264784,-1.21251555,0.02609807,6.45168946,-3.86243222,3.31811746,-0.72886021,0.00000000
0.59079338,0.16780962,-0.10459276,-0.54681777,-0.90027093,-0.00266661,-1.20909090,0.02619903,6.52806873,-3.85613062,3.37342277,-0.70148466,0.00000000
0.58950481,0.17007987,-0.10446058,-0.54554238,-0.90633641,-0.00268513,-1.20568381,0.02628986,6.60405713,-3.84960075,3.42852271,-0.67406633,0.00000000
0.58822766,0.17234128,-0.10432497,-0.54429422,-0.91237772,-0.00270340,-1.20229429,0.02637061,6.67965309,-3.84284524,3.48341541,-0.64660756,0.00000000
0.58696191,0.17459379,-0.10418594,-0.54307300,-0.91839462,-0.00272142,-1.19892235,0.02644134,6.75485505,-3.83586682,3.53809896,-0.61911073,0.00000000
0.58570755,0.17683734,-0.10404353,-0.54187842,-0.92438688,-0.00273918,-1.19556802,0.02650210,6.82966146,-3.82866827,3.59257145,-0.59157826,0.00000000
0.58446454,0.17907187,-0.10389776,-0.54071019,-0.93035425,-0.00275669,-1.19223130,0.02655296,6.90407079,-3.82125246,3.64683097,-0.56401263,0.00000000
0.58323286,0.18129730,-0.10374866,-0.53956801,-0.93629650,-0.00277393,-1.18891221,0.02659399,6.97808154,-3.81362231,3.70087559,-0.53641636,0.00000000
0.58201249,0.18351357,-0.10359626,-0.53845157,-0.94221341,-0.00279091,-1.18561075,0.02662526,7.05169223,-3.80578085,3.75470339,-0.50879201,0.00000000
0.58080339,0.18572062,-0.10344061,-0.53736057,-0.94810473,-0.00280763,-1.18232695,0.02664684,7.12490137,-3.79773113,3.80831241,-0.48114217,0.00000000
0.57960554,0.18791838,-0.10328172,-0.53629472,-0.95397023,-0.00282407,-1.17906081,0.02665881,7.19770752,-3.78947629,3.86170072,-0.45346949,0.00000000
0.57841889,0.19010679,-0.10311965,-0.53525369,-0.95980969,-0.00284025,-1.17581233,0.02666125,7.27010923,-3.78101955,3.91486635,-0.42577666,0.00000000
0.57724343,0.19228577,-0.10295443,-0.53423719,-0.96562288,-0.00285616,-1.17258154,0.02665424,7.34210510,-3.77236415,3.96780734,-0.39806640,0.00000000
0.57607911,0.19445526,-0.10278611,-0.53324491,-0.97140957,-0.00287179,-1.16936844,0.02663789,7.41369370,-3.76351344,4.02052172,-0.37034147,0.00000000
0.57492590,0.19661519,-0.10261472,-0.53227654,-0.97716953,-0.00288714,-1.16617304,0.02661227,7.48487366,-3.75447080,4.07300752,-0.34260466,0.00000000
0.57378376,0.19876549,-0.10244031,-0.53133176,-0.98290254,-0.00290222,-1.16299534,0.02657748,7.55564359,-3.74523967,4.12526274,-0.31485882,0.00000000
0.57265265,0.20090610,-0.10226293,-0.53041027,-0.98860838,-0.00291703,-1.15983537,0.02653362,7.62600214,-3.73582355,4.17728539,-0.28710680,0.00000000
0.57153253,0.20303693,-0.10208263,-0.52951174,-0.99428682,-0.00293155,-1.15669313,0.02648079,7.69594795,-3.72622601,4.22907347,-0.25935152,0.00000000
0.57042336,0.20515792,-0.10189946,-0.52863588,-0.99993763,-0.00294579,-1.15356862,0.02641910,7.76547970,-3.71645063,4.28062497,-0.23159591,0.00000000
0.56932510,0.20726901,-0.10171346,-0.52778235,-1.00556061,-0.00295976,-1.15046187,0.02634866,7.83459605,-3.70650110,4.33193789,-0.20384294,0.00000000
0.56823769,0.20937010,-0.10152469,-0.52695086,-1.01115553,-0.00297344,-1.14737288,0.02626956,7.90329570,-3.69638110,4.38301020,-0.17609560,0.00000000
0.56716111,0.21146114,-0.10133321,-0.52614107,-1.01672216,-0.00298684,-1.14430167,0.02618194,7.97157735,-3.68609440,4.43383988,-0.14835693,0.00000000
0.56609530,0.21354206,-0.10113908,-0.52535268,-1.02226029,-0.00299996,-1.14124824,0.02608590,8.03943971,-3.67564479,4.48442489,-0.12062997,0.00000000
0.56504022,0.21561276,-0.10094234,-0.52458536,-1.02776971,-0.00301280,-1.13821262,0.02598156,8.10688151,-3.66503613,4.53476320,-0.09291782,0.00000000
0.56399581,0.21767319,-0.10074306,-0.52383881,-1.03325019,-0.00302536,-1.13519481,0.02586905,8.17390147,-3.65427229,4.58485276,-0.06522357,0.00000000
0.56296203,0.21972327,-0.10054129,-0.52311270,-1.03870152,-0.00303764,-1.13219484,0.02574848,8.24049834,-3.64335719,4.63469153,-0.03755037,0.00000000
0.56193883,0.22176292,-0.10033710,-0.52240672,-1.04412348,-0.00304963,-1.12921271,0.02561999,8.30667088,-3.63229480,4.68427745,-0.00990138,0.00000000
0.56092616,0.22379207,-0.10013056,-0.52172055,-1.04951586,-0.00306134,-1.12624846,0.02548371,8.37241783,-3.62108913,4.73360847,0.01772023,0.00000000
0.55992396,0.22581064,-0.09992172,-0.52105387,-1.05487845,-0.00307278,-1.12330209,0.02533976,8.43773798,-3.60974419,4.78268253,0.04531126,0.00000000
0.55893219,0.22781855,-0.09971064,-0.52040637,-1.06021102,-0.00308393,-1.12037363,0.02518827,8.50263009,-3.59826406,4.83149755,0.07286849,0.00000000
0.55795080,0.22981573,-0.09949740,-0.51977773,-1.06551337,-0.00309481,-1.11746309,0.02502940,8.56709296,-3.58665282,4.88005147,0.10038867,0.00000000
0.55697972,0.23180210,-0.09928206,-0.51916764,-1.07078528,-0.00310540,-1.11457051,0.02486326,8.63112536,-3.57491461,4.92834221,0.12786855,0.00000000
0.55601891,0.23377757,-0.09906468,-0.51857578,-1.07602655,-0.00311573,-1.11169590,0.02469001,8.69472612,-3.56305357,4.97636770,0.15530485,0.00000000
0.55506831,0.23574208,-0.09884534,-0.51800183,-1.08123695,-0.00312577,-1.10883929,0.02450978,8.75789402,-3.55107387,5.02412586,0.18269428,0.00000000
0.55412786,0.23769555,-0.09862411,-0.51744549,-1.08641629,-0.00313554,-1.10600072,0.02432272,8.82062787,-3.53897972,5.07161461,0.21003355,0.00000000
0.55319752,0.23963788,-0.09840105,-0.51690644,-1.09156435,-0.00314504,-1.10318020,0.02412897,8.88292651,-3.52677532,5.11883186,0.23731933,0.00000000
0.55227722,0.24156901,-0.09817623,-0.51638436,-1.09668092,-0.00315427,-1.10037776,0.02392869,8.94478875,-3.51446492,5.16577552,0.26454830,0.00000000
0.55136690,0.24348886,-0.09794973,-0.51587895,-1.10176579,-0.00316323,-1.09759345,0.02372201,9.00621342,-3.50205277,5.21244352,0.29171712,0.00000000
0.55046652,0.24539733,-0.09772161,-0.51538990,-1.10681876,-0.00317193,-1.09482729,0.02350910,9.06719935,-3.48954313,5.25883377,0.31882245,0.00000000
0.54957601,0.24729436,-0.09749196,-0.51491689,-1.11183962,-0.00318035,-1.09207931,0.02329009,9.12774539,-3.47694029,5.30494416,0.34586094,0.00000000
0.54869531,0.24917987,-0.09726084,-0.51445962,-1.11682816,-0.00318852,-1.08934956,0.02306516,9.18785039,-3.46424854,5.35077263,0.37282921,0.00000000
0.54782438,0.25105376,-0.09702832,-0.51401779,-1.12178418,-0.00319642,-1.08663807,0.02283444,9.24751318,-3.45147218,5.39631708,0.39972392,0.00000000
0.54696314,0.25291596,-0.09679448,-0.51359109,-1.12670747,-0.00320407,-1.08394488,0.02259809,9.30673264,-3.43861551,5.44157543,0.42654169,0.00000000
0.54611155,0.25476639,-0.09655940,-0.51317921,-1.13159783,-0.00321146,-1.08127003,0.02235628,9.36550761,-3.42568286,5.48654560,0.45327916,0.00000000
0.54526953,0.25660497,-0.09632315,-0.51278186,-1.13645506,-0.00321859,-1.07861358,0.02210917,9.42383697,-3.41267854,5.53122549,0.47993294,0.00000000
0.54443705,0.25843161,-0.09608580,-0.51239874,-1.14127895,-0.00322547,-1.07597555,0.02185689,9.48171958,-3.39960686,5.57561304,0.50649968,0.00000000
0.54361402,0.26024623,-0.09584743,-0.51202954,-1.14606931,-0.00323211,-1.07335600,0.02159963,9.53915433,-3.38647216,5.61970617,0.53297600,0.00000000
0.54280041,0.26204875,-0.09560811,-0.51167397,-1.15082593,-0.00323850,-1.07075497,0.02133754,9.59614009,-3.37327874,5.66350282,0.55935854,0.00000000
0.54199614,0.26383909,-0.09536793,-0.51133173,-1.15554861,-0.00324464,-1.06817252,0.02107078,9.65267575,-3.36003092,5.70700090,0.58564393,0.00000000
0.54120117,0.26561716,-0.09512695,-0.51100254,-1.16023716,-0.00325055,-1.06560869,0.02079951,9.70876021,-3.34673301,5.75019838,0.61182883,0.00000000
0.54041542,0.26738288,-0.09488525,-0.51068610,-1.16489137,-0.00325622,-1.06306355,0.02052390,9.76439236,-3.33338930,5.79309318,0.63790988,0.00000000
0.53963885,0.26913618,-0.09464290,-0.51038212,-1.16951106,-0.00326165,-1.06053713,0.02024410,9.81957110,-3.32000410,5.83568327,0.66388374,0.00000000
0.53887139,0.27087696,-0.09439999,-0.51009032,-1.17409603,-0.00326686,-1.05802951,0.01996028,9.87429536,-3.30658167,5.87796661,0.68974708,0.00000000
0.53811299,0.27260514,-0.09415659,-0.50981042,-1.17864609,-0.00327183,-1.05554073,0.01967261,9.92856403,-3.29312629,5.91994116,0.71549659,0.00000000
0.53736358,0.27432066,-0.09391277,-0.50954212,-1.18316104,-0.00327659,-1.05307086,0.01938124,9.98237606,-3.27964220,5.96160490,0.74112895,0.00000000
0.53662311,0.27602341,-0.09366861,-0.50928517,-1.18764069,-0.00328112,-1.05061996,0.01908635,10.03573036,-3.26613365,6.00295583,0.76664088,0.00000000
0.53589152,0.27771332,-0.09342419,-0.50903926,-1.19208486,-0.00328543,-1.04818808,0.01878808,10.08862589,-3.25260485,6.04399194,0.79202909,0.00000000
0.53516876,0.27939031,-0.09317957,-0.50880414,-1.19649336,-0.00328953,-1.04577529,0.01848662,10.14106159,-3.23906001,6.08471125,0.81729033,0.00000000
0.53445476,0.28105430,-0.09293483,-0.50857953,-1.20086599,-0.00329342,-1.04338166,0.01818212,10.19303640,-3.22550328,6.12511177,0.84242135,0.00000000
0.53374947,0.28270521,-0.09269006,-0.50836516,-1.20520259,-0.00329710,-1.04100725,0.01787475,10.24454931,-3.21193884,6.16519154,0.86741893,0.00000000
0.53305283,0.28434296,-0.09244531,-0.50816076,-1.20950296,-0.00330057,-1.03865213,0.01756466,10.29559929,-3.19837081,6.20494862,0.89227986,0.00000000
0.53236478,0.28596746,-0.09220067,-0.50796608,-1.21376692,-0.00330385,-1.03631636,0.01725202,10.34618532,-3.18480328,6.24438107,0.91700096,0.00000000
0.53168528,0.28757864,-0.09195621,-0.50778084,-1.21799430,-0.00330693,-1.03400002,0.01693699,10.39630640,-3.17124035,6.28348698,0.94157907,0.00000000
0.53101425,0.28917642,-0.09171200,-0.50760480,-1.22218492,-0.00330982,-1.03170317,0.01661974,10.44596154,-3.15768603,6.32226444,0.96601106,0.00000000
0.53035165,0.29076071,-0.09146811,-0.50743770,-1.22633860,-0.00331252,-1.02942589,0.01630042,10.49514976,-3.14414436,6.36071157,0.99029382,0.00000000
0.52969742,0.29233146,-0.09122461,-0.50727928,-1.23045518,-0.00331503,-1.02716824,0.01597920,10.54387010,-3.13061931,6.39882651,1.01442427,0.00000000
0.52905151,0.29388856,-0.09098158,-0.50712930,-1.23453447,-0.00331736,-1.02493031,0.01565623,10.59212160,-3.11711483,6.43660742,1.03839935,0.00000000
0.52841386,0.29543196,-0.09073909,-0.50698751,-1.23857632,-0.00331952,-1.02271216,0.01533167,10.63990333,-3.10363482,6.47405247,1.06221604,0.00000000
0.52778441,0.29696158,-0.09049720,-0.50685367,-1.24258056,-0.00332150,-1.02051387,0.01500569,10.68721437,-3.09018316,6.51115987,1.08587135,0.00000000
0.52716312,0.29847733,-0.09025598,-0.50672754,-1.24654703,-0.00332331,-1.01833551,0.01467843,10.73405382,-3.07676368,6.54792783,1.10936231,0.00000000
0.52654992,0.29997914,-0.09001551,-0.50660888,-1.25047556,-0.00332496,-1.01617716,0.01435005,10.78042079,-3.06338017,6.58435460,1.13268601,0.00000000
0.52594478,0.30146695,-0.08977585,-0.50649745,-1.25436601,-0.00332644,-1.01403889,0.01402071,10.82631441,-3.05003639,6.62043847,1.15583955,0.00000000
0.52534762,0.30294068,-0.08953706,-0.50639304,-1.25821820,-0.00332777,-1.01192078,0.01369056,10.87173383,-3.03673604,6.65617772,1.17882007,0.00000000
0.52475841,0.30440026,-0.08929921,-0.50629541,-1.26203200,-0.00332894,-1.00982290,0.01335975,10.91667824,-3.02348279,6.69157069,1.20162476,0.00000000
0.52417709,0.30584562,-0.08906237,-0.50620434,-1.26580725,-0.00332996,-1.00774534,0.01302843,10.96114682,-3.01028025,6.72661574,1.22425083,0.00000000
0.52360361,0.30727670,-0.08882659,-0.50611960,-1.26954381,-0.00333083,-1.00568816,0.01269675,11.00513878,-2.99713199,6.76131124,1.24669555,0.00000000
0.52303791,0.30869341,-0.08859196,-0.50604099,-1.27324154,-0.00333156,-1.00365145,0.01236486,11.04865338,-2.98404154,6.79565561,1.26895623,0.00000000
0.52247995,0.31009570,-0.08835851,-0.50596829,-1.27690029,-0.00333216,-1.00163528,0.01203290,11.09168987,-2.97101237,6.82964731,1.29103019,0.00000000
0.52192968,0.31148350,-0.08812633,-0.50590129,-1.28051994,-0.00333261,-0.99963972,0.01170102,11.13424756,-2.95804791,6.86328482,1.31291483,0.00000000
0.52138705,0.31285675,-0.08789546,-0.50583979,-1.28410035,-0.00333294,-0.99766486,0.01136937,11.17632575,-2.94515151,6.89656665,1.33460759,0.00000000
0.52085201,0.31421539,-0.08766596,-0.50578357,-1.28764139,-0.00333314,-0.99571076,0.01103807,11.21792381,-2.93232650,6.92949137,1.35610594,0.00000000
0.52032450,0.31555935,-0.08743791,-0.50573245,-1.29114294,-0.00333322,-0.99377750,0.01070727,11.25904110,-2.91957614,6.96205755,1.37740740,0.00000000
0.51980449,0.31688858,-0.08721134,-0.50568622,-1.29460488,-0.00333318,-0.99186515,0.01037712,11.29967703,-2.90690364,6.99426383,1.39850956,0.00000000
0.51929193,0.31820301,-0.08698632,-0.50564470,-1.29802709,-0.00333302,-0.98997379,0.01004773,11.33983106,-2.89431215,7.02610889,1.41941003,0.00000000
0.51878676,0.31950260,-0.08676290,-0.50560770,-1.30140946,-0.00333275,-0.98810349,0.00971925,11.37950265,-2.88180475,7.05759142,1.44010649,0.00000000
0.51828894,0.32078728,-0.08654113,-0.50557503,-1.30475188,-0.00333237,-0.98625432,0.00939181,11.41869132,-2.86938449,7.08871018,1.46059665,0.00000000
0.51779842,0.32205700,-0.08632107,-0.50554651,-1.30805426,-0.00333189,-0.98442635,0.00906554,11.45739662,-2.85705434,7.11946397,1.48087831,0.00000000
0.51731516,0.32331172,-0.08610278,-0.50552196,-1.31131648,-0.00333131,-0.98261964,0.00874056,11.49561813,-2.84481722,7.14985162,1.50094930,0.00000000
0.51683912,0.32455138,-0.08588629,-0.50550122,-1.31453847,-0.00333063,-0.98083427,0.00841699,11.53335548,-2.83267597,7.17987202,1.52080749,0.00000000
0.51637024,0.32577594,-0.08567166,-0.50548410,-1.31772012,-0.00332986,-0.97907030,0.00809497,11.57060833,-2.82063339,7.20952411,1.54045083,0.00000000
0.51590848,0.32698535,-0.08545894,-0.50547044,-1.32086136,-0.00332900,-0.97732779,0.00777461,11.60737640,-2.80869220,7.23880687,1.55987733,0.00000000
0.51545381,0.32817956,-0.08524816,-0.50546009,-1.32396210,-0.00332805,-0.97560681,0.00745602,11.64365944,-2.79685508,7.26771933,1.57908503,0.00000000
0.51500616,0.32935855,-0.08503939,-0.50545287,-1.32702228,-0.00332703,-0.97390742,0.00713933,11.67945725,-2.78512462,7.29626057,1.59807206,0.00000000
0.51456550,0.33052226,-0.08483266,-0.50544864,-1.33004182,-0.00332592,-0.97222966,0.00682465,11.71476968,-2.77350335,7.32442972,1.61683660,0.00000000
0.51413179,0.33167066,-0.08462801,-0.50544724,-1.33302066,-0.00332474,-0.97057361,0.00651209,11.74959661,-2.76199375,7.35222598,1.63537688,0.00000000
0.51370499,0.33280371,-0.08442549,-0.50544852,-1.33595874,-0.00332348,-0.96893932,0.00620175,11.78393800,-2.75059821,7.37964859,1.65369120,0.00000000
0.51328504,0.33392140,-0.08422514,-0.50545234,-1.33885602,-0.00332216,-0.96732682,0.00589375,11.81779384,-2.73931907,7.40669686,1.67177792,0.00000000
0.51287191,0.33502367,-0.08402699,-0.50545856,-1.34171244,-0.00332077,-0.96573619,0.00558818,11.85116419,-2.72815859,7.43337013,1.68963547,0.00000000
0.51246555,0.33611051,-0.08383108,-0.50546704,-1.34452797,-0.00331932,-0.96416745,0.00528515,11.88404914,-2.71711898,7.45966782,1.70726234,0.00000000
0.51206592,0.33718189,-0.08363745,-0.50547764,-1.34730258,-0.00331782,-0.96262066,0.00498475,11.91644886,-2.70620235,7.48558942,1.72465709,0.00000000
0.51167299,0.33823779,-0.08344614,-0.50549023,-1.35003622,-0.00331626,-0.96109586,0.00468708,11.94836358,-2.69541078,7.51113446,1.74181834,0.00000000
0.51128670,0.33927819,-0.08325717,-0.50550469,-1.35272890,-0.00331464,-0.95959307,0.00439223,11.97979355,-2.68474625,7.53630253,1.75874478,0.00000000
0.51090702,0.34030308,-0.08307058,-0.50552089,-1.35538058,-0.00331298,-0.95811235,0.00410029,12.01073914,-2.67421067,7.56109332,1.77543516,0.00000000
0.51053391,0.34131243,-0.08288640,-0.50553871,-1.35799127,-0.00331127,-0.95665371,0.00381136,12.04120074,-2.66380590,7.58550654,1.79188831,0.00000000
0.51016732,0.34230623,-0.08270467,-0.50555803,-1.36056096,-0.00330952,-0.95521720,0.00352551,12.07117883,-2.65353370,7.60954199,1.80810314,0.00000000
0.50980721,0.34328448,-0.08252540,-0.50557874,-1.36308966,-0.00330772,-0.95380282,0.00324282,12.10067392,-2.64339580,7.63319954,1.82407859,0.00000000
0.50945354,0.34424718,-0.08234862,-0.50560073,-1.36557738,-0.00330589,-0.95241061,0.00296338,12.12968664,-2.63339381,7.65647911,1.83981371,0.00000000
0.50910628,0.34519431,-0.08217437,-0.50562390,-1.36802414,-0.00330403,-0.95104058,0.00268727,12.15821765,-2.62352930,7.67938073,1.85530762,0.00000000
0.50876537,0.34612588,-0.08200266,-0.50564813,-1.37042997,-0.00330214,-0.94969274,0.00241455,12.18626768,-2.61380377,7.70190444,1.87055948,0.00000000
0.50843077,0.34704188,-0.08183351,-0.50567333,-1.37279490,-0.00330021,-0.94836710,0.00214529,12.21383757,-2.60421861,7.72405042,1.88556854,0.00000000
0.50810246,0.34794234,-0.08166696,-0.50569940,-1.37511898,-0.00329826,-0.94706367,0.00187957,12.24092819,-2.59477518,7.74581887,1.90033415,0.00000000
0.50778038,0.34882725,-0.08150301,-0.50572624,-1.37740226,-0.00329629,-0.94578245,0.00161745,12.26754052,-2.58547474,7.76721009,1.91485569,0.00000000
0.50746449,0.34969663,-0.08134170,-0.50575377,-1.37964478,-0.00329429,-0.94452344,0.00135899,12.29367560,-2.57631850,7.78822445,1.92913264,0.00000000
0.50715475,0.35055049,-0.08118303,-0.50578189,-1.38184663,-0.00329228,-0.94328662,0.00110425,12.31933455,-2.56730758,7.80886241,1.94316456,0.00000000
0.50685113,0.35138886,-0.08102702,-0.50581053,-1.38400787,-0.00329024,-0.94207199,0.00085330,12.34451856,-2.55844302,7.82912449,1.95695106,0.00000000
0.50655357,0.35221174,-0.08087368,-0.50583959,-1.38612859,-0.00328820,-0.94087953,0.00060617,12.36922894,-2.54972581,7.84901129,1.97049184,0.00000000
0.50626204,0.35301918,-0.08072304,-0.50586900,-1.38820887,-0.00328614,-0.93970921,0.00036294,12.39346705,-2.54115685,7.86852351,1.98378670,0.00000000
0.50597649,0.35381120,-0.08057510,-0.50589868,-1.39024882,-0.00328407,-0.93856101,0.00012363,12.41723434,-2.53273696,7.88766191,1.99683547,0.00000000
0.50569688,0.35458783,-0.08042987,-0.50592856,-1.39224854,-0.00328200,-0.93743491,-0.00011169,12.44053236,-2.52446692,7.90642734,2.00963809,0.00000000
0.50542317,0.35534911,-0.08028736,-0.50595856,-1.39420815,-0.00327991,-0.93633085,-0.00034300,12.46336273,-2.51634740,7.92482075,2.02219458,0.00000000
0.50515532,0.35609507,-0.08014758,-0.50598863,-1.39612777,-0.00327783,-0.93524881,-0.00057024,12.48572718,-2.50837901,7.94284315,2.03450502,0.00000000
0.50489327,0.35682577,-0.08001054,-0.50601868,-1.39800753,-0.00327574,-0.93418872,-0.00079338,12.50762751,-2.50056230,7.96049564,2.04656958,0.00000000
0.50463700,0.35754124,-0.07987625,-0.50604867,-1.39984759,-0.00327365,-0.93315055,-0.00101239,12.52906564,-2.49289773,7.97777942,2.05838850,0.00000000
0.50438645,0.35824154,-0.07974470,-0.50607852,-1.40164808,-0.00327156,-0.93213422,-0.00122722,12.55004357,-2.48538570,7.99469576,2.06996210,0.00000000
0.50414157,0.35892672,-0.07961590,-0.50610819,-1.40340917,-0.00326947,-0.93113969,-0.00143786,12.57056338,-2.47802654,8.01124605,2.08129080,0.00000000
0.50390233,0.35959684,-0.07948986,-0.50613761,-1.40513104,-0.00326739,-0.93016687,-0.00164428,12.59062727,-2.47082048,8.02743173,2.09237506,0.00000000
0.50366868,0.36025196,-0.07936657,-0.50616672,-1.40681385,-0.00326531,-0.92921569,-0.00184645,12.61023754,-2.46376772,8.04325435,2.10321547,0.00000000
0.50344057,0.36089215,-0.07924604,-0.50619549,-1.40845780,-0.00326323,-0.92828608,-0.00204435,12.62939657,-2.45686836,8.05871556,2.11381266,0.00000000
0.50321795,0.36151747,-0.07912825,-0.50622386,-1.41006309,-0.00326117,-0.92737794,-0.00223796,12.64810686,-2.45012244,8.07381708,2.12416734,0.00000000
0.50300078,0.36212801,-0.07901322,-0.50625178,-1.41162993,-0.00325911,-0.92649118,-0.00242727,12.66637101,-2.44352992,8.08856075,2.13428034,0.00000000
0.50278900,0.36272383,-0.07890093,-0.50627920,-1.41315853,-0.00325706,-0.92562569,-0.00261226,12.68419171,-2.43709071,8.10294848,2.14415252,0.00000000
0.50258258,0.36330502,-0.07879138,-0.50630609,-1.41464911,-0.00325502,-0.92478139,-0.00279291,12.70157177,-2.43080464,8.11698228,2.15378486,0.00000000
0.50238145,0.36387166,-0.07868456,-0.50633240,-1.41610193,-0.00325300,-0.92395814,-0.00296923,12.71851410,-2.42467145,8.13066426,2.16317839,0.00000000
0.50218558,0.36442385,-0.07858047,-0.50635810,-1.41751723,-0.00325098,-0.92315585,-0.00314120,12.73502173,-2.41869085,8.14399663,2.17233425,0.00000000
0.50199490,0.36496167,-0.07847910,-0.50638313,-1.41889525,-0.00324898,-0.92237437,-0.00330882,12.75109779,-2.41286246,8.15698169,2.18125364,0.00000000
0.50180937,0.36548523,-0.07838044,-0.50640748,-1.42023629,-0.00324699,-0.92161357,-0.00347209,12.76674551,-2.40718583,8.16962184,2.18993784,0.00000000
0.50162893,0.36599462,-0.07828447,-0.50643110,-1.42154060,-0.00324501,-0.92087333,-0.00363101,12.78196824,-2.40166045,8.18191957,2.19838822,0.00000000
0.50145353,0.36648995,-0.07819118,-0.50645396,-1.42280848,-0.00324304,-0.92015349,-0.00378558,12.79676947,-2.39628573,8.19387749,2.20660624,0.00000000
0.50128312,0.36697134,-0.07810057,-0.50647602,-1.42404023,-0.00324108,-0.91945391,-0.00393581,12.81115275,-2.39106105,8.20549829,2.21459341,0.00000000
0.50111763,0.36743889,-0.07801262,-0.50649727,-1.42523616,-0.00323914,-0.91877442,-0.00408170,12.82512179,-2.38598568,8.21678476,2.22235135,0.00000000
0.50095702,0.36789273,-0.07792731,-0.50651766,-1.42639659,-0.00323721,-0.91811486,-0.00422327,12.83868040,-2.38105885,8.22773980,2.22988175,0.00000000
0.50080123,0.36833297,-0.07784463,-0.50653717,-1.42752185,-0.00323530,-0.91747505,-0.00436052,12.85183250,-2.37627972,8.23836641,2.23718637,0.00000000
0.50065019,0.36875975,-0.07776456,-0.50655578,-1.42861228,-0.00323339,-0.91685483,-0.00449347,12.86458215,-2.37164739,8.24866769,2.24426707,0.00000000
0.50050386,0.36917319,-0.07768708,-0.50657345,-1.42966824,-0.00323150,-0.91625400,-0.00462214,12.87693350,-2.36716090,8.25864684,2.25112577,0.00000000
0.50036216,0.36957343,-0.07761217,-0.50659016,-1.43069009,-0.00322961,-0.91567237,-0.00474654,12.88889085,-2.36281921,8.26830716,2.25776448,0.00000000
0.50022503,0.36996061,-0.07753982,-0.50660589,-1.43167820,-0.00322774,-0.91510973,-0.00486669,12.90045859,-2.35862125,8.27765206,2.26418528,0.00000000
0.50009242,0.37033488,-0.07747000,-0.50662062,-1.43263296,-0.00322587,-0.91456589,-0.00498262,12.91164127,-2.35456585,8.28668506,2.27039036,0.00000000
0.49996426,0.37069638,-0.07740269,-0.50663431,-1.43355476,-0.00322401,-0.91404063,-0.00509435,12.92244352,-2.35065181,8.29540976,2.27638195,0.00000000
0.49984049,0.37104526,-0.07733787,-0.50664695,-1.43444402,-0.00322215,-0.91353372,-0.00520190,12.93287014,-2.34687787,8.30382989,2.28216238,0.00000000
0.49972103,0.37138169,-0.07727552,-0.50665852,-1.43530114,-0.00322030,-0.91304493,-0.00530530,12.94292601,-2.34324269,8.31194927,2.28773405,0.00000000
0.49960582,0.37170583,-0.07721560,-0.50666900,-1.43612657,-0.00321846,-0.91257404,-0.00540458,12.95261617,-2.33974489,8.31977184,2.29309944,0.00000000
0.49949479,0.37201783,-0.07715811,-0.50667836,-1.43692075,-0.00321661,-0.91212079,-0.00549977,12.96194577,-2.33638303,8.32730162,2.29826113,0.00000000
0.49938787,0.37231788,-0.07710300,-0.50668658,-1.43768412,-0.00321476,-0.91168494,-0.00559091,12.97092008,-2.33315560,8.33454275,2.30322173,0.00000000
0.49928500,0.37260615,-0.07705025,-0.50669365,-1.43841715,-0.00321291,-0.91126622,-0.00567802,12.97954453,-2.33006107,8.34149949,2.30798397,0.00000000
0.49918608,0.37288281,-0.07699984,-0.50669953,-1.43912031,-0.00321105,-0.91086437,-0.00576114,12.98782464,-2.32709780,8.34817620,2.31255064,0.00000000
0.49909106,0.37314805,-0.07695173,-0.50670422,-1.43979410,-0.00320918,-0.91047912,-0.00584031,12.99576609,-2.32426416,8.35457732,2.31692462,0.00000000
0.49899986,0.37340206,-0.07690590,-0.50670770,-1.44043900,-0.00320730,-0.91011018,-0.00591557,13.00337467,-2.32155841,8.36070743,2.32110884,0.00000000
0.49891239,0.37364504,-0.07686232,-0.50670993,-1.44105554,-0.00320541,-0.90975727,-0.00598696,13.01065631,-2.31897879,8.36657120,2.32510632,0.00000000
0.49882859,0.37387717,-0.07682096,-0.50671090,-1.44164423,-0.00320349,-0.90942009,-0.00605451,13.01761707,-2.31652349,8.37217341,2.32892017,0.00000000
0.49874836,0.37409867,-0.07678178,-0.50671059,-1.44220560,-0.00320156,-0.90909833,-0.00611827,13.02426314,-2.31419062,8.37751896,2.33255356,0.00000000
0.49867163,0.37430973,-0.07674476,-0.50670898,-1.44274021,-0.00319960,-0.90879170,-0.00617829,13.03060085,-2.31197828,8.38261284,2.33600972,0.00000000
0.49859831,0.37451057,-0.07670986,-0.50670604,-1.44324860,-0.00319762,-0.90849986,-0.00623460,13.03663666,-2.30988450,8.38746016,2.33929200,0.00000000
0.49852833,0.37470141,-0.07667705,-0.50670175,-1.44373134,-0.00319560,-0.90822249,-0.00628726,13.04237715,-2.30790724,8.39206614,2.34240378,0.00000000
0.49846158,0.37488246,-0.07664629,-0.50669610,-1.44418902,-0.00319355,-0.90795926,-0.00633631,13.04782907,-2.30604446,8.39643609,2.34534852,0.00000000
0.49839799,0.37505395,-0.07661755,-0.50668905,-1.44462222,-0.00319145,-0.90770982,-0.00638180,13.05299927,-2.30429404,8.40057544,2.34812978,0.00000000
0.49833747,0.37521611,-0.07659079,-0.50668058,-1.44503156,-0.00318931,-0.90747383,-0.00642377,13.05789475,-2.30265382,8.40448975,2.35075118,0.00000000
0.49827991,0.37536917,-0.07656599,-0.50667066,-1.44541763,-0.00318711,-0.90725093,-0.00646228,13.06252264,-2.30112161,8.40818465,2.35321639,0.00000000
0.49822523,0.37551337,-0.07654309,-0.50665928,-1.44578108,-0.00318487,-0.90704076,-0.00649738,13.06689023,-2.29969515,8.41166590,2.35552918,0.00000000
0.49817334,0.37564895,-0.07652207,-0.50664639,-1.44612254,-0.00318255,-0.90684293,-0.00652912,13.07100491,-2.29837215,8.41493938,2.35769338,0.00000000
0.49812414,0.37577616,-0.07650289,-0.50663197,-1.44644266,-0.00318018,-0.90665709,-0.00655754,13.07487424,-2.29715028,8.41801106,2.35971290,0.00000000
0.49807752,0.37589526,-0.07648551,-0.50661600,-1.44674211,-0.00317773,-0.90648282,-0.00658272,13.07850590,-2.29602718,8.42088702,2.36159170,0.00000000
0.49803339,0.37600649,-0.07646990,-0.50659844,-1.44702155,-0.00317520,-0.90631975,-0.00660469,13.08190773,-2.29500042,8.42357346,2.36333385,0.00000000
0.49799164,0.37611012,-0.07645600,-0.50657926,-1.44728168,-0.00317258,-0.90616747,-0.00662351,13.08508768,-2.29406754,8.42607669,2.36494344,0.00000000
0.49795218,0.37620641,-0.07644379,-0.50655843,-1.44752320,-0.00316987,-0.90602557,-0.00663923,13.08805386,-2.29322606,8.42840312,2.36642468,0.00000000
0.49791489,0.37629564,-0.07643323,-0.50653590,-1.44774681,-0.00316706,-0.90589362,-0.00665192,13.09081452,-2.29247344,8.43055928,2.36778180,0.00000000
0.49787966,0.37637808,-0.07642427,-0.50651165,-1.44795323,-0.00316415,-0.90577121,-0.00666163,13.09337804,-2.29180710,8.43255180,2.36901914,0.00000000
0.49784639,0.37645401,-0.07641687,-0.50648563,-1.44814321,-0.00316112,-0.90565790,-0.00666841,13.09575295,-2.29122444,8.43438743,2.37014108,0.00000000
0.49781497,0.37652370,-0.07641099,-0.50645781,-1.44831750,-0.00315798,-0.90555324,-0.00667232,13.09794793,-2.29072281,8.43607302,2.37115210,0.00000000
0.49778528,0.37658746,-0.07640659,-0.50642814,-1.44847683,-0.00315470,-0.90545680,-0.00667342,13.09997178,-2.29029953,8.43761554,2.37205671,0.00000000
0.49775720,0.37664557,-0.07640364,-0.50639659,-1.44862200,-0.00315129,-0.90536811,-0.00667176,13.10183346,-2.28995189,8.43902206,2.37285951,0.00000000
0.49773062,0.37669834,-0.07640208,-0.50636310,-1.44875379,-0.00314773,-0.90528671,-0.00666741,13.10354208,-2.28967712,8.44029978,2.37356518,0.00000000
0.49770541,0.37674605,-0.07640187,-0.50632762,-1.44887298,-0.00314401,-0.90521212,-0.00666041,13.10510687,-2.28947245,8.44145599,2.37417843,0.00000000
0.49768146,0.37678903,-0.07640298,-0.50629012,-1.44898039,-0.00314014,-0.90514387,-0.00665083,13.10653723,-2.28933505,8.44249811,2.37470407,0.00000000
0.49765864,0.37682757,-0.07640535,-0.50625053,-1.44907684,-0.00313609,-0.90508147,-0.00663873,13.10784268,-2.28926207,8.44343365,2.37514696,0.00000000
0.49763683,0.37686201,-0.07640894,-0.50620881,-1.44916315,-0.00313187,-0.90502442,-0.00662416,13.10903292,-2.28925064,8.44427024,2.37551204,0.00000000
0.49761589,0.37689265,-0.07641372,-0.50616489,-1.44924018,-0.00312746,-0.90497221,-0.00660718,13.11011775,-2.28929782,8.44501564,2.37580429,0.00000000
0.49759570,0.37691982,-0.07641964,-0.50611873,-1.44930878,-0.00312285,-0.90492435,-0.00658785,13.11110716,-2.28940067,8.44567770,2.37602879,0.00000000
0.49757611,0.37694386,-0.07642664,-0.50607025,-1.44936982,-0.00311803,-0.90488029,-0.00656623,13.11201127,-2.28955622,8.44626438,2.37619067,0.00000000
0.49755701,0.37696509,-0.07643469,-0.50601941,-1.44942417,-0.00311300,-0.90483953,-0.00654237,13.11284034,-2.28976146,8.44678377,2.37629511,0.00000000
0.49753825,0.37698386,-0.07644374,-0.50596613,-1.44947275,-0.00310774,-0.90480151,-0.00651634,13.11360478,-2.29001335,8.44724406,2.37634737,0.00000000
0.49751969,0.37700051,-0.07645376,-0.50591034,-1.44951644,-0.00310225,-0.90476571,-0.00648819,13.11431517,-2.29030881,8.44765357,2.37635279,0.00000000
0.49750119,0.37701539,-0.07646468,-0.50585198,-1.44955617,-0.00309652,-0.90473156,-0.00645798,13.11498222,-2.29064476,8.44802070,2.37631676,0.00000000
0.49748260,0.37702885,-0.07647646,-0.50579098,-1.44959287,-0.00309053,-0.90469851,-0.00642576,13.11561680,-2.29101806,8.44835401,2.37624473,0.00000000
0.49746379,0.37704125,-0.07648907,-0.50572726,-1.44962749,-0.00308429,-0.90466598,-0.00639160,13.11622992,-2.29142557,8.44866213,2.37614222,0.00000000
0.49744459,0.37705296,-0.07650245,-0.50566074,-1.44966097,-0.00307778,-0.90463341,-0.00635555,13.11683275,-2.29186410,8.44895383,2.37601482,0.00000000
0.49742487,0.37706433,-0.07651655,-0.50559134,-1.44969430,-0.00307099,-0.90460019,-0.00631767,13.11743662,-2.29233043,8.44923800,2.37586818,0.00000000
0.49740447,0.37707575,-0.07653134,-0.50551897,-1.44972844,-0.00306391,-0.90456575,-0.00627800,13.11805299,-2.29282134,8.44952362,2.37570803,0.00000000
0.49738331,0.37708741,-0.07654677,-0.50544365,-1.44976770,-0.00305642,-0.90452624,-0.00623662,13.11868779,-2.29333472,8.44981546,2.37553761,0.00000000
0.49736166,0.37709881,-0.07656286,-0.50536569,-1.44982917,-0.00304791,-0.90446523,-0.00619356,13.11932461,-2.29387304,8.45010131,2.37535026,0.00000000
0.49733984,0.37710929,-0.07657962,-0.50528548,-1.44993215,-0.00303767,-0.90436415,-0.00614889,13.11994256,-2.29443969,8.45036553,2.37513734,0.00000000
0.49731815,0.37711827,-0.07659707,-0.50520339,-1.45009467,-0.00302505,-0.90420563,-0.00610265,13.12052213,-2.29503780,8.45059354,2.37489080,0.00000000
0.49729688,0.37712517,-0.07661523,-0.50511977,-1.45033358,-0.00300945,-0.90397341,-0.00605489,13.12104521,-2.29567023,8.45077181,2.37460317,0.00000000
0.49727629,0.37712949,-0.07663411,-0.50503494,-1.45066458,-0.00299030,-0.90365241,-0.00600566,13.12149515,-2.29633959,8.45088790,2.37426765,0.00000000
0.49725661,0.37713076,-0.07665372,-0.50494920,-1.45110220,-0.00296704,-0.90322862,-0.00595500,13.12185682,-2.29704816,8.45093057,2.37387810,0.00000000
0.49723806,0.37712857,-0.07667407,-0.50486283,-1.45165985,-0.00293918,-0.90268916,-0.00590298,13.12211673,-2.29779792,8.45088976,2.37342905,0.00000000
0.49722082,0.37712255,-0.07669516,-0.50477609,-1.45234986,-0.00290623,-0.90202218,-0.00584964,13.12226309,-2.29859053,8.45075673,2.37291583,0.00000000
0.49720507,0.37711240,-0.07671699,-0.50468919,-1.45318348,-0.00286776,-0.90121688,-0.00579502,13.12228586,-2.29942730,8.45052408,2.37233448,0.00000000
0.49719092,0.37709787,-0.07673956,-0.50460232,-1.45417092,-0.00282333,-0.90026351,-0.00573917,13.12217691,-2.30030919,8.45018581,2.37168191,0.00000000
0.49717849,0.37707879,-0.07676287,-0.50451566,-1.45532135,-0.00277254,-0.89915329,-0.00568214,13.12193000,-2.30123675,8.44973740,2.37095585,0.00000000
0.49716785,0.37705501,-0.07678690,-0.50442934,-1.45664297,-0.00271501,-0.89787841,-0.00562398,13.12154090,-2.30221018,8.44917583,2.37015489,0.00000000
0.49715905,0.37702648,-0.07681165,-0.50434346,-1.45814299,-0.00265037,-0.89643205,-0.00556473,13.12100742,-2.30322926,8.44849963,2.36927853,0.00000000
0.49715209,0.37699321,-0.07683708,-0.50425810,-1.45982769,-0.00257827,-0.89480827,-0.00550443,13.12032942,-2.30429337,8.44770889,2.36832716,0.00000000
0.49714697,0.37695527,-0.07686320,-0.50417329,-1.46170242,-0.00249839,-0.89300206,-0.00544314,13.11950889,-2.30540147,8.44680530,2.36730212,0.00000000
0.49714363,0.37691279,-0.07688996,-0.50408905,-1.46377164,-0.00241042,-0.89100928,-0.00538090,13.11854985,-2.30655211,8.44579212,2.36620562,0.00000000
0.49714199,0.37686597,-0.07691735,-0.50400536,-1.46603894,-0.00231405,-0.88882665,-0.00531775,13.11745844,-2.30774343,8.44467419,2.36504082,0.00000000
0.49714195,0.37681507,-0.07694533,-0.50392215,-1.46850707,-0.00220901,-0.88645170,-0.00525374,13.11624279,-2.30897319,8.44345788,2.36381173,0.00000000
0.49714337,0.37676043,-0.07697387,-0.50383935,-1.47117796,-0.00209506,-0.88388275,-0.00518890,13.11491304,-2.31023872,8.44215106,2.36252327,0.00000000
0.49714607,0.37670242,-0.07700292,-0.50375684,-1.47405275,-0.00197196,-0.88111891,-0.00512328,13.11348121,-2.31153699,8.44076305,2.36118117,0.00000000
0.49714987,0.37664149,-0.07703244,-0.50367449,-1.47713182,-0.00183951,-0.87816000,-0.00505693,13.11196116,-2.31286461,8.43930457,2.35979198,0.00000000
0.49715454,0.37657814,-0.07706239,-0.50359212,-1.48041481,-0.00169754,-0.87500656,-0.00498987,13.11036843,-2.31421785,8.43778761,2.35836298,0.00000000
0.49715985,0.37651291,-0.07709272,-0.50350955,-1.48390063,-0.00154591,-0.87165983,-0.00492217,13.10872019,-2.31559264,8.43622537,2.35690218,0.00000000
0.49716552,0.37644640,-0.07712338,-0.50342657,-1.48758752,-0.00138454,-0.86812166,-0.00485385,13.10703501,-2.31698465,8.43463217,2.35541819,0.00000000
0.49717128,0.37637923,-0.07715430,-0.50334294,-1.49147306,-0.00121336,-0.86439454,-0.00478495,13.10533283,-2.31838928,8.43302330,2.35392024,0.00000000
0.49717682,0.37631208,-0.07718545,-0.50325841,-1.49555418,-0.00103238,-0.86048155,-0.00471552,13.10363467,-2.31980168,8.43141495,2.35241804,0.00000000
0.49718182,0.37624564,-0.07721675,-0.50317272,-1.49982721,-0.00084164,-0.85638630,-0.00464559,13.10196257,-2.32121682,8.42982402,2.35092172,0.00000000
0.49718597,0.37618064,-0.07724815,-0.50308559,-1.50428789,-0.00064127,-0.85211297,-0.00457520,13.10033933,-2.32262952,8.42826802,2.34944179,0.00000000
0.49718892,0.37611783,-0.07727958,-0.50299672,-1.50893140,-0.00043142,-0.84766619,-0.00450439,13.09878839,-2.32403446,8.42676493,2.34798900,0.00000000
0.49719034,0.37605795,-0.07731099,-0.50290584,-1.51375239,-0.00021234,-0.84305108,-0.00443320,13.09733356,-2.32542624,8.42533303,2.34657429,0.00000000
0.49718987,0.37600178,-0.07734231,-0.50281263,-1.51874501,0.00001565,-0.83827320,-0.00436165,13.09599892,-2.32679942,8.42399078,2.34520871,0.00000000
0.49718717,0.37595007,-0.07737348,-0.50271680,-1.52390292,0.00025217,-0.83333850,-0.00428979,13.09480851,-2.32814854,8.42275665,2.34390332,0.00000000
0.49718190,0.37590359,-0.07740443,-0.50261804,-1.52921932,0.00049676,-0.82825333,-0.00421766,13.09378624,-2.32946820,8.42164897,2.34266908,0.00000000
0.49717373,0.37586307,-0.07743511,-0.50251608,-1.53468698,0.00074888,-0.82302437,-0.00414528,13.09295562,-2.33075305,8.42068577,2.34151679,0.00000000
0.49716231,0.37582925,-0.07746545,-0.50241062,-1.54029828,0.00100791,-0.81765865,-0.00407269,13.09233956,-2.33199786,8.41988468,2.34045702,0.00000000
0.49714734,0.37580283,-0.07749540,-0.50230138,-1.54604520,0.00127316,-0.81216349,-0.00399993,13.09196026,-2.33319756,8.41926271,2.33949999,0.00000000
0.49712851,0.37578449,-0.07752489,-0.50218812,-1.55191939,0.00154387,-0.80654650,-0.00392702,13.09183891,-2.33434725,8.41883618,2.33865548,0.00000000
0.49710554,0.37577486,-0.07755387,-0.50207057,-1.55791214,0.00181920,-0.80081553,-0.00385400,13.09199561,-2.33544229,8.41862051,2.33793281,0.00000000
0.49707816,0.37577455,-0.07758230,-0.50194852,-1.56401449,0.00209826,-0.79497869,-0.00378090,13.09244913,-2.33647825,8.41863018,2.33734070,0.00000000
0.49704613,0.37578409,-0.07761011,-0.50182177,-1.57021717,0.00238009,-0.78904428,-0.00370775,13.09321679,-2.33745104,8.41887851,2.33688724,0.00000000
0.49700921,0.37580400,-0.07763727,-0.50169012,-1.57651066,0.00266371,-0.78302083,-0.00363458,13.09431429,-2.33835687,8.41937763,2.33657979,0.00000000
0.49696723,0.37583473,-0.07766373,-0.50155342,-1.58288526,0.00294806,-0.77691701,-0.00356142,13.09575557,-2.33919230,8.42013832,2.33642495,0.00000000
0.49692001,0.37587665,-0.07768946,-0.50141155,-1.58933103,0.00323209,-0.77074170,-0.00348831,13.09755269,-2.33995428,8.42116992,2.33642849,0.00000000
0.49686741,0.37593009,-0.07771441,-0.50126439,-1.59583790,0.00351471,-0.76450390,-0.00341526,13.09971571,-2.34064016,8.42248027,2.33659528,0.00000000
0.49680932,0.37599530,-0.07773856,-0.50111189,-1.60239564,0.00379484,-0.75821274,-0.00334231,13.10225261,-2.34124771,8.42407561,2.33692928,0.00000000
0.49674568,0.37607249,-0.07776189,-0.50095400,-1.60899393,0.00407140,-0.75187749,-0.00326948,13.10516915,-2.34177516,8.42596051,2.33743348,0.00000000
0.49667644,0.37616177,-0.07778437,-0.50079072,-1.61562235,0.00434335,-0.74550752,-0.00319680,13.10846888,-2.34222118,8.42813785,2.33810986,0.00000000
0.49660160,0.37626318,-0.07780598,-0.50062206,-1.62227043,0.00460965,-0.73911228,-0.00312430,13.11215303,-2.34258491,8.43060873,2.33895939,0.00000000
0.49652118,0.37637669,-0.07782672,-0.50044810,-1.62892765,0.00486934,-0.73270132,-0.00305200,13.11622046,-2.34286599,8.43337248,2.33998200,0.00000000
0.49643524,0.37650222,-0.07784658,-0.50026892,-1.63558352,0.00512151,-0.72628422,-0.00297993,13.12066771,-2.34306454,8.43642662,2.34117655,0.00000000
0.49634388,0.37663956,-0.07786556,-0.50008466,-1.64222754,0.00536530,-0.71987065,-0.00290811,13.12548891,-2.34318117,8.43976689,2.34254085,0.00000000
0.49624724,0.37678849,-0.07788366,-0.49989548,-1.64884926,0.00559996,-0.71347029,-0.00283656,13.13067587,-2.34321698,8.44338721,2.34407168,0.00000000
0.49614548,0.37694867,-0.07790090,-0.49970156,-1.65543832,0.00582480,-0.70709283,-0.00276531,13.13621803,-2.34317357,8.44727972,2.34576474,0.00000000
0.49603879,0.37711971,-0.07791728,-0.49950315,-1.66198441,0.00603925,-0.70074799,-0.00269439,13.14210259,-2.34305301,8.45143485,2.34761473,0.00000000
0.49592741,0.37730114,-0.07793283,-0.49930050,-1.66847739,0.00624281,-0.69444544,-0.00262380,13.14831451,-2.34285785,8.45584130,2.34961536,0.00000000
0.49581161,0.37749243,-0.07794757,-0.49909390,-1.67490722,0.00643509,-0.68819484,-0.00255358,13.15483661,-2.34259111,8.46048616,2.35175934,0.00000000
0.49569167,0.37769298,-0.07796153,-0.49888367,-1.68126404,0.00661583,-0.68200576,-0.00248375,13.16164967,-2.34225623,8.46535495,2.35403849,0.00000000
0.49556792,0.37790213,-0.07797475,-0.49867015,-1.68753816,0.00678484,-0.67588773,-0.00241432,13.16873254,-2.34185709,8.47043172,2.35644373,0.00000000
0.49544070,0.37811916,-0.07798725,-0.49845372,-1.69372012,0.00694205,-0.66985013,-0.00234531,13.17606225,-2.34139796,8.47569911,2.35896518,0.00000000
0.49531038,0.37834331,-0.07799909,-0.49823478,-1.69980067,0.00708748,-0.66390225,-0.00227675,13.18361419,-2.34088350,8.48113852,2.36159218,0.00000000
0.49517735,0.37857376,-0.07801031,-0.49801374,-1.70577080,0.00722125,-0.65805320,-0.00220865,13.19136222,-2.34031870,8.48673015,2.36431336,0.00000000
0.49504204,0.37880964,-0.07802095,-0.49779103,-1.71162180,0.00734355,-0.65231190,-0.00214103,13.19927885,-2.33970888,8.49245320,2.36711677,0.00000000
0.49490485,0.37905007,-0.07803107,-0.49756710,-1.71734524,0.00745467,-0.64668709,-0.00207391,13.20733545,-2.33905961,8.49828597,2.36998988,0.00000000
0.49476624,0.37929411,-0.07804072,-0.49734242,-1.72293298,0.00755496,-0.64118723,-0.00200730,13.21550241,-2.33837672,8.50420598,2.37291971,0.00000000
0.49462666,0.37954081,-0.07804995,-0.49711745,-1.72837725,0.00764484,-0.63582052,-0.00194123,13.22374934,-2.33766624,8.51019018,2.37589292,0.00000000
0.49448656,0.37978920,-0.07805883,-0.49689269,-1.73367062,0.00772477,-0.63059487,-0.00187570,13.23204530,-2.33693435,8.51621508,2.37889588,0.00000000
0.49434641,0.38003829,-0.07806741,-0.49666861,-1.73880605,0.00779526,-0.62551782,-0.00181073,13.24035901,-2.33618734,8.52225690,2.38191477,0.00000000
0.49420668,0.38028710,-0.07807575,-0.49644569,-1.74377691,0.00785687,-0.62059656,-0.00174634,13.24865906,-2.33543156,8.52829177,2.38493572,0.00000000
0.49406782,0.38053465,-0.07808391,-0.49622442,-1.74857699,0.00791017,-0.61583787,-0.00168254,13.25691415,-2.33467341,8.53429590,2.38794485,0.00000000
0.49393029,0.38077996,-0.07809195,-0.49600527,-1.75320055,0.00795574,-0.61124811,-0.00161935,13.26509333,-2.33391920,8.54024571,2.39092842,0.00000000
0.49379454,0.38102208,-0.07809994,-0.49578871,-1.75764231,0.00799419,-0.60683312,-0.00155678,13.27316623,-2.33317522,8.54611809,2.39387291,0.00000000
0.49366101,0.38126007,-0.07810792,-0.49557518,-1.76189750,0.00802612,-0.60259829,-0.00149483,13.28110325,-2.33244758,8.55189051,2.39676515,0.00000000
0.49353012,0.38149303,-0.07811595,-0.49536512,-1.76596192,0.00805211,-0.59854843,-0.00143353,13.28887585,-2.33174224,8.55754122,2.39959239,0.00000000
0.49340226,0.38172011,-0.07812409,-0.49515895,-1.76983188,0.00807276,-0.59468780,-0.00137288,13.29645675,-2.33106491,8.56304942,2.40234243,0.00000000
0.49327781,0.38194049,-0.07813239,-0.49495705,-1.77350432,0.00808862,-0.59102002,-0.00131290,13.30382015,-2.33042101,8.56839542,2.40500372,0.00000000
0.49315712,0.38215342,-0.07814089,-0.49475980,-1.77697677,0.00810024,-0.58754811,-0.00125359,13.31094191,-2.32981566,8.57356083,2.40756542,0.00000000
0.49304053,0.38235818,-0.07814965,-0.49456753,-1.78024742,0.00810812,-0.58427440,-0.00119497,13.31779983,-2.32925358,8.57852868,2.41001757,0.00000000
0.49292832,0.38255414,-0.07815869,-0.49438054,-1.78331515,0.00811277,-0.58120049,-0.00113705,13.32437375,-2.32873907,8.58328360,2.41235107,0.00000000
0.49282075,0.38274075,-0.07816806,-0.49419912,-1.78617952,0.00811461,-0.57832729,-0.00107983,13.33064581,-2.32827600,8.58781193,2.41455788,0.00000000
0.49271805,0.38291750,-0.07817779,-0.49402349,-1.78884083,0.00811409,-0.57565490,-0.00102333,13.33660056,-2.32786769,8.59210186,2.41663100,0.00000000
0.49262040,0.38308400,-0.07818791,-0.49385386,-1.79130015,0.00811157,-0.57318264,-0.00096755,13.34222511,-2.32751697,8.59614354,2.41856460,0.00000000
0.49252796,0.38323992,-0.07819843,-0.49369037,-1.79355934,0.00810742,-0.57090900,-0.00091249,13.34750932,-2.32722609,8.59992918,2.42035404,0.00000000
0.49244082,0.38338502,-0.07820936,-0.49353315,-1.79562108,0.00810192,-0.56883162,-0.00085818,13.35244582,-2.32699669,8.60345315,2.42199597,0.00000000
0.49235906,0.38351918,-0.07822073,-0.49338226,-1.79748889,0.00809538,-0.56694725,-0.00080461,13.35703019,-2.32682982,8.60671205,2.42348833,0.00000000
0.49228268,0.38364233,-0.07823253,-0.49323774,-1.79916718,0.00808801,-0.56525172,-0.00075179,13.36126100,-2.32672587,8.60970474,2.42483040,0.00000000
0.49221167,0.38375453,-0.07824475,-0.49309956,-1.80066126,0.00808004,-0.56373994,-0.00069973,13.36513986,-2.32668459,8.61243242,2.42602284,0.00000000
0.49214595,0.38385593,-0.07825740,-0.49296767,-1.80197737,0.00807164,-0.56240584,-0.00064843,13.36867146,-2.32670507,8.61489867,2.42706772,0.00000000
0.49208540,0.38394677,-0.07827044,-0.49284195,-1.80312271,0.00806296,-0.56124237,-0.00059790,13.37186360,-2.32678572,8.61710940,2.42796848,0.00000000
0.49202988,0.38402740,-0.07828387,-0.49272225,-1.80410546,0.00805412,-0.56024147,-0.00054814,13.37472719,-2.32692429,8.61907293,2.42872997,0.00000000
0.49197917,0.38409826,-0.07829765,-0.49260837,-1.80493480,0.00804521,-0.55939406,-0.00049916,13.37727623,-2.32711786,8.62079991,2.42935846,0.00000000
0.49193302,0.38415987,-0.07831174,-0.49250007,-1.80562098,0.00803631,-0.55868997,-0.00045096,13.37952776,-2.32736284,8.62230335,2.42986157,0.00000000
0.49189114,0.38421289,-0.07832610,-0.49239706,-1.80617526,0.00802748,-0.55811798,-0.00040354,13.38150186,-2.32765500,8.62359855,2.43024830,0.00000000
0.49185319,0.38425803,-0.07834069,-0.49229899,-1.80661003,0.00801874,-0.55766575,-0.00035692,13.38322154,-2.32798946,8.62470309,2.43052899,0.00000000
0.49181880,0.38429611,-0.07835544,-0.49220551,-1.80693877,0.00801013,-0.55731983,-0.00031108,13.38471274,-2.32836069,8.62563675,2.43071530,0.00000000
0.49178754,0.38432804,-0.07837031,-0.49211619,-1.80717607,0.00800167,-0.55706564,-0.00026604,13.38600421,-2.32876256,8.62642148,2.43082016,0.00000000
0.49175896,0.38435482,-0.07838521,-0.49203057,-1.80733770,0.00799335,-0.55688741,-0.00022179,13.38712747,-2.32918834,8.62708137,2.43085777,0.00000000
0.49173254,0.38437752,-0.07840009,-0.49194816,-1.80744063,0.00798519,-0.55676819,-0.00017834,13.38811678,-2.32963070,8.62764254,2.43084354,0.00000000
0.49170777,0.38439732,-0.07841486,-0.49186842,-1.80750298,0.00797718,-0.55668985,-0.00013569,13.38900902,-2.33008173,8.62813319,2.43079410,0.00000000
0.49168406,0.38441546,-0.07842943,-0.49179078,-1.80754414,0.00796933,-0.55663301,-0.00009384,13.38984375,-2.33053293,8.62858352,2.43072729,0.00000000
0.49166090,0.38443304,-0.07844374,-0.49171473,-1.80758116,0.00796164,-0.55658062,-0.00005279,13.39065576,-2.33097684,8.62902012,2.43065879,1.00000000
0.49163819,0.38445028,-0.07845777,-0.49164017,-1.80761750,0.00795410,-0.55652921,-0.00001254,13.39145218,-2.33141192,8.62944843,2.43059183,1.00000000
0.49161593,0.38446720,-0.07847151,-0.49156710,-1.80765318,0.00794672,-0.55647877,0.00002691,13.39223300,-2.33183818,8.62986843,2.43052639,1.00000000
0.49159413,0.38448377,-0.07848497,-0.49149551,-1.80768819,0.00793950,-0.55642931,0.00006556,13.39299821,-2.33225562,8.63028014,2.43046246,1.00000000
0.49157277,0.38450002,-0.07849815,-0.49142541,-1.80772254,0.00793244,-0.55638082,0.00010341,13.39374784,-2.33266425,8.63068354,2.43040005,1.00000000
0.49155186,0.38451592,-0.07851105,-0.49135679,-1.80775621,0.00792553,-0.55633330,0.00014046,13.39448187,-2.33306410,8.63107864,2.43033914,1.00000000
0.49153140,0.38453150,-0.07852367,-0.49128965,-1.80778922,0.00791878,-0.55628676,0.00017671,13.39520034,-2.33345518,8.63146544,2.43027972,1.00000000
0.49151139,0.38454674,-0.07853600,-0.49122399,-1.80782155,0.00791218,-0.55624119,0.00021217,13.39590327,-2.33383750,8.63184397,2.43022180,1.00000000
0.49149182,0.38456165,-0.07854806,-0.49115981,-1.80785322,0.00790573,-0.55619659,0.00024683,13.39659067,-2.33421110,8.63221422,2.43016535,1.00000000
0.49147271,0.38457623,-0.07855984,-0.49109710,-1.80788422,0.00789944,-0.55615297,0.00028070,13.39726259,-2.33457601,8.63257622,2.43011037,1.00000000
0.49145403,0.38459047,-0.07857134,-0.49103586,-1.80791455,0.00789329,-0.55611031,0.00031378,13.39791907,-2.33493224,8.63292998,2.43005685,1.00000000
0.49143580,0.38460438,-0.07858257,-0.49097608,-1.80794422,0.00788730,-0.55606861,0.00034607,13.39856015,-2.33527985,8.63327552,2.43000479,1.00000000
0.49141801,0.38461797,-0.07859352,-0.49091775,-1.80797321,0.00788146,-0.55602788,0.00037757,13.39918589,-2.33561885,8.63361287,2.42995416,1.00000000
0.49140066,0.38463122,-0.07860419,-0.49086088,-1.80800155,0.00787576,-0.55598810,0.00040830,13.39979633,-2.33594929,8.63394207,2.42990497,1.00000000
0.49138375,0.38464415,-0.07861459,-0.49080545,-1.80802922,0.00787022,-0.55594928,0.00043824,13.40039153,-2.33627122,8.63426313,2.42985719,1.00000000
0.49136727,0.38465675,-0.07862472,-0.49075146,-1.80805624,0.00786481,-0.55591142,0.00046742,13.40097158,-2.33658467,8.63457608,2.42981082,1.00000000
0.49135123,0.38466903,-0.07863458,-0.49069890,-1.80808259,0.00785956,-0.55587450,0.00049582,13.40153652,-2.33688969,8.63488098,2.42976585,1.00000000
0.49133562,0.38468099,-0.07864417,-0.49064777,-1.80810829,0.00785444,-0.55583852,0.00052345,13.40208644,-2.33718633,8.63517785,2.42972227,1.00000000
0.49132044,0.38469262,-0.07865349,-0.49059804,-1.80813334,0.00784948,-0.55580348,0.00055032,13.40262143,-2.33747464,8.63546673,2.42968006,1.00000000
0.49130568,0.38470393,-0.07866255,-0.49054973,-1.80815774,0.00784465,-0.55576938,0.00057643,13.40314155,-2.33775468,8.63574767,2.42963921,1.00000000
0.49129135,0.38471493,-0.07867134,-0.49050281,-1.80818149,0.00783996,-0.55573621,0.00060180,13.40364691,-2.33802649,8.63602071,2.42959971,1.00000000
0.49127744,0.38472561,-0.07867987,-0.49045728,-1.80820460,0.00783541,-0.55570396,0.00062641,13.40413758,-2.33829014,8.63628590,2.42956154,1.00000000
0.49126395,0.38473597,-0.07868814,-0.49041314,-1.80822706,0.00783100,-0.55567263,0.00065028,13.40461368,-2.33854569,8.63654329,2.42952470,1.00000000
0.49125087,0.38474603,-0.07869616,-0.49037036,-1.80824890,0.00782673,-0.55564221,0.00067341,13.40507529,-2.33879319,8.63679293,2.42948917,1.00000000
0.49123821,0.38475577,-0.07870391,-0.49032893,-1.80827009,0.00782259,-0.55561269,0.00069581,13.40552253,-2.33903272,8.63703488,2.42945494,1.00000000
0.49122596,0.38476521,-0.07871141,-0.49028886,-1.80829067,0.00781858,-0.55558407,0.00071748,13.40595550,-2.33926433,8.63726919,2.42942199,1.00000000
0.49121411,0.38477434,-0.07871866,-0.49025012,-1.80831061,0.00781471,-0.55555635,0.00073843,13.40637431,-2.33948809,8.63749591,2.42939030,1.00000000
0.49120266,0.38478317,-0.07872566,-0.49021271,-1.80832994,0.00781097,-0.55552951,0.00075867,13.40677908,-2.33970408,8.63771512,2.42935988,1.00000000
0.49119161,0.38479169,-0.07873241,-0.49017662,-1.80834865,0.00780736,-0.55550356,0.00077820,13.40716992,-2.33991236,8.63792687,2.42933069,1.00000000
0.49118096,0.38479993,-0.07873892,-0.49014182,-1.80836675,0.00780388,-0.55547847,0.00079702,13.40754696,-2.34011301,8.63813123,2.42930273,1.00000000
0.49117070,0.38480786,-0.07874518,-0.49010832,-1.80838425,0.00780053,-0.55545425,0.00081516,13.40791033,-2.34030609,8.63832825,2.42927599,1.00000000
0.49116082,0.38481551,-0.07875120,-0.49007609,-1.80840114,0.00779730,-0.55543088,0.00083260,13.40826014,-2.34049169,8.63851801,2.42925044,1.00000000
0.49115134,0.38482286,-0.07875698,-0.49004513,-1.80841744,0.00779419,-0.55540836,0.00084936,13.40859653,-2.34066988,8.63870058,2.42922607,1.00000000
0.49114223,0.38482993,-0.07876253,-0.49001543,-1.80843315,0.00779121,-0.55538668,0.00086544,13.40891963,-2.34084074,8.63887602,2.42920288,1.00000000
0.49113349,0.38483671,-0.07876785,-0.48998696,-1.80844828,0.00778835,-0.55536584,0.00088086,13.40922959,-2.34100435,8.63904441,2.42918083,1.00000000
0.49112513,0.38484321,-0.07877293,-0.48995971,-1.80846282,0.00778561,-0.55534581,0.00089562,13.40952653,-2.34116078,8.63920582,2.42915993,1.00000000
0.49111714,0.38484944,-0.07877778,-0.48993368,-1.80847680,0.00778299,-0.55532661,0.00090972,13.40981059,-2.34131013,8.63936032,2.42914014,1.00000000
0.49110951,0.38485539,-0.07878241,-0.48990885,-1.80849020,0.00778049,-0.55530821,0.00092318,13.41008193,-2.34145247,8.63950800,2.42912146,1.00000000
0.49110224,0.38486107,-0.07878682,-0.48988520,-1.80850304,0.00777810,-0.55529060,0.00093600,13.41034069,-2.34158789,8.63964892,2.42910388,1.00000000
0.49109533,0.38486648,-0.07879100,-0.48986272,-1.80851533,0.00777582,-0.55527379,0.00094819,13.41058701,-2.34171647,8.63978317,2.42908737,1.00000000
0.49108877,0.38487162,-0.07879497,-0.48984139,-1.80852707,0.00777366,-0.55525775,0.00095975,13.41082104,-2.34183830,8.63991082,2.42907192,1.00000000
0.49108255,0.38487650,-0.07879872,-0.48982121,-1.80853826,0.00777161,-0.55524249,0.00097070,13.41104294,-2.34195347,8.64003195,2.42905752,1.00000000
0.49107668,0.38488113,-0.07880227,-0.48980215,-1.80854892,0.00776967,-0.55522799,0.00098105,13.41125286,-2.34206206,8.64014666,2.42904414,1.00000000
0.49107114,0.38488549,-0.07880560,-0.48978420,-1.80855905,0.00776783,-0.55521424,0.00099079,13.41145096,-2.34216417,8.64025501,2.42903178,1.00000000
0.49106594,0.38488961,-0.07880873,-0.48976735,-1.80856865,0.00776611,-0.55520123,0.00099994,13.41163739,-2.34225988,8.64035709,2.42902042,1.00000000
0.49106106,0.38489347,-0.07881165,-0.48975158,-1.80857774,0.00776448,-0.55518895,0.00100851,13.41181230,-2.34234928,8.64045299,2.42901004,1.00000000
0.49105651,0.38489709,-0.07881437,-0.48973688,-1.80858631,0.00776297,-0.55517740,0.00101651,13.41197587,-2.34243246,8.64054279,2.42900062,1.00000000
0.49105228,0.38490047,-0.07881690,-0.48972322,-1.80859438,0.00776155,-0.55516655,0.00102394,13.41212825,-2.34250952,8.64062657,2.42899215,1.00000000
0.49104836,0.38490361,-0.07881923,-0.48971060,-1.80860196,0.00776023,-0.55515642,0.00103081,13.41226960,-2.34258055,8.64070443,2.42898462,1.00000000
0.49104476,0.38490652,-0.07882137,-0.48969900,-1.80860904,0.00775901,-0.55514697,0.00103713,13.41240009,-2.34264564,8.64077645,2.42897800,1.00000000
0.49104145,0.38490919,-0.07882332,-0.48968840,-1.80861564,0.00775789,-0.55513821,0.00104291,13.41251989,-2.34270488,8.64084272,2.42897229,1.00000000
0.49103845,0.38491164,-0.07882508,-0.48967879,-1.80862176,0.00775687,-0.55513012,0.00104815,13.41262915,-2.34275837,8.64090332,2.42896746,1.00000000
0.49103575,0.38491386,-0.07882666,-0.48967016,-1.80862742,0.00775594,-0.55512269,0.00105288,13.41272804,-2.34280620,8.64095835,2.42896350,1.00000000
0.49103333,0.38491586,-0.07882807,-0.48966247,-1.80863261,0.00775510,-0.55511591,0.00105708,13.41281674,-2.34284846,8.64100789,2.42896039,1.00000000
0.49103120,0.38491764,-0.07882929,-0.48965573,-1.80863734,0.00775435,-0.55510977,0.00106078,13.41289541,-2.34288526,8.64105203,2.42895812,1.00000000
0.49102935,0.38491921,-0.07883035,-0.48964991,-1.80864163,0.00775369,-0.55510427,0.00106399,13.41296422,-2.34291668,8.64109087,2.42895667,1.00000000
0.49102778,0.38492057,-0.07883123,-0.48964499,-1.80864548,0.00775312,-0.55509939,0.00106670,13.41302334,-2.34294282,8.64112450,2.42895603,1.00000000
0.49102648,0.38492173,-0.07883194,-0.48964097,-1.80864889,0.00775264,-0.55509511,0.00106893,13.41307294,-2.34296377,8.64115300,2.42895617,1.00000000
0.49102544,0.38492268,-0.07883249,-0.48963782,-1.80865188,0.00775224,-0.55509144,0.00107069,13.41311319,-2.34297964,8.64117646,2.42895709,1.00000000
0.49102467,0.38492343,-0.07883288,-0.48963553,-1.80865445,0.00775192,-0.55508836,0.00107199,13.41314427,-2.34299051,8.64119498,2.42895877,1.00000000
0.49102415,0.38492399,-0.07883311,-0.48963409,-1.80865661,0.00775168,-0.55508585,0.00107283,13.41316633,-2.34299649,8.64120865,2.42896118,1.00000000
0.49102388,0.38492435,-0.07883319,-0.48963346,-1.80865836,0.00775153,-0.55508391,0.00107323,13.41317955,-2.34299766,8.64121757,2.42896433,1.00000000
0.49102387,0.38492453,-0.07883311,-0.48963365,-1.80865972,0.00775145,-0.55508254,0.00107318,13.41318412,-2.34299413,8.64122181,2.42896818,1.00000000
0.49102419,0.38492430,-0.07883291,-0.48963474,-1.80865719,0.00775145,-0.55508519,0.00107272,13.41317301,-2.34298754,8.64121599,2.42896948,1.00000000
0.49102537,0.38492255,-0.07883264,-0.48963721,-1.80863374,0.00775150,-0.55510891,0.00107183,13.41311140,-2.34298561,8.64117343,2.42895235,1.00000000
0.49102796,0.38491803,-0.07883241,-0.48964164,-1.80856997,0.00775157,-0.55517304,0.00107053,13.41295963,-2.34299710,8.64106377,2.42889876,1.00000000
0.49103252,0.38490957,-0.07883231,-0.48964854,-1.80844772,0.00775164,-0.55529573,0.00106883,13.41268063,-2.34303019,8.64085862,2.42879182,1.00000000
0.49103953,0.38489607,-0.07883239,-0.48965841,-1.80825002,0.00775169,-0.55549392,0.00106673,13.41223992,-2.34309251,8.64053158,2.42861583,1.00000000
0.49104946,0.38487652,-0.07883275,-0.48967169,-1.80796109,0.00775168,-0.55578335,0.00106425,13.41160564,-2.34319111,8.64005824,2.42835628,1.00000000
0.49106273,0.38485001,-0.07883345,-0.48968879,-1.80756631,0.00775159,-0.55617862,0.00106139,13.41074861,-2.34333246,8.63941628,2.42799987,1.00000000
0.49107971,0.38481568,-0.07883455,-0.48971008,-1.80705217,0.00775136,-0.55669318,0.00105817,13.40964242,-2.34352243,8.63858543,2.42753456,1.00000000
0.49110076,0.38477280,-0.07883609,-0.48973589,-1.80640628,0.00775094,-0.55733937,0.00105459,13.40826344,-2.34376626,8.63754762,2.42694957,1.00000000
0.49112616,0.38472071,-0.07883814,-0.48976652,-1.80561733,0.00775026,-0.55812843,0.00105066,13.40659093,-2.34406856,8.63628693,2.42623544,1.00000000
0.49115619,0.38465884,-0.07884073,-0.48980219,-1.80467507,0.00774924,-0.55907052,0.00104638,13.40460706,-2.34443330,8.63478973,2.42538402,1.00000000
0.49119104,0.38458672,-0.07884390,-0.48984313,-1.80357028,0.00774778,-0.56017476,0.00104178,13.40229700,-2.34486380,8.63304464,2.42438856,1.00000000
0.49123089,0.38450398,-0.07884768,-0.48988949,-1.80229477,0.00774574,-0.56144921,0.00103685,13.39964895,-2.34536271,8.63104261,2.42324363,1.00000000
0.49127587,0.38441033,-0.07885208,-0.48994137,-1.80084130,0.00774298,-0.56290095,0.00103160,13.39665413,-2.34593201,8.62877691,2.42194521,1.00000000
0.49132605,0.38430561,-0.07885713,-0.48999887,-1.79920361,0.00773931,-0.56453606,0.00102604,13.39330683,-2.34657299,8.62624315,2.42049069,1.00000000
0.49138149,0.38418971,-0.07886284,-0.49006199,-1.79737637,0.00773454,-0.56635967,0.00102019,13.38960439,-2.34728628,8.62343929,2.41887881,1.00000000
0.49144216,0.38406266,-0.07886920,-0.49013072,-1.79535517,0.00772844,-0.56837597,0.00101405,13.38554718,-2.34807187,8.62036559,2.41710971,1.00000000
0.49150802,0.38392456,-0.07887621,-0.49020501,-1.79313645,0.00772073,-0.57058823,0.00100762,13.38113852,-2.34892907,8.61702459,2.41518487,1.00000000
0.49157898,0.38377561,-0.07888387,-0.49028475,-1.79071752,0.00771112,-0.57299885,0.00100092,13.37638469,-2.34985654,8.61342106,2.41310710,1.00000000
0.49165490,0.38361609,-0.07889214,-0.49036980,-1.78809653,0.00769928,-0.57560936,0.00099395,13.37129477,-2.35085235,8.60956194,2.41088048,1.00000000
0.49173563,0.38344638,-0.07890103,-0.49045997,-1.78527239,0.00768486,-0.57842048,0.00098672,13.36588057,-2.35191395,8.60545627,2.40851035,1.00000000
0.49182093,0.38326693,-0.07891048,-0.49055505,-1.78224481,0.00766747,-0.58143212,0.00097925,13.36015651,-2.35303825,8.60111505,2.40600321,1.00000000
0.49191057,0.38307827,-0.07892047,-0.49065478,-1.77901422,0.00764669,-0.58464342,0.00097153,13.35413951,-2.35422160,8.59655121,2.40336669,1.00000000
0.49200428,0.38288103,-0.07893097,-0.49075887,-1.77558177,0.00762207,-0.58805279,0.00096358,13.34784876,-2.35545987,8.59177943,2.40060947,1.00000000
0.49210173,0.38267586,-0.07894192,-0.49086699,-1.77194929,0.00759315,-0.59165793,0.00095540,13.34130563,-2.35674844,8.58681601,2.39774118,1.00000000
0.49220258,0.38246350,-0.07895328,-0.49097881,-1.76811925,0.00755942,-0.59545586,0.00094700,13.33453345,-2.35808231,8.58167879,2.39477235,1.00000000
0.49230649,0.38224476,-0.07896500,-0.49109393,-1.76409476,0.00752038,-0.59944297,0.00093839,13.32755730,-2.35945607,8.57638694,2.39171429,1.00000000
0.49241304,0.38202047,-0.07897702,-0.49121198,-1.75987952,0.00747549,-0.60361503,0.00092958,13.32040384,-2.36086402,8.57096080,2.38857902,1.00000000
0.49252184,0.38179151,-0.07898928,-0.49133252,-1.75547779,0.00742423,-0.60796723,0.00092057,13.31310108,-2.36230014,8.56542178,2.38537916,1.00000000
0.49263247,0.38155881,-0.07900173,-0.49145512,-1.75089438,0.00736606,-0.61249423,0.00091138,13.30567814,-2.36375821,8.55979211,2.38212782,1.00000000
0.49274447,0.38132331,-0.07901430,-0.49157934,-1.74613459,0.00730043,-0.61719019,0.00090200,13.29816505,-2.36523182,8.55409472,2.37883852,1.00000000
0.49285742,0.38108599,-0.07902693,-0.49170471,-1.74120424,0.00722681,-0.62204876,0.00089245,13.29059251,-2.36671442,8.54835304,2.37552506,1.00000000
0.49297084,0.38084782,-0.07903955,-0.49183078,-1.73610957,0.00714471,-0.62706319,0.00088274,13.28299166,-2.36819940,8.54259084,2.37220142,1.00000000
0.49308428,0.38060979,-0.07905209,-0.49195707,-1.73085728,0.00705362,-0.63222629,0.00087287,13.27539385,-2.36968012,8.53683203,2.36888170,1.00000000
0.49319729,0.38037290,-0.07906450,-0.49208312,-1.72545445,0.00695309,-0.63753051,0.00086284,13.26783040,-2.37114996,8.53110052,2.36557992,1.00000000
0.49330941,0.38013812,-0.07907670,-0.49220847,-1.71990857,0.00684272,-0.64296796,0.00085267,13.26033238,-2.37260235,8.52542000,2.36231003,1.00000000
0.49342019,0.37990642,-0.07908864,-0.49233265,-1.71422748,0.00672213,-0.64853044,0.00084236,13.25293043,-2.37403086,8.51981383,2.35908573,1.00000000
0.49352919,0.37967873,-0.07910025,-0.49245522,-1.70841934,0.00659102,-0.65420947,0.00083193,13.24565446,-2.37542922,8.51430483,2.35592042,1.00000000
0.49363599,0.37945599,-0.07911146,-0.49257574,-1.70249264,0.00644915,-0.65999632,0.00082136,13.23853354,-2.37679135,8.50891512,2.35282706,1.00000000
0.49374017,0.37923906,-0.07912223,-0.49269380,-1.69645615,0.00629635,-0.66588206,0.00081068,13.23159564,-2.37811144,8.50366604,2.34981816,1.00000000
0.49384134,0.37902879,-0.07913250,-0.49280899,-1.69031890,0.00613253,-0.67185755,0.00079989,13.22486747,-2.37938393,8.49857793,2.34690561,1.00000000
0.49393913,0.37882598,-0.07914221,-0.49292093,-1.68409018,0.00595769,-0.67791351,0.00078900,13.21837431,-2.38060360,8.49367002,2.34410068,1.00000000
0.49403320,0.37863137,-0.07915131,-0.49302926,-1.67777950,0.00577192,-0.68404052,0.00077801,13.21213983,-2.38176559,8.48896036,2.34141388,1.00000000
0.49412321,0.37844564,-0.07915977,-0.49313367,-1.67139656,0.00557540,-0.69022905,0.00076692,13.20618598,-2.38286539,8.48446562,2.33885497,1.00000000
0.49420887,0.37826943,-0.07916754,-0.49323382,-1.66495125,0.00536840,-0.69646950,0.00075576,13.20053282,-2.38389892,8.48020107,2.33643282,1.00000000
0.49428991,0.37810332,-0.07917458,-0.49332947,-1.65845360,0.00515131,-0.70275219,0.00074451,13.19519841,-2.38486253,8.47618044,2.33415544,1.00000000
0.49436610,0.37794779,-0.07918086,-0.49342035,-1.65191380,0.00492458,-0.70906743,0.00073319,13.19019873,-2.38575300,8.47241587,2.33202986,1.00000000
0.49443724,0.37780328,-0.07918635,-0.49350626,-1.64534212,0.00468879,-0.71540550,0.00072180,13.18554758,-2.38656758,8.46891784,2.33006216,1.00000000
0.49450314,0.37767015,-0.07919104,-0.49358702,-1.63874893,0.00444460,-0.72175666,0.00071035,13.18125650,-2.38730402,8.46569509,2.32825739,1.00000000
0.49456368,0.37754870,-0.07919490,-0.49366247,-1.63214469,0.00419273,-0.72811123,0.00069885,13.17733474,-2.38796054,8.46275463,2.32661958,1.00000000
0.49461874,0.37743914,-0.07919793,-0.49373252,-1.62553985,0.00393400,-0.73445955,0.00068730,13.17378920,-2.38853584,8.46010166,2.32515169,1.00000000
0.49466826,0.37734160,-0.07920011,-0.49379707,-1.61894491,0.00366930,-0.74079199,0.00067570,13.17062442,-2.38902914,8.45773962,2.32385566,1.00000000
0.49471220,0.37725616,-0.07920144,-0.49385610,-1.61237035,0.00339956,-0.74709903,0.00066406,13.16784260,-2.38944014,8.45567012,2.32273235,1.00000000
0.49475056,0.37718281,-0.07920193,-0.49390959,-1.60582661,0.00312577,-0.75337120,0.00065240,13.16544358,-2.38976904,8.45389298,2.32178156,1.00000000
0.49478338,0.37712147,-0.07920159,-0.49395757,-1.59932408,0.00284896,-0.75959914,0.00064070,13.16342487,-2.39001651,8.45240627,2.32100208,1.00000000
0.49481072,0.37707199,-0.07920042,-0.49400010,-1.59287305,0.00257016,-0.76577360,0.00062898,13.16178174,-2.39018372,8.45120634,2.32039168,1.00000000
0.49483268,0.37703414,-0.07919844,-0.49403727,-1.58648370,0.00229044,-0.77188546,0.00061725,13.16050724,-2.39027227,8.45028783,2.31994714,1.00000000
0.49484939,0.37700763,-0.07919568,-0.49406920,-1.58016606,0.00201086,-0.77792574,0.00060550,13.15959229,-2.39028420,8.44964378,2.31966430,1.00000000
0.49486101,0.37699213,-0.07919217,-0.49409606,-1.57393002,0.00173244,-0.78388560,0.00059375,13.15902579,-2.39022201,8.44926569,2.31953809,1.00000000
0.49486774,0.37698720,-0.07918793,-0.49411801,-1.56778524,0.00145621,-0.78975638,0.00058199,13.15879469,-2.39008856,8.44914356,2.31956256,1.00000000
0.49486977,0.37699239,-0.07918300,-0.49413527,-1.56174118,0.00118315,-0.79552961,0.00057023,13.15888415,-2.38988711,8.44926605,2.31973099,1.00000000
0.49486737,0.37700717,-0.07917741,-0.49414808,-1.55580705,0.00091419,-0.80119701,0.00055849,13.15927767,-2.38962124,8.44962053,2.32003590,1.00000000
0.49486077,0.37703098,-0.07917122,-0.49415669,-1.54999177,0.00065021,-0.80675054,0.00054675,13.15995719,-2.38929489,8.45019319,2.32046911,1.00000000
0.49485028,0.37706318,-0.07916445,-0.49416137,-1.54430398,0.00039204,-0.81218237,0.00053503,13.16090330,-2.38891223,8.45096920,2.32102186,1.00000000
0.49483619,0.37710315,-0.07915716,-0.49416243,-1.53875198,0.00014041,-0.81748497,0.00052333,13.16209538,-2.38847773,8.45193281,2.32168484,1.00000000
0.49481881,0.37715019,-0.07914940,-0.49416016,-1.53334371,-0.00010399,-0.82265105,0.00051165,13.16351179,-2.38799604,8.45306748,2.32244827,1.00000000
0.49479847,0.37720358,-0.07914122,-0.49415490,-1.52808675,-0.00034056,-0.82767366,0.00050001,13.16513001,-2.38747200,8.45435600,2.32330201,1.00000000
0.49477551,0.37726261,-0.07913267,-0.49414698,-1.52298824,-0.00056877,-0.83254615,0.00048839,13.16692688,-2.38691059,8.45578070,2.32423560,1.00000000
0.49475027,0.37732652,-0.07912380,-0.49413672,-1.51805493,-0.00078818,-0.83726225,0.00047682,13.16887878,-2.38631688,8.45732351,2.32523839,1.00000000
0.49472311,0.37739456,-0.07911467,-0.49412449,-1.51329308,-0.00099841,-0.84181604,0.00046528,13.17096177,-2.38569600,8.45896616,2.32629960,1.00000000
0.49469437,0.37746597,-0.07910533,-0.49411062,-1.50870849,-0.00119918,-0.84620204,0.00045379,13.17315188,-2.38505310,8.46069035,2.32740842,1.00000000
0.49466440,0.37754000,-0.07909583,-0.49409545,-1.50430643,-0.00139027,-0.85041518,0.00044234,13.17542521,-2.38439330,8.46247782,2.32855409,1.00000000
0.49463354,0.37761590,-0.07908622,-0.49407933,-1.50009166,-0.00157151,-0.85445087,0.00043095,13.17775821,-2.38372166,8.46431057,2.32972598,1.00000000
0.49460213,0.37769294,-0.07907656,-0.49406259,-1.49606836,-0.00174282,-0.85830501,0.00041962,13.18012782,-2.38304311,8.46617101,2.33091370,1.00000000
0.49457049,0.37777042,-0.07906690,-0.49404554,-1.49224014,-0.00190417,-0.86197401,0.00040834,13.18251165,-2.38236246,8.46804203,2.33210717,1.00000000
0.49453895,0.37784765,-0.07905728,-0.49402850,-1.48860999,-0.00205559,-0.86545485,0.00039712,13.18488822,-2.38168433,8.46990721,2.33329668,1.00000000
0.49450779,0.37792400,-0.07904775,-0.49401176,-1.48518028,-0.00219716,-0.86874510,0.00038597,13.18723705,-2.38101312,8.47175092,2.33447302,1.00000000
0.49447729,0.37799886,-0.07903834,-0.49399560,-1.48195271,-0.00232900,-0.87184293,0.00037489,13.18953889,-2.38035295,8.47355845,2.33562749,1.00000000
0.49444773,0.37807165,-0.07902912,-0.49398027,-1.47892829,-0.00245127,-0.87474716,0.00036388,13.19177585,-2.37970770,8.47531613,2.33675202,1.00000000
0.49441933,0.37814186,-0.07902009,-0.49396601,-1.47610733,-0.00256416,-0.87745729,0.00035295,13.19393152,-2.37908087,8.47701143,2.33783921,1.00000000
0.49439231,0.37820902,-0.07901131,-0.49395303,-1.47348938,-0.00266792,-0.87997354,0.00034209,13.19599113,-2.37847568,8.47863306,2.33888239,1.00000000
0.49436686,0.37827273,-0.07900280,-0.49394151,-1.47107325,-0.00276278,-0.88229683,0.00033131,13.19794162,-2.37789493,8.48017104,2.33987565,1.00000000
0.49434315,0.37833262,-0.07899458,-0.49393162,-1.46885696,-0.00284904,-0.88442888,0.00032062,13.19977178,-2.37734106,8.48161679,2.34081393,1.00000000
0.49432130,0.37838841,-0.07898668,-0.49392349,-1.46683770,-0.00292699,-0.88637220,0.00031001,13.20147228,-2.37681609,8.48296319,2.34169300,1.00000000
0.49430144,0.37843985,-0.07897911,-0.49391722,-1.46501183,-0.00299695,-0.88813009,0.00029949,13.20303578,-2.37632162,8.48420463,2.34250954,1.00000000
0.49428362,0.37848678,-0.07897188,-0.49391288,-1.46337484,-0.00305925,-0.88970675,0.00028906,13.20445694,-2.37585883,8.48533699,2.34326111,1.00000000
0.49426791,0.37852910,-0.07896500,-0.49391053,-1.46192133,-0.00311425,-0.89110720,0.00027872,13.20573243,-2.37542847,8.48635776,2.34394620,1.00000000
0.49425431,0.37856676,-0.07895848,-0.49391016,-1.46064499,-0.00316232,-0.89233741,0.00026848,13.20686098,-2.37503084,8.48726594,2.34456420,1.00000000
0.49424283,0.37859979,-0.07895232,-0.49391178,-1.45953854,-0.00320383,-0.89340426,0.00025834,13.20784335,-2.37466582,8.48806209,2.34511544,1.00000000
0.49423341,0.37862827,-0.07894650,-0.49391534,-1.45859376,-0.00323919,-0.89431557,0.00024829,13.20868229,-2.37433284,8.48874832,2.34560113,1.00000000
0.49422598,0.37865235,-0.07894102,-0.49392076,-1.45780143,-0.00326882,-0.89508014,0.00023835,13.20938251,-2.37403095,8.48932820,2.34602336,1.00000000
0.49422046,0.37867225,-0.07893587,-0.49392795,-1.45715131,-0.00329315,-0.89570779,0.00022851,13.20995064,-2.37375875,8.48980679,2.34638509,1.00000000
0.49421671,0.37868822,-0.07893103,-0.49393677,-1.45663209,-0.00331265,-0.89620934,0.00021878,13.21039512,-2.37351449,8.49019052,2.34669011,1.00000000
0.49421459,0.37870059,-0.07892647,-0.49394708,-1.45623143,-0.00332781,-0.89659666,0.00020915,13.21072618,-2.37329601,8.49048719,2.34694298,1.00000000
0.49421392,0.37870973,-0.07892218,-0.49395870,-1.45593588,-0.00333913,-0.89688269,0.00019963,13.21095570,-2.37310080,8.49070586,2.34714903,1.00000000
0.49421451,0.37871608,-0.07891812,-0.49397144,-1.45573085,-0.00334715,-0.89708146,0.00019022,13.21109715,-2.37292603,8.49085681,2.34731431,1.00000000
0.49421613,0.37872009,-0.07891426,-0.49398506,-1.45560064,-0.00335247,-0.89720810,0.00018093,13.21116554,-2.37276853,8.49095148,2.34744553,1.00000000
0.49421854,0.37872230,-0.07891057,-0.49399933,-1.45552835,-0.00335569,-0.89727890,0.00017174,13.21117727,-2.37262483,8.49100239,2.34755005,1.00000000
0.49422150,0.37872325,-0.07890701,-0.49401399,-1.45549590,-0.00335747,-0.89731127,0.00016268,13.21115010,-2.37249118,8.49102308,2.34763584,1.00000000
0.49422471,0.37872356,-0.07890353,-0.49402875,-1.45548399,-0.00335851,-0.89732383,0.00015372,13.21110311,-2.37236354,8.49102811,2.34771146,1.00000000
0.49422782,0.37872373,-0.07890022,-0.49404327,-1.45547564,-0.00335941,-0.89733293,0.00014489,13.21105465,-2.37224241,8.49103016,2.34778208,1.00000000
0.49423028,0.37872385,-0.07889762,-0.49405697,-1.45546739,-0.00336032,-0.89734192,0.00013617,13.21101587,-2.37214725,8.49103118,2.34783745,1.00000000
0.49423277,0.37872397,-0.07889497,-0.49407392,-1.45545924,-0.00336121,-0.89735079,0.00012758,13.21097625,-2.37205041,8.49103197,2.34789387,1.00000000
0.49423386,0.37872396,-0.07889380,-0.49409053,-1.45545117,-0.00336213,-0.89735953,0.00011910,13.21095738,-2.37200841,8.49103074,2.34791823,1.00000000
0.49423361,0.37872385,-0.07889404,-0.49410859,-1.45544319,-0.00336307,-0.89736815,0.00011075,13.21095812,-2.37201823,8.49102752,2.34791237,1.00000000
0.49423172,0.37872360,-0.07889602,-0.49412850,-1.45543529,-0.00336403,-0.89737663,0.00010252,13.21098312,-2.37209199,8.49102188,2.34786925,1.00000000
0.49422788,0.37872318,-0.07890005,-0.49415065,-1.45542747,-0.00336503,-0.89738497,0.00009442,13.21103699,-2.37224168,8.49101341,2.34778189,1.00000000
0.49422177,0.37872259,-0.07890646,-0.49417545,-1.45541973,-0.00336606,-0.89739317,0.00008643,13.21112424,-2.37247915,8.49100169,2.34764340,1.00000000
0.49421310,0.37872178,-0.07891557,-0.49420326,-1.45541207,-0.00336715,-0.89740122,0.00007858,13.21124937,-2.37281607,8.49098630,2.34744700,1.00000000
0.49420158,0.37872074,-0.07892769,-0.49423447,-1.45540449,-0.00336829,-0.89740912,0.00007084,13.21141680,-2.37326399,8.49096684,2.34718596,1.00000000
0.49418689,0.37871945,-0.07894313,-0.49426946,-1.45539698,-0.00336949,-0.89741686,0.00006324,13.21163087,-2.37383430,8.49094290,2.34685367,1.00000000
0.49416877,0.37871788,-0.07896219,-0.49430859,-1.45538953,-0.00337075,-0.89742443,0.00005576,13.21189590,-2.37453823,8.49091407,2.34644360,1.00000000
0.49414691,0.37871600,-0.07898517,-0.49435223,-1.45538216,-0.00337209,-0.89743185,0.00004841,13.21221612,-2.37538687,8.49087997,2.34594927,1.00000000
0.49412104,0.37871381,-0.07901237,-0.49440075,-1.45537486,-0.00337351,-0.89743909,0.00004119,13.21259572,-2.37639119,8.49084020,2.34536433,1.00000000
0.49409088,0.37871126,-0.07904409,-0.49445449,-1.45536761,-0.00337502,-0.89744616,0.00003409,13.21303883,-2.37756196,8.49079437,2.34468249,1.00000000
0.49405615,0.37870835,-0.07908061,-0.49451381,-1.45536043,-0.00337661,-0.89745304,0.00002712,13.21354950,-2.37890986,8.49074208,2.34389756,1.00000000
0.49401658,0.37870504,-0.07912222,-0.49457906,-1.45535331,-0.00337831,-0.89745975,0.00002028,13.21413174,-2.38044539,8.49068295,2.34300340,1.00000000
0.49397191,0.37870132,-0.07916919,-0.49465057,-1.45534624,-0.00338011,-0.89746627,0.00001357,13.21478949,-2.38217892,8.49061660,2.34199398,1.00000000
0.49392188,0.37869716,-0.07922182,-0.49472869,-1.45533923,-0.00338202,-0.89747261,0.00000699,13.21552665,-2.38412068,8.49054263,2.34086334,1.00000000
0.49386621,0.37869254,-0.07928036,-0.49481376,-1.45533227,-0.00338405,-0.89747875,0.00000054,13.21634701,-2.38628074,8.49046066,2.33960562,1.00000000
0.49380467,0.37868744,-0.07934508,-0.49490608,-1.45532536,-0.00338621,-0.89748469,-0.00000577,13.21725436,-2.38866904,8.49037031,2.33821501,1.00000000
0.49373699,0.37868184,-0.07941626,-0.49500601,-1.45531849,-0.00338849,-0.89749043,-0.00001197,13.21825238,-2.39129540,8.49027118,2.33668579,1.00000000
0.49366292,0.37867570,-0.07949416,-0.49511384,-1.45531167,-0.00339090,-0.89749597,-0.00001803,13.21934470,-2.39416946,8.49016290,2.33501234,1.00000000
0.49358223,0.37866901,-0.07957903,-0.49522990,-1.45530489,-0.00339346,-0.89750130,-0.00002397,13.22053491,-2.39730075,8.49004508,2.33318908,1.00000000
0.49349467,0.37866175,-0.07967113,-0.49535450,-1.45529815,-0.00339616,-0.89750643,-0.00002978,13.22182652,-2.40069866,8.48991731,2.33121055,1.00000000
0.49340001,0.37865389,-0.07977070,-0.49548795,-1.45529144,-0.00339902,-0.89751134,-0.00003546,13.22322296,-2.40437242,8.48977922,2.32907132,1.00000000
0.49329801,0.37864541,-0.07987800,-0.49563054,-1.45528477,-0.00340203,-0.89751603,-0.00004102,13.22472761,-2.40833115,8.48963039,2.32676608,1.00000000
0.49318844,0.37863628,-0.07999326,-0.49578258,-1.45527813,-0.00340521,-0.89752051,-0.00004644,13.22634381,-2.41258382,8.48947043,2.32428956,1.00000000
0.49307108,0.37862648,-0.08011673,-0.49594435,-1.45527151,-0.00340856,-0.89752477,-0.00005174,13.22807479,-2.41713926,8.48929893,2.32163660,1.00000000
0.49294571,0.37861599,-0.08024864,-0.49611616,-1.45526493,-0.00341208,-0.89752880,-0.00005691,13.22992374,-2.42200619,8.48911548,2.31880207,1.00000000
0.49281210,0.37860477,-0.08038922,-0.49629828,-1.45525836,-0.00341579,-0.89753260,-0.00006196,13.23189379,-2.42719316,8.48891967,2.31578096,1.00000000
0.49267004,0.37859280,-0.08053870,-0.49649100,-1.45525181,-0.00341968,-0.89753617,-0.00006688,13.23398798,-2.43270862,8.48871106,2.31256829,1.00000000
0.49251933,0.37858006,-0.08069731,-0.49669458,-1.45524528,-0.00342376,-0.89753951,-0.00007168,13.23620930,-2.43856087,8.48848924,2.30915919,1.00000000
0.49235975,0.37856651,-0.08086526,-0.49690931,-1.45523877,-0.00342804,-0.89754262,-0.00007635,13.23856068,-2.44475809,8.48825376,2.30554883,1.00000000
0.49219110,0.37855214,-0.08104277,-0.49713546,-1.45523226,-0.00343253,-0.89754549,-0.00008089,13.24104495,-2.45130831,8.48800417,2.30173247,1.00000000
0.49201319,0.37853690,-0.08123006,-0.49737328,-1.45522576,-0.00343722,-0.89754811,-0.00008532,13.24366490,-2.45821945,8.48774002,2.29770544,1.00000000
0.49182581,0.37852078,-0.08142733,-0.49762305,-1.45521927,-0.00344213,-0.89755050,-0.00008962,13.24642325,-2.46549929,8.48746085,2.29346311,1.00000000
0.49162877,0.37850374,-0.08163479,-0.49788500,-1.45521278,-0.00344726,-0.89755264,-0.00009380,13.24932263,-2.47315549,8.48716619,2.28900096,1.00000000
0.49142189,0.37848575,-0.08185265,-0.49815941,-1.45520629,-0.00345262,-0.89755453,-0.00009786,13.25236563,-2.48119557,8.48685554,2.28431451,1.00000000
0.49120498,0.37846678,-0.08208109,-0.49844651,-1.45519979,-0.00345821,-0.89755617,-0.00010179,13.25555472,-2.48962694,8.48652842,2.27939936,1.00000000
0.49097786,0.37844680,-0.08232033,-0.49874655,-1.45519329,-0.00346403,-0.89755755,-0.00010561,13.25889236,-2.49845687,8.48618432,2.27425117,1.00000000
0.49074035,0.37842577,-0.08257054,-0.49905978,-1.45518677,-0.00347011,-0.89755869,-0.00010931,13.26238089,-2.50769252,8.48582271,2.26886566,1.00000000
0.49049228,0.37840366,-0.08283193,-0.49938642,-1.45518024,-0.00347643,-0.89755956,-0.00011289,13.26602261,-2.51734091,8.48544307,2.26323864,1.00000000
0.49023348,0.37838043,-0.08310466,-0.49972672,-1.45517369,-0.00348300,-0.89756018,-0.00011636,13.26981972,-2.52740893,8.48504485,2.25736595,1.00000000
0.48996378,0.37835605,-0.08338893,-0.50008090,-1.45516712,-0.00348984,-0.89756053,-0.00011971,13.27377437,-2.53790337,8.48462748,2.25124351,1.00000000
0.48968301,0.37833048,-0.08368491,-0.50044918,-1.45516053,-0.00349694,-0.89756062,-0.00012294,13.27788861,-2.54883089,8.48419041,2.24486731,1.00000000
0.48939103,0.37830368,-0.08399278,-0.50083180,-1.45515391,-0.00350432,-0.89756044,-0.00012606,13.28216445,-2.56019802,8.48373303,2.23823340,1.00000000
0.48908767,0.37827560,-0.08431271,-0.50122896,-1.45514726,-0.00351197,-0.89755999,-0.00012907,13.28660380,-2.57201118,8.48325475,2.23133787,1.00000000
0.48877278,0.37824622,-0.08464486,-0.50164088,-1.45514057,-0.00351991,-0.89755928,-0.00013197,13.29120850,-2.58427666,8.48275493,2.22417690,1.00000000
0.48844622,0.37821549,-0.08498940,-0.50206778,-1.45513385,-0.00352814,-0.89755828,-0.00013475,13.29598031,-2.59700063,8.48223296,2.21674672,1.00000000
0.48810783,0.37818336,-0.08534649,-0.50250985,-1.45512708,-0.00353667,-0.89755702,-0.00013743,13.30092094,-2.61018916,8.48168816,2.20904362,1.00000000
0.48775748,0.37814979,-0.08571628,-0.50296732,-1.45512027,-0.00354551,-0.89755547,-0.00014000,13.30603198,-2.62384818,8.48111987,2.20106394,1.00000000
0.48739503,0.37811473,-0.08609894,-0.50344036,-1.45511340,-0.00355465,-0.89755365,-0.00014246,13.31131498,-2.63798351,8.48052740,2.19280408,1.00000000
0.48702035,0.37807814,-0.08649461,-0.50392918,-1.45510649,-0.00356411,-0.89755154,-0.00014481,13.31677140,-2.65260085,8.47991003,2.18426052,1.00000000
0.48663331,0.37803996,-0.08690344,-0.50443398,-1.45509952,-0.00357389,-0.89754914,-0.00014706,13.32240262,-2.66770581,8.47926704,2.17542976,1.00000000
0.48623377,0.37800015,-0.08732557,-0.50495494,-1.45509248,-0.00358400,-0.89754646,-0.00014920,13.32820994,-2.68330385,8.47859769,2.16630840,1.00000000
0.48582162,0.37795865,-0.08776115,-0.50549225,-1.45508538,-0.00359445,-0.89754349,-0.00015125,13.33419459,-2.69940032,8.47790120,2.15689306,1.00000000
0.48539674,0.37791542,-0.08821030,-0.50604610,-1.45507821,-0.00360524,-0.89754022,-0.00015319,13.34035771,-2.71600049,8.47717678,2.14718044,1.00000000
0.48495901,0.37787039,-0.08867317,-0.50661665,-1.45507097,-0.00361638,-0.89753666,-0.00015503,13.34670038,-2.73310947,8.47642363,2.13716727,1.00000000
0.48450832,0.37782351,-0.08914989,-0.50720409,-1.45506365,-0.00362788,-0.89753281,-0.00015677,13.35322357,-2.75073230,8.47564091,2.12685036,1.00000000
0.48404457,0.37777472,-0.08964058,-0.50780859,-1.45505624,-0.00363974,-0.89752865,-0.00015841,13.35992821,-2.76887387,8.47482777,2.11622656,1.00000000
0.48356763,0.37772396,-0.09014536,-0.50843032,-1.45504875,-0.00365197,-0.89752419,-0.00015996,13.36681511,-2.78753899,8.47398334,2.10529278,1.00000000
0.48307742,0.37767118,-0.09066436,-0.50906945,-1.45504117,-0.00366458,-0.89751942,-0.00016142,13.37388503,-2.80673235,8.47310672,2.09404597,1.00000000
0.48257384,0.37761630,-0.09119770,-0.50972613,-1.45503350,-0.00367757,-0.89751435,-0.00016277,13.38113864,-2.82645851,8.47219698,2.08248315,1.00000000
0.48205679,0.37755927,-0.09174548,-0.51040054,-1.45502572,-0.00369096,-0.89750897,-0.00016404,13.38857652,-2.84672195,8.47125319,2.07060138,1.00000000
0.48152618,0.37750001,-0.09230783,-0.51109282,-1.45501784,-0.00370475,-0.89750327,-0.00016522,13.39619917,-2.86752702,8.47027437,2.05839777,1.00000000
0.48098192,0.37743846,-0.09288484,-0.51180312,-1.45500986,-0.00371895,-0.89749726,-0.00016631,13.40400703,-2.88887798,8.46925954,2.04586950,1.00000000
0.48042394,0.37737456,-0.09347662,-0.51253161,-1.45500175,-0.00373357,-0.89749092,-0.00016730,13.41200043,-2.91077897,8.46820768,2.03301378,1.00000000
0.47985214,0.37730822,-0.09408328,-0.51327842,-1.45499353,-0.00374861,-0.89748427,-0.00016822,13.42017964,-2.93323402,8.46711775,2.01982787,1.00000000
0.47926645,0.37723938,-0.09470491,-0.51404370,-1.45498518,-0.00376409,-0.89747728,-0.00016904,13.42854484,-2.95624706,8.46598869,2.00630909,1.00000000
0.47866681,0.37716796,-0.09534160,-0.51482759,-1.45497671,-0.00378000,-0.89746997,-0.00016978,13.43709613,-2.97982192,8.46481940,1.99245481,1.00000000
0.47805313,0.37709389,-0.09599345,-0.51563023,-1.45496810,-0.00379637,-0.89746233,-0.00017044,13.44583352,-3.00396231,8.46360876,1.97826244,1.00000000
0.47742536,0.37701708,-0.09666054,-0.51645175,-1.45495935,-0.00381320,-0.89745435,-0.00017102,13.45475695,-3.02867185,8.46235565,1.96372945,1.00000000
0.47678342,0.37693746,-0.09734297,-0.51729229,-1.45495046,-0.00383050,-0.89744603,-0.00017152,13.46386627,-3.05395405,8.46105889,1.94885333,1.00000000
0.47612727,0.37685494,-0.09804080,-0.51815197,-1.45494141,-0.00384827,-0.89743737,-0.00017194,13.47316126,-3.07981231,8.45971729,1.93363166,1.00000000
0.47545684,0.37676945,-0.09875413,-0.51903093,-1.45493221,-0.00386653,-0.89742837,-0.00017228,13.48264160,-3.10624993,8.45832963,1.91806204,1.00000000
0.47477208,0.37668088,-0.09948302,-0.51992928,-1.45492285,-0.00388529,-0.89741901,-0.00017255,13.49230689,-3.13327011,8.45689467,1.90214211,1.00000000
0.47407295,0.37658917,-0.10022755,-0.52084714,-1.45491333,-0.00390456,-0.89740930,-0.00017274,13.50215667,-3.16087595,8.45541113,1.88586959,1.00000000
0.47335940,0.37649421,-0.10098779,-0.52178464,-1.45490362,-0.00392434,-0.89739924,-0.00017286,13.51219037,-3.18907044,8.45387772,1.86924221,1.00000000
0.47263138,0.37639592,-0.10176380,-0.52274189,-1.45489374,-0.00394465,-0.89738881,-0.00017290,13.52240736,-3.21785648,8.45229312,1.85225776,1.00000000
0.47188885,0.37629420,-0.10255565,-0.52371899,-1.45488368,-0.00396550,-0.89737801,-0.00017288,13.53280690,-3.24723686,8.45065596,1.83491409,1.00000000
0.47113179,0.37618896,-0.10336339,-0.52471606,-1.45487342,-0.00398689,-0.89736685,-0.00017279,13.54338821,-3.27721426,8.44896488,1.81720906,1.00000000
0.47036016,0.37608011,-0.10418708,-0.52573321,-1.45486297,-0.00400885,-0.89735531,-0.00017263,13.55415038,-3.30779129,8.44721847,1.79914062,1.00000000
0.46957392,0.37596753,-0.10502678,-0.52677054,-1.45485231,-0.00403138,-0.89734339,-0.00017241,13.56509246,-3.33897043,8.44541530,1.78070674,1.00000000
0.46877306,0.37585114,-0.10588253,-0.52782815,-1.45484144,-0.00405449,-0.89733109,-0.00017212,13.57621340,-3.37075407,8.44355391,1.76190542,1.00000000
0.46795756,0.37573083,-0.10675438,-0.52890614,-1.45483036,-0.00407819,-0.89731840,-0.00017177,13.58751206,-3.40314452,8.44163280,1.74273473,1.00000000
0.46712739,0.37560650,-0.10764237,-0.53000460,-1.45481905,-0.00410250,-0.89730531,-0.00017135,13.59898723,-3.43614397,8.43965048,1.72319278,1.00000000
0.46628254,0.37547804,-0.10854655,-0.53112364,-1.45480751,-0.00412743,-0.89729182,-0.00017088,13.61063762,-3.46975450,8.43760540,1.70327771,1.00000000
0.46542300,0.37534534,-0.10946694,-0.53226333,-1.45479573,-0.00415299,-0.89727794,-0.00017035,13.62246185,-3.50397814,8.43549599,1.68298772,1.00000000
0.46454875,0.37520830,-0.11040360,-0.53342377,-1.45478371,-0.00417919,-0.89726364,-0.00016976,13.63445847,-3.53881677,8.43332067,1.66232104,1.00000000
0.46365980,0.37506680,-0.11135653,-0.53460504,-1.45477143,-0.00420606,-0.89724892,-0.00016911,13.64662595,-3.57427220,8.43107780,1.64127596,1.00000000
0.46275615,0.37492073,-0.11232578,-0.53580723,-1.45475890,-0.00423359,-0.89723378,-0.00016841,13.65896268,-3.61034614,8.42876575,1.61985079,1.00000000
0.46183778,0.37476997,-0.11331137,-0.53703041,-1.45474609,-0.00426181,-0.89721822,-0.00016765,13.67146694,-3.64704021,8.42638283,1.59804390,1.00000000
0.46090471,0.37461441,-0.11431331,-0.53827468,-1.45473301,-0.00429073,-0.89720222,-0.00016685,13.68413698,-3.68435592,8.42392736,1.57585370,1.00000000
0.45995695,0.37445393,-0.11533162,-0.53954009,-1.45471965,-0.00432037,-0.89718578,-0.00016599,13.69697094,-3.72229470,8.42139760,1.55327864,1.00000000
0.45899451,0.37428841,-0.11636633,-0.54082673,-1.45470600,-0.00435073,-0.89716890,-0.00016508,13.70996689,-3.76085787,8.41879180,1.53031722,1.00000000
0.45801739,0.37411773,-0.11741744,-0.54213466,-1.45469204,-0.00438184,-0.89715156,-0.00016413,13.72312282,-3.80004666,8.41610819,1.50696798,1.00000000
0.45702562,0.37394177,-0.11848495,-0.54346395,-1.45467778,-0.00441371,-0.89713376,-0.00016313,13.73643664,-3.83986220,8.41334495,1.48322948,1.00000000
0.45601923,0.37376039,-0.11956888,-0.54481468,-1.45466320,-0.00444635,-0.89711549,-0.00016208,13.74990618,-3.88030555,8.41050027,1.45910036,1.00000000
0.45499822,0.37357348,-0.12066922,-0.54618690,-1.45464829,-0.00447979,-0.89709675,-0.00016099,13.76352920,-3.92137765,8.40757228,1.43457928,1.00000000
0.45396264,0.37338091,-0.12178598,-0.54758068,-1.45463305,-0.00451405,-0.89707752,-0.00015986,13.77730339,-3.96307935,8.40455910,1.40966494,1.00000000
0.45291250,0.37318253,-0.12291914,-0.54899607,-1.45461746,-0.00454912,-0.89705780,-0.00015869,13.79122636,-4.00541142,8.40145884,1.38435610,1.00000000
0.45184785,0.37297824,-0.12406870,-0.55043314,-1.45460152,-0.00458505,-0.89703759,-0.00015747,13.80529562,-4.04837452,8.39826956,1.35865154,1.00000000
0.45076872,0.37276788,-0.12523465,-0.55189193,-1.45458521,-0.00462184,-0.89701686,-0.00015622,13.81950863,-4.09196923,8.39498930,1.33255010,1.00000000
0.44967515,0.37255134,-0.12641698,-0.55337250,-1.45456853,-0.00465951,-0.89699562,-0.00015493,13.83386278,-4.13619602,8.39161610,1.30605066,1.00000000
0.44856719,0.37232846,-0.12761566,-0.55487490,-1.45455147,-0.00469809,-0.89697385,-0.00015360,13.84835537,-4.18105530,8.38814795,1.27915212,1.00000000
0.44744487,0.37209912,-0.12883067,-0.55639919,-1.45453402,-0.00473758,-0.89695155,-0.00015224,13.86298364,-4.22654736,8.38458282,1.25185346,1.00000000
0.44630824,0.37186317,-0.13006200,-0.55794539,-1.45451615,-0.00477802,-0.89692870,-0.00015085,13.87774474,-4.27267239,8.38091867,1.22415368,1.00000000
0.44515737,0.37162049,-0.13130960,-0.55951357,-1.45449788,-0.00481943,-0.89690530,-0.00014942,13.89263577,-4.31943052,8.37715343,1.19605182,1.00000000
0.44399230,0.37137091,-0.13257346,-0.56110375,-1.45447918,-0.00486181,-0.89688134,-0.00014796,13.90765374,-4.36682176,8.37328501,1.16754696,1.00000000
0.44281309,0.37111431,-0.13385353,-0.56271599,-1.45446004,-0.00490521,-0.89685680,-0.00014647,13.92279560,-4.41484606,8.36931129,1.13863825,1.00000000
0.44161981,0.37085054,-0.13514979,-0.56435031,-1.45444045,-0.00494963,-0.89683167,-0.00014496,13.93805822,-4.46350323,8.36523015,1.10932484,1.00000000
0.44041251,0.37057946,-0.13646218,-0.56600676,-1.45442040,-0.00499511,-0.89680595,-0.00014341,13.95343842,-4.51279304,8.36103942,1.07960596,1.00000000
0.43919127,0.37030091,-0.13779066,-0.56768537,-1.45439987,-0.00504166,-0.89677962,-0.00014184,13.96893293,-4.56271514,8.35673692,1.04948086,1.00000000
0.43795615,0.37001475,-0.13913519,-0.56938616,-1.45437887,-0.00508932,-0.89675267,-0.00014024,13.98453842,-4.61326910,8.35232048,1.01894885,1.00000000
0.43670722,0.36972084,-0.14049571,-0.57110918,-1.45435736,-0.00513809,-0.89672509,-0.00013862,14.00025150,-4.66445438,8.34778786,0.98800926,1.00000000
0.43544457,0.36941902,-0.14187218,-0.57285443,-1.45433534,-0.00518802,-0.89669687,-0.00013698,14.01606871,-4.71627039,8.34313683,0.95666149,1.00000000
0.43416827,0.36910915,-0.14326453,-0.57462197,-1.45431280,-0.00523913,-0.89666798,-0.00013531,14.03198652,-4.76871640,8.33836515,0.92490496,1.00000000
0.43287841,0.36879108,-0.14467270,-0.57641179,-1.45428972,-0.00529144,-0.89663843,-0.00013363,14.04800133,-4.82179163,8.33347054,0.89273915,1.00000000
0.43157506,0.36846464,-0.14609664,-0.57822394,-1.45426609,-0.00534498,-0.89660820,-0.00013192,14.06410950,-4.87549520,8.32845072,0.86016358,1.00000000
0.43025831,0.36812970,-0.14753626,-0.58005842,-1.45424190,-0.00539978,-0.89657726,-0.00013020,14.08030730,-4.92982613,8.32330338,0.82717780,1.00000000
0.42892826,0.36778609,-0.14899150,-0.58191525,-1.45421712,-0.00545587,-0.89654562,-0.00012845,14.09659096,-4.98478335,8.31802620,0.79378141,1.00000000
0.42758499,0.36743366,-0.15046230,-0.58379446,-1.45419175,-0.00551327,-0.89651325,-0.00012669,14.11295663,-5.04036571,8.31261684,0.75997408,1.00000000
0.42622861,0.36707227,-0.15194856,-0.58569605,-1.45416577,-0.00557203,-0.89648013,-0.00012492,14.12940041,-5.09657197,8.30707296,0.72575548,1.00000000
0.42485921,0.36670174,-0.15345021,-0.58762004,-1.45413917,-0.00563217,-0.89644626,-0.00012313,14.14591834,-5.15340080,8.30139219,0.69112536,1.00000000
0.42347689,0.36632194,-0.15496716,-0.58956643,-1.45411192,-0.00569371,-0.89641162,-0.00012133,14.16250641,-5.21085078,8.29557215,0.65608349,1.00000000
0.42208176,0.36593269,-0.15649934,-0.59153524,-1.45408402,-0.00575671,-0.89637618,-0.00011951,14.17916054,-5.26892040,8.28961044,0.62062970,1.00000000
0.42067392,0.36553385,-0.15804664,-0.59352648,-1.45405544,-0.00582118,-0.89633994,-0.00011769,14.19587660,-5.32760806,8.28350467,0.58476386,1.00000000
0.41925348,0.36512526,-0.15960897,-0.59554014,-1.45402617,-0.00588717,-0.89630288,-0.00011585,14.21265039,-5.38691208,8.27725242,0.54848589,1.00000000
0.41782056,0.36470676,-0.16118624,-0.59757624,-1.45399619,-0.00595471,-0.89626497,-0.00011400,14.22947769,-5.44683069,8.27085126,0.51179574,1.00000000
0.41637526,0.36427819,-0.16277835,-0.59963477,-1.45396548,-0.00602383,-0.89622620,-0.00011215,14.24635419,-5.50736201,8.26429875,0.47469343,1.00000000
0.41491771,0.36383940,-0.16438519,-0.60171573,-1.45393403,-0.00609457,-0.89618655,-0.00011028,14.26327555,-5.56850410,8.25759245,0.43717900,1.00000000
0.41344803,0.36339023,-0.16600665,-0.60381912,-1.45390182,-0.00616698,-0.89614600,-0.00010841,14.28023738,-5.63025493,8.25072990,0.39925256,1.00000000
0.41196633,0.36293052,-0.16764263,-0.60594493,-1.45386883,-0.00624109,-0.89610453,-0.00010654,14.29723522,-5.69261236,8.24370863,0.36091424,1.00000000
0.41047274,0.36246011,-0.16929301,-0.60809317,-1.45383503,-0.00631694,-0.89606213,-0.00010466,14.31426459,-5.75557418,8.23652617,0.32216424,1.00000000
0.40896739,0.36197884,-0.17095768,-0.61026382,-1.45380041,-0.00639457,-0.89601876,-0.00010277,14.33132094,-5.81913810,8.22918005,0.28300279,1.00000000
0.40745042,0.36148657,-0.17263651,-0.61245688,-1.45376494,-0.00647403,-0.89597440,-0.00010088,14.34839968,-5.88330173,8.22166778,0.24343017,1.00000000
0.40592194,0.36098312,-0.17432938,-0.61467234,-1.45372862,-0.00655536,-0.89592905,-0.00009899,14.36549618,-5.94806258,8.21398686,0.20344673,1.00000000
0.40438210,0.36046835,-0.17603617,-0.61691017,-1.45369140,-0.00663860,-0.89588266,-0.00009710,14.38260575,-6.01341811,8.20613481,0.16305283,1.00000000
0.40283103,0.35994210,-0.17775674,-0.61917037,-1.45365328,-0.00672380,-0.89583522,-0.00009521,14.39972369,-6.07936566,8.19810913,0.12224890,1.00000000
0.40126888,0.35940420,-0.17949096,-0.62145293,-1.45361423,-0.00681101,-0.89578671,-0.00009331,14.41684522,-6.14590249,8.18990731,0.08103542,1.00000000
0.39969578,0.35885452,-0.18123870,-0.62375782,-1.45357422,-0.00690027,-0.89573709,-0.00009142,14.43396555,-6.21302579,8.18152686,0.03941291,1.00000000
0.39811187,0.35829288,-0.18299981,-0.62608503,-1.45353324,-0.00699164,-0.89568635,-0.00008953,14.45107984,-6.28073264,8.17296526,-0.00261807,1.00000000
0.39651732,0.35771914,-0.18477416,-0.62843454,-1.45349126,-0.00708516,-0.89563445,-0.00008764,14.46818320,-6.34902006,8.16422002,-0.04505689,1.00000000
0.39491226,0.35713314,-0.18656160,-0.63080632,-1.45344825,-0.00718089,-0.89558138,-0.00008575,14.48527072,-6.41788497,8.15528863,-0.08790288,1.00000000
0.39329684,0.35653473,-0.18836197,-0.63320035,-1.45340419,-0.00727887,-0.89552710,-0.00008386,14.50233745,-6.48732420,8.14616859,-0.13115534,1.00000000
0.39167122,0.35592376,-0.19017513,-0.63561660,-1.45335905,-0.00737917,-0.89547158,-0.00008198,14.51937840,-6.55733449,8.13685740,-0.17481349,1.00000000
0.39003555,0.35530007,-0.19200092,-0.63805506,-1.45331281,-0.00748184,-0.89541480,-0.00008011,14.53638856,-6.62791252,8.12735255,-0.21887652,1.00000000
0.38839000,0.35466352,-0.19383919,-0.64051568,-1.45326543,-0.00758694,-0.89535672,-0.00007824,14.55336289,-6.69905487,8.11765157,-0.26334355,1.00000000
0.38673471,0.35401395,-0.19568976,-0.64299845,-1.45321690,-0.00769453,-0.89529732,-0.00007638,14.57029629,-6.77075803,8.10775195,-0.30821369,1.00000000
0.38506986,0.35335123,-0.19755249,-0.64550332,-1.45316717,-0.00780466,-0.89523656,-0.00007452,14.58718368,-6.84301841,8.09765122,-0.35348595,1.00000000
0.38339561,0.35267520,-0.19942719,-0.64803027,-1.45311623,-0.00791740,-0.89517442,-0.00007267,14.60401990,-6.91583233,8.08734690,-0.39915933,1.00000000
0.38171212,0.35198571,-0.20131371,-0.65057926,-1.45306404,-0.00803280,-0.89511085,-0.00007083,14.62079981,-6.98919605,8.07683652,-0.44523275,1.00000000
0.38001955,0.35128262,-0.20321186,-0.65315026,-1.45301058,-0.00815095,-0.89504583,-0.00006899,14.63751823,-7.06310571,8.06611762,-0.49170510,1.00000000
0.37831809,0.35056580,-0.20512146,-0.65574322,-1.45295580,-0.00827189,-0.89497931,-0.00006717,14.65416994,-7.13755739,8.05518775,-0.53857520,1.00000000
0.37660790,0.34983509,-0.20704235,-0.65835811,-1.45289968,-0.00839571,-0.89491128,-0.00006536,14.67074972,-7.21254708,8.04404447,-0.58584183,1.00000000
0.37488916,0.34909037,-0.20897434,-0.66099488,-1.45284219,-0.00852246,-0.89484167,-0.00006355,14.68725232,-7.28807070,8.03268535,-0.63350373,1.00000000
0.37316204,0.34833148,-0.21091724,-0.66365350,-1.45278329,-0.00865223,-0.89477047,-0.00006176,14.70367249,-7.36412407,8.02110798,-0.68155956,1.00000000
0.37142672,0.34755830,-0.21287086,-0.66633392,-1.45272294,-0.00878507,-0.89469764,-0.00005998,14.72000492,-7.44070292,8.00930994,-0.73000794,1.00000000
0.36968338,0.34677069,-0.21483502,-0.66903609,-1.45266112,-0.00892107,-0.89462312,-0.00005821,14.73624434,-7.51780293,7.99728886,-0.77884745,1.00000000
0.36793219,0.34596852,-0.21680952,-0.67175997,-1.45259778,-0.00906031,-0.89454689,-0.00005645,14.75238543,-7.59541967,7.98504235,-0.82807659,1.00000000
0.36617335,0.34515165,-0.21879416,-0.67450551,-1.45253290,-0.00920286,-0.89446890,-0.00005470,14.76842286,-7.67354865,7.97256805,-0.87769384,1.00000000
0.36440704,0.34431997,-0.22078875,-0.67727266,-1.45246642,-0.00934879,-0.89438911,-0.00005297,14.78435130,-7.75218527,7.95986363,-0.92769760,1.00000000
0.36263344,0.34347333,-0.22279308,-0.68006136,-1.45239832,-0.00949821,-0.89430748,-0.00005125,14.80016541,-7.83132487,7.94692676,-0.97808623,1.00000000
0.36085274,0.34261163,-0.22480695,-0.68287157,-1.45232855,-0.00965117,-0.89422396,-0.00004954,14.81585983,-7.91096272,7.93375514,-1.02885802,1.00000000
0.35906514,0.34173473,-0.22683015,-0.68570323,-1.45225708,-0.00980778,-0.89413851,-0.00004785,14.83142921,-7.99109398,7.92034647,-1.08001124,1.00000000
0.35727081,0.34084251,-0.22886248,-0.68855628,-1.45218386,-0.00996812,-0.89405108,-0.00004617,14.84686819,-8.07171376,7.90669850,-1.13154407,1.00000000
0.35546996,0.33993487,-0.23090371,-0.69143067,-1.45210885,-0.01013227,-0.89396162,-0.00004451,14.86217140,-8.15281707,7.89280898,-1.18345466,1.00000000
0.35366278,0.33901168,-0.23295364,-0.69432634,-1.45203200,-0.01030033,-0.89387009,-0.00004287,14.87733347,-8.23439885,7.87867570,-1.23574108,1.00000000
0.35184947,0.33807283,-0.23501205,-0.69724321,-1.45195328,-0.01047240,-0.89377644,-0.00004124,14.89234903,-8.31645396,7.86429645,-1.28840138,1.00000000
0.35003021,0.33711821,-0.23707872,-0.70018125,-1.45187264,-0.01064856,-0.89368061,-0.00003962,14.90721273,-8.39897719,7.84966907,-1.34143352,1.00000000
0.34820521,0.33614772,-0.23915342,-0.70314037,-1.45179003,-0.01082892,-0.89358256,-0.00003802,14.92191920,-8.48196323,7.83479140,-1.39483543,1.00000000
0.34637468,0.33516125,-0.24123594,-0.70612051,-1.45170541,-0.01101357,-0.89348223,-0.00003644,14.93646308,-8.56540672,7.81966134,-1.44860497,1.00000000
0.34453880,0.33415869,-0.24332605,-0.70912162,-1.45161873,-0.01120262,-0.89337957,-0.00003488,14.95083903,-8.64930222,7.80427678,-1.50273996,1.00000000
0.34269779,0.33313996,-0.24542352,-0.71214361,-1.45152994,-0.01139617,-0.89327453,-0.00003333,14.96504170,-8.73364419,7.78863567,-1.55723815,1.00000000
0.34085185,0.33210495,-0.24752811,-0.71518642,-1.45143899,-0.01159433,-0.89316704,-0.00003180,14.97906576,-8.81842703,7.77273597,-1.61209724,1.00000000
0.33900117,0.33105357,-0.24963960,-0.71824998,-1.45134582,-0.01179719,-0.89305705,-0.00003029,14.99290589,-8.90364509,7.75657569,-1.66731488,1.00000000
0.33714597,0.32998574,-0.25175776,-0.72133421,-1.45125040,-0.01200489,-0.89294450,-0.00002880,15.00655679,-8.98929260,7.74015284,-1.72288865,1.00000000
0.33528646,0.32890136,-0.25388233,-0.72443904,-1.45115266,-0.01221751,-0.89282933,-0.00002732,15.02001315,-9.07536374,7.72346550,-1.77881609,1.00000000
0.33342283,0.32780035,-0.25601309,-0.72756439,-1.45105255,-0.01243519,-0.89271149,-0.00002587,15.03326971,-9.16185263,7.70651175,-1.83509467,1.00000000
0.33155531,0.32668263,-0.25814980,-0.73071019,-1.45095002,-0.01265804,-0.89259090,-0.00002443,15.04632121,-9.24875329,7.68928974,-1.89172182,1.00000000
0.32968410,0.32554813,-0.26029221,-0.73387635,-1.45084501,-0.01288617,-0.89246751,-0.00002301,15.05916242,-9.33605969,7.67179762,-1.94869489,1.00000000
0.32780941,0.32439677,-0.26244008,-0.73706280,-1.45073747,-0.01311971,-0.89234125,-0.00002161,15.07178810,-9.42376571,7.65403359,-2.00601120,1.00000000
0.32593145,0.32322848,-0.26459317,-0.74026946,-1.45062733,-0.01335878,-0.89221206,-0.00002023,15.08419308,-9.51186519,7.63599590,-2.06366801,1.00000000
0.32405044,0.32204320,-0.26675122,-0.74349623,-1.45051454,-0.01360351,-0.89207987,-0.00001887,15.09637218,-9.60035185,7.61768283,-2.12166250,1.00000000
0.32216659,0.32084085,-0.26891399,-0.74674303,-1.45039903,-0.01385403,-0.89194461,-0.00001753,15.10832027,-9.68921940,7.59909269,-2.17999183,1.00000000
0.32028011,0.31962140,-0.27108122,-0.75000978,-1.45028075,-0.01411046,-0.89180620,-0.00001621,15.12003223,-9.77846144,7.58022384,-2.23865306,1.00000000
0.31839122,0.31838476,-0.27325267,-0.75329638,-1.45015964,-0.01437294,-0.89166459,-0.00001491,15.13150297,-9.86807152,7.56107469,-2.29764324,1.00000000
0.31650014,0.31713091,-0.27542808,-0.75660275,-1.45003563,-0.01464160,-0.89151970,-0.00001363,15.14272745,-9.95804311,7.54164367,-2.35695932,1.00000000
0.31460707,0.31585978,-0.27760720,-0.75992879,-1.44990865,-0.01491659,-0.89137146,-0.00001237,15.15370065,-10.04836963,7.52192926,-2.41659824,1.00000000
0.31271224,0.31457133,-0.27978977,-0.76327442,-1.44977865,-0.01519803,-0.89121978,-0.00001113,15.16441759,-10.13904443,7.50193001,-2.47655685,1.00000000
0.31081586,0.31326552,-0.28197553,-0.76663952,-1.44964555,-0.01548608,-0.89106461,-0.00000991,15.17487332,-10.23006078,7.48164448,-2.53683194,1.00000000
0.30891816,0.31194232,-0.28416423,-0.77002401,-1.44950929,-0.01578087,-0.89090585,-0.00000871,15.18506294,-10.32141192,7.46107130,-2.59742028,1.00000000
0.30701934,0.31060170,-0.28635561,-0.77342779,-1.44936980,-0.01608255,-0.89074344,-0.00000753,15.19498157,-10.41309100,7.44020913,-2.65831855,1.00000000
0.30511964,0.30924362,-0.28854941,-0.77685076,-1.44922701,-0.01639128,-0.89057729,-0.00000637,15.20462440,-10.50509110,7.41905669,-2.71952340,1.00000000
0.30321925,0.30786805,-0.29074536,-0.78029281,-1.44908085,-0.01670719,-0.89040732,-0.00000523,15.21398663,-10.59740528,7.39761274,-2.78103139,1.00000000
0.30131842,0.30647499,-0.29294321,-0.78375384,-1.44893125,-0.01703045,-0.89023346,-0.00000411,15.22306355,-10.69002650,7.37587610,-2.84283906,1.00000000
0.29941735,0.30506441,-0.29514269,-0.78723374,-1.44877813,-0.01736120,-0.89005562,-0.00000302,15.23185045,-10.78294768,7.35384564,-2.90494287,1.00000000
0.29751626,0.30363630,-0.29734354,-0.79073241,-1.44862143,-0.01769960,-0.88987371,-0.00000194,15.24034270,-10.87616167,7.33152027,-2.96733925,1.00000000
0.29561538,0.30219066,-0.29954550,-0.79424974,-1.44846107,-0.01804582,-0.88968766,-0.00000089,15.24853570,-10.96966129,7.30889896,-3.03002455,1.00000000
0.29371492,0.30072747,-0.30174829,-0.79778561,-1.44829697,-0.01840000,-0.88949738,0.00000013,15.25642493,-11.06343927,7.28598074,-3.09299507,1.00000000
0.29181510,0.29924674,-0.30395167,-0.80133991,-1.44812906,-0.01876232,-0.88930278,0.00000115,15.26400590,-11.15748830,7.26276468,-3.15624708,1.00000000
0.28991615,0.29774848,-0.30615536,-0.80491254,-1.44795727,-0.01913294,-0.88910377,0.00000214,15.27127417,-11.25180102,7.23924992,-3.21977677,1.00000000
0.28801828,0.29623270,-0.30835909,-0.80850336,-1.44778151,-0.01951202,-0.88890027,0.00000311,15.27822539,-11.34637003,7.21543563,-3.28358027,1.00000000
0.28612171,0.29469940,-0.31056261,-0.81211227,-1.44760171,-0.01989972,-0.88869219,0.00000406,15.28485523,-11.44118784,7.19132108,-3.34765369,1.00000000
0.28422666,0.29314861,-0.31276565,-0.81573914,-1.44741778,-0.02029623,-0.88847943,0.00000499,15.29115944,-11.53624694,7.16690555,-3.41199305,1.00000000
0.28233335,0.29158034,-0.31496794,-0.81938385,-1.44722966,-0.02070170,-0.88826192,0.00000590,15.29713384,-11.63153976,7.14218841,-3.47659434,1.00000000
0.28044200,0.28999463,-0.31716921,-0.82304627,-1.44703725,-0.02111630,-0.88803955,0.00000679,15.30277430,-11.72705870,7.11716909,-3.54145349,1.00000000
0.27855282,0.28839151,-0.31936920,-0.82672629,-1.44684049,-0.02154022,-0.88781224,0.00000766,15.30807676,-11.82279608,7.09184705,-3.60656637,1.00000000
0.27666605,0.28677101,-0.32156765,-0.83042377,-1.44663928,-0.02197362,-0.88757989,0.00000851,15.31303722,-11.91874420,7.06622184,-3.67192882,1.00000000
0.27478188,0.28513318,-0.32376429,-0.83413858,-1.44643354,-0.02241667,-0.88734242,0.00000934,15.31765176,-12.01489531,7.04029306,-3.73753661,1.00000000
0.27290054,0.28347805,-0.32595886,-0.83787059,-1.44622321,-0.02286955,-0.88709972,0.00001015,15.32191654,-12.11124162,7.01406038,-3.80338546,1.00000000
0.27102225,0.28180568,-0.32815109,-0.84161967,-1.44600818,-0.02333244,-0.88685171,0.00001094,15.32582775,-12.20777528,6.98752352,-3.86947105,1.00000000
0.26914722,0.28011612,-0.33034072,-0.84538568,-1.44578839,-0.02380552,-0.88659829,0.00001170,15.32938170,-12.30448842,6.96068228,-3.93578899,1.00000000
0.26727567,0.27840944,-0.33252749,-0.84916848,-1.44556374,-0.02428895,-0.88633937,0.00001245,15.33257476,-12.40137312,6.93353650,-4.00233486,1.00000000
0.26540781,0.27668568,-0.33471114,-0.85296793,-1.44533416,-0.02478291,-0.88607485,0.00001318,15.33540335,-12.49842142,6.90608610,-4.06910418,1.00000000
0.26354386,0.27494493,-0.33689139,-0.85678390,-1.44509956,-0.02528759,-0.88580464,0.00001389,15.33786401,-12.59562535,6.87833108,-4.13609242,1.00000000
0.26168402,0.27318725,-0.33906801,-0.86061624,-1.44485986,-0.02580315,-0.88552865,0.00001458,15.33995333,-12.69297686,6.85027148,-4.20329502,1.00000000
0.25982852,0.27141273,-0.34124071,-0.86446479,-1.44461498,-0.02632977,-0.88524678,0.00001524,15.34166799,-12.79046791,6.82190742,-4.27070734,1.00000000
0.25797755,0.26962143,-0.34340926,-0.86832942,-1.44436483,-0.02686764,-0.88495894,0.00001589,15.34300477,-12.88809040,6.79323909,-4.33832472,1.00000000
0.25613134,0.26781345,-0.34557338,-0.87220998,-1.44410934,-0.02741691,-0.88466504,0.00001652,15.34396049,-12.98583620,6.76426674,-4.40614245,1.00000000
0.25429009,0.26598888,-0.34773283,-0.87610630,-1.44384843,-0.02797776,-0.88436499,0.00001713,15.34453211,-13.08369717,6.73499069,-4.47415575,1.00000000
0.25245401,0.26414782,-0.34988734,-0.88001824,-1.44358200,-0.02855037,-0.88405870,0.00001773,15.34471663,-13.18166513,6.70541133,-4.54235983,1.00000000
0.25062330,0.26229036,-0.35203668,-0.88394564,-1.44330999,-0.02913491,-0.88374606,0.00001830,15.34451116,-13.27973187,6.67552912,-4.61074983,1.00000000
0.24879817,0.26041661,-0.35418057,-0.88788835,-1.44303231,-0.02973154,-0.88342701,0.00001885,15.34391291,-13.37788915,6.64534460,-4.67932085,1.00000000
0.24697883,0.25852667,-0.35631878,-0.89184619,-1.44274890,-0.03034043,-0.88310144,0.00001939,15.34291916,-13.47612874,6.61485837,-4.74806795,1.00000000
0.24516548,0.25662067,-0.35845106,-0.89581901,-1.44245966,-0.03096174,-0.88276927,0.00001990,15.34152729,-13.57444235,6.58407109,-4.81698615,1.00000000
0.24335831,0.25469871,-0.36057716,-0.89980664,-1.44216452,-0.03159564,-0.88243042,0.00002040,15.33973478,-13.67282169,6.55298352,-4.88607043,1.00000000
0.24155754,0.25276092,-0.36269683,-0.90380891,-1.44186341,-0.03224228,-0.88208480,0.00002088,15.33753919,-13.77125844,6.52159647,-4.95531572,1.00000000
0.23976336,0.25080743,-0.36480983,-0.90782566,-1.44155626,-0.03290181,-0.88173232,0.00002135,15.33493819,-13.86974428,6.48991082,-5.02471691,1.00000000
0.23797596,0.24883838,-0.36691592,-0.91185670,-1.44124300,-0.03357440,-0.88137292,0.00002179,15.33192955,-13.96827086,6.45792754,-5.09426886,1.00000000
0.23619555,0.24685388,-0.36901486,-0.91590188,-1.44092355,-0.03426018,-0.88100651,0.00002222,15.32851112,-14.06682983,6.42564767,-5.16396638,1.00000000
0.23442231,0.24485409,-0.37110642,-0.91996100,-1.44059785,-0.03495930,-0.88063301,0.00002263,15.32468087,-14.16541281,6.39307230,-5.23380424,1.00000000
0.23265644,0.24283915,-0.37319036,-0.92403389,-1.44026584,-0.03567190,-0.88025236,0.00002302,15.32043685,-14.26401142,6.36020262,-5.30377719,1.00000000
0.23089813,0.24080920,-0.37526644,-0.92812038,-1.43992744,-0.03639811,-0.87986447,0.00002339,15.31577724,-14.36261729,6.32703989,-5.37387993,1.00000000
0.22914757,0.23876441,-0.37733444,-0.93222026,-1.43958261,-0.03713806,-0.87946929,0.00002375,15.31070030,-14.46122201,6.29358543,-5.44410713,1.00000000
0.22740494,0.23670493,-0.37939413,-0.93633337,-1.43923127,-0.03789187,-0.87906675,0.00002409,15.30520440,-14.55981718,6.25984064,-5.51445342,1.00000000
0.22567044,0.23463091,-0.38144528,-0.94045950,-1.43887339,-0.03865966,-0.87865678,0.00002442,15.29928802,-14.65839441,6.22580701,-5.58491340,1.00000000
0.22394424,0.23254253,-0.38348767,-0.94459847,-1.43850890,-0.03944155,-0.87823933,0.00002473,15.29294974,-14.75694529,6.19148609,-5.65548163,1.00000000
0.22222652,0.23043996,-0.38552109,-0.94875009,-1.43813775,-0.04023762,-0.87781435,0.00002502,15.28618825,-14.85546142,6.15687949,-5.72615266,1.00000000
0.22051747,0.22832336,-0.38754530,-0.95291416,-1.43775990,-0.04104799,-0.87738178,0.00002530,15.27900235,-14.95393439,6.12198893,-5.79692097,1.00000000
0.21881725,0.22619292,-0.38956011,-0.95709047,-1.43737531,-0.04187274,-0.87694157,0.00002556,15.27139094,-15.05235583,6.08681617,-5.86778106,1.00000000
0.21712606,0.22404882,-0.39156529,-0.96127883,-1.43698394,-0.04271195,-0.87649369,0.00002581,15.26335303,-15.15071732,6.05136308,-5.93872736,1.00000000
0.21544405,0.22189125,-0.39356064,-0.96547904,-1.43658575,-0.04356569,-0.87603810,0.00002604,15.25488777,-15.24901050,6.01563156,-6.00975430,1.00000000
0.21377140,0.21972039,-0.39554595,-0.96969089,-1.43618071,-0.04443403,-0.87557475,0.00002625,15.24599437,-15.34722698,5.97962364,-6.08085625,1.00000000
0.21210827,0.21753644,-0.39752102,-0.97391416,-1.43576880,-0.04531702,-0.87510363,0.00002645,15.23667220,-15.44535842,5.94334137,-6.15202760,1.00000000
0.21045485,0.21533960,-0.39948565,-0.97814866,-1.43535000,-0.04621471,-0.87462471,0.00002664,15.22692070,-15.54339646,5.90678692,-6.22326267,1.00000000
0.20881127,0.21313006,-0.40143964,-0.98239416,-1.43492428,-0.04712714,-0.87413798,0.00002681,15.21673946,-15.64133276,5.86996250,-6.29455579,1.00000000
0.20717772,0.21090804,-0.40338280,-0.98665045,-1.43449163,-0.04805433,-0.87364341,0.00002697,15.20612817,-15.73915902,5.83287041,-6.36590126,1.00000000
0.20555434,0.20867373,-0.40531494,-0.99091732,-1.43405205,-0.04899629,-0.87314100,0.00002711,15.19508662,-15.83686693,5.79551302,-6.43729333,1.00000000
0.20394129,0.20642736,-0.40723587,-0.99519453,-1.43360553,-0.04995303,-0.87263076,0.00002724,15.18361473,-15.93444822,5.75789279,-6.50872628,1.00000000
0.20233873,0.20416914,-0.40914541,-0.99948187,-1.43315207,-0.05092455,-0.87211268,0.00002736,15.17171254,-16.03189464,5.72001223,-6.58019434,1.00000000
0.20074680,0.20189929,-0.41104338,-1.00377911,-1.43269169,-0.05191081,-0.87158678,0.00002746,15.15938018,-16.12919796,5.68187394,-6.65169171,1.00000000
0.19916566,0.19961802,-0.41292960,-1.00808602,-1.43222440,-0.05291180,-0.87105307,0.00002755,15.14661793,-16.22634996,5.64348058,-6.72321261,1.00000000
0.19759546,0.19732558,-0.41480390,-1.01240237,-1.43175021,-0.05392746,-0.87051158,0.00002763,15.13342616,-16.32334248,5.60483489,-6.79475122,1.00000000
0.19603632,0.19502217,-0.41666610,-1.01672792,-1.43126915,-0.05495774,-0.86996235,0.00002769,15.11980535,-16.42016738,5.56593969,-6.86630171,1.00000000
0.19448840,0.19270805,-0.41851605,-1.02106245,-1.43078126,-0.05600257,-0.86940540,0.00002775,15.10575614,-16.51681652,5.52679785,-6.93785823,1.00000000
0.19295183,0.19038343,-0.42035358,-1.02540570,-1.43028657,-0.05706186,-0.86884079,0.00002779,15.09127923,-16.61328185,5.48741233,-7.00941495,1.00000000
0.19142674,0.18804856,-0.42217853,-1.02975744,-1.42978513,-0.05813553,-0.86826857,0.00002782,15.07637548,-16.70955530,5.44778615,-7.08096598,1.00000000
0.18991328,0.18570369,-0.42399075,-1.03411743,-1.42927698,-0.05922345,-0.86768879,0.00002783,15.06104583,-16.80562887,5.40792242,-7.15250545,1.00000000
0.18841156,0.18334905,-0.42579009,-1.03848542,-1.42876219,-0.06032550,-0.86710153,0.00002784,15.04529138,-16.90149458,5.36782430,-7.22402750,1.00000000
0.18692171,0.18098489,-0.42757639,-1.04286115,-1.42824081,-0.06144154,-0.86650687,0.00002783,15.02911331,-16.99714452,5.32749502,-7.29552622,1.00000000
0.18544386,0.17861146,-0.42934952,-1.04724438,-1.42771293,-0.06257142,-0.86590488,0.00002781,15.01251294,-17.09257078,5.28693789,-7.36699573,1.00000000
0.18397812,0.17622902,-0.43110933,-1.05163485,-1.42717862,-0.06371496,-0.86529565,0.00002779,14.99549168,-17.18776553,5.24615627,-7.43843012,1.00000000
0.18252462,0.17383781,-0.43285569,-1.05603231,-1.42663796,-0.06487198,-0.86467930,0.00002775,14.97805107,-17.28272097,5.20515361,-7.50982351,1.00000000
0.18108346,0.17143809,-0.43458847,-1.06043649,-1.42609105,-0.06604228,-0.86405592,0.00002770,14.96019278,-17.37742934,5.16393341,-7.58116997,1.00000000
0.17965476,0.16903013,-0.43630754,-1.06484713,-1.42553799,-0.06722565,-0.86342563,0.00002764,14.94191858,-17.47188295,5.12249925,-7.65246362,1.00000000
0.17823863,0.16661419,-0.43801278,-1.06926398,-1.42497888,-0.06842185,-0.86278856,0.00002757,14.92323034,-17.56607414,5.08085476,-7.72369855,1.00000000
0.17683517,0.16419053,-0.43970406,-1.07368676,-1.42441384,-0.06963063,-0.86214483,0.00002749,14.90413008,-17.65999531,5.03900363,-7.79486886,1.00000000
0.17544448,0.16175941,-0.44138127,-1.07811520,-1.42384299,-0.07085173,-0.86149460,0.00002741,14.88461992,-17.75363892,4.99694964,-7.86596865,1.00000000
0.17406666,0.15932110,-0.44304430,-1.08254903,-1.42326646,-0.07208487,-0.86083800,0.00002731,14.86470206,-17.84699748,4.95469662,-7.93699203,1.00000000
0.17270181,0.15687588,-0.44469304,-1.08698798,-1.42268439,-0.07332976,-0.86017520,0.00002720,14.84437888,-17.94006356,4.91224844,-8.00793312,1.00000000
0.17135001,0.15442401,-0.44632738,-1.09143177,-1.42209692,-0.07458609,-0.85950636,0.00002709,14.82365280,-18.03282978,4.86960906,-8.07878604,1.00000000
0.17001136,0.15196577,-0.44794723,-1.09588012,-1.42150420,-0.07585354,-0.85883166,0.00002696,14.80252641,-18.12528883,4.82678250,-8.14954491,1.00000000
0.16868595,0.14950144,-0.44955248,-1.10033275,-1.42090639,-0.07713175,-0.85815128,0.00002683,14.78100238,-18.21743346,4.78377281,-8.22020389,1.00000000
0.16737385,0.14703129,-0.45114306,-1.10478937,-1.42030366,-0.07842038,-0.85746541,0.00002669,14.75908350,-18.30925649,4.74058413,-8.29075712,1.00000000
0.16607515,0.14455560,-0.45271887,-1.10924971,-1.41969618,-0.07971906,-0.85677424,0.00002655,14.73677266,-18.40075078,4.69722064,-8.36119875,1.00000000
0.16478992,0.14207465,-0.45427982,-1.11371346,-1.41908412,-0.08102740,-0.85607799,0.00002639,14.71407288,-18.49190929,4.65368658,-8.43152298,1.00000000
0.16351823,0.13958872,-0.45582584,-1.11818035,-1.41846768,-0.08234500,-0.85537686,0.00002623,14.69098727,-18.58272502,4.60998624,-8.50172399,1.00000000
0.16226016,0.13709810,-0.45735685,-1.12265007,-1.41784705,-0.08367144,-0.85467109,0.00002606,14.66751905,-18.67319106,4.56612398,-8.57179600,1.00000000
0.16101576,0.13460306,-0.45887278,-1.12712234,-1.41722242,-0.08500630,-0.85396089,0.00002588,14.64367155,-18.76330056,4.52210421,-8.64173322,1.00000000
0.15978511,0.13210390,-0.46037356,-1.13159685,-1.41659400,-0.08634914,-0.85324650,0.00002570,14.61944821,-18.85304675,4.47793136,-8.71152990,1.00000000
0.15856826,0.12960090,-0.46185913,-1.13607331,-1.41596201,-0.08769950,-0.85252817,0.00002551,14.59485257,-18.94242292,4.43360996,-8.78118031,1.00000000
0.15736527,0.12709434,-0.46332943,-1.14055141,-1.41532666,-0.08905691,-0.85180614,0.00002531,14.56988827,-19.03142244,4.38914455,-8.85067872,1.00000000
0.15617619,0.12458452,-0.46478440,-1.14503084,-1.41468818,-0.09042090,-0.85108068,0.00002511,14.54455905,-19.12003876,4.34453975,-8.92001946,1.00000000
0.15500108,0.12207172,-0.46622400,-1.14951131,-1.41404680,-0.09179097,-0.85035203,0.00002490,14.51886876,-19.20826542,4.29980019,-8.98919685,1.00000000
0.15383997,0.11955624,-0.46764817,-1.15399251,-1.41340274,-0.09316662,-0.84962047,0.00002468,14.49282136,-19.29609602,4.25493060,-9.05820525,1.00000000
0.15269291,0.11703835,-0.46905687,-1.15847412,-1.41275626,-0.09454735,-0.84888628,0.00002446,14.46642089,-19.38352423,4.20993570,-9.12703904,1.00000000
0.15155994,0.11451836,-0.47045007,-1.16295583,-1.41210759,-0.09593261,-0.84814972,0.00002424,14.43967150,-19.47054384,4.16482028,-9.19569263,1.00000000
0.15044110,0.11199655,-0.47182772,-1.16743733,-1.41145698,-0.09732190,-0.84741109,0.00002401,14.41257743,-19.55714870,4.11958919,-9.26416045,1.00000000
0.14933641,0.10947322,-0.47318979,-1.17191831,-1.41080469,-0.09871466,-0.84667067,0.00002377,14.38514302,-19.64333272,4.07424729,-9.33243699,1.00000000
0.14824592,0.10694865,-0.47453627,-1.17639844,-1.41015097,-0.10011034,-0.84592875,0.00002353,14.35737271,-19.72908995,4.02879949,-9.40051673,1.00000000
0.14716964,0.10442314,-0.47586712,-1.18087740,-1.40949608,-0.10150840,-0.84518563,0.00002328,14.32927103,-19.81441447,3.98325077,-9.46839421,1.00000000
0.14610760,0.10189698,-0.47718232,-1.18535487,-1.40884029,-0.10290826,-0.84444161,0.00002304,14.30084259,-19.89930049,3.93760609,-9.53606399,1.00000000
0.14505982,0.09937046,-0.47848186,-1.18983054,-1.40818386,-0.10430937,-0.84369698,0.00002278,14.27209213,-19.98374229,3.89187051,-9.60352068,1.00000000
0.14402631,0.09684388,-0.47976573,-1.19430407,-1.40752705,-0.10571114,-0.84295206,0.00002252,14.24302443,-20.06773425,3.84604908,-9.67075890,1.00000000
0.14300708,0.09431752,-0.48103392,-1.19877513,-1.40687015,-0.10711301,-0.84220715,0.00002226,14.21364439,-20.15127081,3.80014690,-9.73777332,1.00000000
0.14200216,0.09179167,-0.48228642,-1.20324340,-1.40621342,-0.10851439,-0.84146255,0.00002200,14.18395700,-20.23434655,3.75416912,-9.80455867,1.00000000
0.14101153,0.08926664,-0.48352323,-1.20770856,-1.40555713,-0.10991469,-0.84071858,0.00002173,14.15396733,-20.31695611,3.70812089,-9.87110968,1.00000000
0.14003521,0.08674270,-0.48474436,-1.21217026,-1.40490157,-0.11131334,-0.83997555,0.00002146,14.12368052,-20.39909423,3.66200743,-9.93742114,1.00000000
0.13907320,0.08422015,-0.48594981,-1.21662817,-1.40424699,-0.11270976,-0.83923376,0.00002118,14.09310182,-20.48075576,3.61583395,-10.00348789,1.00000000
0.13812548,0.08169928,-0.48713959,-1.22108196,-1.40359369,-0.11410334,-0.83849354,0.00002090,14.06223654,-20.56193562,3.56960572,-10.06930480,1.00000000
0.13719206,0.07918038,-0.48831373,-1.22553129,-1.40294193,-0.11549351,-0.83775518,0.00002062,14.03109010,-20.64262886,3.52332802,-10.13486678,1.00000000
0.13627292,0.07666373,-0.48947222,-1.22997582,-1.40229199,-0.11687969,-0.83701900,0.00002034,13.99966796,-20.72283059,3.47700616,-10.20016879,1.00000000
0.13536805,0.07414963,-0.49061510,-1.23441522,-1.40164413,-0.11826128,-0.83628531,0.00002005,13.96797570,-20.80253607,3.43064548,-10.26520585,1.00000000
0.13447743,0.07163837,-0.49174240,-1.23884915,-1.40099864,-0.11963773,-0.83555441,0.00001976,13.93601895,-20.88174060,3.38425135,-10.32997299,1.00000000
0.13360105,0.06913022,-0.49285413,-1.24327725,-1.40035579,-0.12100844,-0.83482661,0.00001947,13.90380343,-20.96043964,3.33782913,-10.39446534,1.00000000
0.13273887,0.06662547,-0.49395033,-1.24769920,-1.39971583,-0.12237286,-0.83410220,0.00001918,13.87133492,-21.03862870,3.29138425,-10.45867803,1.00000000
0.13189087,0.06412442,-0.49503104,-1.25211464,-1.39907904,-0.12373041,-0.83338150,0.00001888,13.83861929,-21.11630344,3.24492212,-10.52260627,1.00000000
0.13105702,0.06162733,-0.49609629,-1.25652322,-1.39844568,-0.12508054,-0.83266479,0.00001859,13.80566247,-21.19345960,3.19844818,-10.58624531,1.00000000
0.13023729,0.05913450,-0.49714613,-1.26092461,-1.39781600,-0.12642270,-0.83195236,0.00001829,13.77247046,-21.27009301,3.15196791,-10.64959046,1.00000000
0.12943164,0.05664621,-0.49818060,-1.26531846,-1.39719027,-0.12775634,-0.83124451,0.00001799,13.73904934,-21.34619965,3.10548676,-10.71263707,1.00000000
0.12864003,0.05416273,-0.49919975,-1.26970441,-1.39656874,-0.12908093,-0.83054150,0.00001769,13.70540525,-21.42177556,3.05901024,-10.77538055,1.00000000
0.12786242,0.05168435,-0.50020364,-1.27408212,-1.39595164,-0.13039595,-0.82984364,0.00001739,13.67154439,-21.49681692,3.01254384,-10.83781637,1.00000000
0.12709875,0.04921133,-0.50119231,-1.27845123,-1.39533924,-0.13170087,-0.82915118,0.00001709,13.63747302,-21.57131999,2.96609309,-10.89994007,1.00000000
0.12634899,0.04674396,-0.50216583,-1.28281140,-1.39473176,-0.13299520,-0.82846439,0.00001678,13.60319748,-21.64528118,2.91966351,-10.96174721,1.00000000
0.12561308,0.04428251,-0.50312426,-1.28716227,-1.39412943,-0.13427844,-0.82778353,0.00001648,13.56872417,-21.71869696,2.87326064,-11.02323344,1.00000000
0.12489095,0.04182726,-0.50406766,-1.29150348,-1.39353250,-0.13555010,-0.82710886,0.00001618,13.53405952,-21.79156395,2.82689002,-11.08439445,1.00000000
0.12418257,0.03937846,-0.50499610,-1.29583470,-1.39294117,-0.13680972,-0.82644063,0.00001587,13.49921005,-21.86387887,2.78055720,-11.14522602,1.00000000
0.12348785,0.03693640,-0.50590966,-1.30015555,-1.39235566,-0.13805683,-0.82577908,0.00001557,13.46418232,-21.93563854,2.73426774,-11.20572395,1.00000000
0.12280674,0.03450134,-0.50680840,-1.30446569,-1.39177619,-0.13929099,-0.82512445,0.00001526,13.42898295,-22.00683989,2.68802719,-11.26588413,1.00000000
0.12213916,0.03207355,-0.50769240,-1.30876476,-1.39120296,-0.14051178,-0.82447695,0.00001496,13.39361860,-22.07748000,2.64184111,-11.32570251,1.00000000
0.12148506,0.02965328,-0.50856174,-1.31305241,-1.39063617,-0.14171877,-0.82383682,0.00001465,13.35809598,-22.14755601,2.59571508,-11.38517510,1.00000000
0.12084434,0.02724081,-0.50941651,-1.31732827,-1.39007600,-0.14291156,-0.82320426,0.00001435,13.32242187,-22.21706521,2.54965464,-11.44429798,1.00000000
0.12021694,0.02483638,-0.51025678,-1.32159199,-1.38952264,-0.14408976,-0.82257947,0.00001404,13.28660308,-22.28600500,2.50366536,-11.50306727,1.00000000
0.11960277,0.02244026,-0.51108266,-1.32584322,-1.38897626,-0.14525300,-0.82196266,0.00001374,13.25064646,-22.35437287,2.45775279,-11.56147921,1.00000000
0.11900176,0.02005270,-0.51189422,-1.33008160,-1.38843704,-0.14640093,-0.82135401,0.00001344,13.21455890,-22.42216647,2.41192248,-11.61953005,1.00000000
0.11841381,0.01767396,-0.51269156,-1.33430677,-1.38790514,-0.14753320,-0.82075370,0.00001313,13.17834735,-22.48938351,2.36617998,-11.67721614,1.00000000
0.11783884,0.01530429,-0.51347479,-1.33851837,-1.38738071,-0.14864949,-0.82016190,0.00001283,13.14201878,-22.55602187,2.32053082,-11.73453390,1.00000000
0.11727675,0.01294393,-0.51424398,-1.34271604,-1.38686389,-0.14974948,-0.81957878,0.00001253,13.10558020,-22.62207949,2.27498051,-11.79147981,1.00000000
0.11672746,0.01059313,-0.51499926,-1.34689944,-1.38635483,-0.15083289,-0.81900448,0.00001223,13.06903866,-22.68755448,2.22953459,-11.84805041,1.00000000
0.11619086,0.00825214,-0.51574072,-1.35106819,-1.38585366,-0.15189945,-0.81843916,0.00001193,13.03240122,-22.75244503,2.18419854,-11.90424235,1.00000000
0.11566685,0.00592119,-0.51646846,-1.35522195,-1.38536050,-0.15294888,-0.81788294,0.00001164,12.99567500,-22.81674945,2.13897786,-11.96005231,1.00000000
0.11515533,0.00360053,-0.51718260,-1.35936036,-1.38487547,-0.15398095,-0.81733596,0.00001134,12.95886713,-22.88046618,2.09387801,-12.01547705,1.00000000
0.11465620,0.00129039,-0.51788324,-1.36348306,-1.38439867,-0.15499544,-0.81679833,0.00001104,12.92198477,-22.94359376,2.04890444,-12.07051344,1.00000000
0.11416934,-0.00100899,-0.51857050,-1.36758970,-1.38393020,-0.15599213,-0.81627016,0.00001075,12.88503509,-23.00613086,2.00406260,-12.12515837,1.00000000
0.11369465,-0.00329739,-0.51924449,-1.37167991,-1.38347015,-0.15697084,-0.81575155,0.00001046,12.84802529,-23.06807625,1.95935788,-12.17940885,1.00000000
0.11323202,-0.00557457,-0.51990534,-1.37575336,-1.38301862,-0.15793138,-0.81524260,0.00001017,12.81096259,-23.12942883,1.91479569,-12.23326193,1.00000000
0.11278133,-0.00784032,-0.52055315,-1.37980968,-1.38257567,-0.15887361,-0.81474338,0.00000988,12.77385422,-23.19018760,1.87038138,-12.28671476,1.00000000
0.11234246,-0.01009440,-0.52118805,-1.38384852,-1.38214136,-0.15979737,-0.81425397,0.00000959,12.73670743,-23.25035169,1.82612030,-12.33976456,1.00000000
0.11191530,-0.01233660,-0.52181017,-1.38786953,-1.38171578,-0.16070255,-0.81377443,0.00000931,12.69952947,-23.30992033,1.78201776,-12.39240862,1.00000000
0.11149971,-0.01456671,-0.52241962,-1.39187235,-1.38129895,-0.16158904,-0.81330483,0.00000903,12.66232761,-23.36889288,1.73807904,-12.44464430,1.00000000
0.11109558,-0.01678450,-0.52301654,-1.39585664,-1.38089093,-0.16245674,-0.81284519,0.00000875,12.62510911,-23.42726878,1.69430940,-12.49646907,1.00000000
0.11070279,-0.01898976,-0.52360105,-1.39982206,-1.38049176,-0.16330558,-0.81239558,0.00000847,12.58788125,-23.48504763,1.65071406,-12.54788044,1.00000000
0.11032119,-0.02118230,-0.52417328,-1.40376824,-1.38010146,-0.16413550,-0.81195601,0.00000819,12.55065129,-23.54222910,1.60729821,-12.59887602,1.00000000
0.10995066,-0.02336190,-0.52473337,-1.40769485,-1.37972006,-0.16494646,-0.81152650,0.00000792,12.51342650,-23.59881299,1.56406700,-12.64945349,1.00000000
0.10959107,-0.02552837,-0.52528144,-1.41160154,-1.37934757,-0.16573842,-0.81110708,0.00000765,12.47621415,-23.65479922,1.52102555,-12.69961061,1.00000000
0.10924229,-0.02768149,-0.52581764,-1.41548797,-1.37898400,-0.16651139,-0.81069774,0.00000738,12.43902150,-23.71018779,1.47817893,-12.74934522,1.00000000
0.10890418,-0.02982109,-0.52634209,-1.41935380,-1.37862935,-0.16726534,-0.81029848,0.00000711,12.40185579,-23.76497883,1.43553219,-12.79865523,1.00000000
0.10857659,-0.03194696,-0.52685494,-1.42319868,-1.37828360,-0.16800032,-0.80990930,0.00000684,12.36472425,-23.81917258,1.39309032,-12.84753865,1.00000000
0.10825939,-0.03405893,-0.52735633,-1.42702229,-1.37794676,-0.16871633,-0.80953018,0.00000658,12.32763411,-23.87276938,1.35085827,-12.89599355,1.00000000
0.10795245,-0.03615679,-0.52784638,-1.43082427,-1.37761879,-0.16941344,-0.80916108,0.00000632,12.29059255,-23.92576968,1.30884096,-12.94401808,1.00000000
0.10765561,-0.03824038,-0.52832525,-1.43460431,-1.37729968,-0.17009170,-0.80880199,0.00000607,12.25360677,-23.97817402,1.26704323,-12.99161049,1.00000000
0.10736873,-0.04030951,-0.52879308,-1.43836207,-1.37698938,-0.17075119,-0.80845285,0.00000581,12.21668391,-24.02998306,1.22546992,-13.03876907,1.00000000
0.10709167,-0.04236401,-0.52925001,-1.44209722,-1.37668786,-0.17139198,-0.80811362,0.00000556,12.17983110,-24.08119755,1.18412578,-13.08549224,1.00000000
0.10682427,-0.04440370,-0.52969618,-1.44580944,-1.37639508,-0.17201418,-0.80778425,0.00000531,12.14305545,-24.13181836,1.14301554,-13.13177845,1.00000000
0.10656640,-0.04642841,-0.53013174,-1.44949839,-1.37611098,-0.17261790,-0.80746469,0.00000507,12.10636403,-24.18184645,1.10214384,-13.17762626,1.00000000
0.10631790,-0.04843799,-0.53055683,-1.45316376,-1.37583550,-0.17320326,-0.80715485,0.00000483,12.06976386,-24.23128286,1.06151530,-13.22303430,1.00000000
0.10607861,-0.05043227,-0.53097161,-1.45680523,-1.37556858,-0.17377039,-0.80685467,0.00000459,12.03326195,-24.28012875,1.02113448,-13.26800129,1.00000000
0.10584840,-0.05241110,-0.53137621,-1.46042249,-1.37531016,-0.17431945,-0.80656408,0.00000435,11.99686525,-24.32838537,0.98100587,-13.31252600,1.00000000
0.10562710,-0.05437431,-0.53177078,-1.46401521,-1.37506016,-0.17485059,-0.80628298,0.00000411,11.96058068,-24.37605407,0.94113392,-13.35660730,1.00000000
0.10541456,-0.05632176,-0.53215548,-1.46758310,-1.37481851,-0.17536398,-0.80601129,0.00000388,11.92441511,-24.42313627,0.90152299,-13.40024415,1.00000000
0.10521063,-0.05825329,-0.53253045,-1.47112584,-1.37458512,-0.17585979,-0.80574892,0.00000366,11.88837537,-24.46963352,0.86217741,-13.44343556,1.00000000
0.10501515,-0.06016878,-0.53289584,-1.47464314,-1.37435990,-0.17633821,-0.80549576,0.00000343,11.85246823,-24.51554742,0.82310144,-13.48618063,1.00000000
0.10482796,-0.06206807,-0.53325180,-1.47813468,-1.37414276,-0.17679944,-0.80525171,0.00000321,11.81670042,-24.56087968,0.78429927,-13.52847853,1.00000000
0.10464892,-0.06395104,-0.53359847,-1.48160018,-1.37393361,-0.17724369,-0.80501665,0.00000299,11.78107859,-24.60563209,0.74577503,-13.57032854,1.00000000
0.10447786,-0.06581754,-0.53393602,-1.48503935,-1.37373234,-0.17767116,-0.80479049,0.00000278,11.74560935,-24.64980653,0.70753278,-13.61172996,1.00000000
0.10431462,-0.06766745,-0.53426458,-1.48845188,-1.37353886,-0.17808208,-0.80457309,0.00000256,11.71029927,-24.69340497,0.66957652,-13.65268222,1.00000000
0.10415905,-0.06950064,-0.53458431,-1.49183751,-1.37335305,-0.17847668,-0.80436433,0.00000236,11.67515481,-24.73642943,0.63191018,-13.69318480,1.00000000
0.10401098,-0.07131700,-0.53489536,-1.49519594,-1.37317481,-0.17885519,-0.80416410,0.00000215,11.64018241,-24.77888205,0.59453761,-13.73323724,1.00000000
0.10387027,-0.07311640,-0.53519788,-1.49852690,-1.37300402,-0.17921787,-0.80397226,0.00000195,11.60538842,-24.82076502,0.55746259,-13.77283919,1.00000000
0.10373675,-0.07489873,-0.53549201,-1.50183012,-1.37284056,-0.17956495,-0.80378867,0.00000175,11.57077911,-24.86208061,0.52068885,-13.81199035,1.00000000
0.10361026,-0.07666389,-0.53577791,-1.50510533,-1.37268431,-0.17989669,-0.80361321,0.00000155,11.53636071,-24.90283119,0.48422003,-13.85069050,1.00000000
0.10349065,-0.07841176,-0.53605572,-1.50835227,-1.37253516,-0.18021337,-0.80344573,0.00000136,11.50213934,-24.94301916,0.44805968,-13.88893950,1.00000000
0.10337776,-0.08014223,-0.53632560,-1.51157067,-1.37239297,-0.18051523,-0.80328609,0.00000117,11.46812108,-24.98264703,0.41221131,-13.92673727,1.00000000
0.10327142,-0.08185523,-0.53658769,-1.51476029,-1.37225762,-0.18080256,-0.80313414,0.00000099,11.43431189,-25.02171736,0.37667833,-13.96408380,1.00000000
0.10317148,-0.08355064,-0.53684214,-1.51792086,-1.37212898,-0.18107563,-0.80298975,0.00000082,11.40071767,-25.06023277,0.34146407,-14.00097917,1.00000000
0.10307779,-0.08522837,-0.53708910,-1.52105215,-1.37200692,-0.18133472,-0.80285276,0.00000066,11.36734425,-25.09819597,0.30657180,-14.03742352,1.00000000
0.10299018,-0.08688835,-0.53732871,-1.52415392,-1.37189130,-0.18158011,-0.80272301,0.00000050,11.33419735,-25.13560970,0.27200470,-14.07341705,1.00000000
0.10290849,-0.08853048,-0.53756111,-1.52722593,-1.37178199,-0.18181209,-0.80260037,0.00000034,11.30128261,-25.17247679,0.23776587,-14.10896005,1.00000000
0.10283259,-0.09015468,-0.53778647,-1.53026795,-1.37167886,-0.18203096,-0.80248467,0.00000017,11.26860559,-25.20880013,0.20385832,-14.14405286,1.00000000
0.10276229,-0.09176088,-0.53800491,-1.53327975,-1.37158176,-0.18223700,-0.80237577,0.00000001,11.23617173,-25.24458264,0.17028499,-14.17869590,1.00000000
0.10269746,-0.09334901,-0.53821659,-1.53626113,-1.37149056,-0.18243050,-0.80227349,-0.00000015,11.20398642,-25.27982733,0.13704874,-14.21288965,1.00000000
0.10263794,-0.09491899,-0.53842164,-1.53921186,-1.37140511,-0.18261177,-0.80217769,-0.00000031,11.17205491,-25.31453723,0.10415234,-14.24663466,1.00000000
0.10258357,-0.09647077,-0.53862022,-1.54213174,-1.37132529,-0.18278111,-0.80208821,-0.00000048,11.14038238,-25.34871546,0.07159847,-14.27993155,1.00000000
0.10253421,-0.09800428,-0.53881245,-1.54502056,-1.37125094,-0.18293881,-0.80200489,-0.00000064,11.10897389,-25.38236516,0.03938973,-14.31278100,1.00000000
0.10248969,-0.09951946,-0.53899848,-1.54787813,-1.37118193,-0.18308517,-0.80192757,-0.00000080,11.07783443,-25.41548954,0.00752864,-14.34518376,1.00000000
0.10244987,-0.10101627,-0.53917845,-1.55070426,-1.37111811,-0.18322050,-0.80185609,-0.00000096,11.04696884,-25.44809184,-0.02398237,-14.37714062,1.00000000
0.10241461,-0.10249464,-0.53935250,-1.55349876,-1.37105934,-0.18334509,-0.80179028,-0.00000113,11.01638190,-25.48017536,-0.05514098,-14.40865247,1.00000000
0.10238375,-0.10395454,-0.53952076,-1.55626146,-1.37100549,-0.18345925,-0.80173000,-0.00000126,10.98607826,-25.51174342,-0.08594491,-14.43972025,1.00000000
0.10235714,-0.10539593,-0.53968337,-1.55899218,-1.37095641,-0.18356328,-0.80167508,-0.00000140,10.95606246,-25.54279942,-0.11639202,-14.47034494,1.00000000
0.10233464,-0.10681876,-0.53984046,-1.56169077,-1.37091195,-0.18365748,-0.80162537,-0.00000153,10.92633893,-25.57334676,-0.14648022,-14.50052761,1.00000000
0.10231611,-0.10822300,-0.53999217,-1.56435705,-1.37087198,-0.18374214,-0.80158069,-0.00000166,10.89691200,-25.60338892,-0.17620754,-14.53026937,1.00000000
0.10230141,-0.10960861,-0.54013863,-1.56699088,-1.37083636,-0.18381758,-0.80154091,-0.00000179,10.86778588,-25.63292937,-0.20557208,-14.55957141,1.00000000
0.10229038,-0.11097559,-0.54027997,-1.56959212,-1.37080494,-0.18388407,-0.80150585,-0.00000191,10.83896467,-25.66197165,-0.23457203,-14.58843495,1.00000000
0.10228290,-0.11232389,-0.54041631,-1.57216061,-1.37077760,-0.18394193,-0.80147536,-0.00000203,10.81045233,-25.69051933,-0.26320569,-14.61686130,1.00000000
0.10227881,-0.11365350,-0.54054779,-1.57469624,-1.37075418,-0.18399144,-0.80144929,-0.00000215,10.78225274,-25.71857599,-0.29147144,-14.64485181,1.00000000
0.10227800,-0.11496440,-0.54067453,-1.57719887,-1.37073456,-0.18403290,-0.80142747,-0.00000226,10.75436964,-25.74614527,-0.31936776,-14.67240788,1.00000000
0.10228032,-0.11625659,-0.54079665,-1.57966839,-1.37071859,-0.18406659,-0.80140977,-0.00000237,10.72680664,-25.77323082,-0.34689320,-14.69953098,1.00000000
0.10228563,-0.11753005,-0.54091429,-1.58210469,-1.37070615,-0.18409280,-0.80139602,-0.00000248,10.69956725,-25.79983632,-0.37404643,-14.72622264,1.00000000
0.10229381,-0.11878478,-0.54102755,-1.58450766,-1.37069709,-0.18411182,-0.80138608,-0.00000258,10.67265485,-25.82596548,-0.40082621,-14.75248443,1.00000000
0.10230473,-0.12002078,-0.54113656,-1.58687720,-1.37069129,-0.18412392,-0.80137980,-0.00000269,10.64607268,-25.85162204,-0.42723138,-14.77831798,1.00000000
0.10231826,-0.12123805,-0.54124144,-1.58921323,-1.37068861,-0.18412939,-0.80137702,-0.00000278,10.61982389,-25.87680975,-0.45326088,-14.80372498,1.00000000
0.10233427,-0.12243660,-0.54134230,-1.59151566,-1.37068893,-0.18412850,-0.80137761,-0.00000288,10.59391146,-25.90153239,-0.47891376,-14.82870717,1.00000000
0.10235264,-0.12361644,-0.54143926,-1.59378442,-1.37069212,-0.18412152,-0.80138142,-0.00000297,10.56833829,-25.92579377,-0.50418915,-14.85326632,1.00000000
0.10237325,-0.12477758,-0.54153244,-1.59601944,-1.37069804,-0.18410872,-0.80138831,-0.00000306,10.54310712,-25.94959770,-0.52908628,-14.87740430,1.00000000
0.10239597,-0.12592004,-0.54162194,-1.59822067,-1.37070659,-0.18409036,-0.80139814,-0.00000314,10.51822056,-25.97294802,-0.55360447,-14.90112299,1.00000000
0.10242069,-0.12704384,-0.54170787,-1.60038804,-1.37071763,-0.18406671,-0.80141077,-0.00000323,10.49368112,-25.99584860,-0.57774315,-14.92442433,1.00000000
0.10244730,-0.12814901,-0.54179034,-1.60252153,-1.37073105,-0.18403801,-0.80142606,-0.00000331,10.46949114,-26.01830330,-0.60150182,-14.94731033,1.00000000
0.10247567,-0.12923558,-0.54186946,-1.60462108,-1.37074672,-0.18400453,-0.80144389,-0.00000338,10.44565286,-26.04031601,-0.62488012,-14.96978303,1.00000000
0.10250571,-0.13030358,-0.54194533,-1.60668668,-1.37076453,-0.18396651,-0.80146412,-0.00000346,10.42216837,-26.06189064,-0.64787774,-14.99184453,1.00000000
0.10253729,-0.13135304,-0.54201805,-1.60871830,-1.37078436,-0.18392418,-0.80148662,-0.00000353,10.39903964,-26.08303110,-0.67049450,-15.01349696,1.00000000
0.10257032,-0.13238400,-0.54208773,-1.61071593,-1.37080611,-0.18387780,-0.80151126,-0.00000360,10.37626850,-26.10374133,-0.69273030,-15.03474253,1.00000000
0.10260468,-0.13339652,-0.54215446,-1.61267956,-1.37082966,-0.18382760,-0.80153793,-0.00000366,10.35385665,-26.12402527,-0.71458514,-15.05558348,1.00000000
0.10264027,-0.13439063,-0.54221834,-1.61460921,-1.37085490,-0.18377380,-0.80156650,-0.00000372,10.33180564,-26.14388687,-0.73605914,-15.07602210,1.00000000
0.10267700,-0.13536639,-0.54227947,-1.61650488,-1.37088174,-0.18371663,-0.80159685,-0.00000378,10.31011690,-26.16333010,-0.75715248,-15.09606072,1.00000000
0.10271477,-0.13632384,-0.54233793,-1.61836659,-1.37091005,-0.18365631,-0.80162886,-0.00000384,10.28879172,-26.18235892,-0.77786547,-15.11570173,1.00000000
0.10275347,-0.13726306,-0.54239382,-1.62019438,-1.37093975,-0.18359306,-0.80166242,-0.00000390,10.26783127,-26.20097733,-0.79819849,-15.13494757,1.00000000
0.10279302,-0.13818410,-0.54244724,-1.62198828,-1.37097073,-0.18352708,-0.80169743,-0.00000395,10.24723655,-26.21918932,-0.81815206,-15.15380071,1.00000000
0.10283333,-0.13908703,-0.54249825,-1.62374833,-1.37100291,-0.18345858,-0.80173376,-0.00000400,10.22700846,-26.23699888,-0.83772674,-15.17226368,1.00000000
0.10287430,-0.13997191,-0.54254696,-1.62547459,-1.37103617,-0.18338776,-0.80177132,-0.00000404,10.20714772,-26.25441003,-0.85692325,-15.19033906,1.00000000
0.10291586,-0.14083882,-0.54259344,-1.62716713,-1.37107044,-0.18331482,-0.80181001,-0.00000409,10.18765496,-26.27142678,-0.87574237,-15.20802946,1.00000000
0.10295791,-0.14168784,-0.54263778,-1.62882601,-1.37110562,-0.18323994,-0.80184971,-0.00000413,10.16853063,-26.28805316,-0.89418498,-15.22533755,1.00000000
0.10300038,-0.14251904,-0.54268006,-1.63045132,-1.37114163,-0.18316332,-0.80189034,-0.00000417,10.14977508,-26.30429320,-0.91225207,-15.24226604,1.00000000
0.10304319,-0.14333252,-0.54272035,-1.63204314,-1.37117837,-0.18308512,-0.80193180,-0.00000421,10.13138849,-26.32015093,-0.92994474,-15.25881770,1.00000000
0.10308626,-0.14412834,-0.54275873,-1.63360157,-1.37121578,-0.18300552,-0.80197399,-0.00000424,10.11337091,-26.33563040,-0.94726417,-15.27499532,1.00000000
0.10312951,-0.14490662,-0.54279528,-1.63512672,-1.37125377,-0.18292470,-0.80201683,-0.00000427,10.09572227,-26.35073566,-0.96421163,-15.29080176,1.00000000
0.10317288,-0.14566744,-0.54283006,-1.63661871,-1.37129225,-0.18284282,-0.80206024,-0.00000430,10.07844234,-26.36547077,-0.98078853,-15.30623990,1.00000000
0.10321630,-0.14641090,-0.54286315,-1.63807765,-1.37133117,-0.18276003,-0.80210411,-0.00000433,10.06153075,-26.37983979,-0.99699633,-15.32131271,1.00000000
0.10325969,-0.14713711,-0.54289462,-1.63950368,-1.37137044,-0.18267648,-0.80214839,-0.00000435,10.04498702,-26.39384680,-1.01283663,-15.33602315,1.00000000
0.10330300,-0.14784616,-0.54292453,-1.64089694,-1.37141000,-0.18259234,-0.80219298,-0.00000438,10.02881049,-26.40749586,-1.02831109,-15.35037428,1.00000000
0.10334616,-0.14853817,-0.54295294,-1.64225759,-1.37144978,-0.18250773,-0.80223782,-0.00000440,10.01300040,-26.42079108,-1.04342152,-15.36436916,1.00000000
0.10338912,-0.14921325,-0.54297993,-1.64358578,-1.37148971,-0.18242279,-0.80228282,-0.00000441,9.99755582,-26.43373653,-1.05816978,-15.37801093,1.00000000
0.10343181,-0.14987152,-0.54300554,-1.64488168,-1.37152974,-0.18233767,-0.80232792,-0.00000443,9.98247570,-26.44633633,-1.07255786,-15.39130277,1.00000000
0.10347418,-0.15051310,-0.54302985,-1.64614546,-1.37156980,-0.18225248,-0.80237306,-0.00000445,9.96775885,-26.45859457,-1.08658784,-15.40424789,1.00000000
0.10351618,-0.15113811,-0.54305290,-1.64737732,-1.37160983,-0.18216735,-0.80241816,-0.00000446,9.95340393,-26.47051538,-1.10026189,-15.41684956,1.00000000
0.10355776,-0.15174668,-0.54307476,-1.64857746,-1.37164978,-0.18208239,-0.80246316,-0.00000447,9.93940947,-26.48210287,-1.11358230,-15.42911110,1.00000000
0.10359887,-0.15233895,-0.54309547,-1.64974606,-1.37168960,-0.18199772,-0.80250802,-0.00000448,9.92577388,-26.49336119,-1.12655145,-15.44103587,1.00000000
0.10363947,-0.15291504,-0.54311510,-1.65088336,-1.37172923,-0.18191345,-0.80255266,-0.00000448,9.91249539,-26.50429448,-1.13917180,-15.45262729,1.00000000
0.10367952,-0.15347509,-0.54313368,-1.65198958,-1.37176864,-0.18182967,-0.80259704,-0.00000449,9.89957214,-26.51490690,-1.15144595,-15.46388881,1.00000000
0.10371896,-0.15401926,-0.54315128,-1.65306493,-1.37180776,-0.18174648,-0.80264110,-0.00000449,9.88700209,-26.52520261,-1.16337656,-15.47482396,1.00000000
0.10375777,-0.15454767,-0.54316793,-1.65410968,-1.37184657,-0.18166397,-0.80268480,-0.00000449,9.87478309,-26.53518579,-1.17496642,-15.48543627,1.00000000
0.10379591,-0.15506050,-0.54318368,-1.65512406,-1.37188502,-0.18158224,-0.80272808,-0.00000449,9.86291286,-26.54486063,-1.18621840,-15.49572937,1.00000000
0.10383334,-0.15555788,-0.54319858,-1.65610834,-1.37192306,-0.18150136,-0.80277092,-0.00000448,9.85138895,-26.55423135,-1.19713548,-15.50570692,1.00000000
0.10387004,-0.15603998,-0.54321266,-1.65706278,-1.37196067,-0.18142141,-0.80281326,-0.00000448,9.84020881,-26.56330215,-1.20772073,-15.51537261,1.00000000
0.10390597,-0.15650695,-0.54322597,-1.65798767,-1.37199781,-0.18134246,-0.80285506,-0.00000447,9.82936973,-26.57207728,-1.21797734,-15.52473022,1.00000000
0.10394111,-0.15695897,-0.54323855,-1.65888330,-1.37203445,-0.18126459,-0.80289630,-0.00000446,9.81886887,-26.58056099,-1.22790856,-15.53378356,1.00000000
0.10397544,-0.15739620,-0.54325044,-1.65974995,-1.37207055,-0.18118785,-0.80293693,-0.00000445,9.80870328,-26.58875755,-1.23751779,-15.54253649,1.00000000
0.10400892,-0.15781881,-0.54326166,-1.66058794,-1.37210609,-0.18111230,-0.80297693,-0.00000444,9.79886983,-26.59667124,-1.24680849,-15.55099292,1.00000000
0.10404154,-0.15822698,-0.54327227,-1.66139757,-1.37214105,-0.18103801,-0.80301627,-0.00000443,9.78936531,-26.60430638,-1.25578423,-15.55915684,1.00000000
0.10407328,-0.15862089,-0.54328228,-1.66217919,-1.37217540,-0.18096501,-0.80305491,-0.00000442,9.78018632,-26.61166729,-1.26444870,-15.56703226,1.00000000
0.10410412,-0.15900073,-0.54329173,-1.66293311,-1.37220911,-0.18089336,-0.80309284,-0.00000440,9.77132938,-26.61875832,-1.27280567,-15.57462328,1.00000000
0.10413405,-0.15936668,-0.54330065,-1.66365969,-1.37224218,-0.18082310,-0.80313004,-0.00000438,9.76279084,-26.62558385,-1.28085900,-15.58193401,1.00000000
0.10416306,-0.15971894,-0.54330907,-1.66435927,-1.37227457,-0.18075427,-0.80316647,-0.00000436,9.75456693,-26.63214828,-1.28861268,-15.58896867,1.00000000
0.10419113,-0.16005770,-0.54331702,-1.66503221,-1.37230628,-0.18068689,-0.80320214,-0.00000434,9.74665377,-26.63845602,-1.29607076,-15.59573149,1.00000000
0.10421826,-0.16038315,-0.54332452,-1.66567890,-1.37233729,-0.18062100,-0.80323701,-0.00000432,9.73904731,-26.64451153,-1.30323744,-15.60222678,1.00000000
0.10424444,-0.16069551,-0.54333161,-1.66629970,-1.37236759,-0.18055663,-0.80327108,-0.00000430,9.73174340,-26.65031929,-1.31011697,-15.60845892,1.00000000
0.10426966,-0.16099498,-0.54333829,-1.66689501,-1.37239717,-0.18049379,-0.80330434,-0.00000427,9.72473776,-26.65588381,-1.31671373,-15.61443232,1.00000000
0.10429393,-0.16128178,-0.54334460,-1.66746522,-1.37242601,-0.18043251,-0.80333677,-0.00000425,9.71802596,-26.66120963,-1.32303219,-15.62015147,1.00000000
0.10431723,-0.16155611,-0.54335056,-1.66801075,-1.37245412,-0.18037280,-0.80336836,-0.00000422,9.71160347,-26.66630131,-1.32907692,-15.62562092,1.00000000
0.10433957,-0.16181820,-0.54335619,-1.66853201,-1.37248149,-0.18031466,-0.80339912,-0.00000420,9.70546560,-26.67116347,-1.33485259,-15.63084528,1.00000000
0.10436096,-0.16206827,-0.54336151,-1.66902943,-1.37250812,-0.18025812,-0.80342904,-0.00000417,9.69960757,-26.67580075,-1.34036397,-15.63582922,1.00000000
0.10438139,-0.16230655,-0.54336653,-1.66950344,-1.37253399,-0.18020316,-0.80345812,-0.00000414,9.69402444,-26.68021783,-1.34561593,-15.64057746,1.00000000
0.10440087,-0.16253327,-0.54337128,-1.66995449,-1.37255912,-0.18014980,-0.80348635,-0.00000411,9.68871116,-26.68441942,-1.35061344,-15.64509481,1.00000000
0.10441940,-0.16274866,-0.54337577,-1.67038304,-1.37258350,-0.18009802,-0.80351373,-0.00000407,9.68366257,-26.68841028,-1.35536157,-15.64938614,1.00000000
0.10443700,-0.16295297,-0.54338001,-1.67078954,-1.37260714,-0.18004783,-0.80354028,-0.00000404,9.67887335,-26.69219521,-1.35986549,-15.65345637,1.00000000
0.10445368,-0.16314643,-0.54338403,-1.67117448,-1.37263004,-0.17999921,-0.80356599,-0.00000401,9.67433809,-26.69577905,-1.36413046,-15.65731050,1.00000000
0.10446943,-0.16332930,-0.54338782,-1.67153832,-1.37265220,-0.17995216,-0.80359088,-0.00000397,9.67005123,-26.69916669,-1.36816185,-15.66095360,1.00000000
0.10448429,-0.16350183,-0.54339142,-1.67188158,-1.37267364,-0.17990665,-0.80361494,-0.00000394,9.66600712,-26.70236306,-1.37196514,-15.66439080,1.00000000
0.10449826,-0.16366427,-0.54339483,-1.67220473,-1.37269436,-0.17986267,-0.80363819,-0.00000390,9.66219996,-26.70537314,-1.37554589,-15.66762729,1.00000000
0.10451135,-0.16381688,-0.54339806,-1.67250830,-1.37271437,-0.17982020,-0.80366065,-0.00000386,9.65862384,-26.70820197,-1.37890976,-15.67066837,1.00000000
0.10452359,-0.16395993,-0.54340112,-1.67279281,-1.37273368,-0.17977922,-0.80368231,-0.00000382,9.65527272,-26.71085462,-1.38206253,-15.67351936,1.00000000
0.10453498,-0.16409369,-0.54340403,-1.67305877,-1.37275231,-0.17973969,-0.80370320,-0.00000379,9.65214047,-26.71333623,-1.38501006,-15.67618570,1.00000000
0.10454556,-0.16421842,-0.54340679,-1.67330674,-1.37277026,-0.17970160,-0.80372334,-0.00000375,9.64922079,-26.71565198,-1.38775833,-15.67867286,1.00000000
0.10455533,-0.16433441,-0.54340941,-1.67353726,-1.37278755,-0.17966491,-0.80374273,-0.00000371,9.64650732,-26.71780712,-1.39031338,-15.68098642,1.00000000
0.10456432,-0.16444194,-0.54341190,-1.67375087,-1.37280421,-0.17962958,-0.80376139,-0.00000366,9.64399353,-26.71980696,-1.39268141,-15.68313202,1.00000000
0.10457255,-0.16454128,-0.54341427,-1.67394816,-1.37282023,-0.17959559,-0.80377935,-0.00000362,9.64167281,-26.72165685,-1.39486866,-15.68511538,1.00000000
0.10458005,-0.16463274,-0.54341653,-1.67412969,-1.37283565,-0.17956289,-0.80379662,-0.00000358,9.63953841,-26.72336221,-1.39688152,-15.68694228,1.00000000
0.10458684,-0.16471661,-0.54341868,-1.67429604,-1.37285048,-0.17953145,-0.80381322,-0.00000354,9.63758348,-26.72492852,-1.39872644,-15.68861861,1.00000000
0.10459294,-0.16479317,-0.54342073,-1.67444781,-1.37286474,-0.17950122,-0.80382919,-0.00000349,9.63580104,-26.72636134,-1.40041000,-15.69015030,1.00000000
0.10459838,-0.16486274,-0.54342268,-1.67458561,-1.37287845,-0.17947216,-0.80384453,-0.00000345,9.63418401,-26.72766627,-1.40193886,-15.69154340,1.00000000
0.10460318,-0.16492563,-0.54342455,-1.67471003,-1.37289163,-0.17944423,-0.80385927,-0.00000341,9.63272518,-26.72884900,-1.40331979,-15.69280402,1.00000000
0.10460738,-0.16498214,-0.54342634,-1.67482171,-1.37290430,-0.17941737,-0.80387345,-0.00000336,9.63141725,-26.72991526,-1.40455967,-15.69393834,1.00000000
0.10461100,-0.16503259,-0.54342805,-1.67492127,-1.37291649,-0.17939154,-0.80388708,-0.00000331,9.63025276,-26.73087088,-1.40566547,-15.69495265,1.00000000
0.10461407,-0.16507730,-0.54342969,-1.67500935,-1.37292823,-0.17936668,-0.80390019,-0.00000327,9.62922420,-26.73172174,-1.40664425,-15.69585330,1.00000000
0.10461662,-0.16511659,-0.54343126,-1.67508660,-1.37293952,-0.17934275,-0.80391282,-0.00000322,9.62832389,-26.73247381,-1.40750319,-15.69664673,1.00000000
0.10461869,-0.16515080,-0.54343277,-1.67515368,-1.37295041,-0.17931969,-0.80392498,-0.00000318,9.62754407,-26.73313311,-1.40824956,-15.69733948,1.00000000
0.10462029,-0.16518026,-0.54343423,-1.67521125,-1.37296092,-0.17929745,-0.80393671,-0.00000313,9.62687686,-26.73370575,-1.40889073,-15.69793816,1.00000000
0.10462147,-0.16520530,-0.54343564,-1.67525998,-1.37297107,-0.17927596,-0.80394804,-0.00000308,9.62631426,-26.73419792,-1.40943419,-15.69844946,1.00000000
0.10462226,-0.16522627,-0.54343699,-1.67530057,-1.37298090,-0.17925517,-0.80395899,-0.00000303,9.62584818,-26.73461587,-1.40988752,-15.69888018,1.00000000
0.10462269,-0.16524351,-0.54343831,-1.67533371,-1.37299042,-0.17923502,-0.80396961,-0.00000299,9.62547039,-26.73496596,-1.41025838,-15.69923719,1.00000000
0.10462279,-0.16525738,-0.54343958,-1.67536009,-1.37299967,-0.17921545,-0.80397992,-0.00000294,9.62517257,-26.73525459,-1.41055456,-15.69952746,1.00000000
0.10462260,-0.16526824,-0.54344083,-1.67538044,-1.37300868,-0.17919639,-0.80398996,-0.00000289,9.62494629,-26.73548827,-1.41078395,-15.69975803,1.00000000
0.10462215,-0.16527643,-0.54344204,-1.67539548,-1.37301747,-0.17917779,-0.80399976,-0.00000284,9.62478299,-26.73567358,-1.41095454,-15.69993606,1.00000000
0.10462148,-0.16528234,-0.54344323,-1.67540592,-1.37302609,-0.17915957,-0.80400936,-0.00000279,9.62467402,-26.73581719,-1.41107440,-15.70006877,1.00000000
0.10462062,-0.16528633,-0.54344439,-1.67541253,-1.37303455,-0.17914167,-0.80401878,-0.00000274,9.62461060,-26.73592584,-1.41115175,-15.70016350,1.00000000
0.10461961,-0.16528877,-0.54344554,-1.67541604,-1.37304289,-0.17912403,-0.80402807,-0.00000270,9.62458385,-26.73600636,-1.41119486,-15.70022765,1.00000000
0.10461848,-0.16529004,-0.54344668,-1.67541722,-1.37305115,-0.17910658,-0.80403726,-0.00000265,9.62458479,-26.73606568,-1.41121214,-15.70026875,1.00000000
0.10461728,-0.16529054,-0.54344781,-1.67541683,-1.37305935,-0.17908924,-0.80404638,-0.00000260,9.62460430,-26.73611080,-1.41121210,-15.70029440,1.00000000
0.10461604,-0.16529063,-0.54344894,-1.67541565,-1.37306753,-0.17907195,-0.80405549,-0.00000255,9.62463318,-26.73614880,-1.41120333,-15.70031229,1.00000000
0.10461488,-0.16529067,-0.54344998,-1.67541443,-1.37307861,-0.17905579,-0.80406056,-0.00000250,9.62466139,-26.73618296,-1.41119387,-15.70032769,1.00000000
0.10461427,-0.16529069,-0.54345054,-1.67541375,-1.37310673,-0.17904631,-0.80404191,-0.00000245,9.62467630,-26.73620128,-1.41118895,-15.70033602,1.00000000
0.10461470,-0.16529069,-0.54345015,-1.67541412,-1.37316798,-0.17904983,-0.80397713,-0.00000240,9.62466532,-26.73618876,-1.41119287,-15.70033057,1.00000000
0.10461667,-0.16529067,-0.54344837,-1.67541602,-1.37327743,-0.17907227,-0.80384523,-0.00000235,9.62461666,-26.73613140,-1.41120964,-15.70030509,1.00000000
0.10462061,-0.16529062,-0.54344482,-1.67541990,-1.37344917,-0.17911909,-0.80362666,-0.00000230,9.62451944,-26.73601620,-1.41124298,-15.70025378,1.00000000
0.10462693,-0.16529052,-0.54343912,-1.67542616,-1.37369636,-0.17919534,-0.80330321,-0.00000225,9.62436364,-26.73583125,-1.41129631,-15.70017130,1.00000000
0.10463600,-0.16529037,-0.54343094,-1.67543516,-1.37403124,-0.17930556,-0.80285810,-0.00000220,9.62414020,-26.73556576,-1.41137271,-15.70005285,1.00000000
0.10464815,-0.16529018,-0.54341999,-1.67544725,-1.37446518,-0.17945381,-0.80227591,-0.00000216,9.62384109,-26.73521016,-1.41147493,-15.69989414,1.00000000
0.10466365,-0.16528992,-0.54340600,-1.67546269,-1.37500871,-0.17964362,-0.80154256,-0.00000211,9.62345932,-26.73475613,-1.41160535,-15.69969146,1.00000000
0.10468276,-0.16528960,-0.54338877,-1.67548173,-1.37567155,-0.17987797,-0.80064535,-0.00000206,9.62298904,-26.73419668,-1.41176597,-15.69944168,1.00000000
0.10470565,-0.16528921,-0.54336813,-1.67550456,-1.37646269,-0.18015927,-0.79957290,-0.00000201,9.62242557,-26.73352624,-1.41195837,-15.69914231,1.00000000
0.10473247,-0.16528876,-0.54334394,-1.67553131,-1.37739037,-0.18048929,-0.79831520,-0.00000196,9.62176546,-26.73274068,-1.41218373,-15.69879150,1.00000000
0.10476330,-0.16528824,-0.54331613,-1.67556209,-1.37846212,-0.18086921,-0.79686351,-0.00000191,9.62100652,-26.73183740,-1.41244278,-15.69838809,1.00000000
0.10479819,-0.16528764,-0.54328466,-1.67559692,-1.37968486,-0.18129953,-0.79521044,-0.00000187,9.62014788,-26.73081531,-1.41273584,-15.69793158,1.00000000
0.10483712,-0.16528698,-0.54324955,-1.67563578,-1.38106486,-0.18178009,-0.79334987,-0.00000182,9.61918996,-26.72967491,-1.41306274,-15.69742220,1.00000000
0.10488001,-0.16528625,-0.54321086,-1.67567861,-1.38260781,-0.18231005,-0.79127696,-0.00000177,9.61813452,-26.72841826,-1.41342288,-15.69686086,1.00000000
0.10492675,-0.16528545,-0.54316871,-1.67572528,-1.38431882,-0.18288787,-0.78898812,-0.00000172,9.61698462,-26.72704901,-1.41381521,-15.69624918,1.00000000
0.10497714,-0.16528458,-0.54312325,-1.67577562,-1.38620250,-0.18351131,-0.78648100,-0.00000168,9.61574467,-26.72557236,-1.41423821,-15.69558948,1.00000000
0.10503097,-0.16528366,-0.54307469,-1.67582939,-1.38826293,-0.18417742,-0.78375444,-0.00000163,9.61442030,-26.72399501,-1.41468995,-15.69488475,1.00000000
0.10508796,-0.16528268,-0.54302329,-1.67588631,-1.39050372,-0.18488258,-0.78080848,-0.00000158,9.61301843,-26.72232515,-1.41516808,-15.69413864,1.00000000
0.10514777,-0.16528165,-0.54296934,-1.67594607,-1.39292803,-0.18562245,-0.77764430,-0.00000154,9.61154710,-26.72057236,-1.41566983,-15.69335543,1.00000000
0.10521003,-0.16528058,-0.54291318,-1.67600827,-1.39553856,-0.18639203,-0.77426417,-0.00000149,9.61001551,-26.71874757,-1.41619208,-15.69253999,1.00000000
0.10527434,-0.16527947,-0.54285517,-1.67607252,-1.39833760,-0.18718568,-0.77067147,-0.00000145,9.60843387,-26.71686293,-1.41673132,-15.69169775,1.00000000
0.10534023,-0.16527833,-0.54279574,-1.67613835,-1.40132704,-0.18799713,-0.76687058,-0.00000140,9.60681335,-26.71493174,-1.41728375,-15.69083465,1.00000000
0.10540721,-0.16527717,-0.54273531,-1.67620527,-1.40450834,-0.18881952,-0.76286689,-0.00000136,9.60516598,-26.71296832,-1.41784526,-15.68995708,1.00000000
0.10547477,-0.16527600,-0.54267437,-1.67627278,-1.40788259,-0.18964544,-0.75866670,-0.00000131,9.60350453,-26.71098788,-1.41841150,-15.68907185,1.00000000
0.10554236,-0.16527483,-0.54261339,-1.67634031,-1.41145050,-0.19046701,-0.75427722,-0.00000127,9.60184244,-26.70900645,-1.41897789,-15.68818612,1.00000000
0.10560942,-0.16527367,-0.54255290,-1.67640731,-1.41521236,-0.19127589,-0.74970647,-0.00000122,9.60019367,-26.70704067,-1.41953968,-15.68730732,1.00000000
0.10567535,-0.16527253,-0.54249343,-1.67647319,-1.41916810,-0.19206337,-0.74496324,-0.00000118,9.59857261,-26.70510770,-1.42009195,-15.68644314,1.00000000
0.10573956,-0.16527142,-0.54243550,-1.67653734,-1.42331722,-0.19282044,-0.74005704,-0.00000114,9.59699393,-26.70322508,-1.42062973,-15.68560142,1.00000000
0.10580145,-0.16527034,-0.54237968,-1.67659917,-1.42765885,-0.19353785,-0.73499799,-0.00000109,9.59547253,-26.70141058,-1.42114794,-15.68479011,1.00000000
0.10586040,-0.16526932,-0.54232650,-1.67665807,-1.43219168,-0.19420621,-0.72979680,-0.00000105,9.59402335,-26.69968205,-1.42164150,-15.68401719,1.00000000
0.10591581,-0.16526836,-0.54227651,-1.67671342,-1.43691396,-0.19481607,-0.72446465,-0.00000101,9.59266130,-26.69805730,-1.42210534,-15.68329066,1.00000000
0.10596707,-0.16526747,-0.54223026,-1.67676464,-1.44182350,-0.19535800,-0.71901318,-0.00000097,9.59140115,-26.69655399,-1.42253446,-15.68261839,1.00000000
0.10601360,-0.16526666,-0.54218828,-1.67681112,-1.44691764,-0.19582269,-0.71345433,-0.00000095,9.59025737,-26.69518944,-1.42292391,-15.68200815,1.00000000
0.10605483,-0.16526595,-0.54215109,-1.67685229,-1.45219324,-0.19620107,-0.70780035,-0.00000093,9.58924411,-26.69398055,-1.42326891,-15.68146752,1.00000000
0.10609018,-0.16526534,-0.54211920,-1.67688759,-1.45764663,-0.19648436,-0.70206366,-0.00000091,9.58837504,-26.69294367,-1.42356482,-15.68100381,1.00000000
0.10611914,-0.16526484,-0.54209307,-1.67691650,-1.46327364,-0.19666420,-0.69625680,-0.00000089,9.58766328,-26.69209450,-1.42380717,-15.68062406,1.00000000
0.10614119,-0.16526446,-0.54207318,-1.67693850,-1.46906952,-0.19673276,-0.69039235,-0.00000086,9.58712128,-26.69144795,-1.42399174,-15.68033493,1.00000000
0.10615585,-0.16526421,-0.54205995,-1.67695311,-1.47502900,-0.19668277,-0.68448285,-0.00000084,9.58676081,-26.69101806,-1.42411453,-15.68014273,1.00000000
0.10616268,-0.16526410,-0.54205379,-1.67695989,-1.48114617,-0.19650770,-0.67854075,-0.00000082,9.58659279,-26.69081791,-1.42417183,-15.68005330,1.00000000
0.10616127,-0.16526413,-0.54205507,-1.67695843,-1.48741456,-0.19620175,-0.67257829,-0.00000080,9.58662729,-26.69085953,-1.42416022,-15.68007203,1.00000000
0.10615125,-0.16526432,-0.54206411,-1.67694836,-1.49382709,-0.19576001,-0.66660750,-0.00000078,9.58687342,-26.69115380,-1.42407659,-15.68020379,1.00000000
0.10613228,-0.16526466,-0.54208123,-1.67692934,-1.50037603,-0.19517848,-0.66064008,-0.00000076,9.58733930,-26.69171040,-1.42391819,-15.68045290,1.00000000
0.10610408,-0.16526517,-0.54210667,-1.67690110,-1.50705306,-0.19445415,-0.65468738,-0.00000074,9.58803197,-26.69253769,-1.42368262,-15.68082311,1.00000000
0.10606642,-0.16526584,-0.54214065,-1.67686339,-1.51384922,-0.19358503,-0.64876033,-0.00000072,9.58895733,-26.69364272,-1.42336784,-15.68131755,1.00000000
0.10601909,-0.16526668,-0.54218335,-1.67681602,-1.52075494,-0.19257024,-0.64286940,-0.00000070,9.59012015,-26.69503110,-1.42297223,-15.68193872,1.00000000
0.10596196,-0.16526770,-0.54223489,-1.67675884,-1.52776003,-0.19140999,-0.63702455,-0.00000067,9.59152393,-26.69670696,-1.42249457,-15.68268846,1.00000000
0.10589493,-0.16526889,-0.54229536,-1.67669177,-1.53485371,-0.19010563,-0.63123522,-0.00000065,9.59317095,-26.69867294,-1.42193407,-15.68356793,1.00000000
0.10581798,-0.16527025,-0.54236479,-1.67661477,-1.54202465,-0.18865963,-0.62551028,-0.00000063,9.59506215,-26.70093008,-1.42129037,-15.68457756,1.00000000
0.10573110,-0.16527179,-0.54244316,-1.67652786,-1.54926093,-0.18707559,-0.61985803,-0.00000061,9.59719717,-26.70347781,-1.42056357,-15.68571708,1.00000000
0.10563439,-0.16527349,-0.54253041,-1.67643111,-1.55655017,-0.18535821,-0.61428616,-0.00000059,9.59957426,-26.70631394,-1.41975422,-15.68698546,1.00000000
0.10552797,-0.16527537,-0.54262641,-1.67632464,-1.56387948,-0.18351327,-0.60880179,-0.00000057,9.60219027,-26.70943457,-1.41886336,-15.68838094,1.00000000
0.10541203,-0.16527742,-0.54273101,-1.67620866,-1.57123556,-0.18154755,-0.60341143,-0.00000055,9.60504065,-26.71283413,-1.41789248,-15.68990100,1.00000000
0.10528681,-0.16527962,-0.54284397,-1.67608340,-1.57860473,-0.17946879,-0.59812102,-0.00000053,9.60811944,-26.71650534,-1.41684359,-15.69154232,1.00000000
0.10515262,-0.16528198,-0.54296502,-1.67594917,-1.58597298,-0.17728561,-0.59293593,-0.00000051,9.61141922,-26.72043920,-1.41571914,-15.69330084,1.00000000
0.10500981,-0.16528449,-0.54309383,-1.67580633,-1.59332607,-0.17500744,-0.58786100,-0.00000048,9.61493118,-26.72462502,-1.41452209,-15.69517175,1.00000000
0.10485882,-0.16528713,-0.54323004,-1.67565529,-1.60064955,-0.17264440,-0.58290056,-0.00000046,9.61864507,-26.72905042,-1.41325588,-15.69714947,1.00000000
0.10470011,-0.16528991,-0.54337319,-1.67549655,-1.60792884,-0.17020723,-0.57805844,-0.00000044,9.62254928,-26.73370139,-1.41192442,-15.69922769,1.00000000
0.10453422,-0.16529281,-0.54352283,-1.67533062,-1.61514932,-0.16770711,-0.57333807,-0.00000042,9.62663085,-26.73856229,-1.41053207,-15.70139937,1.00000000
0.10436172,-0.16529582,-0.54367842,-1.67515809,-1.62229640,-0.16515565,-0.56874244,-0.00000040,9.63087550,-26.74361598,-1.40908366,-15.70365682,1.00000000
0.10418326,-0.16529893,-0.54383938,-1.67497959,-1.62935561,-0.16256467,-0.56427421,-0.00000038,9.63526775,-26.74884383,-1.40758441,-15.70599167,1.00000000
0.10399950,-0.16530212,-0.54400512,-1.67479580,-1.63631262,-0.15994615,-0.55993571,-0.00000036,9.63979092,-26.75422588,-1.40603998,-15.70839498,1.00000000
0.10381118,-0.16530539,-0.54417496,-1.67460745,-1.64315342,-0.15731206,-0.55572900,-0.00000034,9.64442731,-26.75974089,-1.40445636,-15.71085722,1.00000000
0.10361906,-0.16530872,-0.54434824,-1.67441529,-1.64986428,-0.15467428,-0.55165591,-0.00000032,9.64915823,-26.76536653,-1.40283992,-15.71336839,1.00000000
0.10342392,-0.16531209,-0.54452423,-1.67422012,-1.65643194,-0.15204447,-0.54771805,-0.00000029,9.65396415,-26.77107949,-1.40119728,-15.71591806,1.00000000
0.10322659,-0.16531550,-0.54470218,-1.67402276,-1.66284360,-0.14943398,-0.54391688,-0.00000027,9.65882486,-26.77685562,-1.39953533,-15.71849543,1.00000000
0.10302792,-0.16531892,-0.54488134,-1.67382406,-1.66908703,-0.14685371,-0.54025372,-0.00000025,9.66371954,-26.78267019,-1.39786118,-15.72108946,1.00000000
0.10282877,-0.16532234,-0.54506093,-1.67362488,-1.67515061,-0.14431409,-0.53672975,-0.00000023,9.66862702,-26.78849796,-1.39618205,-15.72368888,1.00000000
0.10263001,-0.16532575,-0.54524017,-1.67342608,-1.68102344,-0.14182496,-0.53334606,-0.00000021,9.67352587,-26.79431350,-1.39450529,-15.72628235,1.00000000
0.10243250,-0.16532913,-0.54541827,-1.67322855,-1.68669533,-0.13939550,-0.53010362,-0.00000019,9.67839459,-26.80009132,-1.39283824,-15.72885849,1.00000000
0.10223712,-0.16533247,-0.54559444,-1.67303314,-1.69215691,-0.13703419,-0.52700334,-0.00000017,9.68321182,-26.80580610,-1.39118824,-15.73140604,1.00000000
0.10204472,-0.16533575,-0.54576793,-1.67284071,-1.69739967,-0.13474879,-0.52404598,-0.00000015,9.68795651,-26.81143295,-1.38956253,-15.73391391,1.00000000
0.10185612,-0.16533896,-0.54593798,-1.67265209,-1.70241595,-0.13254627,-0.52123221,-0.00000013,9.69260811,-26.81694757,-1.38796816,-15.73637130,1.00000000
0.10167214,-0.16534208,-0.54610386,-1.67246808,-1.70719907,-0.13043280,-0.51856256,-0.00000011,9.69714674,-26.82232654,-1.38641200,-15.73876780,1.00000000
0.10149353,-0.16534510,-0.54626489,-1.67228945,-1.71174329,-0.12841374,-0.51603740,-0.00000008,9.70155343,-26.82754748,-1.38490057,-15.74109348,1.00000000
0.10132103,-0.16534802,-0.54642042,-1.67211692,-1.71604385,-0.12649367,-0.51365690,-0.00000006,9.70581024,-26.83258931,-1.38344009,-15.74333898,1.00000000
0.10115531,-0.16535081,-0.54656983,-1.67195117,-1.72009705,-0.12467635,-0.51142103,-0.00000004,9.70990048,-26.83743242,-1.38203633,-15.74549561,1.00000000
0.10099698,-0.16535348,-0.54671257,-1.67179282,-1.72390021,-0.12296473,-0.50932947,-0.00000002,9.71380886,-26.84205888,-1.38069458,-15.74755543,1.00000000
0.10084659,-0.16535600,-0.54684814,-1.67164241,-1.72745175,-0.12136103,-0.50738164,0.00000000,9.71752166,-26.84645262,-1.37941961,-15.74951134,1.00000000
0.10070463,-0.16535838,-0.54697612,-1.67150043,-1.73075116,-0.11986666,-0.50557659,0.00000002,9.72102686,-26.85059959,-1.37821562,-15.75135712,1.00000000
0.10057152,-0.16536061,-0.54709612,-1.67136729,-1.73379906,-0.11848234,-0.50391301,0.00000004,9.72431425,-26.85448794,-1.37708614,-15.75308755,1.00000000
0.10044757,-0.16536268,-0.54720786,-1.67124332,-1.73659719,-0.11720804,-0.50238917,0.00000006,9.72737563,-26.85810810,-1.37603407,-15.75469841,1.00000000
0.10033303,-0.16536459,-0.54731111,-1.67112877,-1.73914847,-0.11604306,-0.50100287,0.00000008,9.73020480,-26.86145296,-1.37506158,-15.75618658,1.00000000
0.10022807,-0.16536633,-0.54740572,-1.67102379,-1.74145696,-0.11498602,-0.49975142,0.00000011,9.73279773,-26.86451788,-1.37417010,-15.75755005,1.00000000
0.10013276,-0.16536792,-0.54749164,-1.67092845,-1.74352793,-0.11403488,-0.49863159,0.00000013,9.73515259,-26.86730087,-1.37336032,-15.75878796,1.00000000
0.10004707,-0.16536934,-0.54756888,-1.67084275,-1.74536785,-0.11318697,-0.49763957,0.00000015,9.73726978,-26.86980255,-1.37263214,-15.75990064,1.00000000
0.09997090,-0.16537060,-0.54763754,-1.67076656,-1.74698444,-0.11243899,-0.49677096,0.00000017,9.73915203,-26.87202626,-1.37198465,-15.76088958,1.00000000
0.09990404,-0.16537170,-0.54769781,-1.67069969,-1.74838666,-0.11178701,-0.49602072,0.00000019,9.74080433,-26.87397802,-1.37141618,-15.76175751,1.00000000
0.09984620,-0.16537266,-0.54774995,-1.67064182,-1.74958474,-0.11122651,-0.49538314,0.00000021,9.74223399,-26.87566655,-1.37092424,-15.76250832,1.00000000
0.09979697,-0.16537347,-0.54779431,-1.67059259,-1.75059022,-0.11075235,-0.49485181,0.00000023,9.74345059,-26.87710326,-1.37050555,-15.76314712,1.00000000
0.09975589,-0.16537414,-0.54783134,-1.67055149,-1.75141597,-0.11035879,-0.49441962,0.00000025,9.74446599,-26.87830221,-1.37015606,-15.76368016,1.00000000
0.09972239,-0.16537469,-0.54786154,-1.67051797,-1.75207620,-0.11003947,-0.49407871,0.00000027,9.74529425,-26.87928007,-1.36987094,-15.76411488,1.00000000
0.09969580,-0.16537513,-0.54788551,-1.67049137,-1.75258648,-0.10978742,-0.49382048,0.00000030,9.74595159,-26.88005603,-1.36964463,-15.76445981,1.00000000
0.09967538,-0.16537546,-0.54790391,-1.67047094,-1.75296380,-0.10959505,-0.49363553,0.00000032,9.74645634,-26.88065177,-1.36947082,-15.76472460,1.00000000
0.09966032,-0.16537570,-0.54791749,-1.67045586,-1.75322657,-0.10945413,-0.49351368,0.00000034,9.74682891,-26.88109139,-1.36934250,-15.76491998,1.00000000
0.09964969,-0.16537587,-0.54792706,-1.67044522,-1.75339466,-0.10935579,-0.49344392,0.00000036,9.74709165,-26.88140134,-1.36925198,-15.76505771,1.00000000
0.09964253,-0.16537598,-0.54793352,-1.67043805,-1.75348941,-0.10929052,-0.49341445,0.00000038,9.74726891,-26.88161032,-1.36919087,-15.76515054,1.00000000
0.09963776,-0.16537605,-0.54793782,-1.67043327,-1.75353368,-0.10924812,-0.49341257,0.00000040,9.74738687,-26.88174931,-1.36915018,-15.76521225,1.00000000
0.09963426,-0.16537610,-0.54794097,-1.67042976,-1.75355187,-0.10921773,-0.49342476,0.00000042,9.74747362,-26.88185143,-1.36912023,-15.76525758,1.00000000
0.09963102,-0.16537615,-0.54794389,-1.67042650,-1.75356543,-0.10918981,-0.49343913,0.00000044,9.74755386,-26.88194586,-1.36909252,-15.76529948,0.00000000
0.09962784,-0.16537620,-0.54794676,-1.67042331,-1.75357874,-0.10916240,-0.49345322,0.00000046,9.74763265,-26.88203857,-1.36906530,-15.76534062,0.00000000
0.09962471,-0.16537624,-0.54794958,-1.67042018,-1.75359181,-0.10913551,-0.49346704,0.00000048,9.74770997,-26.88212956,-1.36903859,-15.76538100,0.00000000
0.09962165,-0.16537629,-0.54795234,-1.67041711,-1.75360464,-0.10910913,-0.49348060,0.00000051,9.74778584,-26.88221884,-1.36901239,-15.76542061,0.00000000
0.09961864,-0.16537633,-0.54795504,-1.67041410,-1.75361722,-0.10908327,-0.49349388,0.00000053,9.74786026,-26.88230639,-1.36898668,-15.76545945,0.00000000
0.09961570,-0.16537637,-0.54795770,-1.67041115,-1.75362955,-0.10905791,-0.49350689,0.00000055,9.74793321,-26.88239221,-1.36896148,-15.76549753,0.00000000
0.09961281,-0.16537641,-0.54796030,-1.67040825,-1.75364164,-0.10903308,-0.49351964,0.00000057,9.74800470,-26.88247631,-1.36893677,-15.76553484,0.00000000
0.09960999,-0.16537645,-0.54796285,-1.67040542,-1.75365349,-0.10900876,-0.49353211,0.00000059,9.74807473,-26.88255869,-1.36891258,-15.76557139,0.00000000
0.09960722,-0.16537649,-0.54796534,-1.67040264,-1.75366510,-0.10898494,-0.49354432,0.00000061,9.74814331,-26.88263935,-1.36888888,-15.76560717,0.00000000
0.09960451,-0.16537653,-0.54796778,-1.67039993,-1.75367646,-0.10896165,-0.49355626,0.00000063,9.74821043,-26.88271829,-1.36886568,-15.76564218,0.00000000
0.09960186,-0.16537657,-0.54797017,-1.67039727,-1.75368757,-0.10893886,-0.49356793,0.00000065,9.74827609,-26.88279551,-1.36884299,-15.76567644,0.00000000
0.09959926,-0.16537660,-0.54797251,-1.67039468,-1.75369845,-0.10891658,-0.49357933,0.00000067,9.74834030,-26.88287102,-1.36882079,-15.76570993,0.00000000
0.09959673,-0.16537664,-0.54797479,-1.67039214,-1.75370908,-0.10889481,-0.49359047,0.00000070,9.74840307,-26.88294482,-1.36879910,-15.76574266,0.00000000
0.09959426,-0.16537667,-0.54797702,-1.67038966,-1.75371947,-0.10887354,-0.49360134,0.00000072,9.74846439,-26.88301692,-1.36877790,-15.76577463,0.00000000
0.09959184,-0.16537670,-0.54797920,-1.67038724,-1.75372962,-0.10885278,-0.49361195,0.00000074,9.74852427,-26.88308731,-1.36875720,-15.76580585,0.00000000
0.09958948,-0.16537674,-0.54798132,-1.67038488,-1.75373953,-0.10883252,-0.49362230,0.00000076,9.74858271,-26.88315602,-1.36873699,-15.76583632,0.00000000
0.09958718,-0.16537677,-0.54798340,-1.67038258,-1.75374920,-0.10881276,-0.49363239,0.00000078,9.74863972,-26.88322303,-1.36871727,-15.76586603,0.00000000
0.09958494,-0.16537680,-0.54798542,-1.67038033,-1.75375864,-0.10879350,-0.49364222,0.00000080,9.74869531,-26.88328837,-1.36869805,-15.76589500,0.00000000
0.09958275,-0.16537683,-0.54798739,-1.67037814,-1.75376783,-0.10877474,-0.49365178,0.00000082,9.74874949,-26.88335203,-1.36867931,-15.76592323,0.00000000
0.09958062,-0.16537686,-0.54798931,-1.67037601,-1.75377680,-0.10875646,-0.49366109,0.00000084,9.74880224,-26.88341402,-1.36866106,-15.76595072,0.00000000
0.09957855,-0.16537689,-0.54799117,-1.67037394,-1.75378552,-0.10873868,-0.49367015,0.00000086,9.74885360,-26.88347436,-1.36864329,-15.76597747,0.00000000
0.09957653,-0.16537691,-0.54799299,-1.67037193,-1.75379402,-0.10872139,-0.49367895,0.00000089,9.74890356,-26.88353305,-1.36862601,-15.76600348,0.00000000
0.09957457,-0.16537694,-0.54799475,-1.67036997,-1.75380228,-0.10870458,-0.49368750,0.00000091,9.74895213,-26.88359011,-1.36860920,-15.76602877,0.00000000
0.09957267,-0.16537696,-0.54799647,-1.67036806,-1.75381031,-0.10868825,-0.49369580,0.00000093,9.74899931,-26.88364553,-1.36859288,-15.76605334,0.00000000
0.09957082,-0.16537699,-0.54799814,-1.67036622,-1.75381811,-0.10867240,-0.49370384,0.00000095,9.74904513,-26.88369934,-1.36857702,-15.76607719,0.00000000
0.09956903,-0.16537701,-0.54799975,-1.67036442,-1.75382569,-0.10865702,-0.49371165,0.00000097,9.74908958,-26.88375153,-1.36856163,-15.76610032,0.00000000
0.09956729,-0.16537703,-0.54800132,-1.67036269,-1.75383303,-0.10864212,-0.49371920,0.00000099,9.74913268,-26.88380214,-1.36854671,-15.76612275,0.00000000
0.09956561,-0.16537706,-0.54800283,-1.67036101,-1.75384016,-0.10862768,-0.49372651,0.00000101,9.74917443,-26.88385115,-1.36853225,-15.76614447,0.00000000
0.09956398,-0.16537708,-0.54800430,-1.67035938,-1.75384706,-0.10861371,-0.49373359,0.00000101,9.74921485,-26.88389860,-1.36851826,-15.76616549,0.00000000
0.09956240,-0.16537710,-0.54800572,-1.67035780,-1.75385374,-0.10860020,-0.49374042,0.00000101,9.74925395,-26.88394448,-1.36850472,-15.76618582,0.00000000
0.09956088,-0.16537712,-0.54800710,-1.67035628,-1.75386020,-0.10858714,-0.49374701,0.00000101,9.74929173,-26.88398882,-1.36849163,-15.76620546,0.00000000
0.09955941,-0.16537714,-0.54800842,-1.67035482,-1.75386645,-0.10857453,-0.49375337,0.00000101,9.74932822,-26.88403163,-1.36847899,-15.76622442,0.00000000
0.09955799,-0.16537715,-0.54800970,-1.67035340,-1.75387248,-0.10856238,-0.49375950,0.00000101,9.74936341,-26.88407291,-1.36846680,-15.76624270,0.00000000
0.09955662,-0.16537717,-0.54801093,-1.67035204,-1.75387829,-0.10855067,-0.49376540,0.00000101,9.74939732,-26.88411268,-1.36845504,-15.76626032,0.00000000
0.09955531,-0.16537719,-0.54801212,-1.67035072,-1.75388390,-0.10853939,-0.49377107,0.00000101,9.74942997,-26.88415097,-1.36844373,-15.76627727,0.00000000
0.09955404,-0.16537720,-0.54801326,-1.67034946,-1.75388929,-0.10852855,-0.49377651,0.00000100,9.74946136,-26.88418777,-1.36843284,-15.76629357,0.00000000
0.09955283,-0.16537722,-0.54801435,-1.67034825,-1.75389448,-0.10851815,-0.49378173,0.00000100,9.74949152,-26.88422312,-1.36842239,-15.76630921,0.00000000
0.09955166,-0.16537723,-0.54801540,-1.67034709,-1.75389947,-0.10850817,-0.49378673,0.00000100,9.74952044,-26.88425701,-1.36841235,-15.76632422,0.00000000
0.09955054,-0.16537724,-0.54801641,-1.67034598,-1.75390425,-0.10849861,-0.49379151,0.00000102,9.74954814,-26.88428947,-1.36840274,-15.76633858,0.00000000
0.09954948,-0.16537726,-0.54801737,-1.67034492,-1.75390882,-0.10848946,-0.49379607,0.00000101,9.74957465,-26.88432051,-1.36839355,-15.76635232,0.00000000
0.09954846,-0.16537727,-0.54801829,-1.67034391,-1.75391321,-0.10848073,-0.49380042,0.00000101,9.74959996,-26.88435015,-1.36838476,-15.76636544,0.00000000
0.09954748,-0.16537728,-0.54801916,-1.67034294,-1.75391739,-0.10847241,-0.49380456,0.00000100,9.74962410,-26.88437841,-1.36837638,-15.76637794,0.00000000
0.09954656,-0.16537729,-0.54801999,-1.67034202,-1.75392138,-0.10846449,-0.49380849,0.00000100,9.74964707,-26.88440530,-1.36836840,-15.76638983,0.00000000
0.09954568,-0.16537730,-0.54802079,-1.67034115,-1.75392518,-0.10845697,-0.49381222,0.00000101,9.74966890,-26.88443084,-1.36836081,-15.76640112,0.00000000
0.09954485,-0.16537731,-0.54802154,-1.67034032,-1.75392879,-0.10844984,-0.49381574,0.00000101,9.74968960,-26.88445504,-1.36835362,-15.76641182,0.00000000
0.09954406,-0.16537731,-0.54802225,-1.67033954,-1.75393221,-0.10844309,-0.49381906,0.00000100,9.74970917,-26.88447792,-1.36834681,-15.76642193,0.00000000
0.09954332,-0.16537732,-0.54802291,-1.67033881,-1.75393545,-0.10843673,-0.49382219,0.00000100,9.74972764,-26.88449950,-1.36834039,-15.76643147,0.00000000
0.09954262,-0.16537733,-0.54802354,-1.67033811,-1.75393850,-0.10843075,-0.49382512,0.00000101,9.74974502,-26.88451979,-1.36833434,-15.76644044,0.00000000
0.09954196,-0.16537733,-0.54802413,-1.67033747,-1.75394138,-0.10842514,-0.49382786,0.00000101,9.74976132,-26.88453883,-1.36832866,-15.76644884,0.00000000
0.09954135,-0.16537734,-0.54802469,-1.67033686,-1.75394407,-0.10841989,-0.49383041,0.00000100,9.74977657,-26.88455661,-1.36832335,-15.76645669,0.00000000
0.09954078,-0.16537734,-0.54802520,-1.67033630,-1.75394660,-0.10841501,-0.49383277,0.00000101,9.74979076,-26.88457316,-1.36831840,-15.76646399,0.00000000
0.09954025,-0.16537735,-0.54802568,-1.67033578,-1.75394895,-0.10841048,-0.49383495,0.00000100,9.74980393,-26.88458850,-1.36831380,-15.76647076,0.00000000
0.09953976,-0.16537735,-0.54802612,-1.67033530,-1.75395113,-0.10840630,-0.49383694,0.00000100,9.74981609,-26.88460264,-1.36830956,-15.76647699,0.00000000
0.09953932,-0.16537736,-0.54802652,-1.67033486,-1.75395314,-0.10840247,-0.49383876,0.00000101,9.74982724,-26.88461561,-1.36830566,-15.76648271,0.00000000
0.09953891,-0.16537736,-0.54802689,-1.67033446,-1.75395499,-0.10839898,-0.49384040,0.00000100,9.74983741,-26.88462741,-1.36830210,-15.76648791,0.00000000
0.09953854,-0.16537736,-0.54802722,-1.67033410,-1.75395668,-0.10839582,-0.49384188,0.00000099,9.74984661,-26.88463808,-1.36829887,-15.76649260,0.00000000
0.09953821,-0.16537736,-0.54802751,-1.67033378,-1.75395821,-0.10839299,-0.49384318,0.00000101,9.74985486,-26.88464763,-1.36829598,-15.76649679,0.00000000
0.09953792,-0.16537736,-0.54802778,-1.67033349,-1.75395958,-0.10839049,-0.49384431,0.00000100,9.74986217,-26.88465608,-1.36829340,-15.76650050,0.00000000
0.09953766,-0.16537736,-0.54802801,-1.67033325,-1.75396079,-0.10838830,-0.49384528,0.00000101,9.74986856,-26.88466344,-1.36829115,-15.76650372,0.00000000
0.09953744,-0.16537736,-0.54802820,-1.67033304,-1.75396186,-0.10838643,-0.49384609,0.00000100,9.74987405,-26.88466973,-1.36828921,-15.76650648,0.00000000
0.09953726,-0.16537736,-0.54802837,-1.67033286,-1.75396277,-0.10838486,-0.49384675,0.00000101,9.74987865,-26.88467498,-1.36828757,-15.76650876,0.00000000
0.09953711,-0.16537736,-0.54802850,-1.67033273,-1.75396354,-0.10838360,-0.49384724,0.00000100,9.74988237,-26.88467920,-1.36828624,-15.76651060,0.00000000
0.09953700,-0.16537736,-0.54802860,-1.67033262,-1.75396417,-0.10838263,-0.49384759,0.00000099,9.74988524,-26.88468242,-1.36828520,-15.76651198,0.00000000
0.09953713,-0.16537735,-0.54802849,-1.67033276,-1.75396026,-0.10838389,-0.49385023,0.00000100,9.74988219,-26.88467865,-1.36828620,-15.76651027,0.00000000
0.09953849,-0.16537733,-0.54802726,-1.67033413,-1.75393042,-0.10839686,-0.49386711,0.00000099,9.74984851,-26.88463872,-1.36829774,-15.76649247,0.00000000
0.09954223,-0.16537726,-0.54802388,-1.67033789,-1.75385027,-0.10843232,-0.49391180,0.00000100,9.74975606,-26.88452942,-1.36832952,-15.76644384,0.00000000
0.09954942,-0.16537714,-0.54801741,-1.67034508,-1.75369701,-0.10850036,-0.49399703,0.00000099,9.74957855,-26.88431971,-1.36839058,-15.76635058,0.00000000
0.09956103,-0.16537694,-0.54800694,-1.67035670,-1.75344931,-0.10861040,-0.49413468,0.00000100,9.74929153,-26.88398071,-1.36848934,-15.76619983,0.00000000
0.09957799,-0.16537666,-0.54799165,-1.67037367,-1.75308736,-0.10877123,-0.49433580,0.00000101,9.74887242,-26.88348576,-1.36863357,-15.76597976,0.00000000
0.09960112,-0.16537628,-0.54797080,-1.67039681,-1.75259279,-0.10899097,-0.49461064,0.00000100,9.74830059,-26.88281049,-1.36883037,-15.76567953,0.00000000
0.09963119,-0.16537578,-0.54794370,-1.67042689,-1.75194864,-0.10927712,-0.49496864,0.00000101,9.74755738,-26.88193286,-1.36908615,-15.76528933,0.00000000
0.09966887,-0.16537515,-0.54790974,-1.67046458,-1.75113936,-0.10963656,-0.49541847,0.00000099,9.74662620,-26.88083324,-1.36940663,-15.76480042,0.00000000
0.09971473,-0.16537439,-0.54786840,-1.67051045,-1.75015078,-0.11007556,-0.49596806,0.00000100,9.74549254,-26.87949446,-1.36979676,-15.76420516,0.00000000
0.09976929,-0.16537349,-0.54781922,-1.67056502,-1.74897006,-0.11059976,-0.49662458,0.00000099,9.74414405,-26.87790190,-1.37026080,-15.76349705,0.00000000
0.09983296,-0.16537243,-0.54776183,-1.67062870,-1.74758567,-0.11121426,-0.49739447,0.00000100,9.74257062,-26.87604352,-1.37080221,-15.76267070,0.00000000
0.09990605,-0.16537122,-0.54769595,-1.67070180,-1.74598740,-0.11192350,-0.49828351,0.00000101,9.74076432,-26.87390991,-1.37142368,-15.76172191,0.00000000
0.09998879,-0.16536985,-0.54762137,-1.67078455,-1.74416629,-0.11273136,-0.49929676,0.00000100,9.73871953,-26.87149431,-1.37212712,-15.76064766,0.00000000
0.10008133,-0.16536831,-0.54753795,-1.67087710,-1.74211461,-0.11364114,-0.50043866,0.00000100,9.73643289,-26.86879263,-1.37291365,-15.75944609,0.00000000
0.10018371,-0.16536662,-0.54744566,-1.67097949,-1.73982588,-0.11465549,-0.50171304,0.00000099,9.73390329,-26.86580344,-1.37378361,-15.75811654,0.00000000
0.10029589,-0.16536475,-0.54734454,-1.67109168,-1.73729481,-0.11577649,-0.50312311,0.00000100,9.73113189,-26.86252796,-1.37473657,-15.75665950,0.00000000
0.10041773,-0.16536273,-0.54723471,-1.67121353,-1.73451727,-0.11700558,-0.50467157,0.00000101,9.72812203,-26.85897000,-1.37577132,-15.75507665,0.00000000
0.10054901,-0.16536055,-0.54711636,-1.67134483,-1.73149032,-0.11834356,-0.50636054,0.00000099,9.72487924,-26.85513590,-1.37688592,-15.75337074,0.00000000
0.10068944,-0.16535821,-0.54698977,-1.67148526,-1.72821212,-0.11979058,-0.50819172,0.00000100,9.72141109,-26.85103444,-1.37807770,-15.75154565,0.00000000
0.10083862,-0.16535572,-0.54685529,-1.67163445,-1.72468198,-0.12134612,-0.51016632,0.00000101,9.71772716,-26.84667677,-1.37934333,-15.74960629,0.00000000
0.10099610,-0.16535310,-0.54671332,-1.67179194,-1.72090029,-0.12300897,-0.51228516,0.00000099,9.71383890,-26.84207625,-1.38067880,-15.74755855,0.00000000
0.10116134,-0.16535034,-0.54656435,-1.67195719,-1.71686851,-0.12477720,-0.51454871,0.00000100,9.70975955,-26.83724835,-1.38207952,-15.74540928,0.00000000
0.10133374,-0.16534745,-0.54640892,-1.67212961,-1.71258918,-0.12664816,-0.51695709,0.00000101,9.70550394,-26.83221043,-1.38354034,-15.74316615,0.00000000
0.10151266,-0.16534446,-0.54624762,-1.67230853,-1.70806584,-0.12861844,-0.51951014,0.00000099,9.70108840,-26.82698166,-1.38505560,-15.74083766,0.00000000
0.10169737,-0.16534136,-0.54608109,-1.67249325,-1.70330307,-0.13068389,-0.52220747,0.00000100,9.69653057,-26.82158276,-1.38661919,-15.73843300,0.00000000
0.10188711,-0.16533817,-0.54591001,-1.67268301,-1.69830640,-0.13283956,-0.52504846,0.00000100,9.69184924,-26.81603583,-1.38822464,-15.73596196,0.00000000
0.10208110,-0.16533490,-0.54573510,-1.67287700,-1.69308235,-0.13507977,-0.52803231,0.00000099,9.68706416,-26.81036414,-1.38986511,-15.73343488,0.00000000
0.10227849,-0.16533157,-0.54555712,-1.67307441,-1.68763832,-0.13739804,-0.53115807,0.00000100,9.68219588,-26.80459194,-1.39153353,-15.73086252,0.00000000
0.10247844,-0.16532819,-0.54537683,-1.67327436,-1.68198262,-0.13978716,-0.53442465,0.00000100,9.67726553,-26.79874417,-1.39322264,-15.72825600,0.00000000
0.10268007,-0.16532477,-0.54519502,-1.67347600,-1.67612441,-0.14223916,-0.53783087,0.00000099,9.67229465,-26.79284634,-1.39492503,-15.72562666,0.00000000
0.10288249,-0.16532133,-0.54501248,-1.67367844,-1.67007363,-0.14474539,-0.54137541,0.00000099,9.66730502,-26.78692422,-1.39663323,-15.72298597,0.00000000
0.10308483,-0.16531789,-0.54483002,-1.67388079,-1.66384098,-0.14729655,-0.54505691,0.00000100,9.66231842,-26.78100367,-1.39833978,-15.72034547,0.00000000
0.10328621,-0.16531446,-0.54464842,-1.67408217,-1.65743787,-0.14988271,-0.54887385,0.00000100,9.65735651,-26.77511039,-1.40003727,-15.71771661,0.00000000
0.10348576,-0.16531105,-0.54446846,-1.67428173,-1.65087634,-0.15249343,-0.55282467,0.00000099,9.65244060,-26.76926974,-1.40171841,-15.71511072,0.00000000
0.10368263,-0.16530768,-0.54429092,-1.67447861,-1.64416902,-0.15511778,-0.55690764,0.00000099,9.64759153,-26.76350654,-1.40337611,-15.71253889,0.00000000
0.10387600,-0.16530436,-0.54411652,-1.67467199,-1.63732904,-0.15774448,-0.56112092,0.00000100,9.64282949,-26.75784487,-1.40500349,-15.71001189,0.00000000
0.10406508,-0.16530111,-0.54394598,-1.67486109,-1.63036999,-0.16036195,-0.56546250,0.00000100,9.63817387,-26.75230790,-1.40659395,-15.70754008,0.00000000
0.10424913,-0.16529794,-0.54377999,-1.67504514,-1.62330583,-0.16295844,-0.56993018,0.00000099,9.63364317,-26.74691775,-1.40814121,-15.70513338,0.00000000
0.10442742,-0.16529486,-0.54361918,-1.67522344,-1.61615080,-0.16552213,-0.57452151,0.00000099,9.62925482,-26.74169530,-1.40963935,-15.70280113,0.00000000
0.10459929,-0.16529189,-0.54346416,-1.67539532,-1.60891939,-0.16804124,-0.57923381,0.00000100,9.62502513,-26.73666014,-1.41108287,-15.70055213,0.00000000
0.10476413,-0.16528903,-0.54331547,-1.67556017,-1.60162621,-0.17050417,-0.58406406,0.00000100,9.62096920,-26.73183037,-1.41246666,-15.69839452,0.00000000
0.10492138,-0.16528630,-0.54317364,-1.67571743,-1.59428596,-0.17289958,-0.58900891,0.00000098,9.61710079,-26.72722261,-1.41378607,-15.69633575,0.00000000
0.10507051,-0.16528370,-0.54303911,-1.67586657,-1.58691330,-0.17521654,-0.59406460,0.00000099,9.61343234,-26.72285182,-1.41503693,-15.69438256,0.00000000
0.10521109,-0.16528125,-0.54291230,-1.67600716,-1.57952283,-0.17744464,-0.59922698,0.00000099,9.60997487,-26.71873134,-1.41621552,-15.69254095,0.00000000
0.10534272,-0.16527895,-0.54279356,-1.67613880,-1.57212899,-0.17957407,-0.60449139,0.00000100,9.60673798,-26.71487278,-1.41731863,-15.69081617,0.00000000
0.10546507,-0.16527681,-0.54268320,-1.67626115,-1.56474598,-0.18159575,-0.60985272,0.00000100,9.60372979,-26.71128601,-1.41834356,-15.68921266,0.00000000
0.10557785,-0.16527483,-0.54258145,-1.67637395,-1.55738773,-0.18350143,-0.61530530,0.00000099,9.60095698,-26.70797917,-1.41928807,-15.68773412,0.00000000
0.10568086,-0.16527302,-0.54248852,-1.67647697,-1.55006780,-0.18528373,-0.62084293,0.00000099,9.59842477,-26.70495865,-1.42015043,-15.68638344,0.00000000
0.10577394,-0.16527138,-0.54240455,-1.67657005,-1.54279936,-0.18693626,-0.62645884,0.00000099,9.59613692,-26.70222908,-1.42092942,-15.68516274,0.00000000
0.10585699,-0.16526992,-0.54232963,-1.67665311,-1.53559512,-0.18845364,-0.63214571,0.00000100,9.59409575,-26.69979339,-1.42162429,-15.68407335,0.00000000
0.10592997,-0.16526863,-0.54226379,-1.67672610,-1.52846728,-0.18983157,-0.63789561,0.00000100,9.59230220,-26.69765282,-1.42223476,-15.68311587,0.00000000
0.10599291,-0.16526751,-0.54220701,-1.67678904,-1.52142751,-0.19106687,-0.64370008,0.00000098,9.59075581,-26.69580694,-1.42276101,-15.68229013,0.00000000
0.10604585,-0.16526657,-0.54215924,-1.67684200,-1.51448693,-0.19215747,-0.64955006,0.00000099,9.58945480,-26.69425373,-1.42320368,-15.68159525,0.00000000
0.10608895,-0.16526581,-0.54212037,-1.67688510,-1.50765603,-0.19310244,-0.65543600,0.00000099,9.58839609,-26.69298958,-1.42356385,-15.68102964,0.00000000
0.10612236,-0.16526521,-0.54209022,-1.67691852,-1.50094471,-0.19390196,-0.66134780,0.00000099,9.58757533,-26.69200938,-1.42384302,-15.68059104,0.00000000
0.10614631,-0.16526478,-0.54206861,-1.67694248,-1.49436222,-0.19455732,-0.66727492,0.00000100,9.58698700,-26.69130660,-1.42404308,-15.68027652,0.00000000
0.10616107,-0.16526451,-0.54205529,-1.67695725,-1.48791721,-0.19507090,-0.67320637,0.00000100,9.58662441,-26.69087328,-1.42416632,-15.68008255,0.00000000
0.10616697,-0.16526439,-0.54204997,-1.67696315,-1.48161763,-0.19544606,-0.67913077,0.00000098,9.58647979,-26.69070017,-1.42421540,-15.68000499,0.00000000
0.10616435,-0.16526443,-0.54205233,-1.67696054,-1.47547086,-0.19568719,-0.68503643,0.00000099,9.58654433,-26.69077677,-1.42419330,-15.68003915,0.00000000
0.10615362,-0.16526461,-0.54206202,-1.67694982,-1.46948358,-0.19579953,-0.69091136,0.00000099,9.58680826,-26.69109142,-1.42410336,-15.68017980,0.00000000
0.10613520,-0.16526492,-0.54207863,-1.67693141,-1.46366189,-0.19578919,-0.69674339,0.00000099,9.58726092,-26.69163137,-1.42394920,-15.68042125,0.00000000
0.10610957,-0.16526537,-0.54210175,-1.67690579,-1.45801126,-0.19566301,-0.70252020,0.00000100,9.58789080,-26.69238287,-1.42373474,-15.68075733,0.00000000
0.10607724,-0.16526593,-0.54213092,-1.67687346,-1.45253657,-0.19542852,-0.70822939,0.00000100,9.58868566,-26.69333129,-1.42346412,-15.68118150,0.00000000
0.10603871,-0.16526660,-0.54216568,-1.67683494,-1.44724212,-0.19509378,-0.71385858,0.00000100,9.58963259,-26.69446117,-1.42314174,-15.68168684,0.00000000
0.10599454,-0.16526737,-0.54220552,-1.67679078,-1.44213166,-0.19466736,-0.71939546,0.00000098,9.59071809,-26.69575638,-1.42277219,-15.68226611,0.00000000
0.10594531,-0.16526822,-0.54224994,-1.67674156,-1.43720838,-0.19415821,-0.72482788,0.00000099,9.59192816,-26.69720018,-1.42236020,-15.68291182,0.00000000
0.10589160,-0.16526916,-0.54229840,-1.67668785,-1.43247499,-0.19357555,-0.73014394,0.00000099,9.59324842,-26.69877536,-1.42191066,-15.68361627,0.00000000
0.10583400,-0.16527016,-0.54235036,-1.67663026,-1.42793367,-0.19292877,-0.73533204,0.00000099,9.59466420,-26.70046438,-1.42142858,-15.68437160,0.00000000
0.10577312,-0.16527123,-0.54240527,-1.67656939,-1.42358615,-0.19222736,-0.74038098,0.00000099,9.59616061,-26.70224945,-1.42091899,-15.68516985,0.00000000
0.10570958,-0.16527234,-0.54246260,-1.67650585,-1.41943368,-0.19148079,-0.74528001,0.00000100,9.59772270,-26.70411270,-1.42038698,-15.68600302,0.00000000
0.10564397,-0.16527348,-0.54252178,-1.67644025,-1.41547708,-0.19069845,-0.75001895,0.00000100,9.59933554,-26.70603629,-1.41983763,-15.68686312,0.00000000
0.10557691,-0.16527465,-0.54258228,-1.67637320,-1.41171676,-0.18988951,-0.75458821,0.00000100,9.60098434,-26.70800257,-1.41927598,-15.68774225,0.00000000
0.10550898,-0.16527583,-0.54264356,-1.67630527,-1.40815269,-0.18906289,-0.75897891,0.00000098,9.60265457,-26.70999418,-1.41870696,-15.68863265,0.00000000
0.10544076,-0.16527702,-0.54270510,-1.67623705,-1.40478444,-0.18822717,-0.76318288,0.00000099,9.60433206,-26.71199422,-1.41813539,-15.68952678,0.00000000
0.10537280,-0.16527820,-0.54276641,-1.67616910,-1.40161119,-0.18739049,-0.76719281,0.00000099,9.60600314,-26.71398641,-1.41756594,-15.69041732,0.00000000
0.10530564,-0.16527937,-0.54282699,-1.67610195,-1.39863173,-0.18656054,-0.77100222,0.00000099,9.60765473,-26.71595513,-1.41700307,-15.69129733,0.00000000
0.10523977,-0.16528052,-0.54288640,-1.67603609,-1.39584442,-0.18574447,-0.77460560,0.00000099,9.60927447,-26.71788567,-1.41645098,-15.69216021,0.00000000
0.10517568,-0.16528163,-0.54294422,-1.67597200,-1.39324725,-0.18494886,-0.77799837,0.00000099,9.61085081,-26.71976426,-1.41591363,-15.69299982,0.00000000
0.10511379,-0.16528270,-0.54300005,-1.67591012,-1.39083779,-0.18417967,-0.78117703,0.00000100,9.61237310,-26.72157823,-1.41539464,-15.69381050,0.00000000
0.10505449,-0.16528373,-0.54305354,-1.67585082,-1.38861317,-0.18344221,-0.78413911,0.00000100,9.61383170,-26.72331612,-1.41489730,-15.69458712,0.00000000
0.10499813,-0.16528471,-0.54310437,-1.67579447,-1.38657010,-0.18274111,-0.78688328,0.00000100,9.61521805,-26.72496774,-1.41442454,-15.69532515,0.00000000
0.10494502,-0.16528563,-0.54315229,-1.67574136,-1.38470483,-0.18208031,-0.78940935,0.00000098,9.61652475,-26.72652432,-1.41397890,-15.69602066,0.00000000
0.10489539,-0.16528649,-0.54319705,-1.67569174,-1.38301314,-0.18146305,-0.79171830,0.00000098,9.61774562,-26.72797849,-1.41356248,-15.69667039,0.00000000
0.10484946,-0.16528728,-0.54323848,-1.67564581,-1.38149031,-0.18089184,-0.79381234,0.00000099,9.61887574,-26.72932445,-1.41317698,-15.69727173,0.00000000
0.10480736,-0.16528800,-0.54327645,-1.67560372,-1.38013109,-0.18036849,-0.79569492,0.00000099,9.61991149,-26.73055790,-1.41282363,-15.69782277,0.00000000
0.10476919,-0.16528866,-0.54331088,-1.67556556,-1.37892968,-0.17989409,-0.79737073,0.00000099,9.62085060,-26.73167616,-1.41250322,-15.69832233,0.00000000
0.10473499,-0.16528925,-0.54334172,-1.67553136,-1.37787970,-0.17946904,-0.79884576,0.00000099,9.62169213,-26.73267812,-1.41221608,-15.69876991,0.00000000
0.10470475,-0.16528977,-0.54336901,-1.67550112,-1.37697415,-0.17909305,-0.80012729,0.00000099,9.62243646,-26.73356428,-1.41196208,-15.69916574,0.00000000
0.10467838,-0.16529022,-0.54339279,-1.67547476,-1.37620540,-0.17876515,-0.80122394,0.00000100,9.62308533,-26.73433672,-1.41174063,-15.69951076,0.00000000
0.10465577,-0.16529061,-0.54341318,-1.67545215,-1.37556512,-0.17848374,-0.80214564,0.00000100,9.62364176,-26.73499905,-1.41155071,-15.69980658,0.00000000
0.10463674,-0.16529093,-0.54343034,-1.67543313,-1.37504426,-0.17824658,-0.80290366,0.00000100,9.62411007,-26.73555642,-1.41139085,-15.70005550,0.00000000
0.10462107,-0.16529120,-0.54344448,-1.67541746,-1.37463304,-0.17805083,-0.80351063,0.00000100,9.62449575,-26.73601540,-1.41125918,-15.70026047,0.00000000
0.10460849,-0.16529141,-0.54345583,-1.67540488,-1.37432086,-0.17789309,-0.80398054,0.00000098,9.62480553,-26.73638398,-1.41115340,-15.70042505,0.00000000
0.10459867,-0.16529158,-0.54346468,-1.67539507,-1.37409632,-0.17776941,-0.80432877,0.00000098,9.62504720,-26.73667148,-1.41107086,-15.70055341,0.00000000
0.10459126,-0.16529170,-0.54347136,-1.67538766,-1.37394711,-0.17767534,-0.80457205,0.00000098,9.62522966,-26.73688847,-1.41100853,-15.70065028,0.00000000
0.10458586,-0.16529179,-0.54347624,-1.67538226,-1.37386007,-0.17760591,-0.80472852,0.00000099,9.62536277,-26.73704670,-1.41096304,-15.70072090,0.00000000
0.10458202,-0.16529185,-0.54347970,-1.67537843,-1.37382106,-0.17755573,-0.80481771,0.00000099,9.62545736,-26.73715908,-1.41093069,-15.70077104,0.00000000
0.10457927,-0.16529189,-0.54348218,-1.67537568,-1.37381498,-0.17751894,-0.80486059,0.00000099,9.62552515,-26.73723956,-1.41090748,-15.70080693,0.00000000
0.10457709,-0.16529192,-0.54348414,-1.67537351,-1.37382572,-0.17748928,-0.80487951,0.00000099,9.62557873,-26.73730313,-1.41088913,-15.70083527,0.00000000
