0.78344789,0.16191679,-0.06706813,0.03698419,-0.15348174,-0.37165848
0.76746075,0.15861367,-0.06572976,0.03605070,-0.15041923,-0.36406947
0.75148650,0.15531293,-0.06439176,0.03517056,-0.14735397,-0.35648420
0.73553128,0.15201584,-0.06305466,0.03431033,-0.14428841,-0.34890599
0.71960110,0.14872366,-0.06171893,0.03345785,-0.14122421,-0.34133856
0.70370184,0.14543758,-0.06038508,0.03260569,-0.13816285,-0.33378605
0.68783924,0.14215882,-0.05905358,0.03174710,-0.13510571,-0.32625334
0.67201890,0.13888854,-0.05772491,0.03087374,-0.13205404,-0.31874664
0.65624633,0.13562787,-0.05639951,0.02997402,-0.12900864,-0.31127446
0.64052687,0.13237794,-0.05507786,0.02903760,-0.12596809,-0.30384792
0.62486575,0.12913983,-0.05376038,0.02811340,-0.12292067,-0.29646563
0.60926807,0.12591460,-0.05244750,0.02735430,-0.11985025,-0.28908615
0.59373880,0.12270329,-0.05113966,0.02662463,-0.11678682,-0.28173402
0.57828278,0.11950691,-0.04983725,0.02590085,-0.11373543,-0.27441679
0.56290473,0.11632645,-0.04854068,0.02518265,-0.11069738,-0.26713663
0.54760925,0.11316285,-0.04725034,0.02447006,-0.10767381,-0.25989562
0.53240080,0.11001707,-0.04596662,0.02376310,-0.10466582,-0.25269579
0.51728371,0.10689000,-0.04468989,0.02306185,-0.10167447,-0.24553913
0.50226221,0.10378252,-0.04342051,0.02236635,-0.09870076,-0.23842756
0.48734040,0.10069550,-0.04215883,0.02167671,-0.09574568,-0.23136298
0.47252224,0.09762976,-0.04090519,0.02099300,-0.09281016,-0.22434722
0.45781158,0.09458612,-0.03965994,0.02031531,-0.08989509,-0.21738207
0.44321217,0.09156535,-0.03842340,0.01964374,-0.08700134,-0.21046925
0.42872761,0.08856822,-0.03719587,0.01897838,-0.08412974,-0.20361046
0.41436139,0.08559545,-0.03597768,0.01831935,-0.08128109,-0.19680731
0.40011689,0.08264775,-0.03476910,0.01766672,-0.07845616,-0.19006140
0.38599737,0.07972581,-0.03357044,0.01702060,-0.07565569,-0.18337423
0.37200597,0.07683030,-0.03238197,0.01638109,-0.07288039,-0.17674731
0.35814574,0.07396184,-0.03120395,0.01574828,-0.07013095,-0.17018203
0.34441957,0.07112105,-0.03003665,0.01512227,-0.06740801,-0.16367979
0.33083028,0.06830852,-0.02888032,0.01450313,-0.06471221,-0.15724190
0.31738056,0.06552482,-0.02773520,0.01389097,-0.06204414,-0.15086964
0.30407300,0.06277049,-0.02660152,0.01328587,-0.05940439,-0.14456423
0.29091007,0.06004605,-0.02547951,0.01268790,-0.05679350,-0.13832684
0.27789414,0.05735201,-0.02436938,0.01209715,-0.05421199,-0.13215860
0.26502747,0.05468883,-0.02327133,0.01151369,-0.05166037,-0.12606059
0.25231222,0.05205698,-0.02218558,0.01093760,-0.04913910,-0.12003383
0.23975044,0.04945689,-0.02111229,0.01036894,-0.04664864,-0.11407929
0.22734408,0.04688897,-0.02005166,0.00980778,-0.04418942,-0.10819793
0.21509500,0.04435360,-0.01900386,0.00925417,-0.04176184,-0.10239061
0.20300495,0.04185117,-0.01796905,0.00870819,-0.03936628,-0.09665818
0.19107556,0.03938201,-0.01694739,0.00816989,-0.03700310,-0.09100143
0.17930841,0.03694646,-0.01593902,0.00763931,-0.03467263,-0.08542111
0.16770494,0.03454483,-0.01494409,0.00711650,-0.03237519,-0.07991793
0.15626653,0.03217739,-0.01396272,0.00660152,-0.03011107,-0.07449253
0.14499443,0.02984443,-0.01299504,0.00609439,-0.02788053,-0.06914555
0.13388984,0.02754619,-0.01204116,0.00559516,-0.02568384,-0.06387755
0.12295383,0.02528291,-0.01110120,0.00510386,-0.02352122,-0.05868906
0.11218742,0.02305479,-0.01017526,0.00462053,-0.02139288,-0.05358057
0.10159150,0.02086202,-0.00926342,0.00414518,-0.01929901,-0.04855252
0.09116690,0.01870479,-0.00836578,0.00367785,-0.01723978,-0.04360533
0.08091437,0.01658324,-0.00748240,0.00321856,-0.01521534,-0.03873936
0.07083456,0.01449753,-0.00661338,0.00276731,-0.01322583,-0.03395494
0.06092804,0.01244777,-0.00575876,0.00232414,-0.01127136,-0.02925235
0.05119531,0.01043406,-0.00491860,0.00188904,-0.00935202,-0.02463185
0.04163679,0.00845650,-0.00409296,0.00146202,-0.00746790,-0.02009365
0.03225280,0.00651515,-0.00328188,0.00104310,-0.00561905,-0.01563792
0.02304361,0.00461008,-0.00248540,0.00063226,-0.00380553,-0.01126480
0.01400941,0.00274132,-0.00170354,0.00022952,-0.00202735,-0.00697440
0.00515031,0.00090890,-0.00093634,-0.00016514,-0.00028454,-0.00276678
-0.00353366,-0.00088717,-0.00018380,-0.00055172,0.00142292,0.00135802
-0.01204253,-0.00264691,0.00055405,-0.00093023,0.00309504,0.00539999
-0.02037639,-0.00437032,0.00127722,-0.00130069,0.00473185,0.00935918
-0.02853542,-0.00605744,0.00198570,-0.00166311,0.00633341,0.01323565
-0.03651984,-0.00770832,0.00267950,-0.00201750,0.00789977,0.01702950
-0.04432997,-0.00932302,0.00335863,-0.00236390,0.00943102,0.02074084
-0.05196616,-0.01090163,0.00402311,-0.00270232,0.01092724,0.02436984
-0.05942884,-0.01244422,0.00467297,-0.00303280,0.01238855,0.02791670
-0.06671849,-0.01395089,0.00530822,-0.00335535,0.01381504,0.03138162
-0.07383567,-0.01542177,0.00592891,-0.00367001,0.01520687,0.03476485
-0.08078098,-0.01685698,0.00653508,-0.00397682,0.01656416,0.03806666
-0.08755507,-0.01825666,0.00712676,-0.00427581,0.01788706,0.04128736
-0.09415866,-0.01962094,0.00770401,-0.00456702,0.01917576,0.04442727
-0.10059253,-0.02095001,0.00826689,-0.00485049,0.02043041,0.04748675
-0.10685749,-0.02224402,0.00881544,-0.00512627,0.02165121,0.05046617
-0.11295442,-0.02350317,0.00934973,-0.00539439,0.02283835,0.05336594
-0.11888424,-0.02472763,0.00986984,-0.00565491,0.02399205,0.05618649
-0.12464792,-0.02591763,0.01037583,-0.00590788,0.02511251,0.05892825
-0.13024648,-0.02707336,0.01086778,-0.00615334,0.02619997,0.06159172
-0.13568098,-0.02819506,0.01134577,-0.00639135,0.02725466,0.06417737
-0.14095254,-0.02928295,0.01180989,-0.00662197,0.02827682,0.06668573
-0.14606230,-0.03033728,0.01226021,-0.00684525,0.02926671,0.06911734
-0.15101145,-0.03135829,0.01269685,-0.00706125,0.03022459,0.07147275
-0.15580123,-0.03234625,0.01311988,-0.00727003,0.03115073,0.07375254
-0.16043291,-0.03330141,0.01352942,-0.00747165,0.03204540,0.07595730
-0.16490780,-0.03422406,0.01392556,-0.00766618,0.03290889,0.07808766
-0.16922725,-0.03511447,0.01430842,-0.00785369,0.03374148,0.08014423
-0.17339263,-0.03597294,0.01467809,-0.00803423,0.03454348,0.08212767
-0.17740537,-0.03679976,0.01503470,-0.00820787,0.03531519,0.08403864
-0.18126691,-0.03759523,0.01537836,-0.00837470,0.03605692,0.08587783
-0.18497873,-0.03835966,0.01570918,-0.00853477,0.03676898,0.08764593
-0.18854234,-0.03909338,0.01602730,-0.00868816,0.03745169,0.08934365
-0.19195927,-0.03979669,0.01633283,-0.00883494,0.03810539,0.09097172
-0.19523111,-0.04046993,0.01662591,-0.00897519,0.03873040,0.09253087
-0.19835943,-0.04111344,0.01690665,-0.00910898,0.03932706,0.09402186
-0.20134587,-0.04172754,0.01717520,-0.00923639,0.03989572,0.09544545
-0.20419205,-0.04231259,0.01743169,-0.00935750,0.04043670,0.09680241
-0.20689966,-0.04286893,0.01767625,-0.00947239,0.04095037,0.09809354
-0.20947037,-0.04339691,0.01790902,-0.00958113,0.04143707,0.09931963
-0.21190590,-0.04389690,0.01813015,-0.00968381,0.04189717,0.10048150
-0.21420797,-0.04436925,0.01833978,-0.00978050,0.04233102,0.10157994
-0.21637834,-0.04481433,0.01853804,-0.00987130,0.04273899,0.10261581
-0.21841877,-0.04523251,0.01872509,-0.00995629,0.04312143,0.10358992
-0.22033105,-0.04562416,0.01890108,-0.01003554,0.04347873,0.10450313
-0.22211696,-0.04598965,0.01906615,-0.01010914,0.04381124,0.10535628
-0.22377833,-0.04632937,0.01922045,-0.01017718,0.04411934,0.10615023
-0.22531698,-0.04664369,0.01936414,-0.01023975,0.04440342,0.10688586
-0.22673475,-0.04693301,0.01949737,-0.01029692,0.04466383,0.10756402
-0.22803349,-0.04719770,0.01962029,-0.01034880,0.04490096,0.10818560
-0.22921507,-0.04743815,0.01973307,-0.01039546,0.04511520,0.10875148
-0.23028134,-0.04765476,0.01983584,-0.01043699,0.04530692,0.10926254
-0.23123420,-0.04784791,0.01992878,-0.01047348,0.04547650,0.10971968
-0.23207552,-0.04801801,0.02001204,-0.01050502,0.04562432,0.11012379
-0.23280721,-0.04816544,0.02008578,-0.01053171,0.04575078,0.11047577
-0.23343116,-0.04829060,0.02015016,-0.01055363,0.04585625,0.11077652
-0.23394927,-0.04839389,0.02020535,-0.01057087,0.04594112,0.11102694
-0.23436347,-0.04847570,0.02025149,-0.01058352,0.04600577,0.11122794
-0.23467565,-0.04853644,0.02028875,-0.01059170,0.04605058,0.11138043
-0.23488774,-0.04857651,0.02031729,-0.01059548,0.04607595,0.11148530
-0.23500165,-0.04859629,0.02033728,-0.01059497,0.04608224,0.11154348
-0.23501931,-0.04859620,0.02034887,-0.01059030,0.04606986,0.11155585
-0.23494262,-0.04857664,0.02035224,-0.01058158,0.04603917,0.11152332
-0.23477351,-0.04853799,0.02034753,-0.01056898,0.04599057,0.11144678
-0.23451389,-0.04848066,0.02033491,-0.01055267,0.04592441,0.11132712
-0.23416567,-0.04840505,0.02031455,-0.01053293,0.04584109,0.11116519
-0.23373078,-0.04831156,0.02028661,-0.01051009,0.04574096,0.11096183
-0.23321110,-0.04820057,0.02025124,-0.01048464,0.04562439,0.11071784
-0.23260856,-0.04807250,0.02020861,-0.01045713,0.04549171,0.11043403
-0.23192504,-0.04792773,0.02015888,-0.01042803,0.04534327,0.11011123
-0.23116245,-0.04776666,0.02010221,-0.01039752,0.04517938,0.10975037
-0.23032266,-0.04758967,0.02003877,-0.01036528,0.04500039,0.10935254
-0.22940755,-0.04739717,0.01996870,-0.01033069,0.04480665,0.10891887
-0.22841901,-0.04718953,0.01989217,-0.01029318,0.04459853,0.10845041
-0.22735889,-0.04696715,0.01980934,-0.01025237,0.04437641,0.10794815
-0.22622904,-0.04673041,0.01972036,-0.01020813,0.04414069,0.10741296
-0.22503132,-0.04647969,0.01962539,-0.01016049,0.04389174,0.10684568
-0.22376757,-0.04621538,0.01952460,-0.01010958,0.04362994,0.10624712
-0.22243960,-0.04593786,0.01941813,-0.01005554,0.04335566,0.10561808
-0.22104923,-0.04564749,0.01930614,-0.00999858,0.04306927,0.10495936
-0.21959828,-0.04534467,0.01918878,-0.00993892,0.04277113,0.10427173
-0.21808852,-0.04502975,0.01906620,-0.00987680,0.04246160,0.10355599
-0.21652174,-0.04470310,0.01893856,-0.00981250,0.04214103,0.10281293
-0.21489971,-0.04436510,0.01880601,-0.00974639,0.04180978,0.10204330
-0.21322418,-0.04401611,0.01866870,-0.00967889,0.04146819,0.10124787
-0.21149689,-0.04365648,0.01852677,-0.00961064,0.04111659,0.10042737
-0.20971957,-0.04328658,0.01838038,-0.00954256,0.04075531,0.09958251
-0.20789393,-0.04290675,0.01822966,-0.00947623,0.04038467,0.09871391
-0.20602167,-0.04251736,0.01807477,-0.00941469,0.04000492,0.09782203
-0.20410446,-0.04211875,0.01791585,-0.00936521,0.03961624,0.09690690
-0.20214398,-0.04171126,0.01775304,-0.00935287,0.03921839,0.09596663
-0.20014187,-0.04129523,0.01758648,-0.00959565,0.03880706,0.09497816
-0.19809976,-0.04087101,0.01741630,-0.00978073,0.03838959,0.09397881
-0.19601928,-0.04043893,0.01724266,-0.01017278,0.03796204,0.09294363
-0.19390203,-0.03999932,0.01706569,-0.01021946,0.03753296,0.09192415
-0.19174958,-0.03955250,0.01688551,-0.01045420,0.03711662,0.09087575
-0.18956349,-0.03909880,0.01670228,-0.01047824,0.03667423,0.08982664
-0.18734533,-0.03863854,0.01651611,-0.01076215,0.03623570,0.08874232
-0.18509662,-0.03817203,0.01632714,-0.01077965,0.03578151,0.08766314
-0.18281886,-0.03769960,0.01613550,-0.01096677,0.03533445,0.08656203
-0.18051355,-0.03722154,0.01594131,-0.01102064,0.03486866,0.08545569
-0.17818216,-0.03673815,0.01574471,-0.01084546,0.03443332,0.08436101
-0.17582615,-0.03624975,0.01554582,-0.01067533,0.03399332,0.08325385
-0.17344696,-0.03575662,0.01534475,-0.01065828,0.03353973,0.08211877
-0.17104599,-0.03525907,0.01514164,-0.01074855,0.03305475,0.08095805
-0.16862464,-0.03475736,0.01493661,-0.01092951,0.03257235,0.07978297
-0.16618429,-0.03425180,0.01472976,-0.01095175,0.03208089,0.07861119
-0.16372630,-0.03374266,0.01452122,-0.01075564,0.03161726,0.07745710
-0.16125200,-0.03323022,0.01431110,-0.01067706,0.03114256,0.07628306
-0.15876271,-0.03271474,0.01409952,-0.01076946,0.03064260,0.07508281
-0.15625972,-0.03219649,0.01388659,-0.01085814,0.03014217,0.07387794
-0.15374431,-0.03167574,0.01367241,-0.01092534,0.02963910,0.07267078
-0.15121773,-0.03115274,0.01345710,-0.01097631,0.02913732,0.07146108
-0.14868121,-0.03062776,0.01324076,-0.01101642,0.02863236,0.07024859
-0.14613598,-0.03010103,0.01302350,-0.01102716,0.02812950,0.06903527
-0.14358322,-0.02957281,0.01280542,-0.01103321,0.02762423,0.06781956
-0.14102411,-0.02904333,0.01258662,-0.01101026,0.02712041,0.06660341
-0.13845979,-0.02851284,0.01236719,-0.01097491,0.02661590,0.06538646
-0.13589139,-0.02798156,0.01214725,-0.01091731,0.02611222,0.06416921
-0.13332003,-0.02744972,0.01192688,-0.01084142,0.02560888,0.06295240
-0.13074679,-0.02691755,0.01170618,-0.01074629,0.02510641,0.06173591
-0.12817273,-0.02638526,0.01148524,-0.01063238,0.02460471,0.06052065
-0.12559891,-0.02585308,0.01126415,-0.01050014,0.02410415,0.05930654
-0.12302635,-0.02532120,0.01104300,-0.01035002,0.02360467,0.05809437
-0.12045605,-0.02478985,0.01082187,-0.01018271,0.02310657,0.05688418
-0.11788899,-0.02425921,0.01060087,-0.00999897,0.02260981,0.05567663
-0.11532615,-0.02372949,0.01038005,-0.00979980,0.02211465,0.05447187
-0.11276845,-0.02320089,0.01015952,-0.00958636,0.02162103,0.05327040
-0.11021681,-0.02267358,0.00993935,-0.00936013,0.02112915,0.05207244
-0.10767215,-0.02214775,0.00971961,-0.00912283,0.02063897,0.05087839
-0.10513532,-0.02162359,0.00950039,-0.00887650,0.02015063,0.04968847
-0.10260720,-0.02110127,0.00928176,-0.00862335,0.01966407,0.04850300
-0.10008862,-0.02058096,0.00906379,-0.00836572,0.01917941,0.04732220
-0.09758040,-0.02006283,0.00884655,-0.00810577,0.01869662,0.04614635
-0.09508332,-0.01954704,0.00863012,-0.00784534,0.01821582,0.04497571
-0.09259818,-0.01903376,0.00841456,-0.00758577,0.01773708,0.04381057
-0.09012571,-0.01852313,0.00819994,-0.00732792,0.01726054,0.04265126
-0.08766667,-0.01801530,0.00798632,-0.00707225,0.01678633,0.04149809
-0.08522175,-0.01751043,0.00777378,-0.00681899,0.01631462,0.04035139
-0.08279167,-0.01700866,0.00756236,-0.00656825,0.01584555,0.03921149
-0.08037708,-0.01651012,0.00735212,-0.00632009,0.01537929,0.03807872
-0.07797866,-0.01601495,0.00714314,-0.00607456,0.01491597,0.03695338
-0.07559703,-0.01552327,0.00693546,-0.00583171,0.01445575,0.03583578
-0.07323280,-0.01503523,0.00672913,-0.00559157,0.01399876,0.03472621
-0.07088659,-0.01455092,0.00652422,-0.00535417,0.01354514,0.03362496
-0.06855896,-0.01407049,0.00632077,-0.00511956,0.01309501,0.03253231
-0.06625047,-0.01359403,0.00611883,-0.00488777,0.01264851,0.03144851
-0.06396167,-0.01312166,0.00591846,-0.00465881,0.01220574,0.03037384
-0.06169308,-0.01265349,0.00571969,-0.00443273,0.01176683,0.02930853
-0.05944519,-0.01218962,0.00552258,-0.00420954,0.01133189,0.02825283
-0.05721850,-0.01173015,0.00532717,-0.00398928,0.01090101,0.02720697
-0.05501346,-0.01127517,0.00513350,-0.00377197,0.01047430,0.02617117
-0.05283053,-0.01082478,0.00494161,-0.00355762,0.01005185,0.02514565
-0.05067014,-0.01037906,0.00475154,-0.00334625,0.00963377,0.02413061
-0.04853271,-0.00993810,0.00456332,-0.00313790,0.00922013,0.02312625
-0.04641861,-0.00950197,0.00437701,-0.00293257,0.00881102,0.02213276
-0.04432825,-0.00907077,0.00419262,-0.00273028,0.00840652,0.02115031
-0.04226197,-0.00864455,0.00401020,-0.00253104,0.00800670,0.02017909
-0.04022012,-0.00822339,0.00382977,-0.00233487,0.00761165,0.01921925
-0.03820302,-0.00780736,0.00365137,-0.00214179,0.00722141,0.01827096
-0.03621100,-0.00739652,0.00347503,-0.00195179,0.00683607,0.01733435
-0.03424434,-0.00699093,0.00330077,-0.00176490,0.00645568,0.01640957
-0.03230332,-0.00659064,0.00312862,-0.00158112,0.00608029,0.01549676
-0.03038820,-0.00619572,0.00295861,-0.00140046,0.00570997,0.01459604
-0.02849924,-0.00580621,0.00279076,-0.00122292,0.00534476,0.01370753
-0.02663667,-0.00542215,0.00262509,-0.00104851,0.00498470,0.01283134
-0.02480069,-0.00504360,0.00246163,-0.00087724,0.00462985,0.01196758
-0.02299152,-0.00467059,0.00230039,-0.00070910,0.00428025,0.01111633
-0.02120934,-0.00430316,0.00214139,-0.00054410,0.00393593,0.01027770
-0.01945432,-0.00394135,0.00198466,-0.00038224,0.00359692,0.00945176
-0.01772662,-0.00358519,0.00183020,-0.00022352,0.00326326,0.00863858
-0.01602639,-0.00323471,0.00167803,-0.00006793,0.00293498,0.00783825
-0.01435375,-0.00288993,0.00152817,0.00008452,0.00261209,0.00705082
-0.01270882,-0.00255087,0.00138064,0.00023385,0.00229464,0.00627635
-0.01109171,-0.00221757,0.00123543,0.00038004,0.00198263,0.00551489
-0.00950250,-0.00189003,0.00109256,0.00052312,0.00167608,0.00476648
-0.00794128,-0.00156828,0.00095205,0.00066309,0.00137500,0.00403116
-0.00640810,-0.00125232,0.00081390,0.00079996,0.00107942,0.00330896
-0.00490302,-0.00094217,0.00067812,0.00093372,0.00078933,0.00259991
-0.00342607,-0.00063783,0.00054470,0.00106441,0.00050475,0.00190403
-0.00197729,-0.00033930,0.00041367,0.00119202,0.00022568,0.00122133
-0.00055669,-0.00004660,0.00028503,0.00131657,-0.00004788,0.00055182
0.00083573,0.00024027,0.00015877,0.00143807,-0.00031592,-0.00010449
0.00219997,0.00052133,0.00003490,0.00155653,-0.00057846,-0.00074761
0.00353606,0.00079657,-0.00008658,0.00167197,-0.00083549,-0.00137754
0.00484401,0.00106600,-0.00020567,0.00178441,-0.00108702,-0.00199430
0.00612388,0.00132963,-0.00032237,0.00189385,-0.00133306,-0.00259791
0.00737571,0.00158747,-0.00043668,0.00200033,-0.00157363,-0.00318838
0.00859956,0.00183953,-0.00054860,0.00210385,-0.00180873,-0.00376574
0.00979550,0.00208583,-0.00065814,0.00220443,-0.00203838,-0.00433003
0.01096361,0.00232638,-0.00076530,0.00230210,-0.00226259,-0.00488128
0.01210399,0.00256120,-0.00087008,0.00239687,-0.00248140,-0.00541954
0.01321673,0.00279031,-0.00097249,0.00248876,-0.00269481,-0.00594484
0.01430195,0.00301374,-0.00107254,0.00257780,-0.00290284,-0.00645724
0.01535975,0.00323151,-0.00117024,0.00266401,-0.00310554,-0.00695679
0.01639026,0.00344364,-0.00126559,0.00274741,-0.00330291,-0.00744355
0.01739362,0.00365016,-0.00135859,0.00282802,-0.00349499,-0.00791758
0.01836997,0.00385111,-0.00144927,0.00290588,-0.00368180,-0.00837895
0.01931946,0.00404651,-0.00153763,0.00298099,-0.00386338,-0.00882772
0.02024225,0.00423640,-0.00162368,0.00305340,-0.00403976,-0.00926397
0.02113850,0.00442080,-0.00170743,0.00312312,-0.00421098,-0.00968777
0.02200838,0.00459977,-0.00178890,0.00319017,-0.00437706,-0.01009921
0.02285208,0.00477332,-0.00186810,0.00325460,-0.00453805,-0.01049837
0.02366979,0.00494151,-0.00194504,0.00331642,-0.00469398,-0.01088534
0.02446169,0.00510436,-0.00201973,0.00337567,-0.00484489,-0.01126019
0.02522798,0.00526193,-0.00209219,0.00343236,-0.00499083,-0.01162304
0.02596888,0.00541426,-0.00216244,0.00348653,-0.00513183,-0.01197397
0.02668459,0.00556138,-0.00223049,0.00353822,-0.00526793,-0.01231308
0.02737533,0.00570335,-0.00229635,0.00358744,-0.00539919,-0.01264047
0.02804133,0.00584021,-0.00236005,0.00363423,-0.00552564,-0.01295625
0.02868281,0.00597200,-0.00242160,0.00367862,-0.00564734,-0.01326052
0.02930001,0.00609878,-0.00248102,0.00372063,-0.00576433,-0.01355340
0.02989316,0.00622060,-0.00253833,0.00376031,-0.00587665,-0.01383499
0.03046252,0.00633750,-0.00259354,0.00379768,-0.00598436,-0.01410540
0.03100832,0.00644953,-0.00264668,0.00383277,-0.00608750,-0.01436476
0.03153083,0.00655676,-0.00269777,0.00386561,-0.00618613,-0.01461318
0.03203030,0.00665922,-0.00274681,0.00389625,-0.00628030,-0.01485078
0.03250699,0.00675698,-0.00279385,0.00392470,-0.00637006,-0.01507768
0.03296116,0.00685010,-0.00283888,0.00395100,-0.00645546,-0.01529401
0.03339309,0.00693861,-0.00288195,0.00397518,-0.00653656,-0.01549989
0.03380305,0.00702259,-0.00292306,0.00399729,-0.00661342,-0.01569544
0.03419131,0.00710209,-0.00296225,0.00401734,-0.00668607,-0.01588081
0.03455815,0.00717717,-0.00299952,0.00403537,-0.00675459,-0.01605611
0.03490385,0.00724788,-0.00303491,0.00405142,-0.00681903,-0.01622149
0.03522870,0.00731428,-0.00306844,0.00406553,-0.00687944,-0.01637706
0.03553299,0.00737644,-0.00310013,0.00407771,-0.00693588,-0.01652297
0.03581701,0.00743441,-0.00313000,0.00408801,-0.00698841,-0.01665935
0.03608104,0.00748825,-0.00315808,0.00409646,-0.00703709,-0.01678634
0.03632538,0.00753802,-0.00318439,0.00410310,-0.00708197,-0.01690408
0.03655033,0.00758379,-0.00320895,0.00410795,-0.00712312,-0.01701270
0.03675618,0.00762562,-0.00323180,0.00411106,-0.00716059,-0.01711234
0.03694324,0.00766356,-0.00325294,0.00411245,-0.00719444,-0.01720314
0.03711181,0.00769769,-0.00327242,0.00411216,-0.00722474,-0.01728525
0.03726218,0.00772805,-0.00329025,0.00411023,-0.00725153,-0.01735881
0.03739467,0.00775473,-0.00330645,0.00410668,-0.00727489,-0.01742395
0.03750957,0.00777777,-0.00332106,0.00410155,-0.00729486,-0.01748082
0.03760720,0.00779724,-0.00333409,0.00409488,-0.00731152,-0.01752957
0.03768785,0.00781321,-0.00334557,0.00408670,-0.00732492,-0.01757033
0.03775184,0.00782574,-0.00335554,0.00407704,-0.00733512,-0.01760325
0.03779948,0.00783489,-0.00336401,0.00406593,-0.00734219,-0.01762848
0.03783106,0.00784072,-0.00337100,0.00405341,-0.00734618,-0.01764616
0.03784691,0.00784331,-0.00337655,0.00403952,-0.00734715,-0.01765642
0.03784732,0.00784271,-0.00338069,0.00402428,-0.00734517,-0.01765943
0.03783261,0.00783898,-0.00338342,0.00400773,-0.00734029,-0.01765532
0.03780309,0.00783220,-0.00338479,0.00398991,-0.00733258,-0.01764423
0.03775906,0.00782242,-0.00338482,0.00397083,-0.00732209,-0.01762632
0.03770083,0.00780971,-0.00338353,0.00395055,-0.00730889,-0.01760172
0.03762870,0.00779413,-0.00338095,0.00392908,-0.00729303,-0.01757058
0.03754299,0.00777575,-0.00337710,0.00390647,-0.00727459,-0.01753303
0.03744400,0.00775462,-0.00337202,0.00388274,-0.00725360,-0.01748924
0.03733203,0.00773082,-0.00336572,0.00385792,-0.00723015,-0.01743933
0.03720739,0.00770440,-0.00335823,0.00383206,-0.00720428,-0.01738346
0.03707039,0.00767543,-0.00334959,0.00380517,-0.00717605,-0.01732176
0.03692131,0.00764397,-0.00333980,0.00377729,-0.00714553,-0.01725437
0.03676047,0.00761008,-0.00332891,0.00374846,-0.00711276,-0.01718144
0.03658817,0.00757383,-0.00331693,0.00371869,-0.00707782,-0.01710310
0.03640469,0.00753527,-0.00330389,0.00368803,-0.00704076,-0.01701950
0.03621034,0.00749446,-0.00328982,0.00365651,-0.00700163,-0.01693078
0.03600542,0.00745148,-0.00327474,0.00362414,-0.00696049,-0.01683706
0.03579021,0.00740638,-0.00325867,0.00359097,-0.00691741,-0.01673850
0.03556501,0.00735921,-0.00324165,0.00355702,-0.00687243,-0.01663523
0.03533010,0.00731004,-0.00322369,0.00352233,-0.00682562,-0.01652738
0.03508578,0.00725894,-0.00320483,0.00348691,-0.00677702,-0.01641509
0.03483233,0.00720595,-0.00318508,0.00345081,-0.00672670,-0.01629849
0.03457004,0.00715113,-0.00316447,0.00341404,-0.00667471,-0.01617771
0.03429917,0.00709456,-0.00314303,0.00337663,-0.00662110,-0.01605290
0.03402003,0.00703627,-0.00312078,0.00333863,-0.00656593,-0.01592417
0.03373287,0.00697634,-0.00309774,0.00330004,-0.00650925,-0.01579166
0.03343798,0.00691481,-0.00307394,0.00326090,-0.00645111,-0.01565550
0.03313563,0.00685175,-0.00304940,0.00322123,-0.00639157,-0.01551582
0.03282608,0.00678721,-0.00302415,0.00318107,-0.00633069,-0.01537273
0.03250961,0.00672124,-0.00299821,0.00314043,-0.00626850,-0.01522638
0.03218648,0.00665390,-0.00297160,0.00309935,-0.00620507,-0.01507688
0.03185695,0.00658525,-0.00294434,0.00305785,-0.00614043,-0.01492435
0.03152128,0.00651533,-0.00291647,0.00301595,-0.00607465,-0.01476892
0.03117973,0.00644421,-0.00288799,0.00297368,-0.00600778,-0.01461071
0.03083255,0.00637193,-0.00285894,0.00293106,-0.00593985,-0.01444983
0.03048000,0.00629855,-0.00282934,0.00288812,-0.00587092,-0.01428641
0.03012231,0.00622411,-0.00279920,0.00284488,-0.00580104,-0.01412056
0.02975974,0.00614867,-0.00276856,0.00280137,-0.00573026,-0.01395240
0.02939253,0.00607228,-0.00273743,0.00275760,-0.00565861,-0.01378203
0.02902091,0.00599499,-0.00270583,0.00271361,-0.00558615,-0.01360958
0.02864513,0.00591684,-0.00267378,0.00266941,-0.00551293,-0.01343516
0.02826541,0.00583789,-0.00264132,0.00262502,-0.00543898,-0.01325886
0.02788199,0.00575818,-0.00260845,0.00258047,-0.00536435,-0.01308081
0.02749510,0.00567776,-0.00257519,0.00253577,-0.00528909,-0.01290111
0.02710495,0.00559668,-0.00254158,0.00249096,-0.00521323,-0.01271986
0.02671177,0.00551498,-0.00250762,0.00244604,-0.00513682,-0.01253716
0.02631577,0.00543271,-0.00247334,0.00240104,-0.00505991,-0.01235313
0.02591717,0.00534991,-0.00243876,0.00235598,-0.00498252,-0.01216785
0.02551619,0.00526663,-0.00240389,0.00231088,-0.00490471,-0.01198144
0.02511302,0.00518290,-0.00236876,0.00226576,-0.00482651,-0.01179398
0.02470788,0.00509877,-0.00233338,0.00222063,-0.00474796,-0.01160557
0.02430096,0.00501429,-0.00229778,0.00217551,-0.00466910,-0.01141631
0.02389246,0.00492949,-0.00226196,0.00213043,-0.00458997,-0.01122629
0.02348258,0.00484441,-0.00222596,0.00208540,-0.00451060,-0.01103560
0.02307150,0.00475910,-0.00218978,0.00204043,-0.00443104,-0.01084434
0.02265942,0.00467359,-0.00215345,0.00199555,-0.00435131,-0.01065258
0.02224652,0.00458792,-0.00211698,0.00195077,-0.00427145,-0.01046042
0.02183298,0.00450213,-0.00208038,0.00190610,-0.00419149,-0.01026794
0.02141898,0.00441625,-0.00204369,0.00186157,-0.00411148,-0.01007523
0.02100469,0.00433032,-0.00200690,0.00181718,-0.00403144,-0.00988236
0.02059029,0.00424438,-0.00197004,0.00177295,-0.00395140,-0.00968942
0.02017594,0.00415846,-0.00193312,0.00172890,-0.00387140,-0.00949649
0.01976180,0.00407260,-0.00189617,0.00168504,-0.00379147,-0.00930364
0.01934805,0.00398682,-0.00185918,0.00164139,-0.00371164,-0.00911095
0.01893482,0.00390117,-0.00182219,0.00159795,-0.00363193,-0.00891849
0.01852229,0.00381566,-0.00178520,0.00155475,-0.00355239,-0.00872634
0.01811059,0.00373034,-0.00174823,0.00151179,-0.00347303,-0.00853456
0.01769989,0.00364524,-0.00171129,0.00146908,-0.00339388,-0.00834323
0.01729031,0.00356038,-0.00167439,0.00142664,-0.00331498,-0.00815241
0.01688201,0.00347579,-0.00163756,0.00138449,-0.00323634,-0.00796217
0.01647511,0.00339151,-0.00160080,0.00134262,-0.00315800,-0.00777258
0.01606977,0.00330755,-0.00156412,0.00130106,-0.00307997,-0.00758370
0.01566609,0.00322395,-0.00152755,0.00125981,-0.00300229,-0.00739558
0.01526422,0.00314074,-0.00149108,0.00121888,-0.00292498,-0.00720829
0.01486428,0.00305793,-0.00145474,0.00117829,-0.00284805,-0.00702189
0.01446638,0.00297555,-0.00141853,0.00113804,-0.00277154,-0.00683643
0.01407065,0.00289364,-0.00138247,0.00109814,-0.00269547,-0.00665197
0.01367720,0.00281220,-0.00134657,0.00105861,-0.00261986,-0.00646856
0.01328615,0.00273127,-0.00131084,0.00101944,-0.00254472,-0.00628626
0.01289759,0.00265087,-0.00127529,0.00098066,-0.00247008,-0.00610512
0.01251164,0.00257102,-0.00123992,0.00094226,-0.00239596,-0.00592518
0.01212840,0.00249173,-0.00120476,0.00090425,-0.00232238,-0.00574649
0.01174797,0.00241303,-0.00116981,0.00086665,-0.00224935,-0.00556910
0.01137044,0.00233495,-0.00113508,0.00082945,-0.00217689,-0.00539306
0.01099590,0.00225749,-0.00110058,0.00079267,-0.00210503,-0.00521841
0.01062445,0.00218068,-0.00106632,0.00075631,-0.00203378,-0.00504518
0.01025618,0.00210454,-0.00103231,0.00072038,-0.00196314,-0.00487343
0.00989115,0.00202907,-0.00099855,0.00068489,-0.00189315,-0.00470319
0.00952947,0.00195431,-0.00096506,0.00064983,-0.00182381,-0.00453449
0.00917120,0.00188026,-0.00093184,0.00061522,-0.00175515,-0.00436738
0.00881642,0.00180694,-0.00089890,0.00058106,-0.00168716,-0.00420189
0.00846520,0.00173437,-0.00086625,0.00054735,-0.00161987,-0.00403805
0.00811761,0.00166255,-0.00083389,0.00051410,-0.00155329,-0.00387589
0.00777371,0.00159151,-0.00080184,0.00048131,-0.00148743,-0.00371545
0.00743358,0.00152125,-0.00077010,0.00044899,-0.00142230,-0.00355676
0.00709727,0.00145179,-0.00073867,0.00041715,-0.00135791,-0.00339985
0.00676484,0.00138314,-0.00070756,0.00038577,-0.00129428,-0.00324473
0.00643634,0.00131531,-0.00067679,0.00035487,-0.00123142,-0.00309144
0.00611183,0.00124831,-0.00064634,0.00032446,-0.00116933,-0.00294001
0.00579135,0.00118216,-0.00061624,0.00029452,-0.00110802,-0.00279044
0.00547496,0.00111685,-0.00058648,0.00026507,-0.00104750,-0.00264278
0.00516270,0.00105241,-0.00055708,0.00023611,-0.00098779,-0.00249704
0.00485461,0.00098884,-0.00052802,0.00020763,-0.00092888,-0.00235323
0.00455074,0.00092614,-0.00049933,0.00017965,-0.00087079,-0.00221138
0.00425111,0.00086433,-0.00047100,0.00015216,-0.00081351,-0.00207150
0.00395577,0.00080341,-0.00044304,0.00012516,-0.00075707,-0.00193361
0.00366474,0.00074338,-0.00041545,0.00009865,-0.00070146,-0.00179773
0.00337806,0.00068427,-0.00038824,0.00007264,-0.00064669,-0.00166387
0.00309575,0.00062606,-0.00036140,0.00004712,-0.00059277,-0.00153204
0.00281784,0.00056876,-0.00033495,0.00002210,-0.00053969,-0.00140226
0.00254436,0.00051239,-0.00030888,-0.00000242,-0.00048746,-0.00127453
0.00227532,0.00045694,-0.00028320,-0.00002645,-0.00043609,-0.00114886
0.00201074,0.00040242,-0.00025792,-0.00004999,-0.00038559,-0.00102527
0.00175064,0.00034883,-0.00023302,-0.00007303,-0.00033594,-0.00090376
0.00149503,0.00029617,-0.00020853,-0.00009558,-0.00028716,-0.00078433
0.00124394,0.00024445,-0.00018443,-0.00011763,-0.00023924,-0.00066700
0.00099735,0.00019367,-0.00016073,-0.00013920,-0.00019220,-0.00055177
0.00075530,0.00014382,-0.00013743,-0.00016027,-0.00014602,-0.00043864
0.00051777,0.00009492,-0.00011453,-0.00018085,-0.00010071,-0.00032761
0.00028478,0.00004695,-0.00009204,-0.00020095,-0.00005628,-0.00021869
0.00005633,-0.00000007,-0.00006995,-0.00022056,-0.00001272,-0.00011188
-0.00016758,-0.00004615,-0.00004827,-0.00023969,0.00002998,-0.00000717
-0.00038696,-0.00009128,-0.00002700,-0.00025833,0.00007180,0.00009542
-0.00060179,-0.00013548,-0.00000613,-0.00027650,0.00011275,0.00019591
-0.00081210,-0.00017874,0.00001433,-0.00029419,0.00015283,0.00029430
-0.00101788,-0.00022106,0.00003438,-0.00031140,0.00019205,0.00039058
-0.00121915,-0.00026245,0.00005402,-0.00032815,0.00023040,0.00048477
-0.00141591,-0.00030290,0.00007326,-0.00034442,0.00026789,0.00057687
-0.00160818,-0.00034242,0.00009209,-0.00036023,0.00030451,0.00066688
-0.00179596,-0.00038101,0.00011051,-0.00037557,0.00034028,0.00075481
-0.00197927,-0.00041868,0.00012853,-0.00039045,0.00037520,0.00084066
-0.00215814,-0.00045542,0.00014613,-0.00040488,0.00040926,0.00092445
-0.00233256,-0.00049125,0.00016334,-0.00041886,0.00044247,0.00100618
-0.00250258,-0.00052616,0.00018014,-0.00043238,0.00047484,0.00108586
-0.00266819,-0.00056017,0.00019654,-0.00044546,0.00050637,0.00116350
-0.00282943,-0.00059326,0.00021254,-0.00045810,0.00053706,0.00123911
-0.00298632,-0.00062546,0.00022813,-0.00047030,0.00056692,0.00131271
-0.00313889,-0.00065677,0.00024333,-0.00048206,0.00059595,0.00138429
-0.00328715,-0.00068718,0.00025814,-0.00049339,0.00062417,0.00145388
-0.00343113,-0.00071671,0.00027254,-0.00050430,0.00065156,0.00152148
-0.00357087,-0.00074536,0.00028656,-0.00051479,0.00067815,0.00158711
-0.00370639,-0.00077314,0.00030018,-0.00052486,0.00070393,0.00165079
-0.00383772,-0.00080005,0.00031342,-0.00053451,0.00072891,0.00171252
-0.00396489,-0.00082611,0.00032627,-0.00054376,0.00075309,0.00177233
-0.00408794,-0.00085131,0.00033874,-0.00055260,0.00077649,0.00183022
-0.00420689,-0.00087567,0.00035082,-0.00056104,0.00079911,0.00188621
-0.00432179,-0.00089919,0.00036253,-0.00056909,0.00082096,0.00194032
-0.00443266,-0.00092188,0.00037386,-0.00057674,0.00084204,0.00199257
-0.00453955,-0.00094375,0.00038482,-0.00058402,0.00086235,0.00204296
-0.00464248,-0.00096480,0.00039541,-0.00059091,0.00088192,0.00209153
-0.00474150,-0.00098504,0.00040563,-0.00059742,0.00090074,0.00213828
-0.00483665,-0.00100449,0.00041548,-0.00060357,0.00091882,0.00218323
-0.00492797,-0.00102314,0.00042498,-0.00060935,0.00093617,0.00222640
-0.00501549,-0.00104101,0.00043412,-0.00061477,0.00095280,0.00226782
-0.00509925,-0.00105810,0.00044291,-0.00061983,0.00096871,0.00230749
-0.00517930,-0.00107443,0.00045134,-0.00062454,0.00098392,0.00234544
-0.00525568,-0.00109001,0.00045943,-0.00062891,0.00099843,0.00238169
-0.00532844,-0.00110483,0.00046717,-0.00063294,0.00101225,0.00241626
-0.00539761,-0.00111892,0.00047458,-0.00063663,0.00102538,0.00244916
-0.00546324,-0.00113228,0.00048165,-0.00064000,0.00103784,0.00248043
-0.00552537,-0.00114492,0.00048838,-0.00064304,0.00104964,0.00251007
-0.00558405,-0.00115684,0.00049479,-0.00064576,0.00106078,0.00253811
-0.00563933,-0.00116807,0.00050087,-0.00064817,0.00107127,0.00256457
-0.00569124,-0.00117860,0.00050663,-0.00065027,0.00108113,0.00258947
-0.00573985,-0.00118845,0.00051208,-0.00065206,0.00109035,0.00261284
-0.00578518,-0.00119763,0.00051721,-0.00065356,0.00109895,0.00263469
-0.00582730,-0.00120614,0.00052204,-0.00065477,0.00110694,0.00265505
-0.00586624,-0.00121400,0.00052656,-0.00065569,0.00111433,0.00267394
-0.00590206,-0.00122122,0.00053078,-0.00065633,0.00112112,0.00269137
-0.00593481,-0.00122781,0.00053470,-0.00065670,0.00112733,0.00270738
-0.00596452,-0.00123377,0.00053833,-0.00065679,0.00113296,0.00272199
-0.00599126,-0.00123912,0.00054168,-0.00065662,0.00113803,0.00273521
-0.00601506,-0.00124386,0.00054474,-0.00065619,0.00114254,0.00274707
-0.00603599,-0.00124802,0.00054752,-0.00065551,0.00114650,0.00275760
-0.00605408,-0.00125159,0.00055003,-0.00065457,0.00114993,0.00276681
-0.00606939,-0.00125459,0.00055227,-0.00065340,0.00115282,0.00277473
-0.00608196,-0.00125703,0.00055425,-0.00065198,0.00115520,0.00278137
-0.00609185,-0.00125891,0.00055596,-0.00065033,0.00115707,0.00278678
-0.00609911,-0.00126026,0.00055742,-0.00064846,0.00115843,0.00279095
-0.00610378,-0.00126107,0.00055862,-0.00064636,0.00115931,0.00279393
-0.00610592,-0.00126137,0.00055958,-0.00064405,0.00115970,0.00279573
-0.00610557,-0.00126115,0.00056030,-0.00064152,0.00115963,0.00279638
-0.00610279,-0.00126043,0.00056077,-0.00063879,0.00115909,0.00279589
-0.00609762,-0.00125922,0.00056102,-0.00063586,0.00115809,0.00279430
-0.00609012,-0.00125754,0.00056103,-0.00063273,0.00115666,0.00279162
-0.00608033,-0.00125538,0.00056082,-0.00062942,0.00115479,0.00278787
-0.00606831,-0.00125276,0.00056039,-0.00062591,0.00115249,0.00278309
-0.00605409,-0.00124970,0.00055974,-0.00062223,0.00114978,0.00277728
-0.00603774,-0.00124620,0.00055889,-0.00061837,0.00114667,0.00277048
-0.00601931,-0.00124227,0.00055782,-0.00061434,0.00114316,0.00276271
-0.00599883,-0.00123792,0.00055656,-0.00061015,0.00113926,0.00275399
-0.00597636,-0.00123316,0.00055509,-0.00060579,0.00113498,0.00274435
-0.00595195,-0.00122800,0.00055344,-0.00060128,0.00113034,0.00273379
-0.00592565,-0.00122246,0.00055159,-0.00059662,0.00112533,0.00272236
-0.00589751,-0.00121654,0.00054957,-0.00059182,0.00111998,0.00271007
-0.00586757,-0.00121025,0.00054736,-0.00058687,0.00111428,0.00269693
-0.00583588,-0.00120360,0.00054498,-0.00058179,0.00110826,0.00268298
-0.00580249,-0.00119660,0.00054242,-0.00057658,0.00110191,0.00266824
-0.00576744,-0.00118927,0.00053970,-0.00057124,0.00109524,0.00265273
-0.00573079,-0.00118160,0.00053682,-0.00056578,0.00108828,0.00263646
-0.00569259,-0.00117362,0.00053379,-0.00056020,0.00108101,0.00261946
-0.00565286,-0.00116532,0.00053060,-0.00055451,0.00107346,0.00260176
-0.00561168,-0.00115673,0.00052726,-0.00054871,0.00106563,0.00258337
-0.00556907,-0.00114785,0.00052378,-0.00054281,0.00105753,0.00256432
-0.00552508,-0.00113868,0.00052015,-0.00053682,0.00104917,0.00254462
-0.00547977,-0.00112924,0.00051640,-0.00053074,0.00104056,0.00252431
-0.00543317,-0.00111954,0.00051251,-0.00052457,0.00103170,0.00250340
-0.00538532,-0.00110959,0.00050849,-0.00051833,0.00102261,0.00248191
-0.00533628,-0.00109939,0.00050435,-0.00051203,0.00101329,0.00245988
-0.00528609,-0.00108895,0.00050009,-0.00050567,0.00100375,0.00243732
-0.00523479,-0.00107829,0.00049572,-0.00049927,0.00099400,0.00241427
-0.00518242,-0.00106741,0.00049123,-0.00049283,0.00098404,0.00239074
-0.00512902,-0.00105632,0.00048664,-0.00048637,0.00097389,0.00236676
-0.00507464,-0.00104503,0.00048195,-0.00047990,0.00096356,0.00234235
-0.00501931,-0.00103355,0.00047715,-0.00047344,0.00095304,0.00231755
-0.00496309,-0.00102188,0.00047227,-0.00046698,0.00094235,0.00229238
-0.00490600,-0.00101004,0.00046729,-0.00046055,0.00093150,0.00226687
-0.00484810,-0.00099803,0.00046222,-0.00045416,0.00092049,0.00224103
-0.00478941,-0.00098586,0.00045707,-0.00044781,0.00090933,0.00221490
-0.00472998,-0.00097355,0.00045184,-0.00044153,0.00089803,0.00218850
-0.00466985,-0.00096108,0.00044653,-0.00043531,0.00088660,0.00216185
-0.00460905,-0.00094849,0.00044115,-0.00042917,0.00087504,0.00213498
-0.00454763,-0.00093576,0.00043571,-0.00042312,0.00086335,0.00210791
-0.00448561,-0.00092292,0.00043019,-0.00041717,0.00085156,0.00208067
-0.00442304,-0.00090996,0.00042462,-0.00041131,0.00083966,0.00205327
-0.00435995,-0.00089690,0.00041899,-0.00040557,0.00082766,0.00202574
-0.00429638,-0.00088374,0.00041330,-0.00039993,0.00081557,0.00199810
-0.00423237,-0.00087049,0.00040756,-0.00039441,0.00080340,0.00197037
-0.00416794,-0.00085716,0.00040177,-0.00038901,0.00079114,0.00194255
-0.00410313,-0.00084375,0.00039594,-0.00038372,0.00077882,0.00191468
-0.00403797,-0.00083028,0.00039006,-0.00037856,0.00076642,0.00188677
-0.00397251,-0.00081674,0.00038415,-0.00037350,0.00075397,0.00185882
-0.00390676,-0.00080314,0.00037820,-0.00036857,0.00074147,0.00183086
-0.00384077,-0.00078949,0.00037222,-0.00036373,0.00072892,0.00180290
-0.00377456,-0.00077581,0.00036621,-0.00035901,0.00071633,0.00177494
-0.00370817,-0.00076208,0.00036017,-0.00035438,0.00070370,0.00174700
-0.00364162,-0.00074833,0.00035411,-0.00034984,0.00069105,0.00171908
-0.00357494,-0.00073455,0.00034803,-0.00034538,0.00067837,0.00169120
-0.00350817,-0.00072075,0.00034194,-0.00034100,0.00066567,0.00166335
-0.00344133,-0.00070694,0.00033582,-0.00033667,0.00065297,0.00163554
-0.00337445,-0.00069312,0.00032970,-0.00033241,0.00064025,0.00160778
-0.00330755,-0.00067930,0.00032356,-0.00032818,0.00062754,0.00158007
-0.00324068,-0.00066549,0.00031742,-0.00032398,0.00061483,0.00155241
-0.00317384,-0.00065169,0.00031128,-0.00031981,0.00060213,0.00152480
-0.00310707,-0.00063790,0.00030513,-0.00031564,0.00058945,0.00149724
-0.00304039,-0.00062413,0.00029899,-0.00031147,0.00057678,0.00146972
-0.00297384,-0.00061039,0.00029284,-0.00030729,0.00056414,0.00144226
-0.00290742,-0.00059668,0.00028671,-0.00030307,0.00055153,0.00141484
-0.00284117,-0.00058301,0.00028058,-0.00029882,0.00053896,0.00138745
-0.00277510,-0.00056937,0.00027446,-0.00029452,0.00052642,0.00136011
-0.00270925,-0.00055578,0.00026835,-0.00029016,0.00051392,0.00133280
-0.00264363,-0.00054224,0.00026226,-0.00028573,0.00050147,0.00130551
-0.00257827,-0.00052876,0.00025619,-0.00028123,0.00048907,0.00127825
-0.00251318,-0.00051533,0.00025013,-0.00027663,0.00047673,0.00125101
-0.00244839,-0.00050196,0.00024410,-0.00027194,0.00046445,0.00122379
-0.00238391,-0.00048866,0.00023809,-0.00026715,0.00045223,0.00119657
-0.00231977,-0.00047543,0.00023210,-0.00026225,0.00044007,0.00116937
-0.00225599,-0.00046228,0.00022614,-0.00025724,0.00042798,0.00114217
-0.00219258,-0.00044920,0.00022021,-0.00025211,0.00041597,0.00111496
-0.00212956,-0.00043621,0.00021431,-0.00024686,0.00040403,0.00108776
-0.00206695,-0.00042330,0.00020845,-0.00024148,0.00039217,0.00106055
-0.00200476,-0.00041048,0.00020261,-0.00023598,0.00038040,0.00103334
-0.00194302,-0.00039775,0.00019681,-0.00023035,0.00036871,0.00100613
-0.00188173,-0.00038512,0.00019105,-0.00022460,0.00035711,0.00097891
-0.00182092,-0.00037258,0.00018533,-0.00021873,0.00034559,0.00095168
-0.00176060,-0.00036015,0.00017965,-0.00021274,0.00033417,0.00092446
-0.00170077,-0.00034782,0.00017401,-0.00020663,0.00032285,0.00089725
-0.00164147,-0.00033560,0.00016841,-0.00020040,0.00031162,0.00087004
-0.00158269,-0.00032349,0.00016286,-0.00019408,0.00030050,0.00084285
-0.00152445,-0.00031149,0.00015736,-0.00018765,0.00028948,0.00081569
-0.00146677,-0.00029961,0.00015190,-0.00018112,0.00027856,0.00078856
-0.00140966,-0.00028784,0.00014649,-0.00017451,0.00026775,0.00076147
-0.00135313,-0.00027620,0.00014113,-0.00016782,0.00025704,0.00073444
-0.00129718,-0.00026468,0.00013582,-0.00016106,0.00024645,0.00070747
-0.00124184,-0.00025328,0.00013056,-0.00015424,0.00023597,0.00068058
-0.00118710,-0.00024201,0.00012535,-0.00014738,0.00022560,0.00065379
-0.00113299,-0.00023087,0.00012020,-0.00014047,0.00021535,0.00062710
-0.00107950,-0.00021985,0.00011510,-0.00013353,0.00020522,0.00060054
-0.00102665,-0.00020897,0.00011006,-0.00012657,0.00019520,0.00057411
-0.00097445,-0.00019823,0.00010508,-0.00011960,0.00018531,0.00054784
-0.00092290,-0.00018762,0.00010015,-0.00011263,0.00017554,0.00052174
-0.00087202,-0.00017714,0.00009529,-0.00010567,0.00016589,0.00049583
-0.00082180,-0.00016681,0.00009048,-0.00009873,0.00015636,0.00047013
-0.00077226,-0.00015662,0.00008573,-0.00009183,0.00014697,0.00044464
-0.00072340,-0.00014656,0.00008104,-0.00008497,0.00013770,0.00041940
-0.00067523,-0.00013665,0.00007642,-0.00007815,0.00012855,0.00039441
-0.00062775,-0.00012688,0.00007185,-0.00007140,0.00011954,0.00036970
-0.00058097,-0.00011726,0.00006735,-0.00006472,0.00011066,0.00034527
-0.00053490,-0.00010778,0.00006291,-0.00005810,0.00010192,0.00032113
-0.00048953,-0.00009845,0.00005854,-0.00005158,0.00009330,0.00029731
-0.00044487,-0.00008927,0.00005422,-0.00004514,0.00008482,0.00027381
-0.00040093,-0.00008023,0.00004998,-0.00003879,0.00007647,0.00025065
-0.00035771,-0.00007134,0.00004580,-0.00003254,0.00006826,0.00022783
-0.00031521,-0.00006261,0.00004168,-0.00002640,0.00006019,0.00020536
-0.00027343,-0.00005402,0.00003763,-0.00002036,0.00005225,0.00018324
-0.00023238,-0.00004558,0.00003364,-0.00001443,0.00004445,0.00016149
-0.00019205,-0.00003729,0.00002973,-0.00000861,0.00003678,0.00014010
-0.00015246,-0.00002915,0.00002587,-0.00000290,0.00002926,0.00011909
-0.00011360,-0.00002117,0.00002209,0.00000269,0.00002187,0.00009844
-0.00007546,-0.00001333,0.00001837,0.00000818,0.00001462,0.00007817
-0.00003807,-0.00000565,0.00001472,0.00001355,0.00000752,0.00005828
-0.00000140,0.00000188,0.00001114,0.00001880,0.00000055,0.00003876
0.00003453,0.00000926,0.00000762,0.00002395,-0.00000628,0.00001961
0.00006973,0.00001649,0.00000417,0.00002898,-0.00001297,0.00000084
0.00010420,0.00002357,0.00000079,0.00003390,-0.00001953,-0.00001756
0.00013794,0.00003050,-0.00000253,0.00003871,-0.00002594,-0.00003558
0.00017095,0.00003727,-0.00000578,0.00004340,-0.00003221,-0.00005323
0.00020323,0.00004390,-0.00000896,0.00004799,-0.00003835,-0.00007050
0.00023478,0.00005038,-0.00001207,0.00005246,-0.00004435,-0.00008740
0.00026561,0.00005670,-0.00001512,0.00005682,-0.00005021,-0.00010393
0.00029571,0.00006288,-0.00001809,0.00006108,-0.00005593,-0.00012008
0.00032510,0.00006891,-0.00002101,0.00006522,-0.00006152,-0.00013587
0.00035376,0.00007479,-0.00002385,0.00006926,-0.00006697,-0.00015128
0.00038171,0.00008052,-0.00002663,0.00007318,-0.00007228,-0.00016632
0.00040895,0.00008611,-0.00002934,0.00007700,-0.00007746,-0.00018100
0.00043549,0.00009155,-0.00003199,0.00008072,-0.00008251,-0.00019531
0.00046131,0.00009684,-0.00003457,0.00008432,-0.00008742,-0.00020926
0.00048644,0.00010199,-0.00003709,0.00008782,-0.00009219,-0.00022284
0.00051087,0.00010700,-0.00003954,0.00009121,-0.00009684,-0.00023607
0.00053460,0.00011186,-0.00004192,0.00009450,-0.00010135,-0.00024893
0.00055765,0.00011659,-0.00004425,0.00009769,-0.00010573,-0.00026144
0.00058001,0.00012117,-0.00004650,0.00010077,-0.00010999,-0.00027359
0.00060170,0.00012561,-0.00004870,0.00010376,-0.00011411,-0.00028539
0.00062271,0.00012991,-0.00005083,0.00010664,-0.00011811,-0.00029684
0.00064305,0.00013407,-0.00005289,0.00010942,-0.00012197,-0.00030795
0.00066272,0.00013810,-0.00005490,0.00011210,-0.00012572,-0.00031870
0.00068174,0.00014199,-0.00005684,0.00011468,-0.00012933,-0.00032912
0.00070010,0.00014574,-0.00005872,0.00011717,-0.00013283,-0.00033919
0.00071782,0.00014937,-0.00006054,0.00011955,-0.00013620,-0.00034893
0.00073490,0.00015286,-0.00006230,0.00012185,-0.00013944,-0.00035833
0.00075134,0.00015622,-0.00006400,0.00012405,-0.00014257,-0.00036741
0.00076715,0.00015945,-0.00006564,0.00012615,-0.00014558,-0.00037615
0.00078233,0.00016255,-0.00006722,0.00012816,-0.00014847,-0.00038457
0.00079691,0.00016552,-0.00006874,0.00013008,-0.00015124,-0.00039266
0.00081087,0.00016837,-0.00007021,0.00013191,-0.00015390,-0.00040044
0.00082422,0.00017110,-0.00007161,0.00013365,-0.00015644,-0.00040790
0.00083698,0.00017370,-0.00007296,0.00013531,-0.00015887,-0.00041505
0.00084915,0.00017618,-0.00007426,0.00013687,-0.00016118,-0.00042189
0.00086074,0.00017854,-0.00007549,0.00013835,-0.00016339,-0.00042843
0.00087175,0.00018078,-0.00007668,0.00013975,-0.00016548,-0.00043466
0.00088220,0.00018290,-0.00007781,0.00014106,-0.00016747,-0.00044059
0.00089208,0.00018491,-0.00007888,0.00014229,-0.00016935,-0.00044623
0.00090140,0.00018681,-0.00007990,0.00014343,-0.00017113,-0.00045158
0.00091018,0.00018859,-0.00008087,0.00014450,-0.00017280,-0.00045664
0.00091842,0.00019026,-0.00008179,0.00014549,-0.00017437,-0.00046142
0.00092613,0.00019182,-0.00008266,0.00014639,-0.00017584,-0.00046591
0.00093331,0.00019327,-0.00008348,0.00014723,-0.00017721,-0.00047013
0.00093998,0.00019462,-0.00008424,0.00014798,-0.00017848,-0.00047408
0.00094613,0.00019586,-0.00008496,0.00014867,-0.00017965,-0.00047776
0.00095179,0.00019700,-0.00008563,0.00014928,-0.00018073,-0.00048117
0.00095695,0.00019804,-0.00008625,0.00014981,-0.00018171,-0.00048433
0.00096162,0.00019898,-0.00008683,0.00015028,-0.00018260,-0.00048722
0.00096582,0.00019982,-0.00008735,0.00015068,-0.00018340,-0.00048987
0.00096955,0.00020056,-0.00008784,0.00015101,-0.00018411,-0.00049226
0.00097281,0.00020121,-0.00008828,0.00015127,-0.00018474,-0.00049441
0.00097562,0.00020176,-0.00008867,0.00015147,-0.00018528,-0.00049632
0.00097799,0.00020222,-0.00008902,0.00015160,-0.00018573,-0.00049799
0.00097991,0.00020259,-0.00008933,0.00015167,-0.00018610,-0.00049943
0.00098140,0.00020288,-0.00008960,0.00015167,-0.00018638,-0.00050065
0.00098248,0.00020307,-0.00008982,0.00015162,-0.00018659,-0.00050163
0.00098313,0.00020319,-0.00009000,0.00015151,-0.00018672,-0.00050240
0.00098339,0.00020321,-0.00009015,0.00015133,-0.00018677,-0.00050295
0.00098324,0.00020316,-0.00009026,0.00015110,-0.00018674,-0.00050329
0.00098270,0.00020303,-0.00009032,0.00015082,-0.00018665,-0.00050342
0.00098178,0.00020281,-0.00009035,0.00015048,-0.00018647,-0.00050334
0.00098049,0.00020252,-0.00009035,0.00015009,-0.00018623,-0.00050307
0.00097883,0.00020216,-0.00009031,0.00014964,-0.00018592,-0.00050260
0.00097681,0.00020172,-0.00009023,0.00014914,-0.00018554,-0.00050193
0.00097444,0.00020121,-0.00009012,0.00014859,-0.00018509,-0.00050107
0.00097173,0.00020063,-0.00008997,0.00014798,-0.00018458,-0.00050002
0.00096868,0.00019998,-0.00008979,0.00014732,-0.00018400,-0.00049878
0.00096531,0.00019927,-0.00008958,0.00014660,-0.00018336,-0.00049734
0.00096162,0.00019848,-0.00008934,0.00014582,-0.00018266,-0.00049571
0.00095761,0.00019764,-0.00008906,0.00014498,-0.00018190,-0.00049388
0.00095331,0.00019673,-0.00008876,0.00014407,-0.00018109,-0.00049185
0.00094871,0.00019576,-0.00008842,0.00014310,-0.00018021,-0.00048961
0.00094382,0.00019474,-0.00008806,0.00014204,-0.00017928,-0.00048716
0.00093865,0.00019365,-0.00008767,0.00014091,-0.00017830,-0.00048449
0.00093321,0.00019251,-0.00008726,0.00013969,-0.00017726,-0.00048161
0.00092751,0.00019132,-0.00008681,0.00013838,-0.00017618,-0.00047850
0.00092155,0.00019007,-0.00008634,0.00013698,-0.00017504,-0.00047516
0.00091534,0.00018877,-0.00008585,0.00013547,-0.00017386,-0.00047158
0.00090889,0.00018743,-0.00008533,0.00013387,-0.00017263,-0.00046777
0.00090220,0.00018603,-0.00008478,0.00013215,-0.00017135,-0.00046371
0.00089529,0.00018459,-0.00008422,0.00013031,-0.00017003,-0.00045940
0.00088815,0.00018310,-0.00008363,0.00012836,-0.00016866,-0.00045485
0.00088080,0.00018157,-0.00008302,0.00012629,-0.00016726,-0.00045005
0.00087325,0.00018000,-0.00008239,0.00012409,-0.00016581,-0.00044500
0.00086550,0.00017839,-0.00008174,0.00012176,-0.00016433,-0.00043970
0.00085756,0.00017673,-0.00008106,0.00011931,-0.00016281,-0.00043415
0.00084944,0.00017504,-0.00008037,0.00011672,-0.00016125,-0.00042837
0.00084113,0.00017332,-0.00007967,0.00011399,-0.00015966,-0.00042234
0.00083266,0.00017156,-0.00007894,0.00011114,-0.00015804,-0.00041608
0.00082402,0.00016976,-0.00007820,0.00010815,-0.00015638,-0.00040960
0.00081523,0.00016794,-0.00007744,0.00010503,-0.00015470,-0.00040291
0.00080629,0.00016608,-0.00007666,0.00010178,-0.00015299,-0.00039600
0.00079720,0.00016419,-0.00007587,0.00009841,-0.00015125,-0.00038891
0.00078797,0.00016228,-0.00007507,0.00009492,-0.00014948,-0.00038163
0.00077862,0.00016034,-0.00007425,0.00009131,-0.00014769,-0.00037418
0.00076914,0.00015837,-0.00007341,0.00008759,-0.00014588,-0.00036658
0.00075954,0.00015638,-0.00007257,0.00008377,-0.00014404,-0.00035883
0.00074983,0.00015437,-0.00007171,0.00007986,-0.00014219,-0.00035097
0.00074002,0.00015234,-0.00007084,0.00007585,-0.00014031,-0.00034299
0.00073010,0.00015028,-0.00006996,0.00007177,-0.00013842,-0.00033493
0.00072009,0.00014821,-0.00006907,0.00006763,-0.00013651,-0.00032679
0.00071000,0.00014612,-0.00006817,0.00006342,-0.00013458,-0.00031860
0.00069982,0.00014401,-0.00006726,0.00005917,-0.00013265,-0.00031037
0.00068956,0.00014188,-0.00006635,0.00005489,-0.00013069,-0.00030213
0.00067924,0.00013975,-0.00006542,0.00005058,-0.00012873,-0.00029388
0.00066885,0.00013760,-0.00006449,0.00004627,-0.00012675,-0.00028565
0.00065839,0.00013543,-0.00006354,0.00004196,-0.00012476,-0.00027746
0.00064789,0.00013326,-0.00006260,0.00003766,-0.00012277,-0.00026933
0.00063734,0.00013107,-0.00006164,0.00003340,-0.00012077,-0.00026126
0.00062674,0.00012888,-0.00006068,0.00002919,-0.00011875,-0.00025328
0.00061610,0.00012668,-0.00005972,0.00002503,-0.00011674,-0.00024540
0.00060543,0.00012448,-0.00005875,0.00002095,-0.00011471,-0.00023764
0.00059473,0.00012226,-0.00005778,0.00001695,-0.00011269,-0.00023001
0.00058401,0.00012005,-0.00005680,0.00001305,-0.00011065,-0.00022252
0.00057327,0.00011782,-0.00005582,0.00000927,-0.00010862,-0.00021519
0.00056251,0.00011560,-0.00005484,0.00000561,-0.00010658,-0.00020803
0.00055174,0.00011338,-0.00005385,0.00000208,-0.00010454,-0.00020105
0.00054097,0.00011115,-0.00005287,-0.00000130,-0.00010251,-0.00019425
0.00053020,0.00010892,-0.00005188,-0.00000452,-0.00010047,-0.00018764
0.00051943,0.00010670,-0.00005089,-0.00000758,-0.00009843,-0.00018124
0.00050867,0.00010448,-0.00004990,-0.00001046,-0.00009639,-0.00017504
0.00049792,0.00010225,-0.00004891,-0.00001316,-0.00009436,-0.00016905
0.00048718,0.00010004,-0.00004792,-0.00001567,-0.00009233,-0.00016327
0.00047647,0.00009782,-0.00004693,-0.00001798,-0.00009030,-0.00015771
0.00046578,0.00009562,-0.00004594,-0.00002011,-0.00008828,-0.00015236
0.00045511,0.00009342,-0.00004496,-0.00002203,-0.00008626,-0.00014722
0.00044448,0.00009122,-0.00004397,-0.00002374,-0.00008425,-0.00014230
0.00043389,0.00008903,-0.00004299,-0.00002526,-0.00008225,-0.00013758
0.00042333,0.00008685,-0.00004201,-0.00002658,-0.00008025,-0.00013307
0.00041281,0.00008468,-0.00004103,-0.00002769,-0.00007826,-0.00012876
0.00040234,0.00008252,-0.00004006,-0.00002861,-0.00007628,-0.00012464
0.00039191,0.00008037,-0.00003909,-0.00002935,-0.00007431,-0.00012072
0.00038154,0.00007823,-0.00003812,-0.00002989,-0.00007235,-0.00011697
0.00037123,0.00007610,-0.00003716,-0.00003026,-0.00007040,-0.00011340
0.00036097,0.00007399,-0.00003620,-0.00003045,-0.00006846,-0.00010999
0.00035077,0.00007188,-0.00003524,-0.00003049,-0.00006653,-0.00010674
0.00034063,0.00006979,-0.00003430,-0.00003037,-0.00006461,-0.00010364
0.00033057,0.00006771,-0.00003335,-0.00003011,-0.00006271,-0.00010067
0.00032057,0.00006565,-0.00003241,-0.00002972,-0.00006082,-0.00009783
0.00031064,0.00006361,-0.00003148,-0.00002920,-0.00005894,-0.00009511
0.00030079,0.00006157,-0.00003056,-0.00002858,-0.00005708,-0.00009250
0.00029101,0.00005956,-0.00002964,-0.00002786,-0.00005523,-0.00008999
0.00028132,0.00005756,-0.00002872,-0.00002705,-0.00005339,-0.00008756
0.00027170,0.00005558,-0.00002782,-0.00002617,-0.00005157,-0.00008522
0.00026217,0.00005361,-0.00002692,-0.00002523,-0.00004977,-0.00008294
0.00025272,0.00005167,-0.00002602,-0.00002423,-0.00004799,-0.00008073
0.00024336,0.00004974,-0.00002514,-0.00002319,-0.00004622,-0.00007858
0.00023409,0.00004783,-0.00002426,-0.00002212,-0.00004446,-0.00007647
0.00022492,0.00004594,-0.00002339,-0.00002103,-0.00004273,-0.00007440
0.00021583,0.00004407,-0.00002253,-0.00001991,-0.00004101,-0.00007237
0.00020685,0.00004221,-0.00002168,-0.00001880,-0.00003931,-0.00007036
0.00019796,0.00004038,-0.00002083,-0.00001768,-0.00003763,-0.00006838
0.00018916,0.00003857,-0.00002000,-0.00001656,-0.00003596,-0.00006643
0.00018047,0.00003678,-0.00001917,-0.00001545,-0.00003432,-0.00006449
0.00017188,0.00003501,-0.00001835,-0.00001435,-0.00003269,-0.00006257
0.00016339,0.00003326,-0.00001754,-0.00001326,-0.00003109,-0.00006066
0.00015501,0.00003154,-0.00001674,-0.00001219,-0.00002950,-0.00005877
0.00014673,0.00002983,-0.00001595,-0.00001114,-0.00002794,-0.00005690
0.00013856,0.00002815,-0.00001517,-0.00001010,-0.00002639,-0.00005503
0.00013050,0.00002649,-0.00001439,-0.00000908,-0.00002486,-0.00005319
0.00012255,0.00002486,-0.00001363,-0.00000808,-0.00002336,-0.00005136
0.00011470,0.00002324,-0.00001288,-0.00000709,-0.00002187,-0.00004954
0.00010697,0.00002165,-0.00001214,-0.00000612,-0.00002041,-0.00004775
0.00009935,0.00002008,-0.00001140,-0.00000517,-0.00001897,-0.00004597
0.00009184,0.00001854,-0.00001068,-0.00000423,-0.00001755,-0.00004420
0.00008445,0.00001702,-0.00000997,-0.00000331,-0.00001615,-0.00004246
0.00007717,0.00001552,-0.00000927,-0.00000241,-0.00001477,-0.00004073
0.00007000,0.00001405,-0.00000857,-0.00000153,-0.00001341,-0.00003902
0.00006295,0.00001260,-0.00000789,-0.00000066,-0.00001208,-0.00003733
0.00005602,0.00001117,-0.00000722,0.00000019,-0.00001076,-0.00003566
0.00004920,0.00000977,-0.00000656,0.00000103,-0.00000947,-0.00003400
0.00004250,0.00000839,-0.00000591,0.00000184,-0.00000820,-0.00003237
0.00003591,0.00000704,-0.00000527,0.00000264,-0.00000696,-0.00003076
0.00002945,0.00000571,-0.00000464,0.00000343,-0.00000573,-0.00002916
0.00002310,0.00000440,-0.00000403,0.00000419,-0.00000453,-0.00002759
0.00001687,0.00000312,-0.00000342,0.00000494,-0.00000335,-0.00002604
0.00001075,0.00000186,-0.00000282,0.00000567,-0.00000219,-0.00002451
0.00000476,0.00000063,-0.00000224,0.00000639,-0.00000106,-0.00002299
-0.00000112,-0.00000058,-0.00000112,0.00000709,0.00000006,-0.00002151
-0.00000688,-0.00000176,-0.00000111,0.00000777,0.00000115,-0.00002004
-0.00001252,-0.00000292,-0.00000056,0.00000844,0.00000222,-0.00001859
-0.00001805,-0.00000405,-0.00000001,0.00000909,0.00000327,-0.00001717
-0.00002345,-0.00000516,0.00000052,0.00000972,0.00000429,-0.00001577
-0.00002874,-0.00000625,0.00000104,0.00001034,0.00000529,-0.00001439
-0.00003391,-0.00000731,0.00000155,0.00001095,0.00000627,-0.00001303
-0.00003897,-0.00000835,0.00000205,0.00001153,0.00000723,-0.00001170
-0.00004391,-0.00000936,0.00000254,0.00001210,0.00000817,-0.00001039
-0.00004873,-0.00001035,0.00000301,0.00001266,0.00000908,-0.00000910
-0.00005343,-0.00001132,0.00000348,0.00001320,0.00000997,-0.00000783
-0.00005802,-0.00001226,0.00000393,0.00001373,0.00001084,-0.00000659
-0.00006250,-0.00001318,0.00000438,0.00001424,0.00001169,-0.00000537
-0.00006686,-0.00001407,0.00000481,0.00001474,0.00001252,-0.00000418
-0.00007111,-0.00001494,0.00000524,0.00001522,0.00001332,-0.00000301
-0.00007524,-0.00001579,0.00000565,0.00001569,0.00001411,-0.00000186
-0.00007926,-0.00001661,0.00000605,0.00001614,0.00001487,-0.00000074
-0.00008317,-0.00001741,0.00000645,0.00001658,0.00001561,0.00000036
-0.00008697,-0.00001819,0.00000683,0.00001701,0.00001633,0.00000144
-0.00009065,-0.00001895,0.00000720,0.00001742,0.00001703,0.00000249
-0.00009423,-0.00001968,0.00000756,0.00001782,0.00001771,0.00000351
-0.00009770,-0.00002039,0.00000791,0.00001821,0.00001837,0.00000452
-0.00010106,-0.00002108,0.00000825,0.00001859,0.00001900,0.00000549
-0.00010431,-0.00002174,0.00000858,0.00001895,0.00001962,0.00000645
-0.00010745,-0.00002239,0.00000890,0.00001931,0.00002022,0.00000737
-0.00011049,-0.00002301,0.00000922,0.00001965,0.00002079,0.00000828
-0.00011342,-0.00002361,0.00000952,0.00001998,0.00002135,0.00000916
-0.00011625,-0.00002419,0.00000981,0.00002029,0.00002189,0.00001001
-0.00011898,-0.00002474,0.00001009,0.00002060,0.00002241,0.00001084
-0.00012160,-0.00002528,0.00001036,0.00002090,0.00002291,0.00001164
-0.00012413,-0.00002579,0.00001062,0.00002118,0.00002338,0.00001242
-0.00012655,-0.00002629,0.00001087,0.00002146,0.00002385,0.00001318
-0.00012887,-0.00002676,0.00001112,0.00002173,0.00002429,0.00001391
-0.00013110,-0.00002722,0.00001135,0.00002199,0.00002471,0.00001461
-0.00013323,-0.00002765,0.00001158,0.00002224,0.00002511,0.00001529
-0.00013526,-0.00002807,0.00001179,0.00002248,0.00002550,0.00001595
-0.00013720,-0.00002846,0.00001200,0.00002271,0.00002587,0.00001658
-0.00013904,-0.00002884,0.00001219,0.00002293,0.00002622,0.00001718
-0.00014080,-0.00002919,0.00001238,0.00002315,0.00002655,0.00001776
-0.00014246,-0.00002953,0.00001256,0.00002336,0.00002687,0.00001832
-0.00014403,-0.00002985,0.00001273,0.00002356,0.00002717,0.00001885
-0.00014551,-0.00003015,0.00001290,0.00002376,0.00002745,0.00001935
-0.00014690,-0.00003043,0.00001305,0.00002394,0.00002772,0.00001983
-0.00014821,-0.00003070,0.00001320,0.00002413,0.00002797,0.00002029
-0.00014943,-0.00003095,0.00001334,0.00002430,0.00002820,0.00002072
-0.00015057,-0.00003118,0.00001347,0.00002448,0.00002842,0.00002113
-0.00015162,-0.00003139,0.00001359,0.00002464,0.00002862,0.00002151
-0.00015260,-0.00003159,0.00001370,0.00002480,0.00002880,0.00002187
-0.00015349,-0.00003177,0.00001381,0.00002496,0.00002898,0.00002220
-0.00015430,-0.00003193,0.00001391,0.00002511,0.00002913,0.00002251
-0.00015504,-0.00003208,0.00001400,0.00002526,0.00002927,0.00002279
-0.00015570,-0.00003221,0.00001408,0.00002541,0.00002940,0.00002305
-0.00015628,-0.00003232,0.00001416,0.00002555,0.00002951,0.00002329
-0.00015679,-0.00003243,0.00001423,0.00002569,0.00002961,0.00002350
-0.00015722,-0.00003251,0.00001429,0.00002582,0.00002969,0.00002369
-0.00015759,-0.00003258,0.00001434,0.00002596,0.00002976,0.00002385
-0.00015788,-0.00003264,0.00001439,0.00002609,0.00002982,0.00002399
-0.00015811,-0.00003268,0.00001443,0.00002622,0.00002986,0.00002411
-0.00015826,-0.00003271,0.00001447,0.00002635,0.00002990,0.00002420
-0.00015835,-0.00003272,0.00001450,0.00002647,0.00002992,0.00002427
-0.00015838,-0.00003273,0.00001452,0.00002660,0.00002992,0.00002431
-0.00015834,-0.00003271,0.00001453,0.00002672,0.00002992,0.00002434
-0.00015824,-0.00003269,0.00001454,0.00002685,0.00002990,0.00002434
-0.00015808,-0.00003265,0.00001455,0.00002697,0.00002987,0.00002431
-0.00015786,-0.00003260,0.00001454,0.00002710,0.00002983,0.00002427
-0.00015757,-0.00003254,0.00001454,0.00002722,0.00002978,0.00002420
-0.00015724,-0.00003247,0.00001452,0.00002735,0.00002971,0.00002411
-0.00015684,-0.00003238,0.00001450,0.00002748,0.00002964,0.00002399
-0.00015639,-0.00003229,0.00001448,0.00002761,0.00002956,0.00002386
-0.00015589,-0.00003218,0.00001445,0.00002774,0.00002946,0.00002370
-0.00015533,-0.00003206,0.00001441,0.00002787,0.00002936,0.00002352
-0.00015473,-0.00003193,0.00001437,0.00002800,0.00002925,0.00002332
-0.00015407,-0.00003180,0.00001433,0.00002814,0.00002912,0.00002310
-0.00015337,-0.00003165,0.00001428,0.00002828,0.00002899,0.00002286
-0.00015262,-0.00003149,0.00001422,0.00002842,0.00002885,0.00002259
-0.00015182,-0.00003132,0.00001416,0.00002856,0.00002870,0.00002231
-0.00015098,-0.00003115,0.00001410,0.00002871,0.00002854,0.00002200
-0.00015009,-0.00003096,0.00001403,0.00002886,0.00002838,0.00002168
-0.00014916,-0.00003077,0.00001396,0.00002901,0.00002820,0.00002133
-0.00014819,-0.00003056,0.00001388,0.00002917,0.00002802,0.00002097
-0.00014718,-0.00003035,0.00001380,0.00002933,0.00002783,0.00002058
-0.00014614,-0.00003013,0.00001372,0.00002950,0.00002763,0.00002017
-0.00014505,-0.00002991,0.00001363,0.00002967,0.00002743,0.00001975
-0.00014393,-0.00002967,0.00001354,0.00002984,0.00002722,0.00001931
-0.00014277,-0.00002943,0.00001344,0.00003002,0.00002700,0.00001884
-0.00014158,-0.00002918,0.00001334,0.00003020,0.00002677,0.00001836
-0.00014036,-0.00002893,0.00001324,0.00003039,0.00002654,0.00001786
-0.00013910,-0.00002867,0.00001314,0.00003058,0.00002631,0.00001734
-0.00013782,-0.00002840,0.00001303,0.00003078,0.00002607,0.00001681
-0.00013650,-0.00002813,0.00001292,0.00003098,0.00002582,0.00001626
-0.00013516,-0.00002785,0.00001280,0.00003119,0.00002556,0.00001569
-0.00013379,-0.00002756,0.00001268,0.00003141,0.00002530,0.00001510
-0.00013239,-0.00002727,0.00001256,0.00003163,0.00002504,0.00001449
-0.00013097,-0.00002698,0.00001244,0.00003185,0.00002477,0.00001387
-0.00012952,-0.00002668,0.00001232,0.00003209,0.00002450,0.00001324
-0.00012805,-0.00002637,0.00001219,0.00003232,0.00002422,0.00001258
-0.00012656,-0.00002606,0.00001206,0.00003257,0.00002394,0.00001192
-0.00012505,-0.00002575,0.00001193,0.00003282,0.00002366,0.00001123
-0.00012352,-0.00002543,0.00001179,0.00003307,0.00002337,0.00001053
-0.00012197,-0.00002511,0.00001165,0.00003334,0.00002307,0.00000982
-0.00012040,-0.00002479,0.00001152,0.00003360,0.00002278,0.00000909
-0.00011882,-0.00002446,0.00001138,0.00003388,0.00002248,0.00000835
-0.00011722,-0.00002413,0.00001123,0.00003416,0.00002218,0.00000759
-0.00011560,-0.00002379,0.00001109,0.00003445,0.00002187,0.00000682
-0.00011397,-0.00002345,0.00001094,0.00003474,0.00002156,0.00000604
-0.00011233,-0.00002311,0.00001080,0.00003504,0.00002125,0.00000524
-0.00011067,-0.00002277,0.00001065,0.00003535,0.00002094,0.00000443
-0.00010901,-0.00002243,0.00001050,0.00003566,0.00002063,0.00000361
-0.00010733,-0.00002208,0.00001035,0.00003598,0.00002031,0.00000278
-0.00010565,-0.00002173,0.00001020,0.00003631,0.00001999,0.00000193
-0.00010395,-0.00002138,0.00001005,0.00003664,0.00001967,0.00000107
-0.00010225,-0.00002103,0.00000989,0.00003698,0.00001935,0.00000020
-0.00010054,-0.00002067,0.00000974,0.00003733,0.00001903,-0.00000067
-0.00009883,-0.00002032,0.00000958,0.00003768,0.00001870,-0.00000156
-0.00009711,-0.00001996,0.00000943,0.00003804,0.00001838,-0.00000246
-0.00009539,-0.00001961,0.00000927,0.00003841,0.00001805,-0.00000337
-0.00009366,-0.00001925,0.00000911,0.00003878,0.00001772,-0.00000429
-0.00009193,-0.00001889,0.00000895,0.00003916,0.00001740,-0.00000522
-0.00009019,-0.00001853,0.00000880,0.00003954,0.00001707,-0.00000615
-0.00008846,-0.00001818,0.00000864,0.00003993,0.00001674,-0.00000710
-0.00008673,-0.00001782,0.00000848,0.00004033,0.00001641,-0.00000805
-0.00008499,-0.00001746,0.00000832,0.00004073,0.00001609,-0.00000901
-0.00008326,-0.00001710,0.00000816,0.00004114,0.00001576,-0.00000998
-0.00008152,-0.00001674,0.00000800,0.00004155,0.00001543,-0.00001096
-0.00007979,-0.00001639,0.00000784,0.00004197,0.00001510,-0.00001194
-0.00007806,-0.00001603,0.00000768,0.00004240,0.00001478,-0.00001292
-0.00007634,-0.00001567,0.00000752,0.00004283,0.00001445,-0.00001392
-0.00007462,-0.00001532,0.00000736,0.00004326,0.00001413,-0.00001492
-0.00007290,-0.00001496,0.00000720,0.00004370,0.00001380,-0.00001592
-0.00007119,-0.00001461,0.00000705,0.00004415,0.00001348,-0.00001693
-0.00006949,-0.00001426,0.00000689,0.00004460,0.00001315,-0.00001795
-0.00006779,-0.00001391,0.00000673,0.00004506,0.00001283,-0.00001897
-0.00006610,-0.00001356,0.00000657,0.00004552,0.00001251,-0.00001999
-0.00006441,-0.00001321,0.00000642,0.00004598,0.00001220,-0.00002102
-0.00006273,-0.00001286,0.00000626,0.00004645,0.00001188,-0.00002205
-0.00006107,-0.00001252,0.00000610,0.00004693,0.00001156,-0.00002308
-0.00005941,-0.00001218,0.00000595,0.00004741,0.00001125,-0.00002411
-0.00005776,-0.00001184,0.00000580,0.00004789,0.00001094,-0.00002515
-0.00005612,-0.00001150,0.00000564,0.00004837,0.00001063,-0.00002619
-0.00005449,-0.00001116,0.00000549,0.00004886,0.00001032,-0.00002723
-0.00005287,-0.00001083,0.00000534,0.00004936,0.00001001,-0.00002827
-0.00005126,-0.00001050,0.00000519,0.00004985,0.00000971,-0.00002931
-0.00004966,-0.00001017,0.00000504,0.00005035,0.00000941,-0.00003036
-0.00004808,-0.00000984,0.00000489,0.00005085,0.00000911,-0.00003140
-0.00004651,-0.00000952,0.00000474,0.00005136,0.00000881,-0.00003244
-0.00004495,-0.00000920,0.00000459,0.00005187,0.00000852,-0.00003348
-0.00004340,-0.00000888,0.00000445,0.00005237,0.00000823,-0.00003452
-0.00004187,-0.00000856,0.00000430,0.00005289,0.00000794,-0.00003556
-0.00004035,-0.00000825,0.00000416,0.00005340,0.00000765,-0.00003660
-0.00003885,-0.00000794,0.00000402,0.00005391,0.00000737,-0.00003763
-0.00003736,-0.00000763,0.00000388,0.00005443,0.00000709,-0.00003866
-0.00003589,-0.00000733,0.00000374,0.00005495,0.00000681,-0.00003969
-0.00003443,-0.00000703,0.00000360,0.00005547,0.00000653,-0.00004072
-0.00003298,-0.00000673,0.00000346,0.00005599,0.00000626,-0.00004174
-0.00003155,-0.00000644,0.00000333,0.00005651,0.00000599,-0.00004276
-0.00003014,-0.00000615,0.00000319,0.00005703,0.00000572,-0.00004378
-0.00002875,-0.00000586,0.00000306,0.00005755,0.00000546,-0.00004479
-0.00002737,-0.00000557,0.00000293,0.00005807,0.00000520,-0.00004579
-0.00002600,-0.00000529,0.00000280,0.00005859,0.00000494,-0.00004679
-0.00002466,-0.00000502,0.00000267,0.00005911,0.00000469,-0.00004779
-0.00002333,-0.00000474,0.00000254,0.00005962,0.00000444,-0.00004878
-0.00002202,-0.00000447,0.00000242,0.00006014,0.00000419,-0.00004976
-0.00002072,-0.00000421,0.00000229,0.00006066,0.00000395,-0.00005074
-0.00001944,-0.00000394,0.00000217,0.00006117,0.00000371,-0.00005171
-0.00001818,-0.00000368,0.00000205,0.00006168,0.00000347,-0.00005267
-0.00001694,-0.00000343,0.00000193,0.00006219,0.00000324,-0.00005362
-0.00001572,-0.00000318,0.00000181,0.00006270,0.00000301,-0.00005457
-0.00001452,-0.00000293,0.00000170,0.00006320,0.00000278,-0.00005551
-0.00001333,-0.00000268,0.00000158,0.00006371,0.00000256,-0.00005644
-0.00001216,-0.00000244,0.00000147,0.00006420,0.00000234,-0.00005736
-0.00001101,-0.00000221,0.00000136,0.00006470,0.00000212,-0.00005827
-0.00000988,-0.00000197,0.00000125,0.00006519,0.00000191,-0.00005917
-0.00000877,-0.00000175,0.00000114,0.00006568,0.00000170,-0.00006007
-0.00000767,-0.00000152,0.00000103,0.00006616,0.00000149,-0.00006095
-0.00000660,-0.00000130,0.00000093,0.00006664,0.00000129,-0.00006182
-0.00000554,-0.00000108,0.00000083,0.00006711,0.00000109,-0.00006268
-0.00000451,-0.00000087,0.00000073,0.00006758,0.00000090,-0.00006353
-0.00000349,-0.00000066,0.00000063,0.00006805,0.00000071,-0.00006437
-0.00000249,-0.00000046,0.00000053,0.00006851,0.00000052,-0.00006520
-0.00000151,-0.00000025,0.00000043,0.00006896,0.00000033,-0.00006602
-0.00000055,-0.00000006,-0.00000055,0.00006940,0.00000015,-0.00006682
0.00000040,0.00000014,0.00000040,0.00006984,-0.00000002,-0.00006761
0.00000132,0.00000033,0.00000017,0.00007028,-0.00000020,-0.00006839
0.00000222,0.00000051,0.00000008,0.00007070,-0.00000037,-0.00006916
0.00000311,0.00000069,-0.00000000,0.00007112,-0.00000053,-0.00006991
0.00000398,0.00000087,-0.00000009,0.00007154,-0.00000069,-0.00007065
0.00000482,0.00000105,-0.00000017,0.00007194,-0.00000085,-0.00007138
0.00000565,0.00000122,-0.00000025,0.00007234,-0.00000101,-0.00007209
0.00000646,0.00000138,-0.00000033,0.00007272,-0.00000116,-0.00007278
0.00000725,0.00000154,-0.00000041,0.00007310,-0.00000131,-0.00007347
0.00000802,0.00000170,-0.00000049,0.00007348,-0.00000145,-0.00007413
0.00000878,0.00000186,-0.00000056,0.00007384,-0.00000160,-0.00007478
0.00000951,0.00000201,-0.00000064,0.00007419,-0.00000173,-0.00007542
0.00001023,0.00000216,-0.00000071,0.00007453,-0.00000187,-0.00007604
0.00001093,0.00000230,-0.00000078,0.00007487,-0.00000200,-0.00007665
0.00001161,0.00000244,-0.00000084,0.00007519,-0.00000213,-0.00007724
0.00001227,0.00000257,-0.00000091,0.00007550,-0.00000225,-0.00007781
0.00001291,0.00000271,-0.00000098,0.00007581,-0.00000237,-0.00007837
0.00001354,0.00000283,-0.00000104,0.00007610,-0.00000249,-0.00007891
0.00001414,0.00000296,-0.00000110,0.00007638,-0.00000260,-0.00007943
0.00001473,0.00000308,-0.00000116,0.00007665,-0.00000271,-0.00007993
0.00001531,0.00000320,-0.00000122,0.00007691,-0.00000282,-0.00008042
0.00001586,0.00000331,-0.00000127,0.00007715,-0.00000293,-0.00008089
0.00001640,0.00000342,-0.00000133,0.00007739,-0.00000303,-0.00008134
0.00001692,0.00000353,-0.00000138,0.00007761,-0.00000313,-0.00008178
0.00001742,0.00000363,-0.00000143,0.00007782,-0.00000322,-0.00008219
0.00001791,0.00000373,-0.00000148,0.00007802,-0.00000331,-0.00008259
0.00001837,0.00000382,-0.00000153,0.00007820,-0.00000340,-0.00008297
0.00001883,0.00000392,-0.00000158,0.00007837,-0.00000349,-0.00008333
0.00001926,0.00000401,-0.00000162,0.00007853,-0.00000357,-0.00008367
0.00001968,0.00000409,-0.00000167,0.00007867,-0.00000365,-0.00008399
0.00002008,0.00000417,-0.00000171,0.00007880,-0.00000373,-0.00008429
0.00002047,0.00000425,-0.00000175,0.00007892,-0.00000380,-0.00008458
0.00002084,0.00000433,-0.00000179,0.00007902,-0.00000387,-0.00008484
0.00002119,0.00000440,-0.00000182,0.00007911,-0.00000394,-0.00008508
0.00002153,0.00000447,-0.00000186,0.00007918,-0.00000401,-0.00008530
0.00002186,0.00000454,-0.00000189,0.00007924,-0.00000407,-0.00008551
0.00002217,0.00000460,-0.00000193,0.00007928,-0.00000413,-0.00008569
0.00002246,0.00000466,-0.00000196,0.00007931,-0.00000419,-0.00008585
0.00002274,0.00000471,-0.00000199,0.00007932,-0.00000424,-0.00008599
0.00002300,0.00000477,-0.00000202,0.00007932,-0.00000430,-0.00008611
0.00002325,0.00000482,-0.00000205,0.00007930,-0.00000435,-0.00008621
0.00002349,0.00000487,-0.00000207,0.00007926,-0.00000439,-0.00008629
0.00002371,0.00000491,-0.00000210,0.00007921,-0.00000444,-0.00008635
0.00002392,0.00000495,-0.00000212,0.00007914,-0.00000448,-0.00008638
0.00002411,0.00000499,-0.00000214,0.00007906,-0.00000452,-0.00008640
0.00002429,0.00000503,-0.00000216,0.00007896,-0.00000456,-0.00008639
0.00002446,0.00000506,-0.00000218,0.00007884,-0.00000460,-0.00008636
0.00002461,0.00000509,-0.00000220,0.00007870,-0.00000463,-0.00008631
0.00002475,0.00000512,-0.00000222,0.00007855,-0.00000466,-0.00008624
0.00002488,0.00000515,-0.00000223,0.00007838,-0.00000469,-0.00008615
0.00002499,0.00000517,-0.00000225,0.00007819,-0.00000472,-0.00008603
0.00002510,0.00000519,-0.00000226,0.00007799,-0.00000475,-0.00008589
0.00002519,0.00000521,-0.00000227,0.00007776,-0.00000477,-0.00008573
0.00002527,0.00000523,-0.00000228,0.00007752,-0.00000479,-0.00008555
0.00002534,0.00000524,-0.00000229,0.00007727,-0.00000481,-0.00008535
0.00002539,0.00000525,-0.00000230,0.00007699,-0.00000483,-0.00008512
0.00002544,0.00000526,-0.00000231,0.00007670,-0.00000485,-0.00008487
0.00002547,0.00000526,-0.00000232,0.00007638,-0.00000486,-0.00008460
0.00002549,0.00000527,-0.00000232,0.00007605,-0.00000487,-0.00008431
0.00002551,0.00000527,-0.00000233,0.00007570,-0.00000489,-0.00008399
0.00002551,0.00000527,-0.00000233,0.00007533,-0.00000490,-0.00008365
0.00002550,0.00000527,-0.00000233,0.00007495,-0.00000490,-0.00008329
0.00002548,0.00000526,-0.00000233,0.00007454,-0.00000491,-0.00008291
0.00002545,0.00000526,-0.00000234,0.00007412,-0.00000492,-0.00008251
0.00002541,0.00000525,-0.00000233,0.00007368,-0.00000492,-0.00008208
0.00002537,0.00000524,-0.00000233,0.00007322,-0.00000492,-0.00008163
0.00002531,0.00000523,-0.00000233,0.00007274,-0.00000492,-0.00008116
0.00002524,0.00000521,-0.00000233,0.00007224,-0.00000492,-0.00008067
0.00002517,0.00000520,-0.00000232,0.00007172,-0.00000492,-0.00008015
0.00002509,0.00000518,-0.00000232,0.00007118,-0.00000492,-0.00007961
0.00002500,0.00000516,-0.00000231,0.00007063,-0.00000492,-0.00007905
0.00002490,0.00000514,-0.00000231,0.00007005,-0.00000491,-0.00007847
0.00002479,0.00000512,-0.00000230,0.00006946,-0.00000491,-0.00007787
0.00002467,0.00000509,-0.00000229,0.00006885,-0.00000490,-0.00007724
0.00002455,0.00000507,-0.00000228,0.00006822,-0.00000489,-0.00007659
0.00002442,0.00000504,-0.00000227,0.00006757,-0.00000488,-0.00007592
0.00002428,0.00000501,-0.00000226,0.00006690,-0.00000487,-0.00007523
0.00002414,0.00000498,-0.00000225,0.00006621,-0.00000486,-0.00007452
0.00002399,0.00000495,-0.00000224,0.00006550,-0.00000485,-0.00007379
0.00002383,0.00000491,-0.00000223,0.00006478,-0.00000484,-0.00007303
0.00002367,0.00000488,-0.00000222,0.00006404,-0.00000482,-0.00007226
0.00002350,0.00000484,-0.00000220,0.00006327,-0.00000481,-0.00007146
0.00002332,0.00000481,-0.00000219,0.00006249,-0.00000479,-0.00007064
0.00002314,0.00000477,-0.00000217,0.00006170,-0.00000477,-0.00006980
0.00002295,0.00000473,-0.00000216,0.00006088,-0.00000476,-0.00006894
0.00002276,0.00000469,-0.00000214,0.00006004,-0.00000474,-0.00006806
0.00002256,0.00000465,-0.00000212,0.00005919,-0.00000472,-0.00006716
0.00002236,0.00000461,-0.00000211,0.00005832,-0.00000470,-0.00006624
0.00002215,0.00000456,-0.00000209,0.00005743,-0.00000468,-0.00006530
0.00002193,0.00000452,-0.00000207,0.00005653,-0.00000466,-0.00006434
0.00002172,0.00000447,-0.00000205,0.00005560,-0.00000464,-0.00006336
0.00002150,0.00000443,-0.00000204,0.00005466,-0.00000461,-0.00006237
0.00002127,0.00000438,-0.00000202,0.00005370,-0.00000459,-0.00006135
0.00002104,0.00000433,-0.00000200,0.00005273,-0.00000457,-0.00006031
0.00002081,0.00000429,-0.00000198,0.00005174,-0.00000454,-0.00005926
0.00002057,0.00000424,-0.00000196,0.00005073,-0.00000452,-0.00005818
0.00002033,0.00000419,-0.00000193,0.00004970,-0.00000449,-0.00005709
0.00002008,0.00000414,-0.00000191,0.00004866,-0.00000446,-0.00005598
0.00001984,0.00000408,-0.00000189,0.00004761,-0.00000443,-0.00005486
0.00001959,0.00000403,-0.00000187,0.00004653,-0.00000441,-0.00005371
0.00001933,0.00000398,-0.00000185,0.00004544,-0.00000438,-0.00005255
0.00001908,0.00000393,-0.00000182,0.00004434,-0.00000435,-0.00005137
0.00001882,0.00000387,-0.00000180,0.00004322,-0.00000432,-0.00005018
0.00001856,0.00000382,-0.00000178,0.00004208,-0.00000428,-0.00004896
0.00001829,0.00000376,-0.00000176,0.00004093,-0.00000425,-0.00004774
0.00001803,0.00000371,-0.00000173,0.00003977,-0.00000422,-0.00004649
0.00001776,0.00000365,-0.00000171,0.00003859,-0.00000419,-0.00004523
0.00001749,0.00000360,-0.00000168,0.00003740,-0.00000415,-0.00004396
0.00001722,0.00000354,-0.00000166,0.00003619,-0.00000412,-0.00004267
0.00001695,0.00000349,-0.00000164,0.00003497,-0.00000408,-0.00004137
0.00001668,0.00000343,-0.00000161,0.00003374,-0.00000404,-0.00004005
0.00001640,0.00000337,-0.00000159,0.00003249,-0.00000400,-0.00003871
0.00001613,0.00000332,-0.00000156,0.00003123,-0.00000397,-0.00003737
0.00001585,0.00000326,-0.00000154,0.00002996,-0.00000393,-0.00003601
0.00001558,0.00000320,-0.00000151,0.00002868,-0.00000389,-0.00003464
0.00001530,0.00000314,-0.00000149,0.00002738,-0.00000385,-0.00003325
0.00001502,0.00000309,-0.00000146,0.00002607,-0.00000380,-0.00003185
0.00001474,0.00000303,-0.00000144,0.00002475,-0.00000376,-0.00003044
0.00001446,0.00000297,-0.00000141,0.00002342,-0.00000372,-0.00002902
0.00001418,0.00000291,-0.00000139,0.00002208,-0.00000367,-0.00002759
0.00001390,0.00000286,-0.00000136,0.00002073,-0.00000363,-0.00002614
0.00001362,0.00000280,-0.00000133,0.00001937,-0.00000358,-0.00002469
0.00001334,0.00000274,-0.00000131,0.00001800,-0.00000354,-0.00002323
0.00001307,0.00000268,-0.00000128,0.00001662,-0.00000349,-0.00002175
0.00001279,0.00000263,-0.00000126,0.00001523,-0.00000344,-0.00002027
0.00001251,0.00000257,-0.00000123,0.00001383,-0.00000339,-0.00001877
0.00001223,0.00000251,-0.00000121,0.00001242,-0.00000334,-0.00001727
0.00001195,0.00000245,-0.00000118,0.00001100,-0.00000329,-0.00001576
0.00001168,0.00000240,-0.00000116,0.00000958,-0.00000324,-0.00001424
0.00001140,0.00000234,-0.00000113,0.00000815,-0.00000319,-0.00001271
0.00001113,0.00000228,-0.00000110,0.00000671,-0.00000314,-0.00001118
0.00001085,0.00000223,-0.00000108,0.00000526,-0.00000308,-0.00000964
0.00001058,0.00000217,-0.00000105,0.00000381,-0.00000303,-0.00000809
0.00001031,0.00000211,-0.00000103,0.00000235,-0.00000297,-0.00000653
0.00001004,0.00000206,-0.00000100,0.00000089,-0.00000292,-0.00000497
0.00000977,0.00000200,-0.00000098,-0.00000058,-0.00000286,-0.00000341
0.00000951,0.00000195,-0.00000095,-0.00000206,-0.00000280,-0.00000184
0.00000924,0.00000189,-0.00000093,-0.00000354,-0.00000274,-0.00000026
0.00000898,0.00000184,-0.00000090,-0.00000502,-0.00000268,0.00000131
0.00000871,0.00000179,-0.00000088,-0.00000651,-0.00000262,0.00000290
0.00000845,0.00000173,-0.00000086,-0.00000800,-0.00000256,0.00000448
0.00000820,0.00000168,-0.00000083,-0.00000949,-0.00000250,0.00000607
0.00000794,0.00000163,-0.00000081,-0.00001099,-0.00000244,0.00000766
0.00000768,0.00000157,-0.00000078,-0.00001249,-0.00000238,0.00000925
0.00000743,0.00000152,-0.00000076,-0.00001399,-0.00000232,0.00001085
0.00000718,0.00000147,-0.00000074,-0.00001549,-0.00000225,0.00001245
0.00000693,0.00000142,-0.00000071,-0.00001700,-0.00000219,0.00001404
0.00000669,0.00000137,-0.00000069,-0.00001850,-0.00000213,0.00001564
0.00000644,0.00000132,-0.00000067,-0.00002001,-0.00000206,0.00001723
0.00000620,0.00000127,-0.00000064,-0.00002151,-0.00000200,0.00001883
0.00000596,0.00000122,-0.00000062,-0.00002302,-0.00000193,0.00002043
0.00000573,0.00000117,-0.00000060,-0.00002452,-0.00000187,0.00002202
0.00000549,0.00000112,-0.00000058,-0.00002603,-0.00000180,0.00002361
0.00000526,0.00000107,-0.00000055,-0.00002753,-0.00000174,0.00002520
0.00000503,0.00000103,-0.00000053,-0.00002902,-0.00000167,0.00002678
0.00000480,0.00000098,-0.00000051,-0.00003052,-0.00000161,0.00002837
0.00000458,0.00000093,-0.00000049,-0.00003201,-0.00000154,0.00002995
0.00000436,0.00000089,-0.00000047,-0.00003350,-0.00000147,0.00003152
0.00000414,0.00000084,-0.00000045,-0.00003499,-0.00000141,0.00003309
0.00000392,0.00000080,-0.00000043,-0.00003647,-0.00000134,0.00003465
0.00000371,0.00000075,-0.00000041,-0.00003794,-0.00000127,0.00003621
0.00000350,0.00000071,-0.00000039,-0.00003942,-0.00000121,0.00003776
0.00000329,0.00000067,-0.00000037,-0.00004088,-0.00000114,0.00003931
0.00000308,0.00000063,-0.00000035,-0.00004234,-0.00000108,0.00004085
0.00000288,0.00000058,-0.00000033,-0.00004379,-0.00000101,0.00004238
0.00000268,0.00000054,-0.00000031,-0.00004524,-0.00000094,0.00004390
0.00000249,0.00000050,-0.00000029,-0.00004667,-0.00000088,0.00004542
0.00000229,0.00000046,-0.00000027,-0.00004810,-0.00000081,0.00004692
0.00000210,0.00000042,-0.00000025,-0.00004952,-0.00000075,0.00004842
0.00000192,0.00000038,-0.00000023,-0.00005093,-0.00000068,0.00004990
0.00000173,0.00000035,-0.00000022,-0.00005234,-0.00000062,0.00005138
0.00000155,0.00000031,-0.00000020,-0.00005373,-0.00000056,0.00005284
0.00000137,0.00000027,-0.00000018,-0.00005511,-0.00000049,0.00005430
0.00000120,0.00000024,-0.00000017,-0.00005648,-0.00000043,0.00005574
0.00000102,0.00000020,-0.00000015,-0.00005784,-0.00000037,0.00005717
0.00000085,0.00000017,0.00000085,-0.00005919,-0.00000031,0.00005858
0.00000069,0.00000013,0.00000069,-0.00006052,-0.00000025,0.00005998
0.00000052,0.00000010,0.00000052,-0.00006185,-0.00000019,0.00006137
0.00000036,0.00000007,0.00000036,-0.00006315,-0.00000013,0.00006275
0.00000021,0.00000003,0.00000021,-0.00006445,-0.00000007,0.00006411
0.00000005,0.00000000,0.00000005,-0.00006573,-0.00000001,0.00006545
-0.00000010,-0.00000003,-0.00000010,-0.00006700,0.00000005,0.00006678
-0.00000025,-0.00000006,-0.00000025,-0.00006825,0.00000010,0.00006809
-0.00000039,-0.00000009,-0.00000039,-0.00006949,0.00000016,0.00006939
-0.00000053,-0.00000012,-0.00000053,-0.00007071,0.00000021,0.00007067
-0.00000067,-0.00000015,-0.00000067,-0.00007192,0.00000027,0.00007193
-0.00000081,-0.00000017,-0.00000081,-0.00007310,0.00000032,0.00007317
-0.00000094,-0.00000020,-0.00000094,-0.00007428,0.00000037,0.00007440
-0.00000107,-0.00000023,0.00000006,-0.00007543,0.00000043,0.00007561
-0.00000120,-0.00000025,0.00000007,-0.00007657,0.00000048,0.00007680
-0.00000132,-0.00000028,0.00000008,-0.00007768,0.00000052,0.00007796
-0.00000144,-0.00000030,0.00000009,-0.00007878,0.00000057,0.00007911
-0.00000156,-0.00000033,0.00000010,-0.00007986,0.00000062,0.00008024
-0.00000167,-0.00000035,0.00000012,-0.00008092,0.00000067,0.00008135
-0.00000179,-0.00000038,0.00000013,-0.00008196,0.00000071,0.00008244
-0.00000189,-0.00000040,0.00000014,-0.00008298,0.00000076,0.00008350
-0.00000200,-0.00000042,0.00000015,-0.00008398,0.00000080,0.00008454
-0.00000210,-0.00000044,0.00000016,-0.00008495,0.00000084,0.00008556
-0.00000220,-0.00000046,0.00000017,-0.00008591,0.00000088,0.00008656
-0.00000230,-0.00000048,0.00000018,-0.00008684,0.00000092,0.00008754
-0.00000239,-0.00000050,0.00000019,-0.00008776,0.00000096,0.00008849
-0.00000249,-0.00000052,0.00000020,-0.00008865,0.00000100,0.00008942
-0.00000257,-0.00000054,0.00000021,-0.00008951,0.00000104,0.00009032
-0.00000266,-0.00000055,0.00000022,-0.00009036,0.00000107,0.00009120
-0.00000274,-0.00000057,0.00000023,-0.00009118,0.00000111,0.00009206
-0.00000282,-0.00000059,0.00000023,-0.00009197,0.00000114,0.00009289
-0.00000290,-0.00000060,0.00000024,-0.00009274,0.00000117,0.00009370
-0.00000298,-0.00000062,0.00000025,-0.00009349,0.00000120,0.00009448
-0.00000305,-0.00000063,0.00000026,-0.00009421,0.00000123,0.00009523
-0.00000312,-0.00000065,0.00000027,-0.00009491,0.00000126,0.00009596
-0.00000318,-0.00000066,0.00000027,-0.00009559,0.00000129,0.00009666
-0.00000325,-0.00000068,0.00000028,-0.00009623,0.00000131,0.00009734
-0.00000331,-0.00000069,0.00000029,-0.00009686,0.00000134,0.00009799
-0.00000337,-0.00000070,0.00000029,-0.00009745,0.00000136,0.00009861
-0.00000343,-0.00000071,0.00000030,-0.00009802,0.00000139,0.00009920
-0.00000348,-0.00000072,0.00000030,-0.00009857,0.00000141,0.00009977
-0.00000353,-0.00000073,0.00000031,-0.00009908,0.00000143,0.00010031
-0.00000358,-0.00000074,0.00000031,-0.00009957,0.00000145,0.00010083
-0.00000363,-0.00000075,0.00000032,-0.00010004,0.00000147,0.00010131
-0.00000367,-0.00000076,0.00000033,-0.00010047,0.00000149,0.00010177
-0.00000371,-0.00000077,0.00000033,-0.00010088,0.00000150,0.00010220
-0.00000375,-0.00000078,0.00000033,-0.00010127,0.00000152,0.00010260
-0.00000379,-0.00000079,0.00000034,-0.00010162,0.00000153,0.00010298
-0.00000383,-0.00000079,0.00000034,-0.00010195,0.00000155,0.00010332
-0.00000386,-0.00000080,0.00000035,-0.00010225,0.00000156,0.00010364
-0.00000389,-0.00000081,0.00000035,-0.00010252,0.00000157,0.00010393
-0.00000392,-0.00000081,0.00000035,-0.00010277,0.00000158,0.00010419
-0.00000394,-0.00000082,0.00000036,-0.00010299,0.00000159,0.00010442
-0.00000397,-0.00000082,0.00000036,-0.00010318,0.00000160,0.00010462
-0.00000399,-0.00000083,0.00000036,-0.00010334,0.00000161,0.00010479
-0.00000401,-0.00000083,0.00000036,-0.00010348,0.00000162,0.00010494
-0.00000403,-0.00000083,0.00000037,-0.00010358,0.00000162,0.00010506
-0.00000405,-0.00000084,0.00000037,-0.00010366,0.00000163,0.00010515
-0.00000406,-0.00000084,0.00000037,-0.00010371,0.00000163,0.00010521
-0.00000407,-0.00000084,0.00000037,-0.00010374,0.00000164,0.00010524
-0.00000408,-0.00000084,0.00000037,-0.00010374,0.00000164,0.00010524
-0.00000409,-0.00000085,0.00000038,-0.00010371,0.00000164,0.00010522
-0.00000410,-0.00000085,0.00000038,-0.00010365,0.00000164,0.00010517
-0.00000410,-0.00000085,0.00000038,-0.00010356,0.00000164,0.00010509
-0.00000411,-0.00000085,0.00000038,-0.00010345,0.00000164,0.00010498
-0.00000411,-0.00000085,0.00000038,-0.00010331,0.00000164,0.00010484
-0.00000411,-0.00000085,0.00000038,-0.00010314,0.00000164,0.00010468
-0.00000411,-0.00000085,0.00000038,-0.00010295,0.00000164,0.00010449
-0.00000410,-0.00000085,0.00000038,-0.00010273,0.00000163,0.00010427
-0.00000410,-0.00000085,0.00000038,-0.00010249,0.00000163,0.00010403
-0.00000409,-0.00000084,0.00000038,-0.00010222,0.00000162,0.00010376
-0.00000408,-0.00000084,0.00000038,-0.00010192,0.00000162,0.00010346
-0.00000407,-0.00000084,0.00000038,-0.00010160,0.00000161,0.00010313
-0.00000406,-0.00000084,0.00000038,-0.00010125,0.00000161,0.00010278
-0.00000405,-0.00000084,0.00000038,-0.00010087,0.00000160,0.00010241
-0.00000404,-0.00000083,0.00000038,-0.00010047,0.00000159,0.00010201
-0.00000402,-0.00000083,0.00000038,-0.00010005,0.00000158,0.00010158
-0.00000401,-0.00000083,0.00000038,-0.00009960,0.00000158,0.00010113
-0.00000399,-0.00000082,0.00000038,-0.00009913,0.00000157,0.00010065
-0.00000397,-0.00000082,0.00000037,-0.00009864,0.00000156,0.00010015
-0.00000395,-0.00000081,0.00000037,-0.00009812,0.00000155,0.00009963
-0.00000393,-0.00000081,0.00000037,-0.00009758,0.00000154,0.00009908
-0.00000391,-0.00000081,0.00000037,-0.00009701,0.00000153,0.00009851
-0.00000388,-0.00000080,0.00000037,-0.00009643,0.00000151,0.00009792
-0.00000386,-0.00000080,0.00000037,-0.00009582,0.00000150,0.00009730
-0.00000383,-0.00000079,0.00000036,-0.00009519,0.00000149,0.00009666
-0.00000381,-0.00000078,0.00000036,-0.00009454,0.00000148,0.00009600
-0.00000378,-0.00000078,0.00000036,-0.00009387,0.00000147,0.00009532
-0.00000375,-0.00000077,0.00000036,-0.00009317,0.00000145,0.00009462
-0.00000372,-0.00000077,0.00000035,-0.00009246,0.00000144,0.00009390
-0.00000369,-0.00000076,0.00000035,-0.00009173,0.00000142,0.00009316
-0.00000366,-0.00000075,0.00000035,-0.00009098,0.00000141,0.00009240
-0.00000363,-0.00000075,0.00000035,-0.00009021,0.00000140,0.00009162
-0.00000359,-0.00000074,0.00000034,-0.00008942,0.00000138,0.00009082
-0.00000356,-0.00000073,0.00000034,-0.00008862,0.00000137,0.00009000
-0.00000352,-0.00000073,0.00000034,-0.00008780,0.00000135,0.00008917
-0.00000349,-0.00000072,0.00000034,-0.00008696,0.00000134,0.00008832
-0.00000345,-0.00000071,0.00000033,-0.00008610,0.00000132,0.00008745
-0.00000342,-0.00000070,0.00000033,-0.00008523,0.00000130,0.00008657
-0.00000338,-0.00000070,0.00000033,-0.00008434,0.00000129,0.00008567
-0.00000334,-0.00000069,0.00000032,-0.00008344,0.00000127,0.00008476
-0.00000330,-0.00000068,0.00000032,-0.00008253,0.00000125,0.00008383
-0.00000326,-0.00000067,0.00000032,-0.00008160,0.00000124,0.00008289
-0.00000323,-0.00000066,0.00000031,-0.00008066,0.00000122,0.00008193
-0.00000319,-0.00000066,0.00000031,-0.00007971,0.00000120,0.00008096
-0.00000314,-0.00000065,0.00000030,-0.00007874,0.00000119,0.00007998
-0.00000310,-0.00000064,0.00000030,-0.00007776,0.00000117,0.00007899
-0.00000306,-0.00000063,0.00000030,-0.00007677,0.00000115,0.00007799
-0.00000302,-0.00000062,0.00000029,-0.00007577,0.00000114,0.00007697
-0.00000298,-0.00000061,0.00000029,-0.00007476,0.00000112,0.00007595
-0.00000294,-0.00000060,0.00000029,-0.00007375,0.00000110,0.00007492
-0.00000289,-0.00000060,0.00000028,-0.00007272,0.00000108,0.00007387
-0.00000285,-0.00000059,0.00000028,-0.00007168,0.00000106,0.00007282
-0.00000281,-0.00000058,0.00000027,-0.00007064,0.00000105,0.00007176
-0.00000276,-0.00000057,0.00000027,-0.00006959,0.00000103,0.00007069
-0.00000272,-0.00000056,0.00000027,-0.00006853,0.00000101,0.00006962
-0.00000268,-0.00000055,0.00000026,-0.00006747,0.00000099,0.00006854
-0.00000263,-0.00000054,0.00000026,-0.00006640,0.00000098,0.00006746
-0.00000259,-0.00000053,0.00000025,-0.00006532,0.00000096,0.00006637
-0.00000254,-0.00000052,0.00000025,-0.00006424,0.00000094,0.00006527
-0.00000250,-0.00000051,0.00000025,-0.00006316,0.00000092,0.00006417
-0.00000245,-0.00000050,0.00000024,-0.00006207,0.00000090,0.00006307
-0.00000241,-0.00000050,0.00000024,-0.00006098,0.00000088,0.00006196
-0.00000236,-0.00000049,0.00000023,-0.00005989,0.00000087,0.00006085
-0.00000232,-0.00000048,0.00000023,-0.00005880,0.00000085,0.00005974
-0.00000227,-0.00000047,0.00000023,-0.00005770,0.00000083,0.00005863
-0.00000223,-0.00000046,0.00000022,-0.00005660,0.00000081,0.00005751
-0.00000218,-0.00000045,0.00000022,-0.00005550,0.00000079,0.00005640
-0.00000214,-0.00000044,0.00000021,-0.00005441,0.00000078,0.00005528
-0.00000209,-0.00000043,0.00000021,-0.00005331,0.00000076,0.00005417
-0.00000205,-0.00000042,0.00000020,-0.00005222,0.00000074,0.00005307
-0.00000200,-0.00000041,0.00000020,-0.00005115,0.00000072,0.00005197
-0.00000196,-0.00000040,0.00000020,-0.00005008,0.00000071,0.00005088
-0.00000191,-0.00000039,0.00000019,-0.00004903,0.00000069,0.00004980
-0.00000187,-0.00000038,0.00000019,-0.00004800,0.00000067,0.00004875
-0.00000183,-0.00000037,0.00000018,-0.00004701,0.00000065,0.00004772
-0.00000178,-0.00000037,0.00000018,-0.00004605,0.00000064,0.00004673
-0.00000174,-0.00000036,0.00000018,-0.00004513,0.00000062,0.00004577
-0.00000169,-0.00000035,0.00000017,-0.00004427,0.00000060,0.00004486
-0.00000165,-0.00000034,0.00000017,-0.00004347,0.00000059,0.00004401
-0.00000161,-0.00000033,0.00000016,-0.00004274,0.00000057,0.00004321
-0.00000156,-0.00000032,0.00000016,-0.00004208,0.00000056,0.00004248
-0.00000152,-0.00000031,0.00000016,-0.00004152,0.00000054,0.00004182
-0.00000148,-0.00000030,0.00000015,-0.00004104,0.00000053,0.00004125
-0.00000144,-0.00000029,0.00000015,-0.00004066,0.00000051,0.00004077
-0.00000139,-0.00000029,0.00000014,-0.00004039,0.00000050,0.00004039
-0.00000135,-0.00000028,0.00000014,-0.00004024,0.00000048,0.00004011
-0.00000131,-0.00000027,0.00000014,-0.00004020,0.00000047,0.00003994
-0.00000127,-0.00000026,0.00000013,-0.00004029,0.00000045,0.00003988
-0.00000123,-0.00000025,0.00000013,-0.00004050,0.00000044,0.00003995
-0.00000119,-0.00000024,0.00000012,-0.00004085,0.00000043,0.00004013
-0.00000115,-0.00000023,0.00000012,-0.00004132,0.00000041,0.00004045
-0.00000111,-0.00000023,0.00000012,-0.00004193,0.00000040,0.00004089
-0.00000107,-0.00000022,0.00000011,-0.00004267,0.00000039,0.00004147
-0.00000103,-0.00000021,0.00000011,-0.00004353,0.00000037,0.00004217
-0.00000099,-0.00000020,0.00000010,-0.00004453,0.00000036,0.00004301
-0.00000095,-0.00000019,0.00000010,-0.00004565,0.00000034,0.00004397
-0.00000091,-0.00000019,0.00000010,-0.00004688,0.00000033,0.00004506
-0.00000088,-0.00000018,-0.00000088,-0.00004823,0.00000032,0.00004628
-0.00000084,-0.00000017,-0.00000084,-0.00004968,0.00000030,0.00004761
-0.00000080,-0.00000016,-0.00000080,-0.00005123,0.00000029,0.00004906
-0.00000077,-0.00000016,-0.00000077,-0.00005287,0.00000028,0.00005062
-0.00000073,-0.00000015,-0.00000073,-0.00005460,0.00000026,0.00005228
-0.00000069,-0.00000014,-0.00000069,-0.00005639,0.00000025,0.00005403
-0.00000066,-0.00000013,-0.00000066,-0.00005824,0.00000023,0.00005587
-0.00000062,-0.00000013,-0.00000062,-0.00006014,0.00000022,0.00005779
-0.00000059,-0.00000012,-0.00000059,-0.00006207,0.00000021,0.00005977
-0.00000056,-0.00000011,-0.00000056,-0.00006403,0.00000019,0.00006181
-0.00000052,-0.00000011,-0.00000052,-0.00006601,0.00000018,0.00006390
-0.00000049,-0.00000010,-0.00000049,-0.00006798,0.00000017,0.00006602
-0.00000046,-0.00000009,-0.00000046,-0.00006994,0.00000015,0.00006816
-0.00000042,-0.00000009,-0.00000042,-0.00007188,0.00000014,0.00007032
-0.00000039,-0.00000008,-0.00000039,-0.00007377,0.00000013,0.00007248
-0.00000036,-0.00000007,-0.00000036,-0.00007562,0.00000012,0.00007462
-0.00000033,-0.00000007,-0.00000033,-0.00007740,0.00000011,0.00007673
-0.00000030,-0.00000006,-0.00000030,-0.00007911,0.00000010,0.00007881
-0.00000027,-0.00000005,-0.00000027,-0.00008073,0.00000010,0.00008083
-0.00000024,-0.00000005,-0.00000024,-0.00008225,0.00000009,0.00008278
-0.00000021,-0.00000004,-0.00000021,-0.00008365,0.00000009,0.00008466
-0.00000019,-0.00000004,-0.00000019,-0.00008494,0.00000008,0.00008644
-0.00000016,-0.00000003,-0.00000016,-0.00008609,0.00000008,0.00008812
-0.00000013,-0.00000003,-0.00000013,-0.00008710,0.00000008,0.00008968
-0.00000010,-0.00000002,-0.00000010,-0.00008796,0.00000008,0.00009111
-0.00000008,-0.00000001,-0.00000008,-0.00008866,0.00000008,0.00009240
-0.00000005,-0.00000001,-0.00000005,-0.00008919,0.00000009,0.00009354
-0.00000003,-0.00000000,-0.00000003,-0.00008956,0.00000009,0.00009451
0.00000000,0.00000000,0.00000000,-0.00008975,0.00000009,0.00009531
0.00000002,0.00000001,0.00000002,-0.00008976,0.00000010,0.00009593
0.00000005,0.00000001,0.00000005,-0.00008958,0.00000011,0.00009636
0.00000007,0.00000002,0.00000007,-0.00008923,0.00000011,0.00009660
0.00000009,0.00000002,0.00000009,-0.00008868,0.00000012,0.00009663
0.00000011,0.00000002,0.00000011,-0.00008796,0.00000013,0.00009647
0.00000014,0.00000003,0.00000014,-0.00008706,0.00000014,0.00009609
0.00000016,0.00000003,0.00000016,-0.00008598,0.00000014,0.00009550
0.00000018,0.00000004,0.00000018,-0.00008472,0.00000015,0.00009471
0.00000020,0.00000004,0.00000020,-0.00008330,0.00000016,0.00009371
0.00000022,0.00000005,0.00000022,-0.00008172,0.00000017,0.00009251
0.00000024,0.00000005,0.00000024,-0.00007998,0.00000017,0.00009111
0.00000026,0.00000005,0.00000026,-0.00007810,0.00000018,0.00008952
0.00000027,0.00000006,0.00000027,-0.00007608,0.00000018,0.00008775
0.00000029,0.00000006,0.00000029,-0.00007394,0.00000018,0.00008580
0.00000031,0.00000006,0.00000031,-0.00007168,0.00000018,0.00008368
0.00000033,0.00000007,0.00000033,-0.00006931,0.00000018,0.00008141
0.00000034,0.00000007,0.00000034,-0.00006685,0.00000018,0.00007899
0.00000036,0.00000008,0.00000036,-0.00006430,0.00000018,0.00007645
0.00000037,0.00000008,0.00000037,-0.00006167,0.00000017,0.00007378
0.00000039,0.00000008,0.00000039,-0.00005899,0.00000017,0.00007102
0.00000040,0.00000008,0.00000040,-0.00005625,0.00000016,0.00006816
0.00000042,0.00000009,0.00000042,-0.00005347,0.00000015,0.00006523
0.00000043,0.00000009,0.00000043,-0.00005066,0.00000014,0.00006223
0.00000044,0.00000009,0.00000044,-0.00004782,0.00000013,0.00005919
0.00000046,0.00000010,0.00000046,-0.00004498,0.00000012,0.00005611
0.00000047,0.00000010,0.00000047,-0.00004213,0.00000011,0.00005301
0.00000048,0.00000010,0.00000048,-0.00003929,0.00000010,0.00004989
0.00000049,0.00000010,0.00000049,-0.00003645,0.00000009,0.00004678
0.00000050,0.00000010,0.00000050,-0.00003364,0.00000008,0.00004367
0.00000052,0.00000011,0.00000052,-0.00003086,0.00000006,0.00004058
0.00000053,0.00000011,0.00000053,-0.00002810,0.00000005,0.00003752
0.00000054,0.00000011,0.00000054,-0.00002538,0.00000004,0.00003449
0.00000054,0.00000011,0.00000054,-0.00002269,0.00000003,0.00003150
0.00000055,0.00000011,0.00000055,-0.00002005,0.00000001,0.00002855
0.00000056,0.00000012,0.00000056,-0.00001745,0.00000000,0.00002564
0.00000057,0.00000012,0.00000057,-0.00001489,-0.00000001,0.00002278
0.00000058,0.00000012,0.00000058,-0.00001238,-0.00000002,0.00001997
0.00000059,0.00000012,0.00000059,-0.00000992,-0.00000003,0.00001720
0.00000059,0.00000012,0.00000059,-0.00000750,-0.00000005,0.00001449
0.00000060,0.00000012,0.00000060,-0.00000512,-0.00000006,0.00001182
0.00000061,0.00000013,0.00000061,-0.00000279,-0.00000007,0.00000920
0.00000061,0.00000013,0.00000061,-0.00000051,-0.00000008,0.00000663
0.00000062,0.00000013,0.00000062,0.00000173,-0.00000009,0.00000411
0.00000062,0.00000013,0.00000062,0.00000393,-0.00000010,0.00000164
0.00000063,0.00000013,0.00000063,0.00000607,-0.00000011,-0.00000079
0.00000063,0.00000013,0.00000063,0.00000818,-0.00000012,-0.00000316
0.00000064,0.00000013,0.00000064,0.00001023,-0.00000013,-0.00000549
0.00000064,0.00000013,0.00000064,0.00001225,-0.00000014,-0.00000777
0.00000064,0.00000013,0.00000064,0.00001421,-0.00000015,-0.00001000
0.00000065,0.00000013,0.00000065,0.00001614,-0.00000015,-0.00001218
0.00000065,0.00000013,0.00000065,0.00001801,-0.00000016,-0.00001431
0.00000065,0.00000013,0.00000065,0.00001984,-0.00000017,-0.00001639
0.00000065,0.00000014,0.00000065,0.00002163,-0.00000018,-0.00001843
0.00000066,0.00000014,0.00000066,0.00002338,-0.00000019,-0.00002041
0.00000066,0.00000014,0.00000066,0.00002507,-0.00000020,-0.00002235
0.00000066,0.00000014,0.00000066,0.00002673,-0.00000020,-0.00002425
0.00000066,0.00000014,0.00000066,0.00002834,-0.00000021,-0.00002609
0.00000066,0.00000014,0.00000066,0.00002991,-0.00000022,-0.00002789
0.00000066,0.00000014,0.00000066,0.00003143,-0.00000022,-0.00002964
0.00000066,0.00000014,0.00000066,0.00003291,-0.00000023,-0.00003134
0.00000066,0.00000014,0.00000066,0.00003435,-0.00000024,-0.00003300
0.00000066,0.00000014,0.00000066,0.00003575,-0.00000024,-0.00003461
0.00000066,0.00000014,0.00000066,0.00003710,-0.00000025,-0.00003617
0.00000066,0.00000014,0.00000066,0.00003841,-0.00000025,-0.00003769
0.00000066,0.00000014,0.00000066,0.00003969,-0.00000026,-0.00003916
0.00000066,0.00000014,-0.00000035,0.00004091,-0.00000026,-0.00004059
0.00000066,0.00000014,-0.00000036,0.00004210,-0.00000027,-0.00004197
0.00000065,0.00000014,-0.00000036,0.00004325,-0.00000027,-0.00004331
0.00000065,0.00000013,-0.00000036,0.00004436,-0.00000028,-0.00004460
0.00000065,0.00000013,-0.00000036,0.00004542,-0.00000028,-0.00004585
0.00000065,0.00000013,-0.00000036,0.00004645,-0.00000029,-0.00004706
0.00000064,0.00000013,-0.00000036,0.00004744,-0.00000029,-0.00004823
0.00000064,0.00000013,-0.00000036,0.00004839,-0.00000029,-0.00004935
0.00000064,0.00000013,-0.00000037,0.00004930,-0.00000030,-0.00005043
0.00000064,0.00000013,-0.00000037,0.00005018,-0.00000030,-0.00005146
0.00000063,0.00000013,0.00000063,0.00005101,-0.00000030,-0.00005246
0.00000063,0.00000013,-0.00000039,0.00005181,-0.00000031,-0.00005342
0.00000062,0.00000013,-0.00000039,0.00005257,-0.00000031,-0.00005433
0.00000062,0.00000013,-0.00000039,0.00005330,-0.00000031,-0.00005521
0.00000062,0.00000013,-0.00000039,0.00005399,-0.00000031,-0.00005604
0.00000061,0.00000013,0.00000061,0.00005464,-0.00000032,-0.00005684
0.00000061,0.00000013,-0.00000041,0.00005526,-0.00000032,-0.00005759
0.00000060,0.00000012,-0.00000041,0.00005585,-0.00000032,-0.00005831
0.00000060,0.00000012,-0.00000041,0.00005640,-0.00000032,-0.00005900
0.00000059,0.00000012,0.00000059,0.00005692,-0.00000032,-0.00005964
0.00000059,0.00000012,-0.00000042,0.00005740,-0.00000033,-0.00006025
0.00000058,0.00000012,-0.00000042,0.00005785,-0.00000033,-0.00006082
0.00000058,0.00000012,0.00000058,0.00005827,-0.00000033,-0.00006136
0.00000057,0.00000012,-0.00000044,0.00005866,-0.00000033,-0.00006186
0.00000057,0.00000012,-0.00000044,0.00005902,-0.00000033,-0.00006232
0.00000056,0.00000012,0.00000056,0.00005935,-0.00000033,-0.00006275
0.00000055,0.00000011,-0.00000046,0.00005964,-0.00000033,-0.00006315
0.00000055,0.00000011,-0.00000045,0.00005991,-0.00000033,-0.00006352
0.00000054,0.00000011,0.00000054,0.00006014,-0.00000033,-0.00006385
0.00000054,0.00000011,-0.00000047,0.00006035,-0.00000033,-0.00006415
0.00000053,0.00000011,0.00000053,0.00006053,-0.00000033,-0.00006441
0.00000052,0.00000011,-0.00000048,0.00006068,-0.00000033,-0.00006465
0.00000052,0.00000011,0.00000052,0.00006081,-0.00000033,-0.00006486
0.00000051,0.00000011,-0.00000050,0.00006091,-0.00000033,-0.00006503
0.00000050,0.00000010,-0.00000050,0.00006098,-0.00000033,-0.00006518
0.00000050,0.00000010,0.00000050,0.00006102,-0.00000033,-0.00006530
0.00000049,0.00000010,-0.00000051,0.00006104,-0.00000033,-0.00006539
0.00000048,0.00000010,0.00000048,0.00006104,-0.00000033,-0.00006545
0.00000048,0.00000010,-0.00000052,0.00006101,-0.00000033,-0.00006548
0.00000047,0.00000010,0.00000047,0.00006095,-0.00000033,-0.00006549
0.00000046,0.00000010,0.00000046,0.00006088,-0.00000032,-0.00006546
0.00000046,0.00000009,-0.00000055,0.00006077,-0.00000032,-0.00006541
0.00000045,0.00000009,0.00000045,0.00006064,-0.00000032,-0.00006532
0.00000044,0.00000009,-0.00000056,0.00006047,-0.00000032,-0.00006519
0.00000044,0.00000009,0.00000044,0.00006027,-0.00000032,-0.00006502
0.00000043,0.00000009,-0.00000057,0.00006004,-0.00000031,-0.00006480
0.00000042,0.00000009,0.00000042,0.00005976,-0.00000031,-0.00006452
0.00000042,0.00000009,0.00000042,0.00005943,-0.00000031,-0.00006418
0.00000041,0.00000008,-0.00000060,0.00005905,-0.00000030,-0.00006377
0.00000040,0.00000008,0.00000040,0.00005862,-0.00000030,-0.00006328
0.00000039,0.00000008,-0.00000061,0.00005812,-0.00000029,-0.00006270
0.00000039,0.00000008,0.00000039,0.00005755,-0.00000028,-0.00006203
0.00000038,0.00000008,0.00000038,0.00005691,-0.00000027,-0.00006125
0.00000037,0.00000008,-0.00000063,0.00005618,-0.00000026,-0.00006035
0.00000036,0.00000007,0.00000036,0.00005536,-0.00000025,-0.00005933
0.00000036,0.00000007,0.00000036,0.00005444,-0.00000024,-0.00005818
0.00000035,0.00000007,-0.00000066,0.00005342,-0.00000023,-0.00005689
0.00000034,0.00000007,0.00000034,0.00005230,-0.00000021,-0.00005546
0.00000034,0.00000007,0.00000034,0.00005106,-0.00000020,-0.00005388
0.00000033,0.00000007,-0.00000068,0.00004970,-0.00000018,-0.00005214
0.00000032,0.00000007,0.00000032,0.00004822,-0.00000016,-0.00005025
0.00000031,0.00000006,0.00000031,0.00004661,-0.00000014,-0.00004819
0.00000031,0.00000006,-0.00000070,0.00004488,-0.00000013,-0.00004598
0.00000030,0.00000006,0.00000030,0.00004301,-0.00000011,-0.00004361
0.00000029,0.00000006,0.00000029,0.00004101,-0.00000009,-0.00004109
0.00000029,0.00000006,-0.00000072,0.00003888,-0.00000007,-0.00003841
0.00000028,0.00000006,0.00000028,0.00003662,-0.00000005,-0.00003559
0.00000027,0.00000006,0.00000027,0.00003423,-0.00000002,-0.00003262
0.00000026,0.00000005,0.00000026,0.00003171,-0.00000001,-0.00002952
0.00000026,0.00000005,-0.00000075,0.00002907,0.00000001,-0.00002630
0.00000025,0.00000005,0.00000025,0.00002632,0.00000003,-0.00002297
0.00000024,0.00000005,0.00000024,0.00002345,0.00000005,-0.00001954
0.00000024,0.00000005,0.00000024,0.00002048,0.00000007,-0.00001602
0.00000023,0.00000005,-0.00000077,0.00001741,0.00000008,-0.00001242
0.00000022,0.00000005,0.00000022,0.00001426,0.00000009,-0.00000876
0.00000022,0.00000004,0.00000022,0.00001103,0.00000011,-0.00000506
0.00000021,0.00000004,0.00000021,0.00000773,0.00000012,-0.00000132
0.00000020,0.00000004,-0.00000080,0.00000438,0.00000013,0.00000243
0.00000020,0.00000004,0.00000020,0.00000099,0.00000013,0.00000618
0.00000019,0.00000004,0.00000019,-0.00000243,0.00000014,0.00000992
0.00000018,0.00000004,0.00000018,-0.00000586,0.00000014,0.00001363
0.00000018,0.00000004,0.00000018,-0.00000930,0.00000015,0.00001729
0.00000017,0.00000003,-0.00000083,-0.00001272,0.00000015,0.00002090
0.00000016,0.00000003,0.00000016,-0.00001612,0.00000015,0.00002443
0.00000016,0.00000003,0.00000016,-0.00001949,0.00000015,0.00002787
0.00000015,0.00000003,0.00000015,-0.00002280,0.00000015,0.00003122
0.00000015,0.00000003,0.00000015,-0.00002604,0.00000014,0.00003444
0.00000014,0.00000003,-0.00000086,-0.00002921,0.00000014,0.00003755
0.00000013,0.00000003,0.00000013,-0.00003228,0.00000014,0.00004052
0.00000013,0.00000003,0.00000013,-0.00003525,0.00000013,0.00004334
0.00000012,0.00000002,0.00000012,-0.00003810,0.00000013,0.00004600
0.00000012,0.00000002,0.00000012,-0.00004083,0.00000012,0.00004850
0.00000011,0.00000002,0.00000011,-0.00004342,0.00000011,0.00005083
0.00000010,0.00000002,-0.00000090,-0.00004586,0.00000011,0.00005297
0.00000010,0.00000002,0.00000010,-0.00004815,0.00000010,0.00005493
0.00000009,0.00000002,0.00000009,-0.00005027,0.00000010,0.00005670
0.00000009,0.00000002,0.00000009,-0.00005222,0.00000009,0.00005828
0.00000008,0.00000002,0.00000008,-0.00005399,0.00000009,0.00005966
0.00000008,0.00000002,0.00000008,-0.00005558,0.00000008,0.00006084
0.00000007,0.00000001,0.00000007,-0.00005698,0.00000007,0.00006181
0.00000007,0.00000001,-0.00000093,-0.00005819,0.00000007,0.00006259
0.00000006,0.00000001,0.00000006,-0.00005920,0.00000007,0.00006316
0.00000006,0.00000001,0.00000006,-0.00006002,0.00000006,0.00006354
0.00000005,0.00000001,0.00000005,-0.00006064,0.00000006,0.00006372
0.00000005,0.00000001,0.00000005,-0.00006107,0.00000005,0.00006370
0.00000004,0.00000001,0.00000004,-0.00006130,0.00000005,0.00006350
0.00000004,0.00000001,0.00000004,-0.00006135,0.00000005,0.00006311
0.00000003,0.00000001,0.00000003,-0.00006120,0.00000004,0.00006255
0.00000003,0.00000001,-0.00000097,-0.00006088,0.00000004,0.00006182
0.00000002,0.00000000,0.00000002,-0.00006038,0.00000004,0.00006093
0.00000002,0.00000000,0.00000002,-0.00005971,0.00000004,0.00005988
0.00000002,0.00000000,0.00000002,-0.00005888,0.00000003,0.00005869
0.00000000,0.00000000,0.00000000,-0.00005790,0.00000003,0.00005737
0.00000000,0.00000000,0.00000000,-0.00005678,0.00000003,0.00005592
0.00000000,0.00000000,0.00000000,-0.00005553,0.00000003,0.00005436
0.00000000,0.00000000,0.00000000,-0.00005415,0.00000002,0.00005270
0.00000000,0.00000000,0.00000000,-0.00005267,0.00000002,0.00005095
-0.00000001,-0.00000000,-0.00000101,-0.00005108,0.00000002,0.00004911
-0.00000001,-0.00000000,-0.00000001,-0.00004941,0.00000001,0.00004721
-0.00000002,-0.00000000,-0.00000002,-0.00004767,0.00000001,0.00004524
-0.00000002,-0.00000000,-0.00000002,-0.00004586,0.00000001,0.00004323
-0.00000002,-0.00000000,-0.00000002,-0.00004400,0.00000000,0.00004118
-0.00000003,-0.00000001,-0.00000003,-0.00004210,-0.00000000,0.00003910
-0.00000003,-0.00000001,-0.00000003,-0.00004016,-0.00000000,0.00003701
-0.00000003,-0.00000001,-0.00000003,-0.00003821,-0.00000001,0.00003490
-0.00000004,-0.00000001,-0.00000004,-0.00003624,-0.00000001,0.00003279
-0.00000004,-0.00000001,-0.00000004,-0.00003427,-0.00000002,0.00003068
-0.00000004,-0.00000001,-0.00000004,-0.00003230,-0.00000002,0.00002859
-0.00000004,-0.00000001,-0.00000104,-0.00003035,-0.00000002,0.00002651
-0.00000005,-0.00000001,-0.00000005,-0.00002840,-0.00000003,0.00002445
-0.00000005,-0.00000001,-0.00000005,-0.00002648,-0.00000003,0.00002242
-0.00000005,-0.00000001,-0.00000005,-0.00002458,-0.00000003,0.00002042
-0.00000006,-0.00000001,-0.00000006,-0.00002271,-0.00000004,0.00001844
-0.00000006,-0.00000001,-0.00000006,-0.00002086,-0.00000004,0.00001650
-0.00000006,-0.00000001,-0.00000006,-0.00001904,-0.00000005,0.00001459
