0.00000000,0.00000000,0.00000000,0.00000000,0.00000000,0.20000000,-1.60000000,0.00000000,0.00000000,0.00000000,0.00000000,0.00000000,0.00000000
0.00000000,0.00000001,-0.00000000,0.00000000,-0.00000066,0.20000101,-1.60000035,0.00000000,0.00000013,0.00000013,0.00000013,0.00000013,0.00000000
0.00000000,0.00000005,-0.00000000,-0.00000000,-0.00000526,0.20000805,-1.60000279,-0.00000000,0.00000102,0.00000102,0.00000102,0.00000102,0.00000000
0.00000000,0.00000001,-0.00000000,-0.00000000,-0.00000427,0.19999729,-1.59999507,0.00000000,0.00000012,0.00000012,0.00000012,0.00000012,0.00000000
0.00000000,0.00000001,-0.00000000,-0.00000000,-0.00001009,0.19999359,-1.59998834,0.00000000,0.00000028,0.00000028,0.00000028,0.00000028,0.00000000
0.00000000,0.00000003,-0.00000000,-0.00000000,-0.00001964,0.19998752,-1.59997730,0.00000000,0.00000055,0.00000055,0.00000055,0.00000055,0.00000000
0.00000000,0.00000004,-0.00000000,0.00000000,-0.00003384,0.19997850,-1.59996088,-0.00000000,0.00000095,0.00000095,0.00000095,0.00000095,0.00000000
0.00000000,0.00000007,-0.00000000,0.00000000,-0.00005357,0.19996595,-1.59993807,-0.00000000,0.00000150,0.00000150,0.00000150,0.00000150,0.00000000
0.00000000,0.00000011,-0.00000000,0.00000000,-0.00007972,0.19994930,-1.59990782,-0.00000000,0.00000223,0.00000223,0.00000223,0.00000223,0.00000000
0.00000000,0.00000015,-0.00000000,0.00000000,-0.00011314,0.19992800,-1.59986913,-0.00000000,0.00000316,0.00000316,0.00000316,0.00000316,0.00000000
0.00000000,0.00000020,-0.00000000,0.00000000,-0.00015470,0.19990147,-1.59982099,-0.00000000,0.00000431,0.00000431,0.00000431,0.00000431,0.00000000
0.00000000,0.00000027,-0.00000000,0.00000000,-0.00020523,0.19986915,-1.59976241,-0.00000000,0.00000571,0.00000571,0.00000571,0.00000571,0.00000000
0.00000000,0.00000035,-0.00000000,-0.00000000,-0.00026556,0.19983048,-1.59969239,0.00000000,0.00000738,0.00000738,0.00000738,0.00000738,0.00000000
0.00000000,0.00000044,0.00000000,-0.00000000,-0.00033650,0.19978488,-1.59960996,0.00000000,0.00000933,0.00000933,0.00000933,0.00000933,0.00000000
0.00000000,0.00000055,0.00000000,0.00000000,-0.00041883,0.19973178,-1.59951414,-0.00000000,0.00001159,0.00001159,0.00001159,0.00001159,0.00000000
0.00000000,0.00000067,0.00000000,-0.00000000,-0.00051334,0.19967061,-1.59940396,0.00000000,0.00001417,0.00001417,0.00001417,0.00001417,0.00000000
0.00000000,0.00000081,-0.00000000,-0.00000000,-0.00062077,0.19960076,-1.59927846,0.00000000,0.00001709,0.00001709,0.00001709,0.00001709,0.00000000
0.00000000,0.00000097,-0.00000000,-0.00000000,-0.00074188,0.19952164,-1.59913667,0.00000000,0.00002035,0.00002035,0.00002035,0.00002035,0.00000000
0.00000000,0.00000114,0.00000000,-0.00000000,-0.00087737,0.19943263,-1.59897764,0.00000000,0.00002398,0.00002398,0.00002398,0.00002398,0.00000000
0.00000000,0.00000133,0.00000000,-0.00000000,-0.00102794,0.19933309,-1.59880039,0.00000000,0.00002798,0.00002798,0.00002798,0.00002798,0.00000000
0.00000000,0.00000154,-0.00000000,-0.00000000,-0.00119426,0.19922239,-1.59860396,0.00000000,0.00003236,0.00003236,0.00003236,0.00003236,0.00000000
0.00000000,0.00000176,0.00000000,-0.00000000,-0.00137699,0.19909984,-1.59838740,0.00000000,0.00003713,0.00003713,0.00003713,0.00003713,0.00000000
0.00000000,0.00000201,0.00000000,-0.00000000,-0.00157675,0.19896475,-1.59814971,0.00000000,0.00004228,0.00004228,0.00004228,0.00004228,0.00000000
0.00000000,0.00000227,0.00000000,-0.00000000,-0.00179414,0.19881640,-1.59788994,0.00000000,0.00004781,0.00004781,0.00004781,0.00004781,0.00000000
0.00000000,0.00000255,0.00000000,-0.00000000,-0.00202974,0.19865402,-1.59760708,0.00000000,0.00005373,0.00005373,0.00005373,0.00005373,0.00000000
0.00000000,0.00000285,-0.00000000,-0.00000000,-0.00228407,0.19847684,-1.59730015,0.00000000,0.00006002,0.00006002,0.00006002,0.00006002,0.00000000
0.00000000,0.00000317,-0.00000000,-0.00000000,-0.00255767,0.19828401,-1.59696814,0.00000000,0.00006667,0.00006667,0.00006667,0.00006667,0.00000000
0.00000000,0.00000350,-0.00000000,-0.00000000,-0.00285101,0.19807469,-1.59661002,0.00000000,0.00007367,0.00007367,0.00007367,0.00007367,0.00000000
0.00000000,0.00000385,0.00000000,-0.00000000,-0.00316453,0.19784796,-1.59622476,0.00000000,0.00008101,0.00008101,0.00008101,0.00008101,0.00000000
0.00000000,0.00000421,0.00000000,-0.00000000,-0.00349866,0.19760286,-1.59581131,0.00000000,0.00008865,0.00008865,0.00008865,0.00008865,0.00000000
0.00000000,0.00000459,0.00000000,-0.00000000,-0.00385376,0.19733839,-1.59536858,0.00000000,0.00009658,0.00009658,0.00009658,0.00009658,0.00000000
0.00000000,0.00000498,0.00000000,-0.00000000,-0.00423018,0.19705347,-1.59489549,0.00000000,0.00010477,0.00010477,0.00010477,0.00010477,0.00000000
0.00000000,0.00000538,0.00000000,-0.00000000,-0.00462821,0.19674699,-1.59439092,0.00000000,0.00011317,0.00011317,0.00011317,0.00011317,0.00000000
0.00000000,0.00000578,0.00000000,-0.00000000,-0.00504810,0.19641775,-1.59385371,0.00000000,0.00012176,0.00012176,0.00012176,0.00012176,0.00000000
0.00000000,0.00000620,0.00000000,-0.00000000,-0.00549007,0.19606450,-1.59328269,0.00000000,0.00013049,0.00013049,0.00013049,0.00013049,0.00000000
0.00000000,0.00000662,0.00000000,-0.00000000,-0.00595427,0.19568591,-1.59267665,0.00000000,0.00013931,0.00013931,0.00013931,0.00013931,0.00000000
0.00000000,0.00000704,0.00000000,0.00000000,-0.00644083,0.19528056,-1.59203436,-0.00000000,0.00014816,0.00014816,0.00014816,0.00014816,0.00000000
0.00000000,0.00000746,0.00000000,-0.00000000,-0.00694979,0.19484695,-1.59135452,0.00000000,0.00015700,0.00015700,0.00015700,0.00015700,0.00000000
0.00000000,0.00000787,-0.00000000,0.00000000,-0.00748117,0.19438350,-1.59063583,-0.00000000,0.00016575,0.00016575,0.00016575,0.00016575,0.00000000
0.00000000,0.00000828,-0.00000000,-0.00000000,-0.00803492,0.19388852,-1.58987690,0.00000000,0.00017436,0.00017436,0.00017436,0.00017436,0.00000000
0.00000000,0.00000868,-0.00000000,-0.00000000,-0.00861093,0.19336023,-1.58907633,0.00000000,0.00018274,0.00018274,0.00018274,0.00018274,0.00000000
0.00000000,0.00000906,-0.00000000,-0.00000000,-0.00920902,0.19279673,-1.58823266,0.00000000,0.00019082,0.00019082,0.00019082,0.00019082,0.00000000
0.00000000,0.00000943,-0.00000000,-0.00000000,-0.00982894,0.19219599,-1.58734435,0.00000000,0.00019851,0.00019851,0.00019851,0.00019851,0.00000000
0.00000000,0.00000977,-0.00000000,-0.00000000,-0.01047038,0.19155587,-1.58640984,0.00000000,0.00020574,0.00020574,0.00020574,0.00020574,0.00000000
0.00000000,0.00001009,-0.00000000,-0.00000000,-0.01113296,0.19087409,-1.58542747,0.00000000,0.00021240,0.00021240,0.00021240,0.00021240,0.00000000
0.00000000,0.00001037,-0.00000000,-0.00000000,-0.01181620,0.19014823,-1.58439552,0.00000000,0.00021839,0.00021839,0.00021839,0.00021839,0.00000000
0.00000000,0.00001062,-0.00000000,-0.00000000,-0.01251955,0.18937568,-1.58331220,0.00000000,0.00022362,0.00022362,0.00022362,0.00022362,0.00000000
0.00000000,0.00001083,-0.00000000,-0.00000000,-0.01324236,0.18855371,-1.58217564,0.00000000,0.00022798,0.00022798,0.00022798,0.00022798,0.00000000
0.00000000,0.00001099,-0.00000000,-0.00000000,-0.01398389,0.18767938,-1.58098386,0.00000000,0.00023135,0.00023135,0.00023135,0.00023135,0.00000000
0.00000000,0.00001110,-0.00000000,-0.00000000,-0.01474328,0.18674954,-1.57973480,0.00000000,0.00023362,0.00023362,0.00023362,0.00023362,0.00000000
0.00000000,0.00001115,-0.00000000,-0.00000000,-0.01551960,0.18576087,-1.57842629,0.00000000,0.00023467,0.00023467,0.00023467,0.00023467,0.00000000
0.00000000,0.00001113,-0.00000000,-0.00000000,-0.01631174,0.18470977,-1.57705606,0.00000000,0.00023436,0.00023436,0.00023436,0.00023436,0.00000000
0.00000000,0.00001105,-0.00000000,-0.00000000,-0.01711852,0.18359242,-1.57562167,0.00000000,0.00023259,0.00023259,0.00023259,0.00023259,0.00000000
0.00000000,0.00001089,-0.00000000,-0.00000000,-0.01793857,0.18240472,-1.57412060,0.00000000,0.00022920,0.00022920,0.00022920,0.00022920,0.00000000
0.00000000,0.00001064,-0.00000000,-0.00000000,-0.01877041,0.18114227,-1.57255012,0.00000000,0.00022406,0.00022406,0.00022406,0.00022406,0.00000000
0.00000000,0.00001031,-0.00000000,-0.00000000,-0.01961237,0.17980034,-1.57090737,0.00000000,0.00021704,0.00021704,0.00021704,0.00021704,0.00000000
0.00000000,0.00000988,-0.00000000,-0.00000000,-0.02046260,0.17837383,-1.56918930,0.00000000,0.00020800,0.00020800,0.00020800,0.00020800,0.00000000
0.00000000,0.00000935,-0.00000000,-0.00000000,-0.02131906,0.17685725,-1.56739264,0.00000000,0.00019678,0.00019678,0.00019678,0.00019678,0.00000000
0.00000000,0.00000870,-0.00000000,-0.00000000,-0.02217948,0.17524466,-1.56551390,0.00000000,0.00018325,0.00018325,0.00018325,0.00018325,0.00000000
0.00000000,0.00000795,-0.00000000,-0.00000000,-0.02304135,0.17352962,-1.56354933,0.00000000,0.00016726,0.00016726,0.00016726,0.00016726,0.00000000
0.00000000,0.00000706,-0.00000000,-0.00000000,-0.02390190,0.17170514,-1.56149489,0.00000000,0.00014867,0.00014867,0.00014867,0.00014867,0.00000000
0.00000000,0.00000605,-0.00000000,-0.00000000,-0.02475802,0.16976358,-1.55934622,0.00000000,0.00012732,0.00012732,0.00012732,0.00012732,0.00000000
0.00000000,0.00000490,-0.00000000,-0.00000000,-0.02560629,0.16769661,-1.55709857,0.00000000,0.00010308,0.00010308,0.00010308,0.00010308,0.00000000
0.00000000,0.00000360,-0.00000000,-0.00000000,-0.02644288,0.16549507,-1.55474678,0.00000000,0.00007579,0.00007579,0.00007579,0.00007579,0.00000000
0.00000000,0.00000215,-0.00000000,-0.00000000,-0.02726351,0.16314887,-1.55228519,0.00000000,0.00004533,0.00004533,0.00004533,0.00004533,0.00000000
0.00000000,0.00000055,-0.00000000,-0.00000000,-0.02806339,0.16064685,-1.54970758,0.00000000,0.00001156,0.00001156,0.00001156,0.00001156,0.00000000
0.00000000,-0.00000122,-0.00000000,-0.00000000,-0.02883713,0.15797656,-1.54700706,0.00000000,-0.00002565,-0.00002565,-0.00002565,-0.00002565,0.00000000
0.00000000,-0.00000315,-0.00000000,-0.00000000,-0.02957861,0.15512408,-1.54417596,0.00000000,-0.00006641,-0.00006641,-0.00006641,-0.00006641,0.00000000
0.00000000,-0.00000526,-0.00000000,-0.00000000,-0.03028091,0.15207375,-1.54120568,0.00000000,-0.00011083,-0.00011083,-0.00011083,-0.00011083,0.00000000
0.00000000,-0.00000755,-0.00000000,-0.00000000,-0.03093608,0.14880778,-1.53808651,0.00000000,-0.00015899,-0.00015899,-0.00015899,-0.00015899,0.00000000
0.00000000,-0.00001002,-0.00000000,-0.00000000,-0.03153500,0.14530581,-1.53480738,0.00000000,-0.00021096,-0.00021096,-0.00021096,-0.00021096,0.00000000
0.00000000,-0.00001267,-0.00000000,-0.00000000,-0.03206703,0.14154438,-1.53135555,0.00000000,-0.00026678,-0.00026678,-0.00026678,-0.00026678,0.00000000
0.00000000,-0.00001551,-0.00000000,-0.00000000,-0.03251972,0.13749609,-1.52771622,0.00000000,-0.00032644,-0.00032644,-0.00032644,-0.00032644,0.00000000
0.00000000,-0.00001852,-0.00000000,-0.00000000,-0.03287828,0.13312860,-1.52387197,0.00000000,-0.00038990,-0.00038990,-0.00038990,-0.00038990,0.00000000
0.00000000,-0.00002171,-0.00000000,-0.00000000,-0.03312494,0.12840322,-1.51980199,0.00000000,-0.00045701,-0.00045701,-0.00045701,-0.00045701,0.00000000
0.00000000,-0.00002506,-0.00000000,-0.00000000,-0.03323799,0.12327286,-1.51548100,0.00000000,-0.00052757,-0.00052757,-0.00052757,-0.00052757,0.00000000
0.00000000,-0.00002856,-0.00000000,-0.00000000,-0.03319043,0.11767915,-1.51087776,0.00000000,-0.00060119,-0.00060119,-0.00060119,-0.00060119,0.00000000
0.00000000,-0.00003217,-0.00000000,0.00000000,-0.03294790,0.11154803,-1.50595265,0.00000000,-0.00067728,-0.00067728,-0.00067728,-0.00067728,0.00000000
0.00000000,-0.00003586,-0.00000000,-0.00000000,-0.03246548,0.10478287,-1.50065409,0.00000000,-0.00075492,-0.00075492,-0.00075492,-0.00075492,0.00000000
0.00000000,-0.00003955,-0.00000000,0.00000000,-0.03168238,0.09725318,-1.49491249,-0.00000000,-0.00083259,-0.00083259,-0.00083259,-0.00083259,0.00000000
0.00000000,-0.00004312,0.00000000,0.00000000,-0.03051258,0.08877474,-1.48862970,-0.00000000,-0.00090780,-0.00090780,-0.00090780,-0.00090780,0.00000000
0.00000000,-0.00004637,0.00000000,0.00000000,-0.02882714,0.07907173,-1.48165896,-0.00000000,-0.00097615,-0.00097615,-0.00097615,-0.00097615,0.00000000
0.00000000,-0.00004888,0.00000000,0.00000000,-0.02641633,0.06769631,-1.47376224,0.00000000,-0.00102912,-0.00102912,-0.00102912,-0.00102912,0.00000000
0.00000000,-0.00004976,-0.00000000,-0.00000000,-0.02289522,0.05382808,-1.46450414,0.00000000,-0.00104757,-0.00104757,-0.00104757,-0.00104757,0.00000000
0.00000000,-0.00004636,-0.00000000,0.00000000,-0.01740139,0.03563369,-1.45291383,-0.00000000,-0.00097601,-0.00097601,-0.00097601,-0.00097601,0.00000000
0.00000000,-0.00002555,-0.00000000,0.00000000,-0.00704074,0.00699327,-1.43576561,-0.00000000,-0.00053787,-0.00053787,-0.00053787,-0.00053787,0.00000000
0.00000000,0.00091014,-0.00000000,-0.00000000,0.06057521,-0.13798380,-1.35955742,-0.00000000,0.01916087,0.01916087,0.01916087,0.01916087,0.00000000
0.00000000,0.00092147,-0.00000000,-0.00000000,0.05385470,-0.13025318,-1.36174189,0.00000000,0.01939946,0.01939946,0.01939946,0.01939946,0.00000000
0.00000000,0.00093573,-0.00000000,-0.00000000,0.04671740,-0.12172704,-1.36432659,0.00000000,0.01969958,0.01969958,0.01969958,0.01969958,0.00000000
0.00000000,0.00095398,-0.00000000,-0.00000000,0.03908824,-0.11223635,-1.36740556,0.00000000,0.02008381,0.02008381,0.02008381,0.02008381,0.00000000
0.00000000,0.00097792,-0.00000000,-0.00000000,0.03086058,-0.10153961,-1.37111369,0.00000000,0.02058777,0.02058777,0.02058777,0.02058777,0.00000000
0.00000000,0.00101043,-0.00000000,-0.00000000,0.02187352,-0.08927000,-1.37565697,0.00000000,0.02127217,0.02127217,0.02127217,0.02127217,0.00000000
0.00000000,0.00105699,-0.00000000,-0.00000000,0.01186332,-0.07482051,-1.38137872,0.00000000,0.02225245,0.02225245,0.02225245,0.02225245,0.00000000
0.00000000,0.00112992,-0.00000000,-0.00000000,0.00034146,-0.05705070,-1.38893091,0.00000000,0.02378777,0.02378777,0.02378777,0.02378777,0.00000000
0.00000000,0.00126601,-0.00000000,-0.00000000,-0.01379286,-0.03332373,-1.39984962,0.00000000,0.02665284,0.02665284,0.02665284,0.02665284,0.00000000
0.00000000,0.00166983,-0.00000000,-0.00000000,-0.03400517,0.00531890,-1.41962786,0.00000000,0.03515436,0.03515436,0.03515436,0.03515436,0.00000000
0.00000000,0.00455779,-0.00000000,-0.00000000,-0.00790739,-0.03725278,-1.40452378,0.00000000,0.09595345,0.09595345,0.09595345,0.09595345,0.00000000
0.00000000,0.00484142,-0.00000000,-0.00000000,-0.02688490,-0.00240912,-1.42178166,0.00000000,0.10192456,0.10192456,0.10192456,0.10192456,0.00000000
0.00000000,0.00839422,-0.00000000,-0.00000000,-0.03026514,0.02301082,-1.44523507,-0.00000000,0.17672050,0.17672050,0.17672050,0.17672050,0.00000000
0.00000000,0.00890960,-0.00000000,-0.00000000,-0.00867454,-0.02783467,-1.41741588,-0.00000000,0.18757061,0.18757061,0.18757061,0.18757061,0.00000000
0.00000000,0.00931397,-0.00000000,-0.00000000,-0.03157512,0.01594658,-1.43975424,-0.00000000,0.19608354,0.19608354,0.19608354,0.19608354,0.00000000
0.00000000,0.01043002,-0.00000000,-0.00000000,-0.00240557,-0.04698241,-1.40747454,-0.00000000,0.21957936,0.21957936,0.21957936,0.21957936,0.00000000
0.00000000,0.01060884,-0.00000000,-0.00000000,-0.01885548,-0.01898159,-1.42052723,-0.00000000,0.22334405,0.22334405,0.22334405,0.22334405,0.00000000
0.00000000,0.01156660,-0.00000000,-0.00000000,-0.04563314,0.03684804,-1.45110304,-0.00000000,0.24350731,0.24350731,0.24350731,0.24350731,0.00000000
0.00000000,0.01189776,-0.00000000,-0.00000000,-0.03215401,0.00143166,-1.43071171,-0.00000000,0.25047926,0.25047926,0.25047926,0.25047926,0.00000000
0.00000000,0.01524593,-0.00000000,-0.00000000,-0.01831627,-0.01254180,-1.43214396,-0.00000000,0.32096700,0.32096700,0.32096700,0.32096700,0.00000000
0.00000000,0.01676174,-0.00000000,-0.00000000,-0.04860039,0.05456732,-1.47055904,-0.00000000,0.35287869,0.35287869,0.35287869,0.35287869,0.00000000
0.00000000,0.01689216,-0.00000000,-0.00000000,-0.04154679,0.03107858,-1.45573605,-0.00000000,0.35562450,0.35562450,0.35562450,0.35562450,0.00000000
0.00000000,0.01730513,-0.00000000,-0.00000000,-0.02613657,-0.00839193,-1.43330999,-0.00000000,0.36431852,0.36431852,0.36431852,0.36431852,0.00000000
0.00000000,0.01961948,-0.00000000,-0.00000000,-0.04815179,0.04648669,-1.46782970,-0.00000000,0.41304173,0.41304173,0.41304173,0.41304173,0.00000000
0.00000000,0.01981597,-0.00000000,-0.00000000,-0.03919400,0.01901687,-1.45099604,-0.00000000,0.41717828,0.41717828,0.41717828,0.41717828,0.00000000
0.00000000,0.02079425,-0.00000000,-0.00000000,-0.01603094,-0.03330210,-1.42354055,-0.00000000,0.43777366,0.43777366,0.43777366,0.43777366,0.00000000
0.00000000,0.02121464,-0.00000000,-0.00000000,-0.03641785,0.00367403,-1.44185223,-0.00000000,0.44662392,0.44662392,0.44662392,0.44662392,0.00000000
0.00000000,0.02404833,-0.00000000,-0.00000000,-0.01896151,-0.02290246,-1.43447656,-0.00000000,0.50628066,0.50628066,0.50628066,0.50628066,0.00000000
0.00000000,0.02475711,-0.00000000,-0.00000000,-0.04276117,0.02328381,-1.45862964,-0.00000000,0.52120239,0.52120239,0.52120239,0.52120239,0.00000000
0.00000000,0.02548781,-0.00000000,-0.00000000,-0.02399958,-0.02192212,-1.43397375,-0.00000000,0.53658552,0.53658552,0.53658552,0.53658552,0.00000000
0.00000000,0.02633307,-0.00000000,-0.00000000,-0.04721632,0.02377107,-1.45826060,-0.00000000,0.55438049,0.55438049,0.55438049,0.55438049,0.00000000
0.00000000,0.02711008,-0.00000000,0.00000000,-0.02923139,-0.01967494,-1.43463184,-0.00000000,0.57073847,0.57073847,0.57073847,0.57073847,0.00000000
0.00000000,0.02815640,-0.00000000,0.00000000,-0.05167123,0.02558655,-1.45930768,-0.00000000,0.59276633,0.59276633,0.59276633,0.59276633,0.00000000
0.00000000,0.02890193,-0.00000000,0.00000000,-0.03514873,-0.01520200,-1.43691767,-0.00000000,0.60846173,0.60846173,0.60846173,0.60846173,0.00000000
0.00000000,0.03031881,-0.00000000,0.00000000,-0.05539685,0.02784284,-1.46161224,-0.00000000,0.63829073,0.63829073,0.63829073,0.63829073,0.00000000
0.00000000,0.03100402,-0.00000000,0.00000000,-0.04042192,-0.01031875,-1.44034521,-0.00000000,0.65271629,0.65271629,0.65271629,0.65271629,0.00000000
0.00000000,0.03282396,-0.00000000,0.00000000,-0.05559414,0.02455382,-1.46198690,-0.00000000,0.69103066,0.69103066,0.69103066,0.69103066,0.00000000
0.00000000,0.03364200,-0.00000000,0.00000000,-0.03997833,-0.01425199,-1.44075991,-0.00000000,0.70825257,0.70825257,0.70825257,0.70825257,0.00000000
0.00000000,0.03510398,-0.00000000,0.00000000,-0.05776229,0.02333144,-1.46254401,-0.00000000,0.73903117,0.73903117,0.73903117,0.73903117,0.00000000
0.00000000,0.03599212,-0.00000000,0.00000000,-0.04248626,-0.01447482,-1.44201999,-0.00000000,0.75772882,0.75772882,0.75772882,0.75772882,0.00000000
0.00000000,0.03741810,-0.00000000,0.00000000,-0.05939395,0.02071064,-1.46232548,-0.00000000,0.78774948,0.78774948,0.78774948,0.78774948,0.00000000
0.00000000,0.03844183,-0.00000000,0.00000000,-0.04431263,-0.01592209,-1.44282325,-0.00000000,0.80930161,0.80930161,0.80930161,0.80930161,0.00000000
0.00000000,0.03975301,-0.00000000,0.00000000,-0.06109096,0.01788809,-1.46192567,-0.00000000,0.83690540,0.83690540,0.83690540,0.83690540,0.00000000
0.00000000,0.04092432,-0.00000000,0.00000000,-0.04669947,-0.01641779,-1.44410318,-0.00000000,0.86156465,0.86156465,0.86156465,0.86156465,0.00000000
0.00000000,0.04218615,-0.00000000,0.00000000,-0.06285801,0.01544918,-1.46192476,-0.00000000,0.88812944,0.88812944,0.88812944,0.88812944,0.00000000
0.00000000,0.04347158,-0.00000000,0.00000000,-0.04974039,-0.01552196,-1.44620560,-0.00000000,0.91519118,0.91519118,0.91519118,0.91519118,0.00000000
0.00000000,0.04475466,-0.00000000,0.00000000,-0.06467239,0.01362193,-1.46257297,-0.00000000,0.94220329,0.94220329,0.94220329,0.94220329,0.00000000
0.00000000,0.04610029,-0.00000000,0.00000000,-0.05312015,-0.01378603,-1.44889377,-0.00000000,0.97053237,0.97053237,0.97053237,0.97053237,0.00000000
0.00000000,0.04743248,-0.00000000,0.00000000,-0.06635160,0.01182397,-1.46346981,-0.00000000,0.99857854,0.99857854,0.99857854,0.99857854,0.00000000
0.00000000,0.04881542,-0.00000000,0.00000000,-0.05656969,-0.01174855,-1.45189758,-0.00000000,1.02769306,1.02769306,1.02769306,1.02769306,0.00000000
0.00000000,0.05018957,-0.00000000,0.00000000,-0.06784236,0.00972121,-1.46433387,-0.00000000,1.05662242,1.05662242,1.05662242,1.05662242,0.00000000
0.00000000,0.05159970,-0.00000000,0.00000000,-0.06013490,-0.00943588,-1.45514414,-0.00000000,1.08630942,1.08630942,1.08630942,1.08630942,0.00000000
0.00000000,0.05300086,-0.00000000,0.00000000,-0.06921860,0.00729032,-1.46506718,-0.00000000,1.11580753,1.11580753,1.11580753,1.11580753,0.00000000
0.00000000,0.05442163,-0.00000000,0.00000000,-0.06391982,-0.00685417,-1.45852257,-0.00000000,1.14571846,1.14571846,1.14571846,1.14571846,0.00000000
0.00000000,0.05582754,-0.00000000,0.00000000,-0.07065576,0.00462450,-1.46558682,-0.00000000,1.17531658,1.17531658,1.17531658,1.17531658,0.00000000
0.00000000,0.05723284,-0.00000000,0.00000000,-0.06799164,-0.00421304,-1.46175531,-0.00000000,1.20490189,1.20490189,1.20490189,1.20490189,0.00000000
0.00000000,0.05861262,-0.00000000,0.00000000,-0.07252199,0.00209719,-1.46589733,-0.00000000,1.23394990,1.23394990,1.23394990,1.23394990,0.00000000
0.00000000,0.05997156,-0.00000000,0.00000000,-0.07230640,-0.00205948,-1.46433857,-0.00000000,1.26255920,1.26255920,1.26255920,1.26255920,0.00000000
0.00000000,0.06129670,-0.00000000,0.00000000,-0.07531437,0.00034147,-1.46613391,-0.00000000,1.29045688,1.29045688,1.29045688,1.29045688,0.00000000
0.00000000,0.06259082,-0.00000000,0.00000000,-0.07677571,-0.00092591,-1.46582751,-0.00000000,1.31770154,1.31770154,1.31770154,1.31770154,0.00000000
0.00000000,0.06385177,-0.00000000,0.00000000,-0.07923635,-0.00040788,-1.46632707,-0.00000000,1.34424775,1.34424775,1.34424775,1.34424775,0.00000000
0.00000000,0.06508260,-0.00000000,0.00000000,-0.08150610,-0.00063782,-1.46628928,-0.00000000,1.37016010,1.37016010,1.37016010,1.37016010,0.00000000
0.00000000,0.06628517,-0.00000000,0.00000000,-0.08404713,-0.00060868,-1.46625892,-0.00000000,1.39547736,1.39547736,1.39547736,1.39547736,0.00000000
0.00000000,0.06746206,-0.00000000,0.00000000,-0.08669442,-0.00065519,-1.46606616,-0.00000000,1.42025395,1.42025395,1.42025395,1.42025395,0.00000000
0.00000000,0.06861557,-0.00000000,0.00000000,-0.08948206,-0.00068647,-1.46576767,-0.00000000,1.44453828,1.44453828,1.44453828,1.44453828,0.00000000
0.00000000,0.06974794,-0.00000000,0.00000000,-0.09239306,-0.00072178,-1.46536108,-0.00000000,1.46837761,1.46837761,1.46837761,1.46837761,0.00000000
0.00000000,0.07086127,-0.00000000,0.00000000,-0.09542133,-0.00075795,-1.46485549,-0.00000000,1.49181623,1.49181623,1.49181623,1.49181623,0.00000000
0.00000000,0.07195754,-0.00000000,0.00000000,-0.09855969,-0.00079525,-1.46425773,-0.00000000,1.51489550,1.51489550,1.51489550,1.51489550,0.00000000
0.00000000,0.07303856,-0.00000000,0.00000000,-0.10180160,-0.00083355,-1.46357432,-0.00000000,1.53765381,1.53765381,1.53765381,1.53765381,0.00000000
0.00000000,0.07410601,-0.00000000,0.00000000,-0.10514100,-0.00087280,-1.46281128,-0.00000000,1.56012653,1.56012653,1.56012653,1.56012653,0.00000000
0.00000000,0.07516144,-0.00000000,0.00000000,-0.10857228,-0.00091291,-1.46197413,-0.00000000,1.58234619,1.58234619,1.58234619,1.58234619,0.00000000
0.00000000,0.07620627,-0.00000000,0.00000000,-0.11209029,-0.00095382,-1.46106797,-0.00000000,1.60434252,1.60434252,1.60434252,1.60434252,0.00000000
0.00000000,0.07724178,-0.00000000,0.00000000,-0.11569029,-0.00099546,-1.46009747,-0.00000000,1.62614267,1.62614267,1.62614267,1.62614267,0.00000000
0.00000000,0.07826914,-0.00000000,0.00000000,-0.11936794,-0.00103780,-1.45906689,-0.00000000,1.64777137,1.64777137,1.64777137,1.64777137,0.00000000
0.00000000,0.07928943,-0.00000000,0.00000000,-0.12311927,-0.00108076,-1.45798013,-0.00000000,1.66925111,1.66925111,1.66925111,1.66925111,0.00000000
0.00000000,0.08030361,-0.00000000,0.00000000,-0.12694061,-0.00112432,-1.45684073,-0.00000000,1.69060231,1.69060231,1.69060231,1.69060231,0.00000000
0.00000000,0.08131257,-0.00000000,0.00000000,-0.13082862,-0.00116842,-1.45565196,-0.00000000,1.71184349,1.71184349,1.71184349,1.71184349,0.00000000
0.00000000,0.08231709,-0.00000000,0.00000000,-0.13478023,-0.00121302,-1.45441677,-0.00000000,1.73299146,1.73299146,1.73299146,1.73299146,0.00000000
0.00000000,0.08331792,-0.00000000,0.00000000,-0.13879262,-0.00125810,-1.45313788,-0.00000000,1.75406146,1.75406146,1.75406146,1.75406146,0.00000000
0.00000000,0.08431570,-0.00000000,0.00000000,-0.14286320,-0.00130362,-1.45181775,-0.00000000,1.77506731,1.77506731,1.77506731,1.77506731,0.00000000
0.00000000,0.08531102,-0.00000000,0.00000000,-0.14698960,-0.00134955,-1.45045865,-0.00000000,1.79602153,1.79602153,1.79602153,1.79602153,0.00000000
0.00000000,0.08630443,-0.00000000,0.00000000,-0.15116960,-0.00139587,-1.44906266,-0.00000000,1.81693546,1.81693546,1.81693546,1.81693546,0.00000000
0.00000000,0.08729642,-0.00000000,0.00000000,-0.15540119,-0.00144255,-1.44763166,-0.00000000,1.83781942,1.83781942,1.83781942,1.83781942,0.00000000
0.00000000,0.08828743,-0.00000000,0.00000000,-0.15968248,-0.00148957,-1.44616741,-0.00000000,1.85868272,1.85868272,1.85868272,1.85868272,0.00000000
0.00000000,0.08927786,-0.00000000,0.00000000,-0.16401175,-0.00153692,-1.44467151,-0.00000000,1.87953385,1.87953385,1.87953385,1.87953385,0.00000000
0.00000000,0.09026807,-0.00000000,0.00000000,-0.16838737,-0.00158456,-1.44314542,-0.00000000,1.90038047,1.90038047,1.90038047,1.90038047,0.00000000
0.00000000,0.09125840,-0.00000000,0.00000000,-0.17280786,-0.00163250,-1.44159051,-0.00000000,1.92122957,1.92122957,1.92122957,1.92122957,0.00000000
0.00000000,0.09224915,-0.00000000,0.00000000,-0.17727180,-0.00168070,-1.44000802,-0.00000000,1.94208746,1.94208746,1.94208746,1.94208746,0.00000000
0.00000000,0.09324060,-0.00000000,0.00000000,-0.18177789,-0.00172916,-1.43839913,-0.00000000,1.96295990,1.96295990,1.96295990,1.96295990,0.00000000
0.00000000,0.09423297,-0.00000000,0.00000000,-0.18632492,-0.00177786,-1.43676488,-0.00000000,1.98385208,1.98385208,1.98385208,1.98385208,0.00000000
0.00000000,0.09522651,-0.00000000,0.00000000,-0.19091173,-0.00182679,-1.43510629,-0.00000000,2.00476874,2.00476874,2.00476874,2.00476874,0.00000000
0.00000000,0.09622142,-0.00000000,0.00000000,-0.19553724,-0.00187593,-1.43342427,-0.00000000,2.02571416,2.02571416,2.02571416,2.02571416,0.00000000
0.00000000,0.09721788,-0.00000000,0.00000000,-0.20020044,-0.00192528,-1.43171969,-0.00000000,2.04669223,2.04669223,2.04669223,2.04669223,0.00000000
0.00000000,0.09821606,-0.00000000,0.00000000,-0.20490037,-0.00197483,-1.42999333,-0.00000000,2.06770648,2.06770648,2.06770648,2.06770648,0.00000000
0.00000000,0.09921610,-0.00000000,0.00000000,-0.20963611,-0.00202456,-1.42824596,-0.00000000,2.08876010,2.08876010,2.08876010,2.08876010,0.00000000
0.00000000,0.10021816,-0.00000000,0.00000000,-0.21440680,-0.00207446,-1.42647826,-0.00000000,2.10985598,2.10985598,2.10985598,2.10985598,0.00000000
0.00000000,0.10122234,-0.00000000,0.00000000,-0.21921163,-0.00212453,-1.42469089,-0.00000000,2.13099673,2.13099673,2.13099673,2.13099673,0.00000000
0.00000000,0.10222877,-0.00000000,0.00000000,-0.22404981,-0.00217475,-1.42288447,-0.00000000,2.15218472,2.15218472,2.15218472,2.15218472,0.00000000
0.00000000,0.10323755,-0.00000000,0.00000000,-0.22892060,-0.00222511,-1.42105956,-0.00000000,2.17342205,2.17342205,2.17342205,2.17342205,0.00000000
0.00000000,0.10424876,-0.00000000,0.00000000,-0.23382328,-0.00227562,-1.41921672,-0.00000000,2.19471066,2.19471066,2.19471066,2.19471066,0.00000000
0.00000000,0.10526248,-0.00000000,0.00000000,-0.23875717,-0.00232625,-1.41735645,-0.00000000,2.21605224,2.21605224,2.21605224,2.21605224,0.00000000
0.00000000,0.10627880,-0.00000000,0.00000000,-0.24372160,-0.00237700,-1.41547924,-0.00000000,2.23744834,2.23744834,2.23744834,2.23744834,0.00000000
0.00000000,0.10729777,-0.00000000,0.00000000,-0.24871595,-0.00242786,-1.41358555,-0.00000000,2.25890032,2.25890032,2.25890032,2.25890032,0.00000000
0.00000000,0.10831945,-0.00000000,0.00000000,-0.25373960,-0.00247882,-1.41167580,-0.00000000,2.28040940,2.28040940,2.28040940,2.28040940,0.00000000
0.00000000,0.10934389,-0.00000000,0.00000000,-0.25879196,-0.00252988,-1.40975041,-0.00000000,2.30197664,2.30197664,2.30197664,2.30197664,0.00000000
0.00000000,0.11037114,-0.00000000,0.00000000,-0.26387247,-0.00258102,-1.40780976,-0.00000000,2.32360300,2.32360300,2.32360300,2.32360300,0.00000000
0.00000000,0.11140124,-0.00000000,0.00000000,-0.26898056,-0.00263225,-1.40585424,-0.00000000,2.34528930,2.34528930,2.34528930,2.34528930,0.00000000
0.00000000,0.11243422,-0.00000000,0.00000000,-0.27411570,-0.00268354,-1.40388420,-0.00000000,2.36703623,2.36703623,2.36703623,2.36703623,0.00000000
0.00000000,0.11347011,-0.00000000,0.00000000,-0.27927736,-0.00273489,-1.40189996,-0.00000000,2.38884441,2.38884441,2.38884441,2.38884441,0.00000000
0.00000000,0.11450893,-0.00000000,0.00000000,-0.28446504,-0.00278630,-1.39990187,-0.00000000,2.41071435,2.41071435,2.41071435,2.41071435,0.00000000
0.00000000,0.11555071,-0.00000000,0.00000000,-0.28967824,-0.00283775,-1.39789022,-0.00000000,2.43264646,2.43264646,2.43264646,2.43264646,0.00000000
0.00000000,0.11659545,-0.00000000,0.00000000,-0.29491647,-0.00288924,-1.39586532,-0.00000000,2.45464107,2.45464107,2.45464107,2.45464107,0.00000000
0.00000000,0.11764318,-0.00000000,0.00000000,-0.30017925,-0.00294076,-1.39382745,-0.00000000,2.47669845,2.47669845,2.47669845,2.47669845,0.00000000
0.00000000,0.11869389,-0.00000000,0.00000000,-0.30546612,-0.00299231,-1.39177689,-0.00000000,2.49881877,2.49881877,2.49881877,2.49881877,0.00000000
0.00000000,0.11974760,-0.00000000,0.00000000,-0.31077662,-0.00304387,-1.38971390,-0.00000000,2.52100216,2.52100216,2.52100216,2.52100216,0.00000000
0.00000000,0.12080431,-0.00000000,0.00000000,-0.31611030,-0.00309543,-1.38763873,-0.00000000,2.54324866,2.54324866,2.54324866,2.54324866,0.00000000
0.00000000,0.12186402,-0.00000000,0.00000000,-0.32146671,-0.00314700,-1.38555164,-0.00000000,2.56555827,2.56555827,2.56555827,2.56555827,0.00000000
0.00000000,0.12292672,-0.00000000,0.00000000,-0.32684544,-0.00319855,-1.38345287,-0.00000000,2.58793092,2.58793092,2.58793092,2.58793092,0.00000000
0.00000000,0.12399241,-0.00000000,0.00000000,-0.33224604,-0.00325009,-1.38134264,-0.00000000,2.61036651,2.61036651,2.61036651,2.61036651,0.00000000
0.00000000,0.12506108,-0.00000000,0.00000000,-0.33766809,-0.00330161,-1.37922118,-0.00000000,2.63286487,2.63286487,2.63286487,2.63286487,0.00000000
0.00000000,0.12613272,-0.00000000,0.00000000,-0.34311118,-0.00335309,-1.37708871,-0.00000000,2.65542578,2.65542578,2.65542578,2.65542578,0.00000000
0.00000000,0.12720733,-0.00000000,0.00000000,-0.34857489,-0.00340453,-1.37494543,-0.00000000,2.67804900,2.67804900,2.67804900,2.67804900,0.00000000
0.00000000,0.12828488,-0.00000000,0.00000000,-0.35405882,-0.00345593,-1.37279157,-0.00000000,2.70073423,2.70073423,2.70073423,2.70073423,0.00000000
0.00000000,0.12936535,-0.00000000,0.00000000,-0.35956257,-0.00350727,-1.37062731,-0.00000000,2.72348115,2.72348115,2.72348115,2.72348115,0.00000000
0.00000000,0.13044874,-0.00000000,0.00000000,-0.36508574,-0.00355854,-1.36845285,-0.00000000,2.74628937,2.74628937,2.74628937,2.74628937,0.00000000
0.00000000,0.13153503,-0.00000000,0.00000000,-0.37062792,-0.00360975,-1.36626839,-0.00000000,2.76915850,2.76915850,2.76915850,2.76915850,0.00000000
0.00000000,0.13262418,-0.00000000,0.00000000,-0.37618873,-0.00366087,-1.36407411,-0.00000000,2.79208810,2.79208810,2.79208810,2.79208810,0.00000000
0.00000000,0.13371619,-0.00000000,0.00000000,-0.38176779,-0.00371191,-1.36187020,-0.00000000,2.81507771,2.81507771,2.81507771,2.81507771,0.00000000
0.00000000,0.13481102,-0.00000000,0.00000000,-0.38736470,-0.00376285,-1.35965682,-0.00000000,2.83812683,2.83812683,2.83812683,2.83812683,0.00000000
0.00000000,0.13590866,-0.00000000,0.00000000,-0.39297908,-0.00381369,-1.35743417,-0.00000000,2.86123493,2.86123493,2.86123493,2.86123493,0.00000000
0.00000000,0.13700907,-0.00000000,0.00000000,-0.39861056,-0.00386442,-1.35520242,-0.00000000,2.88440148,2.88440148,2.88440148,2.88440148,0.00000000
0.00000000,0.13811223,-0.00000000,0.00000000,-0.40425875,-0.00391503,-1.35296172,-0.00000000,2.90762588,2.90762588,2.90762588,2.90762588,0.00000000
0.00000000,0.13921811,-0.00000000,0.00000000,-0.40992328,-0.00396552,-1.35071226,-0.00000000,2.93090755,2.93090755,2.93090755,2.93090755,0.00000000
0.00000000,0.14032668,-0.00000000,0.00000000,-0.41560377,-0.00401587,-1.34845419,-0.00000000,2.95424587,2.95424587,2.95424587,2.95424587,0.00000000
0.00000000,0.14143791,-0.00000000,0.00000000,-0.42129985,-0.00406607,-1.34618767,-0.00000000,2.97764018,2.97764018,2.97764018,2.97764018,0.00000000
0.00000000,0.14255177,-0.00000000,0.00000000,-0.42701116,-0.00411613,-1.34391286,-0.00000000,3.00108984,3.00108984,3.00108984,3.00108984,0.00000000
0.00000000,0.14366822,-0.00000000,0.00000000,-0.43273731,-0.00416604,-1.34162993,-0.00000000,3.02459414,3.02459414,3.02459414,3.02459414,0.00000000
0.00000000,0.14478724,-0.00000000,0.00000000,-0.43847795,-0.00421577,-1.33933902,-0.00000000,3.04815239,3.04815239,3.04815239,3.04815239,0.00000000
0.00000000,0.14590878,-0.00000000,0.00000000,-0.44423271,-0.00426534,-1.33704029,-0.00000000,3.07176387,3.07176387,3.07176387,3.07176387,0.00000000
0.00000000,0.14703282,-0.00000000,0.00000000,-0.45000123,-0.00431472,-1.33473389,0.00000000,3.09542784,3.09542784,3.09542784,3.09542784,0.00000000
0.00000000,0.14815932,-0.00000000,0.00000000,-0.45578313,-0.00436392,-1.33241997,0.00000000,3.11914355,3.11914355,3.11914355,3.11914355,0.00000000
0.00000000,0.14928824,-0.00000000,0.00000000,-0.46157805,-0.00441292,-1.33009868,0.00000000,3.14291021,3.14291021,3.14291021,3.14291021,0.00000000
0.00000000,0.15041953,-0.00000000,0.00000000,-0.46738564,-0.00446172,-1.32777016,0.00000000,3.16672705,3.16672705,3.16672705,3.16672705,0.00000000
0.00000000,0.15155318,-0.00000000,0.00000000,-0.47320553,-0.00451031,-1.32543455,0.00000000,3.19059326,3.19059326,3.19059326,3.19059326,0.00000000
0.00000000,0.15268913,-0.00000000,0.00000000,-0.47903736,-0.00455868,-1.32309201,0.00000000,3.21450802,3.21450802,3.21450802,3.21450802,0.00000000
0.00000000,0.15382735,-0.00000000,0.00000000,-0.48488077,-0.00460682,-1.32074268,0.00000000,3.23847051,3.23847051,3.23847051,3.23847051,0.00000000
0.00000000,0.15496779,-0.00000000,0.00000000,-0.49073541,-0.00465474,-1.31838668,0.00000000,3.26247987,3.26247987,3.26247987,3.26247987,0.00000000
0.00000000,0.15611042,-0.00000000,0.00000000,-0.49660091,-0.00470241,-1.31602418,0.00000000,3.28653524,3.28653524,3.28653524,3.28653524,0.00000000
0.00000000,0.15725520,-0.00000000,0.00000000,-0.50247691,-0.00474984,-1.31365530,0.00000000,3.31063576,3.31063576,3.31063576,3.31063576,0.00000000
0.00000000,0.15840208,-0.00000000,0.00000000,-0.50836305,-0.00479701,-1.31128019,0.00000000,3.33478055,3.33478055,3.33478055,3.33478055,0.00000000
0.00000000,0.15955101,-0.00000000,0.00000000,-0.51425899,-0.00484392,-1.30889898,0.00000000,3.35896869,3.35896869,3.35896869,3.35896869,0.00000000
0.00000000,0.16070197,-0.00000000,0.00000000,-0.52016436,-0.00489056,-1.30651181,0.00000000,3.38319929,3.38319929,3.38319929,3.38319929,0.00000000
0.00000000,0.16185489,-0.00000000,0.00000000,-0.52607880,-0.00493693,-1.30411881,0.00000000,3.40747143,3.40747143,3.40747143,3.40747143,0.00000000
0.00000000,0.16300975,-0.00000000,0.00000000,-0.53200196,-0.00498301,-1.30172013,0.00000000,3.43178416,3.43178416,3.43178416,3.43178416,0.00000000
0.00000000,0.16416649,-0.00000000,0.00000000,-0.53793348,-0.00502881,-1.29931589,0.00000000,3.45613656,3.45613656,3.45613656,3.45613656,0.00000000
0.00000000,0.16532506,-0.00000000,0.00000000,-0.54387301,-0.00507431,-1.29690624,0.00000000,3.48052767,3.48052767,3.48052767,3.48052767,0.00000000
0.00000000,0.16648543,-0.00000000,0.00000000,-0.54982018,-0.00511950,-1.29449130,0.00000000,3.50495651,3.50495651,3.50495651,3.50495651,0.00000000
0.00000000,0.16764755,-0.00000000,0.00000000,-0.55577465,-0.00516439,-1.29207121,0.00000000,3.52942212,3.52942212,3.52942212,3.52942212,0.00000000
0.00000000,0.16881137,-0.00000000,0.00000000,-0.56173606,-0.00520896,-1.28964610,0.00000000,3.55392352,3.55392352,3.55392352,3.55392352,0.00000000
0.00000000,0.16997684,-0.00000000,0.00000000,-0.56770405,-0.00525321,-1.28721611,0.00000000,3.57845970,3.57845970,3.57845970,3.57845970,0.00000000
0.00000000,0.17114391,-0.00000000,0.00000000,-0.57367827,-0.00529713,-1.28478137,0.00000000,3.60302965,3.60302965,3.60302965,3.60302965,0.00000000
0.00000000,0.17231254,-0.00000000,0.00000000,-0.57965836,-0.00534072,-1.28234202,0.00000000,3.62763238,3.62763238,3.62763238,3.62763238,0.00000000
0.00000000,0.17348267,-0.00000000,0.00000000,-0.58564396,-0.00538396,-1.27989817,0.00000000,3.65226684,3.65226684,3.65226684,3.65226684,0.00000000
0.00000000,0.17465427,-0.00000000,0.00000000,-0.59163472,-0.00542686,-1.27744998,0.00000000,3.67693201,3.67693201,3.67693201,3.67693201,0.00000000
0.00000000,0.17582727,-0.00000000,0.00000000,-0.59763029,-0.00546940,-1.27499756,0.00000000,3.70162684,3.70162684,3.70162684,3.70162684,0.00000000
0.00000000,0.17700164,-0.00000000,0.00000000,-0.60363030,-0.00551159,-1.27254105,0.00000000,3.72635027,3.72635027,3.72635027,3.72635027,0.00000000
0.00000000,0.17817731,-0.00000000,0.00000000,-0.60963441,-0.00555341,-1.27008058,0.00000000,3.75110125,3.75110125,3.75110125,3.75110125,0.00000000
0.00000000,0.17935424,-0.00000000,0.00000000,-0.61564225,-0.00559486,-1.26761629,0.00000000,3.77587870,3.77587870,3.77587870,3.77587870,0.00000000
0.00000000,0.18053237,-0.00000000,0.00000000,-0.62165348,-0.00563593,-1.26514831,0.00000000,3.80068154,3.80068154,3.80068154,3.80068154,0.00000000
0.00000000,0.18171166,-0.00000000,0.00000000,-0.62766773,-0.00567662,-1.26267676,0.00000000,3.82550869,3.82550869,3.82550869,3.82550869,0.00000000
0.00000000,0.18289205,-0.00000000,0.00000000,-0.63368465,-0.00571692,-1.26020179,0.00000000,3.85035903,3.85035903,3.85035903,3.85035903,0.00000000
0.00000000,0.18407349,-0.00000000,0.00000000,-0.63970388,-0.00575683,-1.25772352,0.00000000,3.87523147,3.87523147,3.87523147,3.87523147,0.00000000
0.00000000,0.18525593,-0.00000000,0.00000000,-0.64572507,-0.00579635,-1.25524208,0.00000000,3.90012488,3.90012488,3.90012488,3.90012488,0.00000000
0.00000000,0.18643931,-0.00000000,0.00000000,-0.65174786,-0.00583546,-1.25275761,0.00000000,3.92503815,3.92503815,3.92503815,3.92503815,0.00000000
0.00000000,0.18762358,-0.00000000,0.00000000,-0.65777190,-0.00587416,-1.25027024,0.00000000,3.94997013,3.94997013,3.94997013,3.94997013,0.00000000
0.00000000,0.18880869,-0.00000000,0.00000000,-0.66379682,-0.00591246,-1.24778011,0.00000000,3.97491968,3.97491968,3.97491968,3.97491968,0.00000000
0.00000000,0.18999457,-0.00000000,0.00000000,-0.66982228,-0.00595033,-1.24528734,0.00000000,3.99988566,3.99988566,3.99988566,3.99988566,0.00000000
0.00000000,0.19118118,-0.00000000,0.00000000,-0.67584791,-0.00598779,-1.24279207,0.00000000,4.02486689,4.02486689,4.02486689,4.02486689,0.00000000
0.00000000,0.19236846,-0.00000000,0.00000000,-0.68187336,-0.00602482,-1.24029443,0.00000000,4.04986222,4.04986222,4.04986222,4.04986222,0.00000000
0.00000000,0.19355635,-0.00000000,0.00000000,-0.68789827,-0.00606141,-1.23779456,0.00000000,4.07487046,4.07487046,4.07487046,4.07487046,0.00000000
0.00000000,0.19474480,-0.00000000,0.00000000,-0.69392228,-0.00609758,-1.23529259,0.00000000,4.09989043,4.09989043,4.09989043,4.09989043,0.00000000
0.00000000,0.19593374,-0.00000000,0.00000000,-0.69994504,-0.00613331,-1.23278865,0.00000000,4.12492092,4.12492092,4.12492092,4.12492092,0.00000000
0.00000000,0.19712314,-0.00000000,0.00000000,-0.70596619,-0.00616859,-1.23028288,0.00000000,4.14996075,4.14996075,4.14996075,4.14996075,0.00000000
0.00000000,0.19831291,-0.00000000,0.00000000,-0.71198536,-0.00620343,-1.22777542,0.00000000,4.17500869,4.17500869,4.17500869,4.17500869,0.00000000
0.00000000,0.19950302,-0.00000000,0.00000000,-0.71800222,-0.00623782,-1.22526640,0.00000000,4.20006352,4.20006352,4.20006352,4.20006352,0.00000000
0.00000000,0.20069339,-0.00000000,0.00000000,-0.72401638,-0.00627176,-1.22275596,0.00000000,4.22512403,4.22512403,4.22512403,4.22512403,0.00000000
0.00000000,0.20188398,-0.00000000,0.00000000,-0.73002751,-0.00630524,-1.22024422,0.00000000,4.25018896,4.25018896,4.25018896,4.25018896,0.00000000
0.00000000,0.20307471,-0.00000000,0.00000000,-0.73603524,-0.00633826,-1.21773134,0.00000000,4.27525707,4.27525707,4.27525707,4.27525707,0.00000000
0.00000000,0.20426554,-0.00000000,0.00000000,-0.74203920,-0.00637082,-1.21521745,0.00000000,4.30032711,4.30032711,4.30032711,4.30032711,0.00000000
0.00000000,0.20545640,-0.00000000,0.00000000,-0.74803905,-0.00640292,-1.21270268,0.00000000,4.32539781,4.32539781,4.32539781,4.32539781,0.00000000
0.00000000,0.20664723,-0.00000000,0.00000000,-0.75403443,-0.00643455,-1.21018717,0.00000000,4.35046790,4.35046790,4.35046790,4.35046790,0.00000000
0.00000000,0.20783797,-0.00000000,0.00000000,-0.76002497,-0.00646571,-1.20767106,0.00000000,4.37553611,4.37553611,4.37553611,4.37553611,0.00000000
0.00000000,0.20902855,-0.00000000,0.00000000,-0.76601032,-0.00649639,-1.20515449,0.00000000,4.40060114,4.40060114,4.40060114,4.40060114,0.00000000
0.00000000,0.21021893,-0.00000000,0.00000000,-0.77199012,-0.00652661,-1.20263761,0.00000000,4.42566170,4.42566170,4.42566170,4.42566170,0.00000000
0.00000000,0.21140903,-0.00000000,0.00000000,-0.77796401,-0.00655634,-1.20012054,0.00000000,4.45071647,4.45071647,4.45071647,4.45071647,0.00000000
0.00000000,0.21259880,-0.00000000,0.00000000,-0.78393164,-0.00658559,-1.19760344,0.00000000,4.47576416,4.47576416,4.47576416,4.47576416,0.00000000
0.00000000,0.21378816,-0.00000000,0.00000000,-0.78989263,-0.00661437,-1.19508644,0.00000000,4.50080343,4.50080343,4.50080343,4.50080343,0.00000000
0.00000000,0.21497707,-0.00000000,0.00000000,-0.79584664,-0.00664266,-1.19256969,0.00000000,4.52583295,4.52583295,4.52583295,4.52583295,0.00000000
0.00000000,0.21616544,-0.00000000,0.00000000,-0.80179330,-0.00667047,-1.19005332,0.00000000,4.55085139,4.55085139,4.55085139,4.55085139,0.00000000
0.00000000,0.21735323,-0.00000000,0.00000000,-0.80773227,-0.00669779,-1.18753748,0.00000000,4.57585739,4.57585739,4.57585739,4.57585739,0.00000000
0.00000000,0.21854036,-0.00000000,0.00000000,-0.81366316,-0.00672463,-1.18502232,0.00000000,4.60084961,4.60084961,4.60084961,4.60084961,0.00000000
0.00000000,0.21972677,-0.00000000,0.00000000,-0.81958564,-0.00675098,-1.18250798,0.00000000,4.62582667,4.62582667,4.62582667,4.62582667,0.00000000
0.00000000,0.22091239,-0.00000000,0.00000000,-0.82549934,-0.00677684,-1.17999460,0.00000000,4.65078721,4.65078721,4.65078721,4.65078721,0.00000000
0.00000000,0.22209717,-0.00000000,0.00000000,-0.83140389,-0.00680221,-1.17748233,0.00000000,4.67572984,4.67572984,4.67572984,4.67572984,0.00000000
0.00000000,0.22328103,-0.00000000,0.00000000,-0.83729895,-0.00682709,-1.17497132,0.00000000,4.70065318,4.70065318,4.70065318,4.70065318,0.00000000
0.00000000,0.22446390,-0.00000000,0.00000000,-0.84318415,-0.00685149,-1.17246171,0.00000000,4.72555582,4.72555582,4.72555582,4.72555582,0.00000000
0.00000000,0.22564573,-0.00000000,0.00000000,-0.84905913,-0.00687539,-1.16995365,0.00000000,4.75043637,4.75043637,4.75043637,4.75043637,0.00000000
0.00000000,0.22682644,-0.00000000,0.00000000,-0.85492354,-0.00689880,-1.16744729,0.00000000,4.77529340,4.77529340,4.77529340,4.77529340,0.00000000
0.00000000,0.22800596,-0.00000000,0.00000000,-0.86077702,-0.00692172,-1.16494278,0.00000000,4.80012550,4.80012550,4.80012550,4.80012550,0.00000000
0.00000000,0.22918423,-0.00000000,0.00000000,-0.86661920,-0.00694415,-1.16244027,0.00000000,4.82493123,4.82493123,4.82493123,4.82493123,0.00000000
0.00000000,0.23036119,-0.00000000,0.00000000,-0.87244973,-0.00696609,-1.15993990,0.00000000,4.84970916,4.84970916,4.84970916,4.84970916,0.00000000
0.00000000,0.23153675,-0.00000000,0.00000000,-0.87826826,-0.00698754,-1.15744183,0.00000000,4.87445784,4.87445784,4.87445784,4.87445784,0.00000000
0.00000000,0.23271085,-0.00000000,0.00000000,-0.88407441,-0.00700850,-1.15494622,0.00000000,4.89917582,4.89917582,4.89917582,4.89917582,0.00000000
0.00000000,0.23388343,-0.00000000,0.00000000,-0.88986785,-0.00702897,-1.15245321,0.00000000,4.92386164,4.92386164,4.92386164,4.92386164,0.00000000
0.00000000,0.23505441,-0.00000000,0.00000000,-0.89564820,-0.00704896,-1.14996296,0.00000000,4.94851382,4.94851382,4.94851382,4.94851382,0.00000000
0.00000000,0.23622372,-0.00000000,0.00000000,-0.90141511,-0.00706846,-1.14747561,0.00000000,4.97313088,4.97313088,4.97313088,4.97313088,0.00000000
0.00000000,0.23739129,-0.00000000,0.00000000,-0.90716822,-0.00708747,-1.14499133,0.00000000,4.99771135,4.99771135,4.99771135,4.99771135,0.00000000
0.00000000,0.23855705,-0.00000000,0.00000000,-0.91290718,-0.00710601,-1.14251028,0.00000000,5.02225373,5.02225373,5.02225373,5.02225373,0.00000000
0.00000000,0.23972093,-0.00000000,0.00000000,-0.91863163,-0.00712405,-1.14003259,0.00000000,5.04675652,5.04675652,5.04675652,5.04675652,0.00000000
0.00000000,0.24088287,-0.00000000,0.00000000,-0.92434121,-0.00714162,-1.13755845,0.00000000,5.07121821,5.07121821,5.07121821,5.07121821,0.00000000
0.00000000,0.24204277,-0.00000000,0.00000000,-0.93003557,-0.00715871,-1.13508799,0.00000000,5.09563729,5.09563729,5.09563729,5.09563729,0.00000000
0.00000000,0.24320058,-0.00000000,0.00000000,-0.93571435,-0.00717533,-1.13262138,0.00000000,5.12001223,5.12001223,5.12001223,5.12001223,0.00000000
0.00000000,0.24435622,-0.00000000,0.00000000,-0.94137720,-0.00719147,-1.13015878,0.00000000,5.14434150,5.14434150,5.14434150,5.14434150,0.00000000
0.00000000,0.24550962,-0.00000000,0.00000000,-0.94702376,-0.00720713,-1.12770034,0.00000000,5.16862358,5.16862358,5.16862358,5.16862358,0.00000000
0.00000000,0.24666070,-0.00000000,0.00000000,-0.95265368,-0.00722233,-1.12524624,0.00000000,5.19285690,5.19285690,5.19285690,5.19285690,0.00000000
0.00000000,0.24780940,-0.00000000,0.00000000,-0.95826660,-0.00723706,-1.12279662,0.00000000,5.21703992,5.21703992,5.21703992,5.21703992,0.00000000
0.00000000,0.24895563,-0.00000000,0.00000000,-0.96386217,-0.00725133,-1.12035165,0.00000000,5.24117110,5.24117110,5.24117110,5.24117110,0.00000000
0.00000000,0.25009932,-0.00000000,0.00000000,-0.96944004,-0.00726513,-1.11791149,0.00000000,5.26524885,5.26524885,5.26524885,5.26524885,0.00000000
0.00000000,0.25124040,-0.00000000,0.00000000,-0.97499985,-0.00727847,-1.11547630,0.00000000,5.28927161,5.28927161,5.28927161,5.28927161,0.00000000
0.00000000,0.25237880,-0.00000000,0.00000000,-0.98054126,-0.00729136,-1.11304626,0.00000000,5.31323781,5.31323781,5.31323781,5.31323781,0.00000000
0.00000000,0.25351443,-0.00000000,0.00000000,-0.98606391,-0.00730379,-1.11062151,0.00000000,5.33714586,5.33714586,5.33714586,5.33714586,0.00000000
0.00000000,0.25464722,-0.00000000,0.00000000,-0.99156745,-0.00731578,-1.10820223,0.00000000,5.36099417,5.36099417,5.36099417,5.36099417,0.00000000
0.00000000,0.25577710,-0.00000000,0.00000000,-0.99705154,-0.00732732,-1.10578859,0.00000000,5.38478116,5.38478116,5.38478116,5.38478116,0.00000000
0.00000000,0.25690400,-0.00000000,0.00000000,-1.00251581,-0.00733841,-1.10338074,0.00000000,5.40850521,5.40850521,5.40850521,5.40850521,0.00000000
0.00000000,0.25802782,-0.00000000,0.00000000,-1.00795994,-0.00734907,-1.10097886,0.00000000,5.43216472,5.43216472,5.43216472,5.43216472,0.00000000
0.00000000,0.25914851,-0.00000000,0.00000000,-1.01338356,-0.00735929,-1.09858311,0.00000000,5.45575809,5.45575809,5.45575809,5.45575809,0.00000000
0.00000000,0.26026598,-0.00000000,0.00000000,-1.01878634,-0.00736908,-1.09619366,0.00000000,5.47928369,5.47928369,5.47928369,5.47928369,0.00000000
0.00000000,0.26138015,-0.00000000,0.00000000,-1.02416792,-0.00737844,-1.09381068,0.00000000,5.50273991,5.50273991,5.50273991,5.50273991,0.00000000
0.00000000,0.26249094,-0.00000000,0.00000000,-1.02952797,-0.00738738,-1.09143433,0.00000000,5.52612512,5.52612512,5.52612512,5.52612512,0.00000000
0.00000000,0.26359829,-0.00000000,0.00000000,-1.03486613,-0.00739590,-1.08906480,0.00000000,5.54943769,5.54943769,5.54943769,5.54943769,0.00000000
0.00000000,0.26470211,-0.00000000,0.00000000,-1.04018207,-0.00740401,-1.08670224,0.00000000,5.57267598,5.57267598,5.57267598,5.57267598,0.00000000
0.00000000,0.26580232,-0.00000000,0.00000000,-1.04547544,-0.00741170,-1.08434682,0.00000000,5.59583837,5.59583837,5.59583837,5.59583837,0.00000000
0.00000000,0.26689885,-0.00000000,0.00000000,-1.05074591,-0.00741899,-1.08199873,0.00000000,5.61892320,5.61892320,5.61892320,5.61892320,0.00000000
0.00000000,0.26799162,-0.00000000,0.00000000,-1.05599313,-0.00742588,-1.07965812,0.00000000,5.64192883,5.64192883,5.64192883,5.64192883,0.00000000
0.00000000,0.26908055,-0.00000000,0.00000000,-1.06121677,-0.00743237,-1.07732517,0.00000000,5.66485362,5.66485362,5.66485362,5.66485362,0.00000000
0.00000000,0.27016556,-0.00000000,0.00000000,-1.06641649,-0.00743847,-1.07500006,0.00000000,5.68769590,5.68769590,5.68769590,5.68769590,0.00000000
0.00000000,0.27124657,-0.00000000,0.00000000,-1.07159195,-0.00744418,-1.07268295,0.00000000,5.71045404,5.71045404,5.71045404,5.71045404,0.00000000
0.00000000,0.27232350,-0.00000000,0.00000000,-1.07674282,-0.00744951,-1.07037403,0.00000000,5.73312637,5.73312637,5.73312637,5.73312637,0.00000000
0.00000000,0.27339628,-0.00000000,0.00000000,-1.08186877,-0.00745447,-1.06807345,0.00000000,5.75571124,5.75571124,5.75571124,5.75571124,0.00000000
0.00000000,0.27446483,-0.00000000,0.00000000,-1.08696947,-0.00745905,-1.06578140,0.00000000,5.77820697,5.77820697,5.77820697,5.77820697,0.00000000
0.00000000,0.27552907,-0.00000000,0.00000000,-1.09204458,-0.00746327,-1.06349804,0.00000000,5.80061192,5.80061192,5.80061192,5.80061192,0.00000000
0.00000000,0.27658891,-0.00000000,0.00000000,-1.09709378,-0.00746712,-1.06122356,0.00000000,5.82292442,5.82292442,5.82292442,5.82292442,0.00000000
0.00000000,0.27764428,-0.00000000,0.00000000,-1.10211675,-0.00747062,-1.05895813,0.00000000,5.84514281,5.84514281,5.84514281,5.84514281,0.00000000
0.00000000,0.27869511,-0.00000000,0.00000000,-1.10711314,-0.00747377,-1.05670192,0.00000000,5.86726542,5.86726542,5.86726542,5.86726542,0.00000000
0.00000000,0.27974130,-0.00000000,0.00000000,-1.11208266,-0.00747657,-1.05445510,0.00000000,5.88929059,5.88929059,5.88929059,5.88929059,0.00000000
0.00000000,0.28078279,-0.00000000,0.00000000,-1.11702496,-0.00747903,-1.05221786,0.00000000,5.91121666,5.91121666,5.91121666,5.91121666,0.00000000
0.00000000,0.28181949,-0.00000000,0.00000000,-1.12193974,-0.00748116,-1.04999036,0.00000000,5.93304196,5.93304196,5.93304196,5.93304196,0.00000000
0.00000000,0.28285133,-0.00000000,0.00000000,-1.12682667,-0.00748297,-1.04777278,0.00000000,5.95476483,5.95476483,5.95476483,5.95476483,0.00000000
0.00000000,0.28387822,-0.00000000,0.00000000,-1.13168543,-0.00748445,-1.04556530,0.00000000,5.97638362,5.97638362,5.97638362,5.97638362,0.00000000
0.00000000,0.28490009,-0.00000000,0.00000000,-1.13651573,-0.00748561,-1.04336808,0.00000000,5.99789665,5.99789665,5.99789665,5.99789665,0.00000000
0.00000000,0.28591686,-0.00000000,0.00000000,-1.14131723,-0.00748647,-1.04118131,0.00000000,6.01930229,6.01930229,6.01930229,6.01930229,0.00000000
0.00000000,0.28692845,-0.00000000,0.00000000,-1.14608965,-0.00748701,-1.03900516,0.00000000,6.04059886,6.04059886,6.04059886,6.04059886,0.00000000
0.00000000,0.28793477,-0.00000000,0.00000000,-1.15083265,-0.00748727,-1.03683980,0.00000000,6.06178473,6.06178473,6.06178473,6.06178473,0.00000000
0.00000000,0.28893577,-0.00000000,0.00000000,-1.15554595,-0.00748722,-1.03468541,0.00000000,6.08285825,6.08285825,6.08285825,6.08285825,0.00000000
0.00000000,0.28993134,-0.00000000,0.00000000,-1.16022924,-0.00748689,-1.03254215,0.00000000,6.10381777,6.10381777,6.10381777,6.10381777,0.00000000
0.00000000,0.29092143,-0.00000000,0.00000000,-1.16488222,-0.00748628,-1.03041022,0.00000000,6.12466165,6.12466165,6.12466165,6.12466165,0.00000000
0.00000000,0.29190594,-0.00000000,0.00000000,-1.16950460,-0.00748540,-1.02828977,0.00000000,6.14538827,6.14538827,6.14538827,6.14538827,0.00000000
0.00000000,0.29288481,-0.00000000,0.00000000,-1.17409606,-0.00748425,-1.02618098,0.00000000,6.16599599,6.16599599,6.16599599,6.16599599,0.00000000
0.00000000,0.29385795,-0.00000000,0.00000000,-1.17865634,-0.00748283,-1.02408402,0.00000000,6.18648319,6.18648319,6.18648319,6.18648319,0.00000000
0.00000000,0.29482529,-0.00000000,0.00000000,-1.18318513,-0.00748116,-1.02199907,0.00000000,6.20684825,6.20684825,6.20684825,6.20684825,0.00000000
0.00000000,0.29578675,-0.00000000,0.00000000,-1.18768214,-0.00747924,-1.01992629,0.00000000,6.22708958,6.22708958,6.22708958,6.22708958,0.00000000
0.00000000,0.29674226,-0.00000000,0.00000000,-1.19214711,-0.00747708,-1.01786586,0.00000000,6.24720556,6.24720556,6.24720556,6.24720556,0.00000000
0.00000000,0.29769174,-0.00000000,0.00000000,-1.19657973,-0.00747468,-1.01581794,0.00000000,6.26719460,6.26719460,6.26719460,6.26719460,0.00000000
0.00000000,0.29863512,-0.00000000,0.00000000,-1.20097975,-0.00747205,-1.01378272,0.00000000,6.28705511,6.28705511,6.28705511,6.28705511,0.00000000
0.00000000,0.29957231,-0.00000000,0.00000000,-1.20534687,-0.00746919,-1.01176034,0.00000000,6.30678553,6.30678553,6.30678553,6.30678553,0.00000000
0.00000000,0.30050325,-0.00000000,0.00000000,-1.20968084,-0.00746611,-1.00975099,0.00000000,6.32638428,6.32638428,6.32638428,6.32638428,0.00000000
0.00000000,0.30142787,-0.00000000,0.00000000,-1.21398137,-0.00746282,-1.00775483,0.00000000,6.34584981,6.34584981,6.34584981,6.34584981,0.00000000
0.00000000,0.30234608,-0.00000000,0.00000000,-1.21824822,-0.00745933,-1.00577202,0.00000000,6.36518057,6.36518057,6.36518057,6.36518057,0.00000000
0.00000000,0.30325781,-0.00000000,0.00000000,-1.22248111,-0.00745563,-1.00380274,0.00000000,6.38437502,6.38437502,6.38437502,6.38437502,0.00000000
0.00000000,0.30416300,-0.00000000,0.00000000,-1.22667979,-0.00745175,-1.00184713,0.00000000,6.40343165,6.40343165,6.40343165,6.40343165,0.00000000
0.00000000,0.30506157,-0.00000000,0.00000000,-1.23084400,-0.00744767,-0.99990538,0.00000000,6.42234895,6.42234895,6.42234895,6.42234895,0.00000000
0.00000000,0.30595346,-0.00000000,0.00000000,-1.23497350,-0.00744341,-0.99797763,0.00000000,6.44112541,6.44112541,6.44112541,6.44112541,0.00000000
0.00000000,0.30683858,-0.00000000,0.00000000,-1.23906803,-0.00743898,-0.99606405,0.00000000,6.45975955,6.45975955,6.45975955,6.45975955,0.00000000
0.00000000,0.30771687,-0.00000000,0.00000000,-1.24312736,-0.00743438,-0.99416480,0.00000000,6.47824991,6.47824991,6.47824991,6.47824991,0.00000000
0.00000000,0.30858826,-0.00000000,0.00000000,-1.24715125,-0.00742962,-0.99228003,0.00000000,6.49659502,6.49659502,6.49659502,6.49659502,0.00000000
0.00000000,0.30945269,-0.00000000,0.00000000,-1.25113946,-0.00742470,-0.99040990,0.00000000,6.51479345,6.51479345,6.51479345,6.51479345,0.00000000
0.00000000,0.31031008,-0.00000000,0.00000000,-1.25509176,-0.00741963,-0.98855457,0.00000000,6.53284378,6.53284378,6.53284378,6.53284378,0.00000000
0.00000000,0.31116037,-0.00000000,0.00000000,-1.25900792,-0.00741441,-0.98671419,0.00000000,6.55074460,6.55074460,6.55074460,6.55074460,0.00000000
0.00000000,0.31200349,-0.00000000,0.00000000,-1.26288773,-0.00740906,-0.98488891,0.00000000,6.56849451,6.56849451,6.56849451,6.56849451,0.00000000
0.00000000,0.31283938,-0.00000000,0.00000000,-1.26673097,-0.00740357,-0.98307888,0.00000000,6.58609216,6.58609216,6.58609216,6.58609216,0.00000000
0.00000000,0.31366797,-0.00000000,0.00000000,-1.27053742,-0.00739796,-0.98128424,0.00000000,6.60353618,6.60353618,6.60353618,6.60353618,0.00000000
0.00000000,0.31448920,-0.00000000,0.00000000,-1.27430688,-0.00739223,-0.97950515,0.00000000,6.62082525,6.62082525,6.62082525,6.62082525,0.00000000
0.00000000,0.31530301,-0.00000000,0.00000000,-1.27803914,-0.00738638,-0.97774175,0.00000000,6.63795804,6.63795804,6.63795804,6.63795804,0.00000000
0.00000000,0.31610933,-0.00000000,0.00000000,-1.28173401,-0.00738043,-0.97599418,0.00000000,6.65493327,6.65493327,6.65493327,6.65493327,0.00000000
0.00000000,0.31690811,-0.00000000,0.00000000,-1.28539128,-0.00737437,-0.97426258,0.00000000,6.67174967,6.67174967,6.67174967,6.67174967,0.00000000
0.00000000,0.31769928,-0.00000000,0.00000000,-1.28901078,-0.00736821,-0.97254708,0.00000000,6.68840598,6.68840598,6.68840598,6.68840598,0.00000000
0.00000000,0.31848280,-0.00000000,0.00000000,-1.29259232,-0.00736197,-0.97084783,0.00000000,6.70490098,6.70490098,6.70490098,6.70490098,0.00000000
0.00000000,0.31925859,-0.00000000,0.00000000,-1.29613573,-0.00735564,-0.96916496,0.00000000,6.72123347,6.72123347,6.72123347,6.72123347,0.00000000
0.00000000,0.32002661,-0.00000000,0.00000000,-1.29964082,-0.00734923,-0.96749859,0.00000000,6.73740227,6.73740227,6.73740227,6.73740227,0.00000000
0.00000000,0.32078680,-0.00000000,0.00000000,-1.30310744,-0.00734274,-0.96584886,0.00000000,6.75340621,6.75340621,6.75340621,6.75340621,0.00000000
0.00000000,0.32153910,-0.00000000,0.00000000,-1.30653541,-0.00733619,-0.96421588,0.00000000,6.76924418,6.76924418,6.76924418,6.76924418,0.00000000
0.00000000,0.32228347,-0.00000000,0.00000000,-1.30992459,-0.00732957,-0.96259980,0.00000000,6.78491507,6.78491507,6.78491507,6.78491507,0.00000000
0.00000000,0.32301985,-0.00000000,0.00000000,-1.31327483,-0.00732289,-0.96100072,0.00000000,6.80041780,6.80041780,6.80041780,6.80041780,0.00000000
0.00000000,0.32374819,-0.00000000,0.00000000,-1.31658598,-0.00731616,-0.95941876,0.00000000,6.81575133,6.81575133,6.81575133,6.81575133,0.00000000
0.00000000,0.32446844,-0.00000000,0.00000000,-1.31985790,-0.00730939,-0.95785404,0.00000000,6.83091463,6.83091463,6.83091463,6.83091463,0.00000000
0.00000000,0.32518057,-0.00000000,0.00000000,-1.32309046,-0.00730257,-0.95630667,0.00000000,6.84590670,6.84590670,6.84590670,6.84590670,0.00000000
0.00000000,0.32588451,-0.00000000,0.00000000,-1.32628353,-0.00729571,-0.95477675,0.00000000,6.86072660,6.86072660,6.86072660,6.86072660,0.00000000
0.00000000,0.32658024,-0.00000000,0.00000000,-1.32943700,-0.00728882,-0.95326440,0.00000000,6.87537338,6.87537338,6.87537338,6.87537338,0.00000000
0.00000000,0.32726769,-0.00000000,0.00000000,-1.33255075,-0.00728191,-0.95176972,0.00000000,6.88984615,6.88984615,6.88984615,6.88984615,0.00000000
0.00000000,0.32794684,-0.00000000,0.00000000,-1.33562467,-0.00727497,-0.95029281,0.00000000,6.90414403,6.90414403,6.90414403,6.90414403,0.00000000
0.00000000,0.32861764,-0.00000000,0.00000000,-1.33865867,-0.00726801,-0.94883376,0.00000000,6.91826619,6.91826619,6.91826619,6.91826619,0.00000000
0.00000000,0.32928006,-0.00000000,0.00000000,-1.34165264,-0.00726105,-0.94739266,0.00000000,6.93221181,6.93221181,6.93221181,6.93221181,0.00000000
0.00000000,0.32993406,-0.00000000,0.00000000,-1.34460651,-0.00725407,-0.94596961,0.00000000,6.94598014,6.94598014,6.94598014,6.94598014,0.00000000
0.00000000,0.33057960,-0.00000000,0.00000000,-1.34752019,-0.00724709,-0.94456469,0.00000000,6.95957043,6.95957043,6.95957043,6.95957043,0.00000000
0.00000000,0.33121664,-0.00000000,0.00000000,-1.35039361,-0.00724011,-0.94317799,0.00000000,6.97298198,6.97298198,6.97298198,6.97298198,0.00000000
0.00000000,0.33184517,-0.00000000,0.00000000,-1.35322670,-0.00723314,-0.94180957,0.00000000,6.98621412,6.98621412,6.98621412,6.98621412,0.00000000
0.00000000,0.33246515,-0.00000000,0.00000000,-1.35601940,-0.00722618,-0.94045952,0.00000000,6.99926623,6.99926623,6.99926623,6.99926623,0.00000000
0.00000000,0.33307654,-0.00000000,0.00000000,-1.35877167,-0.00721923,-0.93912791,0.00000000,7.01213771,7.01213771,7.01213771,7.01213771,0.00000000
0.00000000,0.33367933,-0.00000000,0.00000000,-1.36148345,-0.00721230,-0.93781480,0.00000000,7.02482800,7.02482800,7.02482800,7.02482800,0.00000000
0.00000000,0.33427349,-0.00000000,0.00000000,-1.36415471,-0.00720539,-0.93652026,0.00000000,7.03733658,7.03733658,7.03733658,7.03733658,0.00000000
0.00000000,0.33485899,-0.00000000,0.00000000,-1.36678543,-0.00719850,-0.93524435,0.00000000,7.04966299,7.04966299,7.04966299,7.04966299,0.00000000
0.00000000,0.33543582,-0.00000000,0.00000000,-1.36937557,-0.00719165,-0.93398712,0.00000000,7.06180677,7.06180677,7.06180677,7.06180677,0.00000000
0.00000000,0.33600396,-0.00000000,0.00000000,-1.37192513,-0.00718483,-0.93274862,0.00000000,7.07376752,7.07376752,7.07376752,7.07376752,0.00000000
0.00000000,0.33656338,-0.00000000,0.00000000,-1.37443410,-0.00717805,-0.93152889,0.00000000,7.08554490,7.08554490,7.08554490,7.08554490,0.00000000
0.00000000,0.33711408,-0.00000000,0.00000000,-1.37690248,-0.00717131,-0.93032799,0.00000000,7.09713857,7.09713857,7.09713857,7.09713857,0.00000000
0.00000000,0.33765604,-0.00000000,0.00000000,-1.37933027,-0.00716461,-0.92914594,0.00000000,7.10854827,7.10854827,7.10854827,7.10854827,0.00000000
0.00000000,0.33818925,-0.00000000,0.00000000,-1.38171751,-0.00715796,-0.92798279,0.00000000,7.11977376,7.11977376,7.11977376,7.11977376,0.00000000
0.00000000,0.33871371,-0.00000000,0.00000000,-1.38406421,-0.00715137,-0.92683855,0.00000000,7.13081485,7.13081485,7.13081485,7.13081485,0.00000000
0.00000000,0.33922939,-0.00000000,0.00000000,-1.38637041,-0.00714482,-0.92571326,0.00000000,7.14167139,7.14167139,7.14167139,7.14167139,0.00000000
0.00000000,0.33973631,-0.00000000,0.00000000,-1.38863614,-0.00713834,-0.92460693,0.00000000,7.15234328,7.15234328,7.15234328,7.15234328,0.00000000
0.00000000,0.34023445,-0.00000000,0.00000000,-1.39086147,-0.00713191,-0.92351958,0.00000000,7.16283046,7.16283046,7.16283046,7.16283046,0.00000000
0.00000000,0.34072381,-0.00000000,0.00000000,-1.39304645,-0.00712555,-0.92245121,0.00000000,7.17313292,7.17313292,7.17313292,7.17313292,0.00000000
0.00000000,0.34120441,-0.00000000,0.00000000,-1.39519114,-0.00711926,-0.92140184,0.00000000,7.18325069,7.18325069,7.18325069,7.18325069,0.00000000
0.00000000,0.34167623,-0.00000000,0.00000000,-1.39729564,-0.00711303,-0.92037146,0.00000000,7.19318384,7.19318384,7.19318384,7.19318384,0.00000000
0.00000000,0.34213929,-0.00000000,0.00000000,-1.39936001,-0.00710688,-0.91936006,0.00000000,7.20293250,7.20293250,7.20293250,7.20293250,0.00000000
0.00000000,0.34259360,-0.00000000,0.00000000,-1.40138436,-0.00710080,-0.91836765,0.00000000,7.21249685,7.21249685,7.21249685,7.21249685,0.00000000
0.00000000,0.34303916,-0.00000000,0.00000000,-1.40336878,-0.00709480,-0.91739420,0.00000000,7.22187710,7.22187710,7.22187710,7.22187710,0.00000000
0.00000000,0.34347599,-0.00000000,0.00000000,-1.40531340,-0.00708887,-0.91643969,0.00000000,7.23107352,7.23107352,7.23107352,7.23107352,0.00000000
0.00000000,0.34390411,-0.00000000,0.00000000,-1.40721833,-0.00708303,-0.91550410,0.00000000,7.24008643,7.24008643,7.24008643,7.24008643,0.00000000
0.00000000,0.34432352,-0.00000000,0.00000000,-1.40908370,-0.00707727,-0.91458739,0.00000000,7.24891619,7.24891619,7.24891619,7.24891619,0.00000000
0.00000000,0.34473425,-0.00000000,0.00000000,-1.41090965,-0.00707160,-0.91368954,0.00000000,7.25756322,7.25756322,7.25756322,7.25756322,0.00000000
0.00000000,0.34513633,-0.00000000,0.00000000,-1.41269633,-0.00706601,-0.91281050,0.00000000,7.26602797,7.26602797,7.26602797,7.26602797,0.00000000
0.00000000,0.34552977,-0.00000000,0.00000000,-1.41444390,-0.00706052,-0.91195022,0.00000000,7.27431096,7.27431096,7.27431096,7.27431096,0.00000000
0.00000000,0.34591461,-0.00000000,0.00000000,-1.41615253,-0.00705511,-0.91110866,0.00000000,7.28241277,7.28241277,7.28241277,7.28241277,0.00000000
0.00000000,0.34629086,-0.00000000,0.00000000,-1.41782238,-0.00704980,-0.91028575,0.00000000,7.29033399,7.29033399,7.29033399,7.29033399,0.00000000
0.00000000,0.34665858,-0.00000000,0.00000000,-1.41945366,-0.00704458,-0.90948143,0.00000000,7.29807530,7.29807530,7.29807530,7.29807530,0.00000000
0.00000000,0.34701778,-0.00000000,0.00000000,-1.42104655,-0.00703946,-0.90869564,0.00000000,7.30563742,7.30563742,7.30563742,7.30563742,0.00000000
0.00000000,0.34736850,-0.00000000,0.00000000,-1.42260127,-0.00703443,-0.90792830,0.00000000,7.31302111,7.31302111,7.31302111,7.31302111,0.00000000
0.00000000,0.34771079,-0.00000000,0.00000000,-1.42411802,-0.00702950,-0.90717934,0.00000000,7.32022719,7.32022719,7.32022719,7.32022719,0.00000000
0.00000000,0.34804469,-0.00000000,0.00000000,-1.42559703,-0.00702467,-0.90644866,0.00000000,7.32725655,7.32725655,7.32725655,7.32725655,0.00000000
0.00000000,0.34837023,-0.00000000,0.00000000,-1.42703854,-0.00701994,-0.90573618,0.00000000,7.33411009,7.33411009,7.33411009,7.33411009,0.00000000
0.00000000,0.34868747,-0.00000000,0.00000000,-1.42844279,-0.00701531,-0.90504180,0.00000000,7.34078881,7.34078881,7.34078881,7.34078881,0.00000000
0.00000000,0.34899645,-0.00000000,0.00000000,-1.42981003,-0.00701079,-0.90436542,0.00000000,7.34729374,7.34729374,7.34729374,7.34729374,0.00000000
0.00000000,0.34929723,-0.00000000,0.00000000,-1.43114054,-0.00700637,-0.90370693,0.00000000,7.35362596,7.35362596,7.35362596,7.35362596,0.00000000
0.00000000,0.34958986,-0.00000000,0.00000000,-1.43243457,-0.00700205,-0.90306622,0.00000000,7.35978660,7.35978660,7.35978660,7.35978660,0.00000000
0.00000000,0.34987440,-0.00000000,0.00000000,-1.43369243,-0.00699783,-0.90244317,0.00000000,7.36577687,7.36577687,7.36577687,7.36577687,0.00000000
0.00000000,0.35015091,-0.00000000,0.00000000,-1.43491440,-0.00699372,-0.90183765,0.00000000,7.37159800,7.37159800,7.37159800,7.37159800,0.00000000
0.00000000,0.35041944,-0.00000000,0.00000000,-1.43610079,-0.00698971,-0.90124954,0.00000000,7.37725130,7.37725130,7.37725130,7.37725130,0.00000000
0.00000000,0.35068006,-0.00000000,0.00000000,-1.43725191,-0.00698581,-0.90067870,0.00000000,7.38273812,7.38273812,7.38273812,7.38273812,0.00000000
0.00000000,0.35093284,-0.00000000,0.00000000,-1.43836809,-0.00698201,-0.90012499,0.00000000,7.38805987,7.38805987,7.38805987,7.38805987,0.00000000
0.00000000,0.35117786,-0.00000000,0.00000000,-1.43944966,-0.00697832,-0.89958825,0.00000000,7.39321801,7.39321801,7.39321801,7.39321801,0.00000000
0.00000000,0.35141517,-0.00000000,0.00000000,-1.44049697,-0.00697474,-0.89906834,0.00000000,7.39821406,7.39821406,7.39821406,7.39821406,0.00000000
0.00000000,0.35164486,-0.00000000,0.00000000,-1.44151037,-0.00697126,-0.89856509,0.00000000,7.40304959,7.40304959,7.40304959,7.40304959,0.00000000
0.00000000,0.35186700,-0.00000000,0.00000000,-1.44249024,-0.00696788,-0.89807834,0.00000000,7.40772623,7.40772623,7.40772623,7.40772623,0.00000000
0.00000000,0.35208167,-0.00000000,0.00000000,-1.44343693,-0.00696461,-0.89760792,0.00000000,7.41224566,7.41224566,7.41224566,7.41224566,0.00000000
0.00000000,0.35228896,-0.00000000,0.00000000,-1.44435085,-0.00696145,-0.89715365,0.00000000,7.41660961,7.41660961,7.41660961,7.41660961,0.00000000
0.00000000,0.35248894,-0.00000000,0.00000000,-1.44523239,-0.00695839,-0.89671535,0.00000000,7.42081987,7.42081987,7.42081987,7.42081987,0.00000000
0.00000000,0.35268172,-0.00000000,0.00000000,-1.44608195,-0.00695543,-0.89629283,0.00000000,7.42487829,7.42487829,7.42487829,7.42487829,0.00000000
0.00000000,0.35286737,-0.00000000,0.00000000,-1.44689996,-0.00695257,-0.89588589,0.00000000,7.42878678,7.42878678,7.42878678,7.42878678,0.00000000
0.00000000,0.35304600,-0.00000000,0.00000000,-1.44768684,-0.00694982,-0.89549433,0.00000000,7.43254727,7.43254727,7.43254727,7.43254727,0.00000000
0.00000000,0.35321769,-0.00000000,0.00000000,-1.44844303,-0.00694717,-0.89511796,0.00000000,7.43616180,7.43616180,7.43616180,7.43616180,0.00000000
0.00000000,0.35338254,-0.00000000,0.00000000,-1.44916898,-0.00694461,-0.89475654,0.00000000,7.43963241,7.43963241,7.43963241,7.43963241,0.00000000
0.00000000,0.35354066,-0.00000000,0.00000000,-1.44986515,-0.00694216,-0.89440988,0.00000000,7.44296123,7.44296123,7.44296123,7.44296123,0.00000000
0.00000000,0.35369215,-0.00000000,0.00000000,-1.45053200,-0.00693981,-0.89407773,0.00000000,7.44615043,7.44615043,7.44615043,7.44615043,0.00000000
0.00000000,0.35383711,-0.00000000,0.00000000,-1.45117003,-0.00693755,-0.89375988,0.00000000,7.44920224,7.44920224,7.44920224,7.44920224,0.00000000
0.00000000,0.35397565,-0.00000000,0.00000000,-1.45177971,-0.00693539,-0.89345609,0.00000000,7.45211895,7.45211895,7.45211895,7.45211895,0.00000000
0.00000000,0.35410789,-0.00000000,0.00000000,-1.45236155,-0.00693333,-0.89316611,0.00000000,7.45490289,7.45490289,7.45490289,7.45490289,0.00000000
0.00000000,0.35423393,-0.00000000,0.00000000,-1.45291607,-0.00693136,-0.89288970,0.00000000,7.45755645,7.45755645,7.45755645,7.45755645,0.00000000
0.00000000,0.35435390,-0.00000000,0.00000000,-1.45344378,-0.00692948,-0.89262660,0.00000000,7.46008208,7.46008208,7.46008208,7.46008208,0.00000000
0.00000000,0.35446791,-0.00000000,0.00000000,-1.45394523,-0.00692769,-0.89237656,0.00000000,7.46248229,7.46248229,7.46248229,7.46248229,0.00000000
0.00000000,0.35457608,-0.00000000,0.00000000,-1.45442094,-0.00692599,-0.89213931,0.00000000,7.46475963,7.46475963,7.46475963,7.46475963,0.00000000
0.00000000,0.35467854,-0.00000000,0.00000000,-1.45487148,-0.00692438,-0.89191458,0.00000000,7.46691670,7.46691670,7.46691670,7.46691670,0.00000000
0.00000000,0.35477542,-0.00000000,0.00000000,-1.45529741,-0.00692286,-0.89170209,0.00000000,7.46895617,7.46895617,7.46895617,7.46895617,0.00000000
0.00000000,0.35486684,-0.00000000,0.00000000,-1.45569930,-0.00692142,-0.89150157,0.00000000,7.47088076,7.47088076,7.47088076,7.47088076,0.00000000
0.00000000,0.35495293,-0.00000000,0.00000000,-1.45607775,-0.00692006,-0.89131272,0.00000000,7.47269324,7.47269324,7.47269324,7.47269324,0.00000000
0.00000000,0.35503383,-0.00000000,0.00000000,-1.45643335,-0.00691878,-0.89113526,0.00000000,7.47439644,7.47439644,7.47439644,7.47439644,0.00000000
0.00000000,0.35510968,-0.00000000,0.00000000,-1.45676670,-0.00691759,-0.89096887,0.00000000,7.47599323,7.47599323,7.47599323,7.47599323,0.00000000
0.00000000,0.35518061,-0.00000000,0.00000000,-1.45707842,-0.00691646,-0.89081327,0.00000000,7.47748654,7.47748654,7.47748654,7.47748654,0.00000000
0.00000000,0.35524677,-0.00000000,0.00000000,-1.45736915,-0.00691542,-0.89066813,0.00000000,7.47887937,7.47887937,7.47887937,7.47887937,0.00000000
0.00000000,0.35530830,-0.00000000,0.00000000,-1.45763951,-0.00691444,-0.89053314,0.00000000,7.48017474,7.48017474,7.48017474,7.48017474,0.00000000
0.00000000,0.35536535,-0.00000000,0.00000000,-1.45789017,-0.00691354,-0.89040799,0.00000000,7.48137575,7.48137575,7.48137575,7.48137575,0.00000000
0.00000000,0.35541806,-0.00000000,0.00000000,-1.45812177,-0.00691270,-0.89029233,0.00000000,7.48248556,7.48248556,7.48248556,7.48248556,0.00000000
0.00000000,0.35546660,-0.00000000,0.00000000,-1.45833499,-0.00691193,-0.89018585,0.00000000,7.48350734,7.48350734,7.48350734,7.48350734,0.00000000
0.00000000,0.35551111,-0.00000000,0.00000000,-1.45853052,-0.00691123,-0.89008820,0.00000000,7.48444437,7.48444437,7.48444437,7.48444437,0.00000000
0.00000000,0.35555175,-0.00000000,0.00000000,-1.45870904,-0.00691058,-0.88999904,0.00000000,7.48529993,7.48529993,7.48529993,7.48529993,0.00000000
0.00000000,0.35558868,-0.00000000,0.00000000,-1.45887125,-0.00690999,-0.88991801,0.00000000,7.48607738,7.48607738,7.48607738,7.48607738,0.00000000
0.00000000,0.35562206,-0.00000000,0.00000000,-1.45901787,-0.00690946,-0.88984477,0.00000000,7.48678014,7.48678014,7.48678014,7.48678014,0.00000000
0.00000000,0.35565205,-0.00000000,0.00000000,-1.45914963,-0.00690899,-0.88977896,0.00000000,7.48741167,7.48741167,7.48741167,7.48741167,0.00000000
0.00000000,0.35567883,-0.00000000,0.00000000,-1.45926725,-0.00690856,-0.88972020,0.00000000,7.48797547,7.48797547,7.48797547,7.48797547,0.00000000
0.00000000,0.35570257,-0.00000000,0.00000000,-1.45937149,-0.00690818,-0.88966812,0.00000000,7.48847512,7.48847512,7.48847512,7.48847512,0.00000000
0.00000000,0.35572343,-0.00000000,0.00000000,-1.45946309,-0.00690785,-0.88962236,0.00000000,7.48891423,7.48891423,7.48891423,7.48891423,0.00000000
0.00000000,0.35574158,-0.00000000,0.00000000,-1.45954283,-0.00690756,-0.88958252,0.00000000,7.48929648,7.48929648,7.48929648,7.48929648,0.00000000
0.00000000,0.35575722,-0.00000000,0.00000000,-1.45961149,-0.00690731,-0.88954822,0.00000000,7.48962558,7.48962558,7.48962558,7.48962558,0.00000000
0.00000000,0.35577050,-0.00000000,0.00000000,-1.45966984,-0.00690710,-0.88951906,0.00000000,7.48990531,7.48990531,7.48990531,7.48990531,0.00000000
0.00000000,0.35578163,-0.00000000,0.00000000,-1.45971869,-0.00690692,-0.88949466,0.00000000,7.49013950,7.49013950,7.49013950,7.49013950,0.00000000
0.00000000,0.35579077,-0.00000000,0.00000000,-1.45975885,-0.00690678,-0.88947459,0.00000000,7.49033203,7.49033203,7.49033203,7.49033203,0.00000000
0.00000000,0.35579812,-0.00000000,0.00000000,-1.45979114,-0.00690666,-0.88945846,0.00000000,7.49048683,7.49048683,7.49048683,7.49048683,0.00000000
0.00000000,0.35580387,-0.00000000,0.00000000,-1.45981639,-0.00690657,-0.88944584,0.00000000,7.49060787,7.49060787,7.49060787,7.49060787,0.00000000
0.00000000,0.35580821,-0.00000000,0.00000000,-1.45983544,-0.00690650,-0.88943632,0.00000000,7.49069921,7.49069921,7.49069921,7.49069921,0.00000000
0.00000000,0.35581133,-0.00000000,0.00000000,-1.45984915,-0.00690645,-0.88942947,0.00000000,7.49076492,7.49076492,7.49076492,7.49076492,0.00000000
0.00000000,0.35581343,-0.00000000,0.00000000,-1.45985837,-0.00690642,-0.88942486,0.00000000,7.49080914,7.49080914,7.49080914,7.49080914,0.00000000
0.00000000,0.35581471,-0.00000000,0.00000000,-1.45986399,-0.00690640,-0.88942206,0.00000000,7.49083607,7.49083607,7.49083607,7.49083607,0.00000000
0.00000000,0.35581537,-0.00000000,0.00000000,-1.45986689,-0.00690639,-0.88942061,0.00000000,7.49084996,7.49084996,7.49084996,7.49084996,0.00000000
0.00000000,0.35581562,-0.00000000,0.00000000,-1.45986796,-0.00690638,-0.88942007,0.00000000,7.49085509,7.49085509,7.49085509,7.49085509,0.00000000
0.00000000,0.35581565,-0.00000000,0.00000000,-1.45986811,-0.00690638,-0.88942000,0.00000000,7.49085583,7.49085583,7.49085583,7.49085583,0.00000000
0.00000000,0.35581555,-0.00000000,0.00000000,-1.45987157,-0.00690629,-0.88941663,0.00000000,7.49085359,7.49085359,7.49085359,7.49085359,0.00000000
0.00000000,0.35581481,-0.00000000,0.00000000,-1.45989537,-0.00690565,-0.88939347,0.00000000,7.49083815,7.49083815,7.49083815,7.49083815,0.00000000
0.00000000,0.35581286,-0.00000000,0.00000000,-1.45995873,-0.00690395,-0.88933181,0.00000000,7.49079708,7.49079708,7.49079708,7.49079708,0.00000000
0.00000000,0.35580914,-0.00000000,0.00000000,-1.46007963,-0.00690070,-0.88921416,0.00000000,7.49071875,7.49071875,7.49071875,7.49071875,0.00000000
0.00000000,0.35580314,-0.00000000,0.00000000,-1.46027489,-0.00689544,-0.88902416,0.00000000,7.49059240,7.49059240,7.49059240,7.49059240,0.00000000
0.00000000,0.35579439,-0.00000000,0.00000000,-1.46056014,-0.00688775,-0.88874660,0.00000000,7.49040813,7.49040813,7.49040813,7.49040813,0.00000000
0.00000000,0.35578246,-0.00000000,0.00000000,-1.46094989,-0.00687721,-0.88836739,0.00000000,7.49015702,7.49015702,7.49015702,7.49015702,0.00000000
0.00000000,0.35576698,-0.00000000,0.00000000,-1.46145755,-0.00686344,-0.88787350,0.00000000,7.48983114,7.48983114,7.48983114,7.48983114,0.00000000
0.00000000,0.35574762,-0.00000000,0.00000000,-1.46209540,-0.00684606,-0.88725303,0.00000000,7.48942362,7.48942362,7.48942362,7.48942362,0.00000000
0.00000000,0.35572411,-0.00000000,0.00000000,-1.46287471,-0.00682471,-0.88649508,0.00000000,7.48892871,7.48892871,7.48892871,7.48892871,0.00000000
0.00000000,0.35569624,-0.00000000,0.00000000,-1.46380567,-0.00679903,-0.88558980,0.00000000,7.48834182,7.48834182,7.48834182,7.48834182,0.00000000
0.00000000,0.35566383,-0.00000000,0.00000000,-1.46489748,-0.00676867,-0.88452834,0.00000000,7.48765962,7.48765962,7.48765962,7.48765962,0.00000000
0.00000000,0.35562680,-0.00000000,0.00000000,-1.46615836,-0.00673329,-0.88330284,0.00000000,7.48688001,7.48688001,7.48688001,7.48688001,0.00000000
0.00000000,0.35558511,-0.00000000,0.00000000,-1.46759557,-0.00669253,-0.88190639,0.00000000,7.48600222,7.48600222,7.48600222,7.48600222,0.00000000
0.00000000,0.35553877,-0.00000000,0.00000000,-1.46921542,-0.00664606,-0.88033301,0.00000000,7.48502680,7.48502680,7.48502680,7.48502680,0.00000000
0.00000000,0.35548789,-0.00000000,0.00000000,-1.47102333,-0.00659351,-0.87857766,0.00000000,7.48395564,7.48395564,7.48395564,7.48395564,0.00000000
0.00000000,0.35543262,-0.00000000,0.00000000,-1.47302382,-0.00653453,-0.87663614,0.00000000,7.48279199,7.48279199,7.48279199,7.48279199,0.00000000
0.00000000,0.35537317,-0.00000000,0.00000000,-1.47522057,-0.00646876,-0.87450515,0.00000000,7.48154042,7.48154042,7.48154042,7.48154042,0.00000000
0.00000000,0.35530982,-0.00000000,0.00000000,-1.47761643,-0.00639585,-0.87218221,0.00000000,7.48020683,7.48020683,7.48020683,7.48020683,0.00000000
0.00000000,0.35524292,-0.00000000,0.00000000,-1.48021344,-0.00631543,-0.86966563,0.00000000,7.47879839,7.47879839,7.47879839,7.47879839,0.00000000
0.00000000,0.35517287,-0.00000000,0.00000000,-1.48301285,-0.00622713,-0.86695451,0.00000000,7.47732352,7.47732352,7.47732352,7.47732352,0.00000000
0.00000000,0.35510011,-0.00000000,0.00000000,-1.48601517,-0.00613061,-0.86404872,0.00000000,7.47579181,7.47579181,7.47579181,7.47579181,0.00000000
0.00000000,0.35502516,-0.00000000,0.00000000,-1.48922018,-0.00602551,-0.86094880,0.00000000,7.47421398,7.47421398,7.47421398,7.47421398,0.00000000
0.00000000,0.35494858,-0.00000000,0.00000000,-1.49262697,-0.00591149,-0.85765603,0.00000000,7.47260175,7.47260175,7.47260175,7.47260175,0.00000000
0.00000000,0.35487097,-0.00000000,0.00000000,-1.49623392,-0.00578825,-0.85417231,0.00000000,7.47096782,7.47096782,7.47096782,7.47096782,0.00000000
0.00000000,0.35479297,-0.00000000,0.00000000,-1.50003880,-0.00565548,-0.85050021,0.00000000,7.46932572,7.46932572,7.46932572,7.46932572,0.00000000
0.00000000,0.35471526,-0.00000000,0.00000000,-1.50403872,-0.00551293,-0.84664284,0.00000000,7.46768972,7.46768972,7.46768972,7.46768972,0.00000000
0.00000000,0.35463855,-0.00000000,0.00000000,-1.50823021,-0.00536034,-0.84260394,0.00000000,7.46607474,7.46607474,7.46607474,7.46607474,0.00000000
0.00000000,0.35456357,-0.00000000,0.00000000,-1.51260920,-0.00519755,-0.83838774,0.00000000,7.46449618,7.46449618,7.46449618,7.46449618,0.00000000
0.00000000,0.35449107,-0.00000000,0.00000000,-1.51717109,-0.00502440,-0.83399899,0.00000000,7.46296984,7.46296984,7.46296984,7.46296984,0.00000000
0.00000000,0.35442181,-0.00000000,0.00000000,-1.52191075,-0.00484082,-0.82944292,0.00000000,7.46151178,7.46151178,7.46151178,7.46151178,0.00000000
0.00000000,0.35435656,-0.00000000,0.00000000,-1.52682252,-0.00464678,-0.82472519,0.00000000,7.46013818,7.46013818,7.46013818,7.46013818,0.00000000
0.00000000,0.35429610,-0.00000000,0.00000000,-1.53190030,-0.00444232,-0.81985188,0.00000000,7.45886523,7.45886523,7.45886523,7.45886523,0.00000000
0.00000000,0.35424118,-0.00000000,0.00000000,-1.53713749,-0.00422756,-0.81482944,0.00000000,7.45770897,7.45770897,7.45770897,7.45770897,0.00000000
0.00000000,0.35419255,-0.00000000,0.00000000,-1.54252708,-0.00400271,-0.80966470,0.00000000,7.45668517,7.45668517,7.45668517,7.45668517,0.00000000
0.00000000,0.35415094,-0.00000000,0.00000000,-1.54806166,-0.00376804,-0.80436480,0.00000000,7.45580920,7.45580920,7.45580920,7.45580920,0.00000000
0.00000000,0.35411706,-0.00000000,0.00000000,-1.55373341,-0.00352391,-0.79893717,0.00000000,7.45509591,7.45509591,7.45509591,7.45509591,0.00000000
0.00000000,0.35409158,-0.00000000,0.00000000,-1.55953416,-0.00327079,-0.79338954,0.00000000,7.45455948,7.45455948,7.45455948,7.45455948,0.00000000
0.00000000,0.35407513,-0.00000000,0.00000000,-1.56545541,-0.00300921,-0.78772987,0.00000000,7.45421334,7.45421334,7.45421334,7.45421334,0.00000000
0.00000000,0.35406832,-0.00000000,0.00000000,-1.57148834,-0.00273980,-0.78196635,0.00000000,7.45407000,7.45407000,7.45407000,7.45407000,0.00000000
0.00000000,0.35407170,-0.00000000,0.00000000,-1.57762384,-0.00246326,-0.77610739,0.00000000,7.45414100,7.45414100,7.45414100,7.45414100,0.00000000
0.00000000,0.35408575,-0.00000000,0.00000000,-1.58385253,-0.00218040,-0.77016156,0.00000000,7.45443677,7.45443677,7.45443677,7.45443677,0.00000000
0.00000000,0.35411091,-0.00000000,0.00000000,-1.59016481,-0.00189206,-0.76413762,0.00000000,7.45496654,7.45496654,7.45496654,7.45496654,0.00000000
0.00000000,0.35414757,-0.00000000,0.00000000,-1.59655085,-0.00159919,-0.75804445,0.00000000,7.45573828,7.45573828,7.45573828,7.45573828,0.00000000
0.00000000,0.35419603,-0.00000000,0.00000000,-1.60300064,-0.00130276,-0.75189109,0.00000000,7.45675858,7.45675858,7.45675858,7.45675858,0.00000000
0.00000000,0.35425655,-0.00000000,0.00000000,-1.60950401,-0.00100381,-0.74568667,0.00000000,7.45803263,7.45803263,7.45803263,7.45803263,0.00000000
0.00000000,0.35432930,-0.00000000,0.00000000,-1.61605065,-0.00070341,-0.73944043,0.00000000,7.45956412,7.45956412,7.45956412,7.45956412,0.00000000
0.00000000,0.35441437,-0.00000000,0.00000000,-1.62263015,-0.00040264,-0.73316170,0.00000000,7.46135521,7.46135521,7.46135521,7.46135521,0.00000000
0.00000000,0.35451181,-0.00000000,0.00000000,-1.62923202,-0.00010260,-0.72685987,0.00000000,7.46340652,7.46340652,7.46340652,7.46340652,0.00000000
0.00000000,0.35462156,-0.00000000,0.00000000,-1.63584570,0.00019559,-0.72054439,0.00000000,7.46571705,7.46571705,7.46571705,7.46571705,0.00000000
0.00000000,0.35474350,-0.00000000,0.00000000,-1.64246061,0.00049087,-0.71422475,0.00000000,7.46828421,7.46828421,7.46828421,7.46828421,0.00000000
0.00000000,0.35487743,-0.00000000,0.00000000,-1.64906618,0.00078218,-0.70791049,0.00000000,7.47110380,7.47110380,7.47110380,7.47110380,0.00000000
0.00000000,0.35502308,-0.00000000,0.00000000,-1.65565185,0.00106852,-0.70161116,0.00000000,7.47417001,7.47417001,7.47417001,7.47417001,0.00000000
0.00000000,0.35518008,-0.00000000,0.00000000,-1.66220712,0.00134891,-0.69533628,0.00000000,7.47747546,7.47747546,7.47747546,7.47747546,0.00000000
0.00000000,0.35534803,-0.00000000,0.00000000,-1.66872156,0.00162248,-0.68909541,0.00000000,7.48101122,7.48101122,7.48101122,7.48101122,0.00000000
0.00000000,0.35552643,-0.00000000,0.00000000,-1.67518485,0.00188839,-0.68289804,0.00000000,7.48476686,7.48476686,7.48476686,7.48476686,0.00000000
0.00000000,0.35571470,-0.00000000,0.00000000,-1.68158679,0.00214593,-0.67675362,0.00000000,7.48873047,7.48873047,7.48873047,7.48873047,0.00000000
0.00000000,0.35591222,-0.00000000,0.00000000,-1.68791735,0.00239442,-0.67067156,0.00000000,7.49288878,7.49288878,7.49288878,7.49288878,0.00000000
0.00000000,0.35611829,-0.00000000,0.00000000,-1.69416666,0.00263332,-0.66466116,0.00000000,7.49722719,7.49722719,7.49722719,7.49722719,0.00000000
0.00000000,0.35633217,-0.00000000,0.00000000,-1.70032505,0.00286217,-0.65873161,0.00000000,7.50172990,7.50172990,7.50172990,7.50172990,0.00000000
0.00000000,0.35655305,-0.00000000,0.00000000,-1.70638309,0.00308059,-0.65289199,0.00000000,7.50637996,7.50637996,7.50637996,7.50637996,0.00000000
0.00000000,0.35678007,-0.00000000,0.00000000,-1.71233159,0.00328832,-0.64715122,0.00000000,7.51115940,7.51115940,7.51115940,7.51115940,0.00000000
0.00000000,0.35701234,-0.00000000,0.00000000,-1.71816165,0.00348518,-0.64151802,0.00000000,7.51604935,7.51604935,7.51604935,7.51604935,0.00000000
0.00000000,0.35724893,-0.00000000,0.00000000,-1.72386464,0.00367109,-0.63600095,0.00000000,7.52103015,7.52103015,7.52103015,7.52103015,0.00000000
0.00000000,0.35748887,-0.00000000,0.00000000,-1.72943226,0.00384605,-0.63060828,0.00000000,7.52608149,7.52608149,7.52608149,7.52608149,0.00000000
0.00000000,0.35773117,-0.00000000,0.00000000,-1.73485658,0.00401013,-0.62534805,0.00000000,7.53118254,7.53118254,7.53118254,7.53118254,0.00000000
0.00000000,0.35797483,-0.00000000,0.00000000,-1.74012999,0.00416350,-0.62022800,0.00000000,7.53631211,7.53631211,7.53631211,7.53631211,0.00000000
0.00000000,0.35821882,-0.00000000,0.00000000,-1.74524532,0.00430636,-0.61525553,0.00000000,7.54144879,7.54144879,7.54144879,7.54144879,0.00000000
0.00000000,0.35846213,-0.00000000,0.00000000,-1.75019579,0.00443901,-0.61043771,0.00000000,7.54657110,7.54657110,7.54657110,7.54657110,0.00000000
0.00000000,0.35870374,-0.00000000,0.00000000,-1.75497507,0.00456176,-0.60578118,0.00000000,7.55165764,7.55165764,7.55165764,7.55165764,0.00000000
0.00000000,0.35894265,-0.00000000,0.00000000,-1.75957730,0.00467498,-0.60129217,0.00000000,7.55668728,7.55668728,7.55668728,7.55668728,0.00000000
0.00000000,0.35917787,-0.00000000,0.00000000,-1.76399710,0.00477909,-0.59697647,0.00000000,7.56163928,7.56163928,7.56163928,7.56163928,0.00000000
0.00000000,0.35940844,-0.00000000,0.00000000,-1.76822963,0.00487450,-0.59283935,0.00000000,7.56649349,7.56649349,7.56649349,7.56649349,0.00000000
0.00000000,0.35963345,-0.00000000,0.00000000,-1.77227059,0.00496166,-0.58888556,0.00000000,7.57123047,7.57123047,7.57123047,7.57123047,0.00000000
0.00000000,0.35985201,-0.00000000,0.00000000,-1.77611624,0.00504104,-0.58511929,0.00000000,7.57583168,7.57583168,7.57583168,7.57583168,0.00000000
0.00000000,0.36006328,-0.00000000,0.00000000,-1.77976347,0.00511310,-0.58154413,0.00000000,7.58027961,7.58027961,7.58027961,7.58027961,0.00000000
0.00000000,0.36026650,-0.00000000,0.00000000,-1.78320976,0.00517830,-0.57816303,0.00000000,7.58455793,7.58455793,7.58455793,7.58455793,0.00000000
0.00000000,0.36046095,-0.00000000,0.00000000,-1.78645329,0.00523710,-0.57497830,0.00000000,7.58865164,7.58865164,7.58865164,7.58865164,0.00000000
0.00000000,0.36064599,-0.00000000,0.00000000,-1.78949291,0.00528995,-0.57199153,0.00000000,7.59254719,7.59254719,7.59254719,7.59254719,0.00000000
0.00000000,0.36082105,-0.00000000,0.00000000,-1.79232817,0.00533728,-0.56920360,0.00000000,7.59623260,7.59623260,7.59623260,7.59623260,0.00000000
0.00000000,0.36098564,-0.00000000,0.00000000,-1.79495939,0.00537951,-0.56661461,0.00000000,7.59969760,7.59969760,7.59969760,7.59969760,0.00000000
0.00000000,0.36113935,-0.00000000,0.00000000,-1.79738764,0.00541703,-0.56422388,0.00000000,7.60293372,7.60293372,7.60293372,7.60293372,0.00000000
0.00000000,0.36128188,-0.00000000,0.00000000,-1.79961481,0.00545023,-0.56202991,0.00000000,7.60593435,7.60593435,7.60593435,7.60593435,0.00000000
0.00000000,0.36141301,-0.00000000,0.00000000,-1.80164360,0.00547946,-0.56003035,0.00000000,7.60869488,7.60869488,7.60869488,7.60869488,0.00000000
0.00000000,0.36153260,-0.00000000,0.00000000,-1.80347759,0.00550505,-0.55822195,0.00000000,7.61121270,7.61121270,7.61121270,7.61121270,0.00000000
0.00000000,0.36164065,-0.00000000,0.00000000,-1.80512122,0.00552731,-0.55660058,0.00000000,7.61348731,7.61348731,7.61348731,7.61348731,0.00000000
0.00000000,0.36173722,-0.00000000,0.00000000,-1.80657986,0.00554654,-0.55516117,0.00000000,7.61552032,7.61552032,7.61552032,7.61552032,0.00000000
0.00000000,0.36182249,-0.00000000,0.00000000,-1.80785981,0.00556299,-0.55389768,0.00000000,7.61731550,7.61731550,7.61731550,7.61731550,0.00000000
0.00000000,0.36189674,-0.00000000,0.00000000,-1.80896833,0.00557694,-0.55280310,0.00000000,7.61887877,7.61887877,7.61887877,7.61887877,0.00000000
0.00000000,0.36196037,-0.00000000,0.00000000,-1.80991368,0.00558860,-0.55186940,0.00000000,7.62021825,7.62021825,7.62021825,7.62021825,0.00000000
0.00000000,0.36201385,-0.00000000,0.00000000,-1.81070514,0.00559819,-0.55108754,0.00000000,7.62134417,7.62134417,7.62134417,7.62134417,0.00000000
0.00000000,0.36205777,-0.00000000,0.00000000,-1.81135302,0.00560594,-0.55044741,0.00000000,7.62226891,7.62226891,7.62226891,7.62226891,0.00000000
0.00000000,0.36209283,-0.00000000,0.00000000,-1.81186870,0.00561203,-0.54993782,0.00000000,7.62300697,7.62300697,7.62300697,7.62300697,0.00000000
0.00000000,0.36211981,-0.00000000,0.00000000,-1.81226465,0.00561666,-0.54954651,0.00000000,7.62357489,7.62357489,7.62357489,7.62357489,0.00000000
0.00000000,0.36213958,-0.00000000,0.00000000,-1.81255445,0.00562003,-0.54926007,0.00000000,7.62399125,7.62399125,7.62399125,7.62399125,0.00000000
0.00000000,0.36215314,-0.00000000,0.00000000,-1.81275282,0.00562232,-0.54906399,0.00000000,7.62427661,7.62427661,7.62427661,7.62427661,0.00000000
0.00000000,0.36216154,-0.00000000,0.00000000,-1.81287566,0.00562374,-0.54894256,0.00000000,7.62445346,7.62445346,7.62445346,7.62445346,0.00000000
0.00000000,0.36216594,-0.00000000,0.00000000,-1.81294003,0.00562448,-0.54887893,0.00000000,7.62454617,7.62454617,7.62454617,7.62454617,0.00000000
0.00000000,0.36216760,-0.00000000,0.00000000,-1.81296422,0.00562475,-0.54885503,0.00000000,7.62458102,7.62458102,7.62458102,7.62458102,0.00000000
0.00000000,0.36216784,-0.00000000,0.00000000,-1.81296773,0.00562479,-0.54885155,0.00000000,7.62458608,7.62458608,7.62458608,7.62458608,0.00000000
0.00000000,0.36216784,-0.00000000,0.00000000,-1.81296773,0.00562479,-0.54885155,0.00000000,7.62458608,7.62458608,7.62458608,7.62458608,1.00000000
0.00000000,0.36216784,-0.00000000,0.00000000,-1.81296773,0.00562479,-0.54885155,0.00000000,7.62458608,7.62458608,7.62458608,7.62458608,1.00000000
0.00000000,0.36216784,-0.00000000,0.00000000,-1.81296773,0.00562479,-0.54885155,0.00000000,7.62458608,7.62458608,7.62458608,7.62458608,1.00000000
0.00000000,0.36216784,-0.00000000,0.00000000,-1.81296773,0.00562479,-0.54885155,0.00000000,7.62458608,7.62458608,7.62458608,7.62458608,1.00000000
0.00000000,0.36216784,-0.00000000,0.00000000,-1.81296773,0.00562479,-0.54885155,0.00000000,7.62458608,7.62458608,7.62458608,7.62458608,1.00000000
0.00000000,0.36216784,-0.00000000,0.00000000,-1.81296773,0.00562479,-0.54885155,0.00000000,7.62458608,7.62458608,7.62458608,7.62458608,1.00000000
0.00000000,0.36216784,-0.00000000,0.00000000,-1.81296773,0.00562479,-0.54885155,0.00000000,7.62458608,7.62458608,7.62458608,7.62458608,1.00000000
0.00000000,0.36216784,-0.00000000,0.00000000,-1.81296773,0.00562479,-0.54885155,0.00000000,7.62458608,7.62458608,7.62458608,7.62458608,1.00000000
0.00000000,0.36216784,-0.00000000,0.00000000,-1.81296773,0.00562479,-0.54885155,0.00000000,7.62458608,7.62458608,7.62458608,7.62458608,1.00000000
0.00000000,0.36216784,-0.00000000,0.00000000,-1.81296773,0.00562479,-0.54885155,0.00000000,7.62458608,7.62458608,7.62458608,7.62458608,1.00000000
0.00000000,0.36216784,-0.00000000,0.00000000,-1.81296773,0.00562479,-0.54885155,0.00000000,7.62458608,7.62458608,7.62458608,7.62458608,1.00000000
0.00000000,0.36216784,-0.00000000,0.00000000,-1.81296773,0.00562479,-0.54885155,0.00000000,7.62458608,7.62458608,7.62458608,7.62458608,1.00000000
0.00000000,0.36216784,-0.00000000,0.00000000,-1.81296773,0.00562479,-0.54885155,0.00000000,7.62458608,7.62458608,7.62458608,7.62458608,1.00000000
0.00000000,0.36216784,-0.00000000,0.00000000,-1.81296773,0.00562479,-0.54885155,0.00000000,7.62458608,7.62458608,7.62458608,7.62458608,1.00000000
0.00000000,0.36216784,-0.00000000,0.00000000,-1.81296773,0.00562479,-0.54885155,0.00000000,7.62458608,7.62458608,7.62458608,7.62458608,1.00000000
0.00000000,0.36216784,-0.00000000,0.00000000,-1.81296773,0.00562479,-0.54885155,0.00000000,7.62458608,7.62458608,7.62458608,7.62458608,1.00000000
0.00000000,0.36216784,-0.00000000,0.00000000,-1.81296773,0.00562479,-0.54885155,0.00000000,7.62458608,7.62458608,7.62458608,7.62458608,1.00000000
0.00000000,0.36216784,-0.00000000,0.00000000,-1.81296773,0.00562479,-0.54885155,0.00000000,7.62458608,7.62458608,7.62458608,7.62458608,1.00000000
0.00000000,0.36216784,-0.00000000,0.00000000,-1.81296773,0.00562479,-0.54885155,0.00000000,7.62458608,7.62458608,7.62458608,7.62458608,1.00000000
0.00000000,0.36216784,-0.00000000,0.00000000,-1.81296773,0.00562479,-0.54885155,0.00000000,7.62458608,7.62458608,7.62458608,7.62458608,1.00000000
0.00000000,0.36216784,-0.00000000,0.00000000,-1.81296773,0.00562479,-0.54885155,0.00000000,7.62458608,7.62458608,7.62458608,7.62458608,1.00000000
0.00000000,0.36216784,-0.00000000,0.00000000,-1.81296773,0.00562479,-0.54885155,0.00000000,7.62458608,7.62458608,7.62458608,7.62458608,1.00000000
0.00000000,0.36216784,-0.00000000,0.00000000,-1.81296773,0.00562479,-0.54885155,0.00000000,7.62458608,7.62458608,7.62458608,7.62458608,1.00000000
0.00000000,0.36216784,-0.00000000,0.00000000,-1.81296773,0.00562479,-0.54885155,0.00000000,7.62458608,7.62458608,7.62458608,7.62458608,1.00000000
0.00000000,0.36216784,-0.00000000,0.00000000,-1.81296773,0.00562479,-0.54885155,0.00000000,7.62458608,7.62458608,7.62458608,7.62458608,1.00000000
0.00000000,0.36216784,-0.00000000,0.00000000,-1.81296773,0.00562479,-0.54885155,0.00000000,7.62458608,7.62458608,7.62458608,7.62458608,1.00000000
0.00000000,0.36216784,-0.00000000,0.00000000,-1.81296773,0.00562479,-0.54885155,0.00000000,7.62458608,7.62458608,7.62458608,7.62458608,1.00000000
0.00000000,0.36216784,-0.00000000,0.00000000,-1.81296773,0.00562479,-0.54885155,0.00000000,7.62458608,7.62458608,7.62458608,7.62458608,1.00000000
0.00000000,0.36216784,-0.00000000,0.00000000,-1.81296773,0.00562479,-0.54885155,0.00000000,7.62458608,7.62458608,7.62458608,7.62458608,1.00000000
0.00000000,0.36216784,-0.00000000,0.00000000,-1.81296773,0.00562479,-0.54885155,0.00000000,7.62458608,7.62458608,7.62458608,7.62458608,1.00000000
0.00000000,0.36216784,-0.00000000,0.00000000,-1.81296773,0.00562479,-0.54885155,0.00000000,7.62458608,7.62458608,7.62458608,7.62458608,1.00000000
0.00000000,0.36216784,-0.00000000,0.00000000,-1.81296773,0.00562479,-0.54885155,0.00000000,7.62458608,7.62458608,7.62458608,7.62458608,1.00000000
0.00000000,0.36216784,-0.00000000,0.00000000,-1.81296773,0.00562479,-0.54885155,0.00000000,7.62458608,7.62458608,7.62458608,7.62458608,1.00000000
0.00000000,0.36216784,-0.00000000,0.00000000,-1.81296773,0.00562479,-0.54885155,0.00000000,7.62458608,7.62458608,7.62458608,7.62458608,1.00000000
0.00000000,0.36216784,-0.00000000,0.00000000,-1.81296773,0.00562479,-0.54885155,0.00000000,7.62458608,7.62458608,7.62458608,7.62458608,1.00000000
0.00000000,0.36216784,-0.00000000,0.00000000,-1.81296773,0.00562479,-0.54885155,0.00000000,7.62458608,7.62458608,7.62458608,7.62458608,1.00000000
0.00000000,0.36216784,-0.00000000,0.00000000,-1.81296773,0.00562479,-0.54885155,0.00000000,7.62458608,7.62458608,7.62458608,7.62458608,1.00000000
0.00000000,0.36216784,-0.00000000,0.00000000,-1.81296773,0.00562479,-0.54885155,0.00000000,7.62458608,7.62458608,7.62458608,7.62458608,1.00000000
0.00000000,0.36216784,-0.00000000,0.00000000,-1.81296773,0.00562479,-0.54885155,0.00000000,7.62458608,7.62458608,7.62458608,7.62458608,1.00000000
0.00000000,0.36216784,-0.00000000,0.00000000,-1.81296773,0.00562479,-0.54885155,0.00000000,7.62458608,7.62458608,7.62458608,7.62458608,1.00000000
0.00000000,0.36216784,-0.00000000,0.00000000,-1.81296773,0.00562479,-0.54885155,0.00000000,7.62458608,7.62458608,7.62458608,7.62458608,1.00000000
0.00000000,0.36216784,-0.00000000,0.00000000,-1.81296773,0.00562479,-0.54885155,0.00000000,7.62458608,7.62458608,7.62458608,7.62458608,1.00000000
0.00000000,0.36216784,-0.00000000,0.00000000,-1.81296773,0.00562479,-0.54885155,0.00000000,7.62458608,7.62458608,7.62458608,7.62458608,1.00000000
0.00000000,0.36216784,-0.00000000,0.00000000,-1.81296773,0.00562479,-0.54885155,0.00000000,7.62458608,7.62458608,7.62458608,7.62458608,1.00000000
0.00000000,0.36216784,-0.00000000,0.00000000,-1.81296773,0.00562479,-0.54885155,0.00000000,7.62458608,7.62458608,7.62458608,7.62458608,1.00000000
0.00000000,0.36216784,-0.00000000,0.00000000,-1.81296773,0.00562479,-0.54885155,0.00000000,7.62458608,7.62458608,7.62458608,7.62458608,1.00000000
0.00000000,0.36216784,-0.00000000,0.00000000,-1.81296773,0.00562479,-0.54885155,0.00000000,7.62458608,7.62458608,7.62458608,7.62458608,1.00000000
0.00000000,0.36216784,-0.00000000,0.00000000,-1.81296773,0.00562479,-0.54885155,0.00000000,7.62458608,7.62458608,7.62458608,7.62458608,1.00000000
0.00000000,0.36216784,-0.00000000,0.00000000,-1.81296773,0.00562479,-0.54885155,0.00000000,7.62458608,7.62458608,7.62458608,7.62458608,1.00000000
0.00000000,0.36216784,-0.00000000,0.00000000,-1.81296773,0.00562479,-0.54885155,0.00000000,7.62458608,7.62458608,7.62458608,7.62458608,1.00000000
0.00000000,0.36216784,-0.00000000,0.00000000,-1.81296773,0.00562479,-0.54885155,0.00000000,7.62458608,7.62458608,7.62458608,7.62458608,1.00000000
0.00000000,0.36216784,-0.00000000,0.00000000,-1.81296773,0.00562479,-0.54885155,0.00000000,7.62458608,7.62458608,7.62458608,7.62458608,1.00000000
0.00000000,0.36216784,-0.00000000,0.00000000,-1.81296773,0.00562479,-0.54885155,0.00000000,7.62458608,7.62458608,7.62458608,7.62458608,1.00000000
0.00000000,0.36216784,-0.00000000,0.00000000,-1.81296773,0.00562479,-0.54885155,0.00000000,7.62458608,7.62458608,7.62458608,7.62458608,1.00000000
0.00000000,0.36216784,-0.00000000,0.00000000,-1.81296773,0.00562479,-0.54885155,0.00000000,7.62458608,7.62458608,7.62458608,7.62458608,1.00000000
0.00000000,0.36216784,-0.00000000,0.00000000,-1.81296773,0.00562479,-0.54885155,0.00000000,7.62458608,7.62458608,7.62458608,7.62458608,1.00000000
0.00000000,0.36216784,-0.00000000,0.00000000,-1.81296773,0.00562479,-0.54885155,0.00000000,7.62458608,7.62458608,7.62458608,7.62458608,1.00000000
0.00000000,0.36216784,-0.00000000,0.00000000,-1.81296773,0.00562479,-0.54885155,0.00000000,7.62458608,7.62458608,7.62458608,7.62458608,1.00000000
0.00000000,0.36216784,-0.00000000,0.00000000,-1.81296773,0.00562479,-0.54885155,0.00000000,7.62458608,7.62458608,7.62458608,7.62458608,1.00000000
0.00000000,0.36216784,-0.00000000,0.00000000,-1.81296773,0.00562479,-0.54885155,0.00000000,7.62458608,7.62458608,7.62458608,7.62458608,1.00000000
0.00000000,0.36216784,-0.00000000,0.00000000,-1.81296773,0.00562479,-0.54885155,0.00000000,7.62458608,7.62458608,7.62458608,7.62458608,1.00000000
0.00000000,0.36216784,-0.00000000,0.00000000,-1.81296773,0.00562479,-0.54885155,0.00000000,7.62458608,7.62458608,7.62458608,7.62458608,1.00000000
0.00000000,0.36216784,-0.00000000,0.00000000,-1.81296773,0.00562479,-0.54885155,0.00000000,7.62458608,7.62458608,7.62458608,7.62458608,1.00000000
0.00000000,0.36216760,-0.00000000,0.00000000,-1.81296422,0.00562475,-0.54885503,0.00000000,7.62458102,7.62458102,7.62458102,7.62458102,1.00000000
0.00000000,0.36216594,-0.00000000,0.00000000,-1.81294003,0.00562448,-0.54887893,0.00000000,7.62454617,7.62454617,7.62454617,7.62454617,1.00000000
0.00000000,0.36216154,-0.00000000,0.00000000,-1.81287566,0.00562374,-0.54894257,0.00000000,7.62445343,7.62445343,7.62445343,7.62445343,1.00000000
0.00000000,0.36215313,-0.00000000,0.00000000,-1.81275282,0.00562233,-0.54906400,0.00000000,7.62427649,7.62427649,7.62427649,7.62427649,1.00000000
0.00000000,0.36213957,-0.00000000,0.00000000,-1.81255444,0.00562004,-0.54926009,0.00000000,7.62399089,7.62399089,7.62399089,7.62399089,1.00000000
0.00000000,0.36211977,-0.00000000,0.00000000,-1.81226463,0.00561670,-0.54954656,0.00000000,7.62357400,7.62357400,7.62357400,7.62357400,1.00000000
0.00000000,0.36209274,-0.00000000,0.00000000,-1.81186866,0.00561210,-0.54993793,0.00000000,7.62300511,7.62300511,7.62300511,7.62300511,1.00000000
0.00000000,0.36205761,-0.00000000,0.00000000,-1.81135294,0.00560606,-0.55044761,0.00000000,7.62226540,7.62226540,7.62226540,7.62226540,1.00000000
0.00000000,0.36201356,-0.00000000,0.00000000,-1.81070500,0.00559841,-0.55108789,0.00000000,7.62133804,7.62133804,7.62133804,7.62133804,1.00000000
0.00000000,0.36195989,-0.00000000,0.00000000,-1.80991346,0.00558895,-0.55186998,0.00000000,7.62020824,7.62020824,7.62020824,7.62020824,1.00000000
0.00000000,0.36189600,-0.00000000,0.00000000,-1.80896798,0.00557748,-0.55280399,0.00000000,7.61886322,7.61886322,7.61886322,7.61886322,1.00000000
0.00000000,0.36182139,-0.00000000,0.00000000,-1.80785930,0.00556381,-0.55389901,0.00000000,7.61729232,7.61729232,7.61729232,7.61729232,1.00000000
0.00000000,0.36173563,-0.00000000,0.00000000,-1.80657913,0.00554772,-0.55516307,0.00000000,7.61548699,7.61548699,7.61548699,7.61548699,1.00000000
0.00000000,0.36163844,-0.00000000,0.00000000,-1.80512022,0.00552897,-0.55660324,0.00000000,7.61344081,7.61344081,7.61344081,7.61344081,1.00000000
0.00000000,0.36152960,-0.00000000,0.00000000,-1.80347625,0.00550731,-0.55822556,0.00000000,7.61114949,7.61114949,7.61114949,7.61114949,1.00000000
0.00000000,0.36140902,-0.00000000,0.00000000,-1.80164184,0.00548249,-0.56003514,0.00000000,7.60861088,7.60861088,7.60861088,7.60861088,1.00000000
0.00000000,0.36127669,-0.00000000,0.00000000,-1.79961255,0.00545421,-0.56203615,0.00000000,7.60582495,7.60582495,7.60582495,7.60582495,1.00000000
0.00000000,0.36113270,-0.00000000,0.00000000,-1.79738480,0.00542217,-0.56423185,0.00000000,7.60279374,7.60279374,7.60279374,7.60279374,1.00000000
0.00000000,0.36097726,-0.00000000,0.00000000,-1.79495588,0.00538603,-0.56662464,0.00000000,7.59952132,7.59952132,7.59952132,7.59952132,1.00000000
0.00000000,0.36081065,-0.00000000,0.00000000,-1.79232391,0.00534545,-0.56921603,0.00000000,7.59601375,7.59601375,7.59601375,7.59601375,1.00000000
0.00000000,0.36063325,-0.00000000,0.00000000,-1.78948780,0.00530006,-0.57200675,0.00000000,7.59227899,7.59227899,7.59227899,7.59227899,1.00000000
0.00000000,0.36044552,-0.00000000,0.00000000,-1.78644726,0.00524946,-0.57499669,0.00000000,7.58832682,7.58832682,7.58832682,7.58832682,1.00000000
0.00000000,0.36024802,-0.00000000,0.00000000,-1.78320272,0.00519326,-0.57818503,0.00000000,7.58416875,7.58416875,7.58416875,7.58416875,1.00000000
0.00000000,0.36004135,-0.00000000,0.00000000,-1.77975535,0.00513103,-0.58157017,0.00000000,7.57981790,7.57981790,7.57981790,7.57981790,1.00000000
0.00000000,0.35982622,-0.00000000,0.00000000,-1.77610699,0.00506233,-0.58514983,0.00000000,7.57528890,7.57528890,7.57528890,7.57528890,1.00000000
0.00000000,0.35960339,-0.00000000,0.00000000,-1.77226016,0.00498674,-0.58892107,0.00000000,7.57059775,7.57059775,7.57059775,7.57059775,1.00000000
0.00000000,0.35937368,-0.00000000,0.00000000,-1.76821799,0.00490379,-0.59288030,0.00000000,7.56576166,7.56576166,7.56576166,7.56576166,1.00000000
0.00000000,0.35913795,-0.00000000,0.00000000,-1.76398422,0.00481305,-0.59702332,0.00000000,7.56079897,7.56079897,7.56079897,7.56079897,1.00000000
0.00000000,0.35889712,-0.00000000,0.00000000,-1.75956318,0.00471409,-0.60134540,0.00000000,7.55572894,7.55572894,7.55572894,7.55572894,1.00000000
0.00000000,0.35865215,-0.00000000,0.00000000,-1.75495973,0.00460648,-0.60584123,0.00000000,7.55057163,7.55057163,7.55057163,7.55057163,1.00000000
0.00000000,0.35840402,-0.00000000,0.00000000,-1.75017926,0.00448981,-0.61050504,0.00000000,7.54534774,7.54534774,7.54534774,7.54534774,1.00000000
0.00000000,0.35815372,-0.00000000,0.00000000,-1.74522765,0.00436371,-0.61533055,0.00000000,7.54007842,7.54007842,7.54007842,7.54007842,1.00000000
0.00000000,0.35790230,-0.00000000,0.00000000,-1.74011124,0.00422784,-0.62031110,0.00000000,7.53478516,7.53478516,7.53478516,7.53478516,1.00000000
0.00000000,0.35765076,-0.00000000,0.00000000,-1.73483682,0.00408190,-0.62543958,0.00000000,7.52948960,7.52948960,7.52948960,7.52948960,1.00000000
0.00000000,0.35740013,-0.00000000,0.00000000,-1.72941159,0.00392565,-0.63070855,0.00000000,7.52421336,7.52421336,7.52421336,7.52421336,1.00000000
0.00000000,0.35715145,-0.00000000,0.00000000,-1.72384314,0.00375888,-0.63611023,0.00000000,7.51897793,7.51897793,7.51897793,7.51897793,1.00000000
0.00000000,0.35690571,-0.00000000,0.00000000,-1.71813944,0.00358147,-0.64163652,0.00000000,7.51380445,7.51380445,7.51380445,7.51380445,1.00000000
0.00000000,0.35666390,-0.00000000,0.00000000,-1.71230877,0.00339336,-0.64727908,0.00000000,7.50871364,7.50871364,7.50871364,7.50871364,1.00000000
0.00000000,0.35642697,-0.00000000,0.00000000,-1.70635977,0.00319458,-0.65302931,0.00000000,7.50372561,7.50372561,7.50372561,7.50372561,1.00000000
0.00000000,0.35619584,-0.00000000,0.00000000,-1.70030132,0.00298523,-0.65887840,0.00000000,7.49885972,7.49885972,7.49885972,7.49885972,1.00000000
0.00000000,0.35597139,-0.00000000,0.00000000,-1.69414263,0.00276551,-0.66481737,0.00000000,7.49413450,7.49413450,7.49413450,7.49413450,1.00000000
0.00000000,0.35575445,-0.00000000,0.00000000,-1.68789310,0.00253569,-0.67083708,0.00000000,7.48956747,7.48956747,7.48956747,7.48956747,1.00000000
0.00000000,0.35554582,-0.00000000,0.00000000,-1.68156240,0.00229616,-0.67692826,0.00000000,7.48517508,7.48517508,7.48517508,7.48517508,1.00000000
0.00000000,0.35534620,-0.00000000,0.00000000,-1.67516036,0.00204739,-0.68308151,0.00000000,7.48097258,7.48097258,7.48097258,7.48097258,1.00000000
0.00000000,0.35515626,-0.00000000,0.00000000,-1.66869702,0.00178993,-0.68928739,0.00000000,7.47697395,7.47697395,7.47697395,7.47697395,1.00000000
0.00000000,0.35497661,-0.00000000,0.00000000,-1.66218256,0.00152444,-0.69553637,0.00000000,7.47319181,7.47319181,7.47319181,7.47319181,1.00000000
0.00000000,0.35480777,-0.00000000,0.00000000,-1.65562726,0.00125165,-0.70181888,0.00000000,7.46963731,7.46963731,7.46963731,7.46963731,1.00000000
0.00000000,0.35465021,-0.00000000,0.00000000,-1.64904155,0.00097238,-0.70812532,0.00000000,7.46632017,7.46632017,7.46632017,7.46632017,1.00000000
0.00000000,0.35450430,-0.00000000,0.00000000,-1.64243591,0.00068752,-0.71444611,0.00000000,7.46324852,7.46324852,7.46324852,7.46324852,1.00000000
0.00000000,0.35437037,-0.00000000,0.00000000,-1.63582087,0.00039802,-0.72077164,0.00000000,7.46042894,7.46042894,7.46042894,7.46042894,1.00000000
0.00000000,0.35424865,-0.00000000,0.00000000,-1.62920699,0.00010486,-0.72709236,0.00000000,7.45786641,7.45786641,7.45786641,7.45786641,1.00000000
0.00000000,0.35413930,-0.00000000,0.00000000,-1.62260485,-0.00019089,-0.73339875,0.00000000,7.45556429,7.45556429,7.45556429,7.45556429,1.00000000
0.00000000,0.35404241,-0.00000000,0.00000000,-1.61602498,-0.00048818,-0.73968133,0.00000000,7.45352433,7.45352433,7.45352433,7.45352433,1.00000000
0.00000000,0.35395797,-0.00000000,0.00000000,-1.60947788,-0.00078592,-0.74593070,0.00000000,7.45174667,7.45174667,7.45174667,7.45174667,1.00000000
0.00000000,0.35388592,-0.00000000,0.00000000,-1.60297394,-0.00108302,-0.75213753,0.00000000,7.45022988,7.45022988,7.45022988,7.45022988,1.00000000
0.00000000,0.35382612,-0.00000000,0.00000000,-1.59652349,-0.00137840,-0.75829261,0.00000000,7.44897096,7.44897096,7.44897096,7.44897096,1.00000000
0.00000000,0.35377836,-0.00000000,0.00000000,-1.59013668,-0.00167101,-0.76438680,0.00000000,7.44796541,7.44796541,7.44796541,7.44796541,1.00000000
0.00000000,0.35374235,-0.00000000,0.00000000,-1.58382354,-0.00195983,-0.77041112,0.00000000,7.44720729,7.44720729,7.44720729,7.44720729,1.00000000
0.00000000,0.35371774,-0.00000000,0.00000000,-1.57759389,-0.00224389,-0.77635671,0.00000000,7.44668923,7.44668923,7.44668923,7.44668923,1.00000000
0.00000000,0.35370412,-0.00000000,0.00000000,-1.57145736,-0.00252227,-0.78221485,0.00000000,7.44640258,7.44640258,7.44640258,7.44640258,1.00000000
0.00000000,0.35370103,-0.00000000,0.00000000,-1.56542334,-0.00279412,-0.78797703,0.00000000,7.44633743,7.44633743,7.44633743,7.44633743,1.00000000
0.00000000,0.35370793,-0.00000000,0.00000000,-1.55950094,-0.00305867,-0.79363488,0.00000000,7.44648274,7.44648274,7.44648274,7.44648274,1.00000000
0.00000000,0.35372425,-0.00000000,0.00000000,-1.55369899,-0.00331521,-0.79918028,0.00000000,7.44682640,7.44682640,7.44682640,7.44682640,1.00000000
0.00000000,0.35374938,-0.00000000,0.00000000,-1.54802603,-0.00356314,-0.80460532,0.00000000,7.44735538,7.44735538,7.44735538,7.44735538,1.00000000
0.00000000,0.35378265,-0.00000000,0.00000000,-1.54249022,-0.00380193,-0.80990234,0.00000000,7.44805581,7.44805581,7.44805581,7.44805581,1.00000000
0.00000000,0.35382337,-0.00000000,0.00000000,-1.53709940,-0.00403113,-0.81506396,0.00000000,7.44891312,7.44891312,7.44891312,7.44891312,1.00000000
0.00000000,0.35387083,-0.00000000,0.00000000,-1.53186100,-0.00425039,-0.82008310,0.00000000,7.44991213,7.44991213,7.44991213,7.44991213,1.00000000
0.00000000,0.35392427,-0.00000000,0.00000000,-1.52678204,-0.00445946,-0.82495299,0.00000000,7.45103723,7.45103723,7.45103723,7.45103723,1.00000000
0.00000000,0.35398294,-0.00000000,0.00000000,-1.52186911,-0.00465814,-0.82966724,0.00000000,7.45227246,7.45227246,7.45227246,7.45227246,1.00000000
0.00000000,0.35404608,-0.00000000,0.00000000,-1.51712834,-0.00484634,-0.83421981,0.00000000,7.45360166,7.45360166,7.45360166,7.45360166,1.00000000
0.00000000,0.35411291,-0.00000000,0.00000000,-1.51256539,-0.00502402,-0.83860508,0.00000000,7.45500862,7.45500862,7.45500862,7.45500862,1.00000000
0.00000000,0.35418267,-0.00000000,0.00000000,-1.50818539,-0.00519122,-0.84281788,0.00000000,7.45647718,7.45647718,7.45647718,7.45647718,1.00000000
0.00000000,0.35425459,-0.00000000,0.00000000,-1.50399296,-0.00534805,-0.84685348,0.00000000,7.45799139,7.45799139,7.45799139,7.45799139,1.00000000
0.00000000,0.35432794,-0.00000000,0.00000000,-1.49999215,-0.00549465,-0.85070769,0.00000000,7.45953564,7.45953564,7.45953564,7.45953564,1.00000000
0.00000000,0.35440200,-0.00000000,0.00000000,-1.49618645,-0.00563124,-0.85437680,0.00000000,7.46109476,7.46109476,7.46109476,7.46109476,1.00000000
0.00000000,0.35447607,-0.00000000,0.00000000,-1.49257873,-0.00575805,-0.85785770,0.00000000,7.46265416,7.46265416,7.46265416,7.46265416,1.00000000
0.00000000,0.35454950,-0.00000000,0.00000000,-1.48917125,-0.00587538,-0.86114786,0.00000000,7.46419997,7.46419997,7.46419997,7.46419997,1.00000000
0.00000000,0.35462166,-0.00000000,0.00000000,-1.48596559,-0.00598353,-0.86424537,0.00000000,7.46571908,7.46571908,7.46571908,7.46571908,1.00000000
0.00000000,0.35469197,-0.00000000,0.00000000,-1.48296268,-0.00608283,-0.86714898,0.00000000,7.46719934,7.46719934,7.46719934,7.46719934,1.00000000
0.00000000,0.35475990,-0.00000000,0.00000000,-1.48016273,-0.00617364,-0.86985812,0.00000000,7.46862957,7.46862957,7.46862957,7.46862957,1.00000000
0.00000000,0.35482498,-0.00000000,0.00000000,-1.47756524,-0.00625630,-0.87237295,0.00000000,7.46999968,7.46999968,7.46999968,7.46999968,1.00000000
0.00000000,0.35488679,-0.00000000,0.00000000,-1.47516894,-0.00633121,-0.87469434,0.00000000,7.47130075,7.47130075,7.47130075,7.47130075,1.00000000
0.00000000,0.35494494,-0.00000000,0.00000000,-1.47297180,-0.00639872,-0.87682398,0.00000000,7.47252508,7.47252508,7.47252508,7.47252508,1.00000000
0.00000000,0.35499915,-0.00000000,0.00000000,-1.47097095,-0.00645921,-0.87876433,0.00000000,7.47366625,7.47366625,7.47366625,7.47366625,1.00000000
0.00000000,0.35504916,-0.00000000,0.00000000,-1.46916273,-0.00651306,-0.88051870,0.00000000,7.47471915,7.47471915,7.47471915,7.47471915,1.00000000
0.00000000,0.35509480,-0.00000000,0.00000000,-1.46754260,-0.00656064,-0.88209125,0.00000000,7.47568002,7.47568002,7.47568002,7.47568002,1.00000000
0.00000000,0.35513596,-0.00000000,0.00000000,-1.46610515,-0.00660232,-0.88348702,0.00000000,7.47654646,7.47654646,7.47654646,7.47654646,1.00000000
0.00000000,0.35517258,-0.00000000,0.00000000,-1.46484406,-0.00663846,-0.88471197,0.00000000,7.47731744,7.47731744,7.47731744,7.47731744,1.00000000
0.00000000,0.35520468,-0.00000000,0.00000000,-1.46375206,-0.00666944,-0.88577298,0.00000000,7.47799327,7.47799327,7.47799327,7.47799327,1.00000000
0.00000000,0.35523234,-0.00000000,0.00000000,-1.46282095,-0.00669562,-0.88667792,0.00000000,7.47857561,7.47857561,7.47857561,7.47857561,1.00000000
0.00000000,0.35525570,-0.00000000,0.00000000,-1.46204152,-0.00671737,-0.88743561,0.00000000,7.47906743,7.47906743,7.47906743,7.47906743,1.00000000
0.00000000,0.35527497,-0.00000000,0.00000000,-1.46140356,-0.00673505,-0.88805589,0.00000000,7.47947296,7.47947296,7.47947296,7.47947296,1.00000000
0.00000000,0.35529039,-0.00000000,0.00000000,-1.46089582,-0.00674904,-0.88854963,0.00000000,7.47979764,7.47979764,7.47979764,7.47979764,1.00000000
0.00000000,0.35530229,-0.00000000,0.00000000,-1.46050600,-0.00675974,-0.88892875,0.00000000,7.48004811,7.48004811,7.48004811,7.48004811,1.00000000
0.00000000,0.35531102,-0.00000000,0.00000000,-1.46022070,-0.00676754,-0.88920625,0.00000000,7.48023208,7.48023208,7.48023208,7.48023208,1.00000000
0.00000000,0.35531702,-0.00000000,0.00000000,-1.46002541,-0.00677287,-0.88939620,0.00000000,7.48035835,7.48035835,7.48035835,7.48035835,1.00000000
0.00000000,0.35532074,-0.00000000,0.00000000,-1.45990449,-0.00677617,-0.88951383,0.00000000,7.48043667,7.48043667,7.48043667,7.48043667,1.00000000
0.00000000,0.35532269,-0.00000000,0.00000000,-1.45984113,-0.00677789,-0.88957547,0.00000000,7.48047776,7.48047776,7.48047776,7.48047776,1.00000000
0.00000000,0.35532343,-0.00000000,0.00000000,-1.45981732,-0.00677854,-0.88959863,0.00000000,7.48049321,7.48049321,7.48049321,7.48049321,1.00000000
0.00000000,0.35532353,-0.00000000,0.00000000,-1.45981386,-0.00677863,-0.88960200,0.00000000,7.48049546,7.48049546,7.48049546,7.48049546,1.00000000
-0.00000012,0.35532353,-0.00000011,0.00000012,-1.45981386,-0.00677863,-0.88960200,0.00000000,7.48049864,7.48049227,7.48049672,7.48049419,1.00000000
-0.00000094,0.35532353,-0.00000084,0.00000094,-1.45981386,-0.00677863,-0.88960200,0.00000000,7.48052083,7.48047008,7.48050557,7.48048534,1.00000000
-0.00000166,0.35532353,-0.00000148,-0.00000170,-1.45981386,-0.00677863,-0.88960200,0.00000000,7.48054003,7.48045088,7.48051308,7.48047783,1.00000000
-0.00000393,0.35532353,-0.00000349,-0.00000402,-1.45981386,-0.00677863,-0.88960200,0.00000000,7.48060080,7.48039011,7.48053710,7.48045381,1.00000000
-0.00000765,0.35532353,-0.00000680,-0.00000782,-1.45981386,-0.00677863,-0.88960200,0.00000000,7.48070059,7.48029032,7.48057655,7.48041436,1.00000000
-0.00001318,0.35532353,-0.00001171,-0.00001347,-1.45981386,-0.00677863,-0.88960200,0.00000000,7.48084886,7.48014205,7.48063516,7.48035575,1.00000000
-0.00002087,0.35532353,-0.00001854,-0.00002133,-1.45981386,-0.00677863,-0.88960200,0.00000000,7.48105495,7.47993595,7.48071663,7.48027428,1.00000000
-0.00003106,0.35532353,-0.00002759,-0.00003175,-1.45981386,-0.00677863,-0.88960200,0.00000000,7.48132809,7.47966281,7.48082460,7.48016630,1.00000000
-0.00004409,0.35532353,-0.00003917,-0.00004506,-1.45981386,-0.00677863,-0.88960200,0.00000000,7.48167738,7.47931350,7.48096267,7.48002821,1.00000000
-0.00006030,0.35532353,-0.00005357,-0.00006163,-1.45981386,-0.00677863,-0.88960200,0.00000000,7.48211182,7.47887902,7.48113440,7.47985644,1.00000000
-0.00008001,0.35532353,-0.00007108,-0.00008178,-1.45981386,-0.00677863,-0.88960200,0.00000000,7.48264028,7.47835051,7.48134329,7.47964750,1.00000000
-0.00010356,0.35532352,-0.00009200,-0.00010585,-1.45981386,-0.00677863,-0.88960200,0.00000000,7.48327152,7.47771919,7.48159280,7.47939791,1.00000000
-0.00013126,0.35532352,-0.00011661,-0.00013417,-1.45981386,-0.00677863,-0.88960200,0.00000000,7.48401417,7.47697640,7.48188634,7.47910424,1.00000000
-0.00016344,0.35532351,-0.00014520,-0.00016706,-1.45981386,-0.00677863,-0.88960200,0.00000000,7.48487678,7.47611360,7.48222727,7.47876311,1.00000000
-0.00020041,0.35532350,-0.00017804,-0.00020485,-1.45981386,-0.00677863,-0.88960200,0.00000000,7.48586774,7.47512237,7.48261893,7.47837118,1.00000000
-0.00024248,0.35532348,-0.00021542,-0.00024784,-1.45981386,-0.00677863,-0.88960200,0.00000000,7.48699535,7.47399438,7.48306456,7.47792516,1.00000000
-0.00028996,0.35532346,-0.00025759,-0.00029637,-1.45981386,-0.00677863,-0.88960200,0.00000000,7.48826779,7.47272142,7.48356741,7.47742179,1.00000000
-0.00034314,0.35532342,-0.00030484,-0.00035073,-1.45981386,-0.00677864,-0.88960200,0.00000000,7.48969312,7.47129539,7.48413065,7.47685785,1.00000000
-0.00040232,0.35532338,-0.00035742,-0.00041122,-1.45981386,-0.00677864,-0.88960199,0.00000000,7.49127929,7.46970829,7.48475740,7.47623018,1.00000000
-0.00046781,0.35532333,-0.00041559,-0.00047815,-1.45981386,-0.00677864,-0.88960199,0.00000000,7.49303413,7.46795226,7.48545074,7.47553564,1.00000000
-0.00053987,0.35532326,-0.00047961,-0.00055181,-1.45981385,-0.00677864,-0.88960199,0.00000000,7.49496536,7.46601950,7.48621371,7.47477114,1.00000000
-0.00061881,0.35532317,-0.00054974,-0.00063250,-1.45981385,-0.00677865,-0.88960199,0.00000000,7.49708058,7.46390234,7.48704930,7.47393363,1.00000000
-0.00070490,0.35532307,-0.00062622,-0.00072049,-1.45981385,-0.00677865,-0.88960199,0.00000000,7.49938729,7.46159321,7.48796043,7.47302008,1.00000000
-0.00079842,0.35532293,-0.00070930,-0.00081608,-1.45981385,-0.00677866,-0.88960198,0.00000000,7.50189285,7.45908466,7.48894999,7.47202752,1.00000000
-0.00089964,0.35532277,-0.00079922,-0.00091954,-1.45981384,-0.00677867,-0.88960198,0.00000000,7.50460453,7.45636932,7.49002084,7.47095301,1.00000000
-0.00100883,0.35532257,-0.00089623,-0.00103114,-1.45981384,-0.00677868,-0.88960197,0.00000000,7.50752946,7.45343993,7.49117574,7.46979365,1.00000000
-0.00112626,0.35532233,-0.00100054,-0.00115116,-1.45981383,-0.00677869,-0.88960197,0.00000000,7.51067468,7.45028933,7.49241745,7.46854656,1.00000000
-0.00125218,0.35532205,-0.00111241,-0.00127986,-1.45981383,-0.00677870,-0.88960196,0.00000000,7.51404709,7.44691048,7.49374865,7.46720892,1.00000000
-0.00138685,0.35532171,-0.00123204,-0.00141751,-1.45981382,-0.00677872,-0.88960195,0.00000000,7.51765351,7.44329641,7.49517199,7.46577793,1.00000000
-0.00153052,0.35532131,-0.00135968,-0.00156436,-1.45981381,-0.00677874,-0.88960194,0.00000000,7.52150062,7.43944026,7.49669005,7.46425083,1.00000000
-0.00168345,0.35532083,-0.00149554,-0.00172067,-1.45981380,-0.00677876,-0.88960193,0.00000000,7.52559498,7.43533527,7.49830538,7.46262488,1.00000000
-0.00184587,0.35532029,-0.00163983,-0.00188669,-1.45981379,-0.00677879,-0.88960191,0.00000000,7.52994306,7.43097478,7.50002046,7.46089738,1.00000000
-0.00201804,0.35531965,-0.00179278,-0.00206266,-1.45981377,-0.00677882,-0.88960190,0.00000000,7.53455119,7.42635223,7.50183774,7.45906568,1.00000000
-0.00220018,0.35531891,-0.00195458,-0.00224883,-1.45981376,-0.00677886,-0.88960188,0.00000000,7.53942561,7.42146113,7.50375960,7.45712714,1.00000000
-0.00239252,0.35531806,-0.00212546,-0.00244543,-1.45981374,-0.00677890,-0.88960186,0.00000000,7.54457243,7.41629511,7.50578838,7.45507916,1.00000000
-0.00259531,0.35531709,-0.00230561,-0.00265270,-1.45981371,-0.00677895,-0.88960183,0.00000000,7.54999764,7.41084788,7.50792636,7.45291916,1.00000000
-0.00280875,0.35531598,-0.00249522,-0.00287086,-1.45981369,-0.00677900,-0.88960180,0.00000000,7.55570713,7.40511324,7.51017577,7.45064461,1.00000000
-0.00303308,0.35531472,-0.00269451,-0.00310015,-1.45981366,-0.00677906,-0.88960177,0.00000000,7.56170668,7.39908510,7.51253880,7.44825298,1.00000000
-0.00326852,0.35531329,-0.00290366,-0.00334079,-1.45981363,-0.00677913,-0.88960173,0.00000000,7.56800193,7.39275745,7.51501757,7.44574180,1.00000000
-0.00351526,0.35531168,-0.00312286,-0.00359300,-1.45981359,-0.00677921,-0.88960169,0.00000000,7.57459843,7.38612435,7.51761416,7.44310861,1.00000000
-0.00377354,0.35530986,-0.00335230,-0.00385699,-1.45981355,-0.00677930,-0.88960164,0.00000000,7.58150160,7.37917997,7.52033059,7.44035097,1.00000000
-0.00404354,0.35530783,-0.00359216,-0.00413297,-1.45981350,-0.00677940,-0.88960159,0.00000000,7.58871676,7.37191857,7.52316883,7.43746649,1.00000000
-0.00432548,0.35530555,-0.00384262,-0.00442114,-1.45981345,-0.00677952,-0.88960153,0.00000000,7.59624911,7.36433448,7.52613080,7.43445279,1.00000000
-0.00461955,0.35530301,-0.00410386,-0.00472172,-1.45981339,-0.00677964,-0.88960146,0.00000000,7.60410373,7.35642213,7.52921835,7.43130751,1.00000000
-0.00492595,0.35530019,-0.00437605,-0.00503490,-1.45981333,-0.00677978,-0.88960138,0.00000000,7.61228559,7.34817603,7.53243329,7.42802833,1.00000000
-0.00524487,0.35529705,-0.00465936,-0.00536088,-1.45981325,-0.00677994,-0.88960130,0.00000000,7.62079955,7.33959077,7.53577738,7.42461294,1.00000000
-0.00557650,0.35529358,-0.00495396,-0.00569985,-1.45981317,-0.00678011,-0.88960121,0.00000000,7.62965035,7.33066104,7.53925232,7.42105907,1.00000000
-0.00592102,0.35528975,-0.00526000,-0.00605200,-1.45981308,-0.00678030,-0.88960111,0.00000000,7.63884262,7.32138158,7.54285974,7.41736445,1.00000000
-0.00627861,0.35528553,-0.00557766,-0.00641751,-1.45981299,-0.00678051,-0.88960100,0.00000000,7.64838086,7.31174725,7.54660125,7.41352686,1.00000000
-0.00664945,0.35528089,-0.00590708,-0.00679656,-1.45981288,-0.00678074,-0.88960087,0.00000000,7.65826949,7.30175295,7.55047836,7.40954407,1.00000000
-0.00703371,0.35527580,-0.00624843,-0.00718934,-1.45981276,-0.00678099,-0.88960074,0.00000000,7.66851278,7.29139370,7.55449257,7.40541390,1.00000000
-0.00743157,0.35527023,-0.00660184,-0.00759601,-1.45981263,-0.00678126,-0.88960059,0.00000000,7.67911490,7.28066457,7.55864529,7.40113418,1.00000000
-0.00784318,0.35526414,-0.00696747,-0.00801674,-1.45981249,-0.00678156,-0.88960043,0.00000000,7.69007993,7.26956071,7.56293789,7.39670275,1.00000000
-0.00826871,0.35525750,-0.00734546,-0.00845171,-1.45981234,-0.00678189,-0.88960026,0.00000000,7.70141179,7.25807738,7.56737168,7.39211749,1.00000000
-0.00870832,0.35525027,-0.00773595,-0.00890106,-1.45981217,-0.00678225,-0.88960006,0.00000000,7.71311432,7.24620987,7.57194792,7.38737627,1.00000000
-0.00916216,0.35524240,-0.00813908,-0.00936498,-1.45981199,-0.00678264,-0.88959986,0.00000000,7.72519124,7.23395358,7.57666781,7.38247702,1.00000000
-0.00963039,0.35523387,-0.00855498,-0.00984360,-1.45981180,-0.00678307,-0.88959963,0.00000000,7.73764616,7.22130396,7.58153248,7.37741764,1.00000000
-0.01011315,0.35522463,-0.00898379,-0.01033708,-1.45981158,-0.00678352,-0.88959938,0.00000000,7.75048255,7.20825656,7.58654303,7.37219608,1.00000000
-0.01061059,0.35521462,-0.00942563,-0.01084557,-1.45981135,-0.00678402,-0.88959912,0.00000000,7.76370380,7.19480699,7.59170048,7.36681031,1.00000000
-0.01112286,0.35520382,-0.00988062,-0.01136922,-1.45981110,-0.00678456,-0.88959883,0.00000000,7.77731318,7.18095092,7.59700580,7.36125829,1.00000000
-0.01165008,0.35519217,-0.01034889,-0.01190816,-1.45981083,-0.00678514,-0.88959852,0.00000000,7.79131383,7.16668411,7.60245991,7.35553802,1.00000000
-0.01219239,0.35517961,-0.01083055,-0.01246254,-1.45981054,-0.00678576,-0.88959819,0.00000000,7.80570879,7.15200239,7.60806367,7.34964751,1.00000000
-0.01274993,0.35516611,-0.01132573,-0.01303249,-1.45981023,-0.00678643,-0.88959783,0.00000000,7.82050099,7.13690166,7.61381788,7.34358477,1.00000000
-0.01332282,0.35515160,-0.01183452,-0.01361814,-1.45980989,-0.00678715,-0.88959745,0.00000000,7.83569324,7.12137788,7.61972328,7.33734785,1.00000000
-0.01391119,0.35513604,-0.01235705,-0.01421961,-1.45980953,-0.00678792,-0.88959703,0.00000000,7.85128824,7.10542710,7.62578055,7.33093479,1.00000000
-0.01451515,0.35511935,-0.01289342,-0.01483705,-1.45980915,-0.00678875,-0.88959659,0.00000000,7.86728859,7.08904540,7.63199033,7.32434366,1.00000000
-0.01513483,0.35510150,-0.01344372,-0.01547056,-1.45980873,-0.00678964,-0.88959612,0.00000000,7.88369675,7.07222898,7.63835319,7.31757254,1.00000000
-0.01577034,0.35508241,-0.01400806,-0.01612026,-1.45980829,-0.00679059,-0.88959561,0.00000000,7.90051509,7.05497406,7.64486964,7.31061952,1.00000000
-0.01642178,0.35506202,-0.01458654,-0.01678627,-1.45980782,-0.00679161,-0.88959507,0.00000000,7.91774587,7.03727696,7.65154013,7.30348271,1.00000000
-0.01708928,0.35504027,-0.01517925,-0.01746870,-1.45980731,-0.00679269,-0.88959449,0.00000000,7.93539123,7.01913405,7.65836506,7.29616022,1.00000000
-0.01777292,0.35501709,-0.01578627,-0.01816767,-1.45980678,-0.00679384,-0.88959387,0.00000000,7.95345320,7.00054177,7.66534478,7.28865019,1.00000000
-0.01847282,0.35499241,-0.01640770,-0.01888326,-1.45980620,-0.00679507,-0.88959321,0.00000000,7.97193370,6.98149663,7.67247956,7.28095076,1.00000000
-0.01918907,0.35496617,-0.01704361,-0.01961559,-1.45980559,-0.00679638,-0.88959251,0.00000000,7.99083454,6.96199519,7.67976964,7.27306008,1.00000000
-0.01992176,0.35493829,-0.01769410,-0.02036475,-1.45980495,-0.00679777,-0.88959177,0.00000000,8.01015741,6.94203409,7.68721518,7.26497632,1.00000000
-0.02067099,0.35490869,-0.01835923,-0.02113085,-1.45980426,-0.00679925,-0.88959098,0.00000000,8.02990392,6.92161002,7.69481628,7.25669765,1.00000000
-0.02143684,0.35487730,-0.01903909,-0.02191396,-1.45980353,-0.00680081,-0.88959015,0.00000000,8.05007553,6.90071975,7.70257301,7.24822227,1.00000000
-0.02221941,0.35484405,-0.01973374,-0.02271419,-1.45980276,-0.00680247,-0.88958926,0.00000000,8.07067362,6.87936010,7.71048536,7.23954836,1.00000000
-0.02301876,0.35480884,-0.02044325,-0.02353161,-1.45980194,-0.00680423,-0.88958832,0.00000000,8.09169945,6.85752795,7.71855326,7.23067414,1.00000000
-0.02383498,0.35477160,-0.02116769,-0.02436631,-1.45980107,-0.00680609,-0.88958733,0.00000000,8.11315417,6.83522026,7.72677660,7.22159783,1.00000000
-0.02466815,0.35473225,-0.02190712,-0.02521838,-1.45980016,-0.00680805,-0.88958628,0.00000000,8.13503883,6.81243403,7.73515520,7.21231765,1.00000000
-0.02551833,0.35469069,-0.02266159,-0.02608788,-1.45979919,-0.00681013,-0.88958517,0.00000000,8.15735436,6.78916633,7.74368883,7.20283185,1.00000000
-0.02638560,0.35464684,-0.02343118,-0.02697489,-1.45979817,-0.00681232,-0.88958400,0.00000000,8.18010158,6.76541429,7.75237720,7.19313868,1.00000000
-0.02727001,0.35460061,-0.02421591,-0.02787948,-1.45979709,-0.00681464,-0.88958276,0.00000000,8.20328123,6.74117511,7.76121995,7.18323638,1.00000000
-0.02817165,0.35455190,-0.02501586,-0.02880172,-1.45979596,-0.00681707,-0.88958146,0.00000000,8.22689390,6.71644603,7.77021669,7.17312324,1.00000000
-0.02909055,0.35450063,-0.02583106,-0.02974168,-1.45979476,-0.00681964,-0.88958009,0.00000000,8.25094012,6.69122436,7.77936696,7.16279752,1.00000000
-0.03002679,0.35444669,-0.02666156,-0.03069942,-1.45979350,-0.00682234,-0.88957864,0.00000000,8.27542028,6.66550748,7.78867024,7.15225751,1.00000000
-0.03098041,0.35438998,-0.02750739,-0.03167499,-1.45979218,-0.00682518,-0.88957713,0.00000000,8.30033467,6.63929281,7.79812596,7.14150152,1.00000000
-0.03195146,0.35433041,-0.02836860,-0.03266846,-1.45979079,-0.00682817,-0.88957553,0.00000000,8.32568348,6.61257785,7.80773350,7.13052783,1.00000000
-0.03293999,0.35426788,-0.02924522,-0.03367987,-1.45978933,-0.00683131,-0.88957385,0.00000000,8.35146680,6.58536013,7.81749216,7.11933478,1.00000000
-0.03394605,0.35420227,-0.03013729,-0.03470928,-1.45978780,-0.00683460,-0.88957209,0.00000000,8.37768461,6.55763727,7.82740121,7.10792068,1.00000000
-0.03496968,0.35413348,-0.03104482,-0.03575673,-1.45978619,-0.00683806,-0.88957025,0.00000000,8.40433679,6.52940692,7.83745985,7.09628385,1.00000000
-0.03601091,0.35406140,-0.03196785,-0.03682227,-1.45978450,-0.00684168,-0.88956831,0.00000000,8.43142310,6.50066681,7.84766725,7.08442266,1.00000000
-0.03706978,0.35398593,-0.03290639,-0.03790595,-1.45978273,-0.00684547,-0.88956628,0.00000000,8.45894321,6.47141471,7.85802249,7.07233543,1.00000000
-0.03814633,0.35390695,-0.03386047,-0.03900779,-1.45978088,-0.00684945,-0.88956416,0.00000000,8.48689670,6.44164846,7.86852462,7.06002054,1.00000000
-0.03924058,0.35382434,-0.03483010,-0.04012785,-1.45977894,-0.00685361,-0.88956194,0.00000000,8.51528302,6.41136595,7.87917262,7.04747636,1.00000000
-0.04035255,0.35373800,-0.03581529,-0.04126615,-1.45977692,-0.00685796,-0.88955961,0.00000000,8.54410155,6.38056514,7.88996544,7.03470125,1.00000000
-0.04148228,0.35364780,-0.03681606,-0.04242272,-1.45977480,-0.00686251,-0.88955718,0.00000000,8.57335153,6.34924403,7.90090196,7.02169361,1.00000000
-0.04262978,0.35355362,-0.03783241,-0.04359760,-1.45977259,-0.00686726,-0.88955465,0.00000000,8.60303214,6.31740068,7.91198100,7.00845183,1.00000000
-0.04379507,0.35345534,-0.03886433,-0.04479080,-1.45977028,-0.00687222,-0.88955199,0.00000000,8.63314244,6.28503322,7.92320134,6.99497432,1.00000000
-0.04497816,0.35335284,-0.03991184,-0.04600236,-1.45976786,-0.00687740,-0.88954923,0.00000000,8.66368138,6.25213982,7.93456171,6.98125949,1.00000000
-0.04617907,0.35324600,-0.04097493,-0.04723229,-1.45976535,-0.00688281,-0.88954634,0.00000000,8.69464784,6.21871871,7.94606078,6.96730577,1.00000000
-0.04739781,0.35313468,-0.04205360,-0.04848062,-1.45976272,-0.00688844,-0.88954333,0.00000000,8.72604057,6.18476820,7.95769717,6.95311160,1.00000000
-0.04863437,0.35301875,-0.04314782,-0.04974736,-1.45975999,-0.00689432,-0.88954019,0.00000000,8.75785825,6.15028662,7.96946946,6.93867542,1.00000000
-0.04988877,0.35289810,-0.04425760,-0.05103251,-1.45975714,-0.00690043,-0.88953692,0.00000000,8.79009945,6.11527238,7.98137616,6.92399568,1.00000000
-0.05116101,0.35277258,-0.04538291,-0.05233611,-1.45975417,-0.00690681,-0.88953351,0.00000000,8.82276265,6.07972394,7.99341574,6.90907085,1.00000000
-0.05245108,0.35264207,-0.04652374,-0.05365814,-1.45975108,-0.00691344,-0.88952997,0.00000000,8.85584621,6.04363982,8.00558663,6.89389940,1.00000000
-0.05375897,0.35250643,-0.04768006,-0.05499862,-1.45974787,-0.00692034,-0.88952628,0.00000000,8.88934844,6.00701859,8.01788719,6.87847983,1.00000000
-0.05508469,0.35236551,-0.04885186,-0.05635756,-1.45974452,-0.00692752,-0.88952245,0.00000000,8.92326751,5.96985888,8.03031576,6.86281063,1.00000000
-0.05642821,0.35221919,-0.05003909,-0.05773494,-1.45974105,-0.00693498,-0.88951846,0.00000000,8.95760154,5.93215938,8.04287060,6.84689031,1.00000000
-0.05778952,0.35206733,-0.05124173,-0.05913079,-1.45973744,-0.00694273,-0.88951432,0.00000000,8.99234851,5.89391883,8.05554995,6.83071739,1.00000000
-0.05916861,0.35190978,-0.05245974,-0.06054508,-1.45973369,-0.00695078,-0.88951002,0.00000000,9.02750635,5.85513603,8.06835197,6.81429041,1.00000000
-0.06056546,0.35174640,-0.05369309,-0.06197781,-1.45972980,-0.00695914,-0.88950555,0.00000000,9.06307287,5.81580984,8.08127482,6.79760790,1.00000000
-0.06198005,0.35157705,-0.05494173,-0.06342898,-1.45972576,-0.00696782,-0.88950092,0.00000000,9.09904581,5.77593918,8.09431657,6.78066843,1.00000000
-0.06341235,0.35140159,-0.05620562,-0.06489858,-1.45972156,-0.00697682,-0.88949611,0.00000000,9.13542281,5.73552301,8.10747526,6.76347055,1.00000000
-0.06486233,0.35121986,-0.05748472,-0.06638659,-1.45971722,-0.00698615,-0.88949112,0.00000000,9.17220142,5.69456036,8.12074890,6.74601287,1.00000000
-0.06632997,0.35103173,-0.05877896,-0.06789300,-1.45971271,-0.00699583,-0.88948595,0.00000000,9.20937909,5.65305031,8.13413544,6.72829397,1.00000000
-0.06781522,0.35083704,-0.06008831,-0.06941779,-1.45970804,-0.00700586,-0.88948059,0.00000000,9.24695322,5.61099202,8.14763278,6.71031245,1.00000000
-0.06931806,0.35063564,-0.06141269,-0.07096094,-1.45970320,-0.00701625,-0.88947504,0.00000000,9.28492108,5.56838467,8.16123880,6.69206696,1.00000000
-0.07083845,0.35042738,-0.06275205,-0.07252244,-1.45969819,-0.00702702,-0.88946929,0.00000000,9.32327988,5.52522754,8.17495131,6.67355611,1.00000000
-0.07237634,0.35021212,-0.06410632,-0.07410226,-1.45969300,-0.00703816,-0.88946333,0.00000000,9.36202675,5.48151992,8.18876811,6.65477856,1.00000000
-0.07393170,0.34998970,-0.06547544,-0.07570037,-1.45968763,-0.00704969,-0.88945717,0.00000000,9.40115870,5.43726120,8.20268692,6.63573299,1.00000000
-0.07550447,0.34975996,-0.06685934,-0.07731675,-1.45968207,-0.00706162,-0.88945080,0.00000000,9.44067270,5.39245081,8.21670544,6.61641807,1.00000000
-0.07709461,0.34952276,-0.06825794,-0.07895136,-1.45967632,-0.00707396,-0.88944420,0.00000000,9.48056561,5.34708824,8.23082135,6.59683249,1.00000000
-0.07870207,0.34927793,-0.06967117,-0.08060418,-1.45967038,-0.00708673,-0.88943738,0.00000000,9.52083422,5.30117303,8.24503226,6.57697498,1.00000000
-0.08032679,0.34902533,-0.07109895,-0.08227518,-1.45966424,-0.00709992,-0.88943034,0.00000000,9.56147523,5.25470479,8.25933575,6.55684427,1.00000000
-0.08196871,0.34876479,-0.07254118,-0.08396431,-1.45965789,-0.00711355,-0.88942305,0.00000000,9.60248527,5.20768319,8.27372936,6.53643910,1.00000000
-0.08362778,0.34849616,-0.07399780,-0.08567154,-1.45965133,-0.00712763,-0.88941553,0.00000000,9.64386089,5.16010795,8.28821061,6.51575824,1.00000000
-0.08530393,0.34821928,-0.07546870,-0.08739683,-1.45964455,-0.00714218,-0.88940776,0.00000000,9.68559856,5.11197886,8.30277696,6.49480047,1.00000000
-0.08699710,0.34793400,-0.07695380,-0.08914014,-1.45963756,-0.00715720,-0.88939973,0.00000000,9.72769467,5.06329576,8.31742585,6.47356459,1.00000000
-0.08870723,0.34764015,-0.07845299,-0.09090143,-1.45963034,-0.00717270,-0.88939145,0.00000000,9.77014553,5.01405856,8.33215467,6.45204942,1.00000000
-0.09043424,0.34733758,-0.07996618,-0.09268065,-1.45962289,-0.00718871,-0.88938290,0.00000000,9.81294740,4.96426721,8.34696080,6.43025381,1.00000000
-0.09217806,0.34702613,-0.08149326,-0.09447776,-1.45961520,-0.00720521,-0.88937408,0.00000000,9.85609642,4.91392175,8.36184156,6.40817660,1.00000000
-0.09393862,0.34670564,-0.08303414,-0.09629270,-1.45960727,-0.00722224,-0.88936498,0.00000000,9.89958870,4.86302225,8.37679426,6.38581669,1.00000000
-0.09571584,0.34637595,-0.08458869,-0.09812543,-1.45959909,-0.00723980,-0.88935560,0.00000000,9.94342026,4.81156886,8.39181616,6.36317296,1.00000000
-0.09750964,0.34603690,-0.08615682,-0.09997589,-1.45959066,-0.00725791,-0.88934593,0.00000000,9.98758705,4.75956179,8.40690449,6.34024434,1.00000000
-0.09931994,0.34568832,-0.08773839,-0.10184404,-1.45958197,-0.00727657,-0.88933596,0.00000000,10.03208495,4.70700130,8.42205647,6.31702978,1.00000000
-0.10114665,0.34533007,-0.08933330,-0.10372980,-1.45957301,-0.00729579,-0.88932568,0.00000000,10.07690976,4.65388772,8.43726926,6.29352823,1.00000000
-0.10298970,0.34496198,-0.09094142,-0.10563314,-1.45956379,-0.00731561,-0.88931510,0.00000000,10.12205725,4.60022145,8.45254002,6.26973868,1.00000000
-0.10484898,0.34458389,-0.09256262,-0.10755398,-1.45955428,-0.00733601,-0.88930419,0.00000000,10.16752307,4.54600293,8.46786586,6.24566014,1.00000000
-0.10672442,0.34419565,-0.09419678,-0.10949227,-1.45954450,-0.00735703,-0.88929297,0.00000000,10.21330284,4.49123268,8.48324387,6.22129165,1.00000000
-0.10861590,0.34379709,-0.09584377,-0.11144795,-1.45953442,-0.00737866,-0.88928141,0.00000000,10.25939211,4.43591128,8.49867113,6.19663225,1.00000000
-0.11052335,0.34338805,-0.09750345,-0.11342095,-1.45952405,-0.00740094,-0.88926951,0.00000000,10.30578635,4.38003936,8.51414466,6.17168104,1.00000000
-0.11244666,0.34296839,-0.09917568,-0.11541121,-1.45951337,-0.00742386,-0.88925726,0.00000000,10.35248099,4.32361763,8.52966149,6.14643712,1.00000000
-0.11438572,0.34253793,-0.10086033,-0.11741865,-1.45950239,-0.00744745,-0.88924466,0.00000000,10.39947138,4.26664685,8.54521860,6.12089963,1.00000000
-0.11634045,0.34209653,-0.10255724,-0.11944321,-1.45949109,-0.00747171,-0.88923169,0.00000000,10.44675281,4.20912786,8.56081297,6.09506771,1.00000000
-0.11831072,0.34164402,-0.10426627,-0.12148483,-1.45947946,-0.00749667,-0.88921835,0.00000000,10.49432054,4.15106155,8.57644153,6.06894056,1.00000000
-0.12029643,0.34118026,-0.10598728,-0.12354342,-1.45946751,-0.00752234,-0.88920464,0.00000000,10.54216973,4.09244887,8.59210122,6.04251738,1.00000000
-0.12229748,0.34070508,-0.10772010,-0.12561892,-1.45945521,-0.00754874,-0.88919054,0.00000000,10.59029550,4.03329085,8.60778893,6.01579742,1.00000000
-0.12431375,0.34021833,-0.10946458,-0.12771125,-1.45944258,-0.00757587,-0.88917604,0.00000000,10.63869293,3.97358857,8.62350155,5.98877994,1.00000000
-0.12634513,0.33971987,-0.11122056,-0.12982033,-1.45942959,-0.00760376,-0.88916114,0.00000000,10.68735702,3.91334318,8.63923595,5.96146425,1.00000000
-0.12839150,0.33920953,-0.11298789,-0.13194609,-1.45941624,-0.00763242,-0.88914583,0.00000000,10.73628273,3.85255590,8.65498898,5.93384966,1.00000000
-0.13045274,0.33868717,-0.11476638,-0.13408845,-1.45940253,-0.00766187,-0.88913009,0.00000000,10.78546497,3.79122801,8.67075746,5.90593553,1.00000000
-0.13252873,0.33815263,-0.11655588,-0.13624733,-1.45938843,-0.00769213,-0.88911393,0.00000000,10.83489859,3.72936086,8.68653821,5.87772125,1.00000000
-0.13461934,0.33760577,-0.11835622,-0.13842264,-1.45937396,-0.00772321,-0.88909732,0.00000000,10.88457840,3.66695586,8.70232803,5.84920623,1.00000000
-0.13672446,0.33704645,-0.12016721,-0.14061430,-1.45935909,-0.00775513,-0.88908027,0.00000000,10.93449914,3.60401448,8.71812371,5.82038992,1.00000000
-0.13884395,0.33647450,-0.12198869,-0.14282224,-1.45934383,-0.00778790,-0.88906276,0.00000000,10.98465553,3.54053828,8.73392201,5.79127180,1.00000000
-0.14097769,0.33588980,-0.12382047,-0.14504635,-1.45932816,-0.00782156,-0.88904478,0.00000000,11.03504223,3.47652885,8.74971971,5.76185138,1.00000000
-0.14312554,0.33529219,-0.12566236,-0.14728656,-1.45931207,-0.00785611,-0.88902632,0.00000000,11.08565386,3.41198789,8.76551355,5.73212820,1.00000000
-0.14528737,0.33468154,-0.12751420,-0.14954277,-1.45929555,-0.00789157,-0.88900737,0.00000000,11.13648498,3.34691714,8.78130026,5.70210185,1.00000000
-0.14746304,0.33405771,-0.12937577,-0.15181490,-1.45927860,-0.00792797,-0.88898793,0.00000000,11.18753012,3.28131840,8.79707658,5.67177194,1.00000000
-0.14965242,0.33342055,-0.13124690,-0.15410286,-1.45926120,-0.00796532,-0.88896797,0.00000000,11.23878378,3.21519355,8.81283923,5.64113811,1.00000000
-0.15185537,0.33276993,-0.13312739,-0.15640655,-1.45924336,-0.00800364,-0.88894750,0.00000000,11.29024041,3.14854454,8.82858491,5.61020004,1.00000000
-0.15407174,0.33210572,-0.13501704,-0.15872588,-1.45922505,-0.00804295,-0.88892649,0.00000000,11.34189440,3.08137339,8.84431035,5.57895745,1.00000000
-0.15630140,0.33142778,-0.13691566,-0.16106075,-1.45920626,-0.00808328,-0.88890495,0.00000000,11.39374014,3.01368218,8.86001222,5.54741009,1.00000000
-0.15854419,0.33073599,-0.13882304,-0.16341108,-1.45918700,-0.00812465,-0.88888285,0.00000000,11.44577195,2.94547304,8.87568724,5.51555775,1.00000000
-0.16079996,0.33003022,-0.14073898,-0.16577675,-1.45916724,-0.00816707,-0.88886018,0.00000000,11.49798415,2.87674821,8.89133210,5.48340026,1.00000000
-0.16306858,0.32931033,-0.14266326,-0.16815768,-1.45914698,-0.00821057,-0.88883694,0.00000000,11.55037099,2.80750996,8.90694347,5.45093748,1.00000000
-0.16534988,0.32857621,-0.14459569,-0.17055376,-1.45912621,-0.00825517,-0.88881311,0.00000000,11.60292671,2.73776066,8.92251806,5.41816931,1.00000000
-0.16764372,0.32782773,-0.14653605,-0.17296489,-1.45910491,-0.00830090,-0.88878868,0.00000000,11.65564551,2.66750271,8.93805254,5.38509569,1.00000000
-0.16994994,0.32706478,-0.14848412,-0.17539097,-1.45908308,-0.00834778,-0.88876364,0.00000000,11.70852158,2.59673862,8.95354360,5.35171660,1.00000000
-0.17226838,0.32628723,-0.15043970,-0.17783191,-1.45906070,-0.00839583,-0.88873797,0.00000000,11.76154904,2.52547094,8.96898792,5.31803206,1.00000000
-0.17459888,0.32549498,-0.15240255,-0.18028758,-1.45903776,-0.00844507,-0.88871166,0.00000000,11.81472202,2.45370230,8.98438221,5.28404212,1.00000000
-0.17694129,0.32468791,-0.15437245,-0.18275790,-1.45901426,-0.00849554,-0.88868469,0.00000000,11.86803462,2.38143540,8.99972314,5.24974689,1.00000000
-0.17929544,0.32386591,-0.15634920,-0.18524275,-1.45899017,-0.00854725,-0.88865707,0.00000000,11.92148090,2.30867300,9.01500741,5.21514649,1.00000000
-0.18166117,0.32302888,-0.15833255,-0.18774202,-1.45896550,-0.00860024,-0.88862876,0.00000000,11.97505490,2.23541794,9.03023172,5.18024112,1.00000000
-0.18403831,0.32217671,-0.16032228,-0.19025561,-1.45894021,-0.00865452,-0.88859975,0.00000000,12.02875066,2.16167311,9.04539279,5.14503098,1.00000000
-0.18642670,0.32130930,-0.16231816,-0.19278341,-1.45891431,-0.00871014,-0.88857004,0.00000000,12.08256217,2.08744150,9.06048731,5.10951636,1.00000000
-0.18882616,0.32042656,-0.16431996,-0.19532530,-1.45888778,-0.00876711,-0.88853961,0.00000000,12.13648341,2.01272615,9.07551202,5.07369754,1.00000000
-0.19123653,0.31952838,-0.16632745,-0.19788118,-1.45886060,-0.00882546,-0.88850843,0.00000000,12.19050836,1.93753016,9.09046363,5.03757489,1.00000000
-0.19365763,0.31861469,-0.16834039,-0.20045094,-1.45883277,-0.00888522,-0.88847651,0.00000000,12.24463096,1.86185672,9.10533889,5.00114879,1.00000000
-0.19608929,0.31768538,-0.17035854,-0.20303445,-1.45880426,-0.00894642,-0.88844381,0.00000000,12.29884515,1.78570907,9.12013454,4.96441967,1.00000000
-0.19853134,0.31674037,-0.17238166,-0.20563161,-1.45877507,-0.00900910,-0.88841033,0.00000000,12.35314485,1.70909054,9.13484736,4.92738803,1.00000000
-0.20098360,0.31577959,-0.17440951,-0.20824230,-1.45874518,-0.00907327,-0.88837604,0.00000000,12.40752397,1.63200450,9.14947410,4.89005437,1.00000000
-0.20344588,0.31480295,-0.17644185,-0.21086640,-1.45871457,-0.00913898,-0.88834094,0.00000000,12.46197641,1.55445442,9.16401155,4.85241928,1.00000000
-0.20591802,0.31381037,-0.17847843,-0.21350380,-1.45868324,-0.00920626,-0.88830499,0.00000000,12.51649606,1.47644382,9.17845652,4.81448337,1.00000000
-0.20839983,0.31280179,-0.18051902,-0.21615437,-1.45865116,-0.00927513,-0.88826820,0.00000000,12.57107681,1.39797630,9.19280582,4.77624729,1.00000000
-0.21089113,0.31177713,-0.18256335,-0.21881800,-1.45861832,-0.00934563,-0.88823054,0.00000000,12.62571252,1.31905551,9.20705627,4.73771176,1.00000000
-0.21339173,0.31073633,-0.18461118,-0.22149457,-1.45858471,-0.00941780,-0.88819198,0.00000000,12.68039707,1.23968519,9.22120474,4.69887752,1.00000000
-0.21590146,0.30967933,-0.18666227,-0.22418396,-1.45855030,-0.00949167,-0.88815252,0.00000000,12.73512432,1.15986913,9.23524809,4.65974537,1.00000000
-0.21842011,0.30860607,-0.18871636,-0.22688604,-1.45851509,-0.00956727,-0.88811213,0.00000000,12.78988814,1.07961121,9.24918319,4.62031616,1.00000000
-0.22094751,0.30751649,-0.19077319,-0.22960069,-1.45847905,-0.00964465,-0.88807079,0.00000000,12.84468240,0.99891536,9.26300697,4.58059079,1.00000000
-0.22348347,0.30641055,-0.19283251,-0.23232779,-1.45844217,-0.00972384,-0.88802849,0.00000000,12.89950094,0.91778558,9.27671633,4.54057019,1.00000000
-0.22602779,0.30528819,-0.19489407,-0.23506721,-1.45840442,-0.00980487,-0.88798520,0.00000000,12.95433765,0.83622595,9.29030824,4.50025536,1.00000000
-0.22858029,0.30414938,-0.19695762,-0.23781883,-1.45836580,-0.00988779,-0.88794090,0.00000000,13.00918639,0.75424060,9.30377966,4.45964732,1.00000000
-0.23114076,0.30299408,-0.19902289,-0.24058252,-1.45832628,-0.00997263,-0.88789558,0.00000000,13.06404103,0.67183373,9.31712759,4.41874717,1.00000000
-0.23370903,0.30182224,-0.20108962,-0.24335815,-1.45828585,-0.01005944,-0.88784920,0.00000000,13.11889544,0.58900964,9.33034904,4.37755604,1.00000000
-0.23628489,0.30063384,-0.20315757,-0.24614559,-1.45824448,-0.01014826,-0.88780175,0.00000000,13.17374353,0.50577264,9.34344106,4.33607511,1.00000000
-0.23886815,0.29942885,-0.20522646,-0.24894472,-1.45820215,-0.01023912,-0.88775321,0.00000000,13.22857918,0.42212715,9.35640072,4.29430561,1.00000000
-0.24145861,0.29820725,-0.20729604,-0.25175541,-1.45815885,-0.01033208,-0.88770356,0.00000000,13.28339629,0.33807765,9.36922512,4.25224882,1.00000000
-0.24405607,0.29696901,-0.20936605,-0.25457751,-1.45811456,-0.01042717,-0.88765276,0.00000000,13.33818880,0.25362867,9.38191139,4.20990608,1.00000000
-0.24666034,0.29571413,-0.21143623,-0.25741091,-1.45806925,-0.01052445,-0.88760079,0.00000000,13.39295061,0.16878482,9.39445666,4.16727876,1.00000000
-0.24927121,0.29444258,-0.21350631,-0.26025547,-1.45802290,-0.01062395,-0.88754764,0.00000000,13.44767569,0.08355076,9.40685814,4.12436830,1.00000000
-0.25188849,0.29315437,-0.21557603,-0.26311105,-1.45797550,-0.01072572,-0.88749327,0.00000000,13.50235799,-0.00206877,9.41911304,4.08117618,1.00000000
-0.25451196,0.29184949,-0.21764514,-0.26597752,-1.45792701,-0.01082982,-0.88743766,0.00000000,13.55699148,-0.08806896,9.43121860,4.03770392,1.00000000
-0.25714144,0.29052794,-0.21971336,-0.26885474,-1.45787742,-0.01093628,-0.88738079,0.00000000,13.61157016,-0.17444495,9.44317210,3.99395311,1.00000000
-0.25977671,0.28918972,-0.22178044,-0.27174259,-1.45782670,-0.01104517,-0.88732263,0.00000000,13.66608805,-0.26119183,9.45497085,3.94992538,1.00000000
-0.26241757,0.28783485,-0.22384612,-0.27464092,-1.45777483,-0.01115652,-0.88726314,0.00000000,13.72053919,-0.34830458,9.46661220,3.90562241,1.00000000
-0.26506382,0.28646335,-0.22591012,-0.27754959,-1.45772178,-0.01127040,-0.88720231,0.00000000,13.77491763,-0.43577817,9.47809353,3.86104593,1.00000000
-0.26771526,0.28507522,-0.22797219,-0.28046846,-1.45766754,-0.01138685,-0.88714011,0.00000000,13.82921745,-0.52360747,9.48941225,3.81619773,1.00000000
-0.27037166,0.28367049,-0.23003208,-0.28339741,-1.45761207,-0.01150593,-0.88707650,0.00000000,13.88343277,-0.61178731,9.50056582,3.77107965,1.00000000
-0.27303284,0.28224919,-0.23208950,-0.28633627,-1.45755534,-0.01162769,-0.88701145,0.00000000,13.93755772,-0.70031244,9.51155172,3.72569356,1.00000000
-0.27569857,0.28081135,-0.23414421,-0.28928493,-1.45749735,-0.01175220,-0.88694495,0.00000000,13.99158646,-0.78917757,9.52236749,3.68004141,1.00000000
-0.27836866,0.27935701,-0.23619594,-0.29224322,-1.45743804,-0.01187950,-0.88687694,0.00000000,14.04551319,-0.87837732,9.53301069,3.63412518,1.00000000
-0.28104289,0.27788620,-0.23824444,-0.29521101,-1.45737741,-0.01200966,-0.88680742,0.00000000,14.09933212,-0.96790629,9.54347892,3.58794692,1.00000000
-0.28372106,0.27639898,-0.24028943,-0.29818816,-1.45731542,-0.01214274,-0.88673633,0.00000000,14.15303752,-1.05775898,9.55376983,3.54150870,1.00000000
-0.28640295,0.27489538,-0.24233067,-0.30117452,-1.45725204,-0.01227880,-0.88666366,0.00000000,14.20662366,-1.14792986,9.56388112,3.49481268,1.00000000
-0.28908835,0.27337547,-0.24436790,-0.30416995,-1.45718724,-0.01241789,-0.88658936,0.00000000,14.26008488,-1.23841333,9.57381050,3.44786105,1.00000000
-0.29177706,0.27183929,-0.24640085,-0.30717429,-1.45712100,-0.01256009,-0.88651340,0.00000000,14.31341553,-1.32920373,9.58355575,3.40065605,1.00000000
-0.29446887,0.27028692,-0.24842927,-0.31018741,-1.45705328,-0.01270545,-0.88643576,0.00000000,14.36661001,-1.42029535,9.59311469,3.35319997,1.00000000
-0.29716355,0.26871842,-0.25045291,-0.31320916,-1.45698405,-0.01285405,-0.88635638,0.00000000,14.41966275,-1.51168243,9.60248517,3.30549516,1.00000000
-0.29986091,0.26713386,-0.25247151,-0.31623937,-1.45691329,-0.01300595,-0.88627525,0.00000000,14.47256823,-1.60335912,9.61166509,3.25754402,1.00000000
-0.30256072,0.26553332,-0.25448482,-0.31927792,-1.45684095,-0.01316123,-0.88619231,0.00000000,14.52532096,-1.69531956,9.62065241,3.20934899,1.00000000
-0.30526278,0.26391687,-0.25649258,-0.32232464,-1.45676701,-0.01331994,-0.88610754,0.00000000,14.57791549,-1.78755781,9.62944511,3.16091257,1.00000000
-0.30796688,0.26228460,-0.25849455,-0.32537939,-1.45669144,-0.01348216,-0.88602089,0.00000000,14.63034643,-1.88006788,9.63804124,3.11223730,1.00000000
-0.31067280,0.26063660,-0.26049048,-0.32844201,-1.45661419,-0.01364796,-0.88593233,0.00000000,14.68260843,-1.97284373,9.64643889,3.06332580,1.00000000
-0.31338032,0.25897297,-0.26248011,-0.33151236,-1.45653524,-0.01381743,-0.88584182,0.00000000,14.73469617,-2.06587927,9.65463620,3.01418070,1.00000000
-0.31608925,0.25729379,-0.26446321,-0.33459027,-1.45645455,-0.01399063,-0.88574931,0.00000000,14.78660439,-2.15916835,9.66263134,2.96480471,1.00000000
-0.31879936,0.25559918,-0.26643953,-0.33767559,-1.45637208,-0.01416763,-0.88565477,0.00000000,14.83832789,-2.25270477,9.67042255,2.91520057,1.00000000
-0.32151044,0.25388923,-0.26840883,-0.34076817,-1.45628780,-0.01434853,-0.88555815,0.00000000,14.88986149,-2.34648230,9.67800811,2.86537108,1.00000000
-0.32422228,0.25216407,-0.27037086,-0.34386785,-1.45620168,-0.01453340,-0.88545942,0.00000000,14.94120009,-2.44049463,9.68538637,2.81531909,1.00000000
-0.32693466,0.25042379,-0.27232539,-0.34697448,-1.45611366,-0.01472231,-0.88535852,0.00000000,14.99233862,-2.53473542,9.69255569,2.76504751,1.00000000
-0.32964738,0.24866854,-0.27427218,-0.35008790,-1.45602372,-0.01491536,-0.88525542,0.00000000,15.04327208,-2.62919829,9.69951453,2.71455926,1.00000000
-0.33236022,0.24689841,-0.27621100,-0.35320794,-1.45593181,-0.01511262,-0.88515006,0.00000000,15.09399551,-2.72387680,9.70626136,2.66385736,1.00000000
-0.33507298,0.24511355,-0.27814162,-0.35633445,-1.45583790,-0.01531418,-0.88504241,0.00000000,15.14450402,-2.81876446,9.71279472,2.61294484,1.00000000
-0.33778543,0.24331409,-0.28006380,-0.35946727,-1.45574194,-0.01552014,-0.88493242,0.00000000,15.19479276,-2.91385475,9.71911322,2.56182479,1.00000000
-0.34049736,0.24150016,-0.28197732,-0.36260624,-1.45564389,-0.01573057,-0.88482003,0.00000000,15.24485695,-3.00914110,9.72521549,2.51050036,1.00000000
-0.34320857,0.23967190,-0.28388195,-0.36575120,-1.45554371,-0.01594557,-0.88470521,0.00000000,15.29469186,-3.10461689,9.73110023,2.45897474,1.00000000
-0.34591885,0.23782946,-0.28577747,-0.36890198,-1.45544137,-0.01616522,-0.88458790,0.00000000,15.34429284,-3.20027547,9.73676621,2.40725115,1.00000000
-0.34862798,0.23597298,-0.28766366,-0.37205842,-1.45533680,-0.01638963,-0.88446806,0.00000000,15.39365526,-3.29611015,9.74221223,2.35533288,1.00000000
-0.35133575,0.23410263,-0.28954030,-0.37522035,-1.45522998,-0.01661889,-0.88434562,0.00000000,15.44277460,-3.39211419,9.74743716,2.30322326,1.00000000
-0.35404196,0.23221854,-0.29140718,-0.37838762,-1.45512085,-0.01685308,-0.88422055,0.00000000,15.49164637,-3.48828080,9.75243991,2.25092566,1.00000000
-0.35674639,0.23032089,-0.29326408,-0.38156005,-1.45500938,-0.01709232,-0.88409279,0.00000000,15.54026616,-3.58460319,9.75721947,2.19844350,1.00000000
-0.35944883,0.22840984,-0.29511080,-0.38473747,-1.45489550,-0.01733670,-0.88396229,0.00000000,15.58862961,-3.68107449,9.76177486,2.14578026,1.00000000
-0.36214908,0.22648556,-0.29694713,-0.38791973,-1.45477918,-0.01758632,-0.88382899,0.00000000,15.63673244,-3.77768783,9.76610519,2.09293943,1.00000000
-0.36484694,0.22454821,-0.29877286,-0.39110665,-1.45466038,-0.01784128,-0.88369284,0.00000000,15.68457043,-3.87443627,9.77020959,2.03992457,1.00000000
-0.36754218,0.22259799,-0.30058780,-0.39429806,-1.45453903,-0.01810168,-0.88355378,0.00000000,15.73213943,-3.97131288,9.77408727,1.98673929,1.00000000
-0.37023461,0.22063505,-0.30239176,-0.39749379,-1.45441509,-0.01836764,-0.88341176,0.00000000,15.77943536,-4.06831065,9.77773750,1.93338722,1.00000000
-0.37292402,0.21865960,-0.30418452,-0.40069367,-1.45428852,-0.01863925,-0.88326672,0.00000000,15.82645421,-4.16542256,9.78115959,1.87987206,1.00000000
-0.37561020,0.21667181,-0.30596591,-0.40389754,-1.45415926,-0.01891663,-0.88311861,0.00000000,15.87319203,-4.26264158,9.78435293,1.82619752,1.00000000
-0.37829296,0.21467187,-0.30773574,-0.40710520,-1.45402725,-0.01919988,-0.88296736,0.00000000,15.91964495,-4.35996061,9.78731695,1.77236739,1.00000000
-0.38097209,0.21265998,-0.30949382,-0.41031650,-1.45389246,-0.01948912,-0.88281291,0.00000000,15.96580919,-4.45737255,9.79005116,1.71838547,1.00000000
-0.38364738,0.21063635,-0.31123998,-0.41353126,-1.45375482,-0.01978446,-0.88265521,0.00000000,16.01168100,-4.55487027,9.79255511,1.66425562,1.00000000
-0.38631863,0.20860116,-0.31297403,-0.41674930,-1.45361428,-0.02008601,-0.88249420,0.00000000,16.05725674,-4.65244659,9.79482842,1.60998173,1.00000000
-0.38898565,0.20655462,-0.31469580,-0.41997044,-1.45347079,-0.02039389,-0.88232981,0.00000000,16.10253283,-4.75009434,9.79687076,1.55556773,1.00000000
-0.39164823,0.20449694,-0.31640512,-0.42319451,-1.45332430,-0.02070821,-0.88216198,0.00000000,16.14750578,-4.84780631,9.79868187,1.50101760,1.00000000
-0.39430617,0.20242833,-0.31810183,-0.42642134,-1.45317475,-0.02102909,-0.88199065,0.00000000,16.19217216,-4.94557525,9.80026155,1.44633535,1.00000000
-0.39695929,0.20034901,-0.31978577,-0.42965073,-1.45302207,-0.02135666,-0.88181576,0.00000000,16.23652861,-5.04339392,9.80160965,1.39152504,1.00000000
-0.39960737,0.19825918,-0.32145677,-0.43288252,-1.45286623,-0.02169103,-0.88163723,0.00000000,16.28057188,-5.14125505,9.80272610,1.33659074,1.00000000
-0.40225023,0.19615908,-0.32311467,-0.43611653,-1.45270716,-0.02203232,-0.88145502,0.00000000,16.32429876,-5.23915132,9.80361086,1.28153658,1.00000000
-0.40488767,0.19404893,-0.32475934,-0.43935256,-1.45254479,-0.02238065,-0.88126904,0.00000000,16.36770614,-5.33707544,9.80426398,1.22636673,1.00000000
-0.40751949,0.19192894,-0.32639062,-0.44259044,-1.45237909,-0.02273616,-0.88107925,0.00000000,16.41079100,-5.43502008,9.80468555,1.17108537,1.00000000
-0.41014551,0.18979935,-0.32800837,-0.44582999,-1.45220998,-0.02309896,-0.88088556,0.00000000,16.45355038,-5.53297789,9.80487574,1.11569675,1.00000000
-0.41276554,0.18766039,-0.32961244,-0.44907102,-1.45203740,-0.02346918,-0.88068791,0.00000000,16.49598140,-5.63094151,9.80483477,1.06020513,1.00000000
-0.41537938,0.18551230,-0.33120271,-0.45231334,-1.45186131,-0.02384695,-0.88048623,0.00000000,16.53808127,-5.72890357,9.80456291,1.00461480,1.00000000
-0.41798685,0.18335531,-0.33277905,-0.45555678,-1.45168163,-0.02423240,-0.88028046,0.00000000,16.57984730,-5.82685669,9.80406051,0.94893010,1.00000000
-0.42058775,0.18118966,-0.33434131,-0.45880115,-1.45149831,-0.02462565,-0.88007053,0.00000000,16.62127684,-5.92479347,9.80332798,0.89315539,1.00000000
-0.42318192,0.17901559,-0.33588939,-0.46204625,-1.45131129,-0.02502684,-0.87985637,0.00000000,16.66236736,-6.02270652,9.80236577,0.83729507,1.00000000
-0.42576915,0.17683335,-0.33742317,-0.46529190,-1.45112050,-0.02543609,-0.87963790,0.00000000,16.70311640,-6.12058843,9.80117441,0.78135356,1.00000000
-0.42834927,0.17464318,-0.33894252,-0.46853792,-1.45092588,-0.02585354,-0.87941507,0.00000000,16.74352157,-6.21843177,9.79975448,0.72533533,1.00000000
-0.43092210,0.17244533,-0.34044734,-0.47178410,-1.45072738,-0.02627932,-0.87918779,0.00000000,16.78358060,-6.31622912,9.79810664,0.66924484,1.00000000
-0.43348745,0.17024005,-0.34193753,-0.47503027,-1.45052493,-0.02671355,-0.87895600,0.00000000,16.82329127,-6.41397306,9.79623158,0.61308663,1.00000000
-0.43604515,0.16802760,-0.34341297,-0.47827623,-1.45031847,-0.02715639,-0.87871963,0.00000000,16.86265146,-6.51165616,9.79413008,0.55686522,1.00000000
-0.43859502,0.16580823,-0.34487358,-0.48152179,-1.45010794,-0.02760794,-0.87847861,0.00000000,16.90165914,-6.60927100,9.79180295,0.50058519,1.00000000
-0.44113690,0.16358220,-0.34631925,-0.48476675,-1.44989326,-0.02806836,-0.87823286,0.00000000,16.94031235,-6.70681013,9.78925109,0.44425113,1.00000000
-0.44367059,0.16134976,-0.34774991,-0.48801093,-1.44967439,-0.02853777,-0.87798232,0.00000000,16.97860923,-6.80426614,9.78647544,0.38786765,1.00000000
-0.44619594,0.15911117,-0.34916546,-0.49125412,-1.44945126,-0.02901631,-0.87772692,0.00000000,17.01654801,-6.90163159,9.78347701,0.33143941,1.00000000
-0.44871277,0.15686671,-0.35056584,-0.49449613,-1.44922381,-0.02950411,-0.87746658,0.00000000,17.05412698,-6.99889907,9.78025686,0.27497106,1.00000000
-0.45122091,0.15461662,-0.35195095,-0.49773677,-1.44899196,-0.03000130,-0.87720123,0.00000000,17.09134456,-7.09606115,9.77681612,0.21846729,1.00000000
-0.45372020,0.15236118,-0.35332072,-0.50097584,-1.44875567,-0.03050802,-0.87693080,0.00000000,17.12819921,-7.19311044,9.77315596,0.16193281,1.00000000
-0.45621047,0.15010065,-0.35467511,-0.50421315,-1.44851487,-0.03102439,-0.87665523,0.00000000,17.16468952,-7.29003952,9.76927764,0.10537236,1.00000000
-0.45869156,0.14783531,-0.35601403,-0.50744848,-1.44826949,-0.03155056,-0.87637444,0.00000000,17.20081413,-7.38684100,9.76518245,0.04879068,1.00000000
-0.46116331,0.14556541,-0.35733743,-0.51068165,-1.44801948,-0.03208665,-0.87608836,0.00000000,17.23657179,-7.48350750,9.76087174,-0.00780745,1.00000000
-0.46362556,0.14329123,-0.35864526,-0.51391246,-1.44776478,-0.03263279,-0.87579692,0.00000000,17.27196134,-7.58003166,9.75634694,-0.06441726,1.00000000
-0.46607815,0.14101304,-0.35993747,-0.51714070,-1.44750531,-0.03318912,-0.87550006,0.00000000,17.30698169,-7.67640611,9.75160951,-0.12103393,1.00000000
-0.46852093,0.13873112,-0.36121401,-0.52036618,-1.44724103,-0.03375576,-0.87519770,0.00000000,17.34163185,-7.77262351,9.74666099,-0.17765265,1.00000000
-0.47095374,0.13644573,-0.36247484,-0.52358868,-1.44697187,-0.03433284,-0.87488978,0.00000000,17.37591092,-7.86867654,9.74150296,-0.23426858,1.00000000
-0.47337643,0.13415715,-0.36371994,-0.52680802,-1.44669778,-0.03492048,-0.87457623,0.00000000,17.40981808,-7.96455788,9.73613706,-0.29087687,1.00000000
-0.47578885,0.13186566,-0.36494925,-0.53002398,-1.44641869,-0.03551881,-0.87425699,0.00000000,17.44335259,-8.06026026,9.73056499,-0.34747266,1.00000000
-0.47819085,0.12957153,-0.36616277,-0.53323637,-1.44613455,-0.03612795,-0.87393199,0.00000000,17.47651382,-8.15577639,9.72478850,-0.40405107,1.00000000
-0.48058229,0.12727504,-0.36736046,-0.53644497,-1.44584529,-0.03674803,-0.87360117,0.00000000,17.50930120,-8.25109903,9.71880939,-0.46060722,1.00000000
-0.48296302,0.12497646,-0.36854231,-0.53964959,-1.44555087,-0.03737916,-0.87326446,0.00000000,17.54171428,-8.34622095,9.71262953,-0.51713620,1.00000000
-0.48533291,0.12267607,-0.36970830,-0.54285001,-1.44525123,-0.03802146,-0.87292180,0.00000000,17.57375267,-8.44113495,9.70625083,-0.57363312,1.00000000
-0.48769180,0.12037414,-0.37085842,-0.54604603,-1.44494632,-0.03867504,-0.87257313,0.00000000,17.60541606,-8.53583386,9.69967526,-0.63009306,1.00000000
-0.49003958,0.11807096,-0.37199268,-0.54923745,-1.44463607,-0.03934002,-0.87221840,0.00000000,17.63670427,-8.63031052,9.69290483,-0.68651109,1.00000000
-0.49237609,0.11576681,-0.37311105,-0.55242406,-1.44432045,-0.04001650,-0.87185754,0.00000000,17.66761715,-8.72455781,9.68594162,-0.74288229,1.00000000
-0.49470121,0.11346195,-0.37421356,-0.55560564,-1.44399940,-0.04070460,-0.87149049,0.00000000,17.69815467,-8.81856864,9.67878775,-0.79920172,1.00000000
-0.49701480,0.11115667,-0.37530021,-0.55878199,-1.44367287,-0.04140440,-0.87111722,0.00000000,17.72831689,-8.91233595,9.67144539,-0.85546444,1.00000000
-0.49931674,0.10885125,-0.37637101,-0.56195291,-1.44334082,-0.04211602,-0.87073765,0.00000000,17.75810393,-9.00585270,9.66391675,-0.91166552,1.00000000
-0.50160690,0.10654596,-0.37742597,-0.56511817,-1.44300319,-0.04283955,-0.87035175,0.00000000,17.78751602,-9.09911190,9.65620413,-0.96780000,1.00000000
-0.50388516,0.10424108,-0.37846511,-0.56827758,-1.44265995,-0.04357509,-0.86995945,0.00000000,17.81655345,-9.19210658,9.64830982,-1.02386295,1.00000000
-0.50615139,0.10193689,-0.37948847,-0.57143092,-1.44231105,-0.04432271,-0.86956073,0.00000000,17.84521661,-9.28482982,9.64023620,-1.07984941,1.00000000
-0.50840547,0.09963366,-0.38049606,-0.57457798,-1.44195646,-0.04508251,-0.86915552,0.00000000,17.87350597,-9.37727473,9.63198569,-1.13575445,1.00000000
-0.51064729,0.09733167,-0.38148793,-0.57771855,-1.44159613,-0.04585456,-0.86874380,0.00000000,17.90142208,-9.46943445,9.62356074,-1.19157311,1.00000000
-0.51287673,0.09503120,-0.38246410,-0.58085242,-1.44123003,-0.04663894,-0.86832551,0.00000000,17.92896558,-9.56130218,9.61496386,-1.24730046,1.00000000
-0.51509367,0.09273251,-0.38342462,-0.58397937,-1.44085813,-0.04743573,-0.86790063,0.00000000,17.95613717,-9.65287113,9.60619760,-1.30293157,1.00000000
-0.51729802,0.09043589,-0.38436953,-0.58709919,-1.44048039,-0.04824498,-0.86746912,0.00000000,17.98293766,-9.74413459,9.59726455,-1.35846149,1.00000000
-0.51948964,0.08814160,-0.38529888,-0.59021168,-1.44009679,-0.04906676,-0.86703095,0.00000000,18.00936791,-9.83508586,9.58816736,-1.41388531,1.00000000
-0.52166845,0.08584993,-0.38621272,-0.59331661,-1.43970729,-0.04990111,-0.86658608,0.00000000,18.03542889,-9.92571830,9.57890869,-1.46919810,1.00000000
-0.52383434,0.08356113,-0.38711111,-0.59641378,-1.43931188,-0.05074810,-0.86613450,0.00000000,18.06112163,-10.01602532,9.56949128,-1.52439497,1.00000000
-0.52598720,0.08127548,-0.38799411,-0.59950297,-1.43891054,-0.05160777,-0.86567618,0.00000000,18.08644724,-10.10600036,9.55991788,-1.57947099,1.00000000
-0.52812694,0.07899326,-0.38886178,-0.60258397,-1.43850324,-0.05248014,-0.86521111,0.00000000,18.11140691,-10.19563692,9.55019128,-1.63442130,1.00000000
-0.53025345,0.07671472,-0.38971419,-0.60565656,-1.43808997,-0.05336526,-0.86473926,0.00000000,18.13600190,-10.28492856,9.54031434,-1.68924099,1.00000000
-0.53236665,0.07444014,-0.39055141,-0.60872054,-1.43767072,-0.05426314,-0.86426063,0.00000000,18.16023356,-10.37386886,9.53028992,-1.74392522,1.00000000
-0.53446644,0.07216977,-0.39137351,-0.61177568,-1.43724548,-0.05517381,-0.86377520,0.00000000,18.18410329,-10.46245147,9.52012094,-1.79846911,1.00000000
-0.53655274,0.06990389,-0.39218058,-0.61482177,-1.43681424,-0.05609728,-0.86328297,0.00000000,18.20761259,-10.55067010,9.50981034,-1.85286785,1.00000000
-0.53862544,0.06764276,-0.39297269,-0.61785860,-1.43637701,-0.05703354,-0.86278395,0.00000000,18.23076302,-10.63851850,9.49936112,-1.90711659,1.00000000
-0.54068448,0.06538664,-0.39374993,-0.62088596,-1.43593377,-0.05798260,-0.86227812,0.00000000,18.25355621,-10.72599048,9.48877628,-1.96121054,1.00000000
-0.54272976,0.06313578,-0.39451238,-0.62390362,-1.43548454,-0.05894444,-0.86176551,0.00000000,18.27599387,-10.81307990,9.47805887,-2.01514491,1.00000000
-0.54476120,0.06089045,-0.39526015,-0.62691138,-1.43502933,-0.05991904,-0.86124612,0.00000000,18.29807775,-10.89978070,9.46721197,-2.06891491,1.00000000
-0.54677873,0.05865090,-0.39599331,-0.62990903,-1.43456814,-0.06090638,-0.86071997,0.00000000,18.31980972,-10.98608684,9.45623870,-2.12251582,1.00000000
-0.54878227,0.05641739,-0.39671198,-0.63289634,-1.43410099,-0.06190642,-0.86018707,0.00000000,18.34119167,-11.07199236,9.44514219,-2.17594288,1.00000000
-0.55077175,0.05419016,-0.39741625,-0.63587311,-1.43362791,-0.06291913,-0.85964746,0.00000000,18.36222558,-11.15749137,9.43392561,-2.22919140,1.00000000
-0.55274710,0.05196947,-0.39810622,-0.63883913,-1.43314890,-0.06394443,-0.85910115,0.00000000,18.38291349,-11.24257803,9.42259215,-2.28225669,1.00000000
-0.55470824,0.04975557,-0.39878201,-0.64179417,-1.43266401,-0.06498229,-0.85854819,0.00000000,18.40325750,-11.32724655,9.41114505,-2.33513410,1.00000000
-0.55665511,0.04754871,-0.39944372,-0.64473803,-1.43217326,-0.06603262,-0.85798861,0.00000000,18.42325978,-11.41149122,9.39958753,-2.38781897,1.00000000
-0.55858764,0.04534912,-0.40009146,-0.64767049,-1.43167669,-0.06709535,-0.85742245,0.00000000,18.44292256,-11.49530639,9.38792287,-2.44030671,1.00000000
-0.56050578,0.04315706,-0.40072536,-0.65059135,-1.43117434,-0.06817038,-0.85684976,0.00000000,18.46224812,-11.57868648,9.37615437,-2.49259273,1.00000000
-0.56240947,0.04097275,-0.40134552,-0.65350039,-1.43066625,-0.06925764,-0.85627060,0.00000000,18.48123881,-11.66162595,9.36428533,-2.54467247,1.00000000
-0.56429864,0.03879645,-0.40195207,-0.65639740,-1.43015247,-0.07035700,-0.85568502,0.00000000,18.49989703,-11.74411936,9.35231909,-2.59654142,1.00000000
-0.56617324,0.03662838,-0.40254513,-0.65928217,-1.42963306,-0.07146835,-0.85509308,0.00000000,18.51822524,-11.82616132,9.34025899,-2.64819507,1.00000000
-0.56803323,0.03446877,-0.40312483,-0.66215449,-1.42910807,-0.07259157,-0.85449486,0.00000000,18.53622596,-11.90774650,9.32810841,-2.69962895,1.00000000
-0.56987854,0.03231787,-0.40369129,-0.66501415,-1.42857756,-0.07372652,-0.85389041,0.00000000,18.55390176,-11.98886967,9.31587074,-2.75083865,1.00000000
-0.57170913,0.03017589,-0.40424465,-0.66786094,-1.42804160,-0.07487306,-0.85327983,0.00000000,18.57125524,-12.06952563,9.30354937,-2.80181976,1.00000000
-0.57352496,0.02804307,-0.40478503,-0.67069466,-1.42750025,-0.07603104,-0.85266319,0.00000000,18.58828909,-12.14970928,9.29114771,-2.85256791,1.00000000
-0.57532597,0.02591963,-0.40531258,-0.67351509,-1.42695361,-0.07720029,-0.85204059,0.00000000,18.60500602,-12.22941559,9.27866920,-2.90307877,1.00000000
-0.57711214,0.02380578,-0.40582743,-0.67632204,-1.42640174,-0.07838064,-0.85141211,0.00000000,18.62140880,-12.30863958,9.26611727,-2.95334805,1.00000000
-0.57888342,0.02170174,-0.40632972,-0.67911529,-1.42584473,-0.07957191,-0.85077785,0.00000000,18.63750024,-12.38737636,9.25349538,-3.00337150,1.00000000
-0.58063977,0.01960774,-0.40681958,-0.68189464,-1.42528267,-0.08077389,-0.85013793,0.00000000,18.65328319,-12.46562112,9.24080697,-3.05314489,1.00000000
-0.58238116,0.01752398,-0.40729717,-0.68465989,-1.42471566,-0.08198640,-0.84949244,0.00000000,18.66876056,-12.54336910,9.22805551,-3.10266405,1.00000000
-0.58410755,0.01545068,-0.40776262,-0.68741083,-1.42414378,-0.08320921,-0.84884150,0.00000000,18.68393529,-12.62061564,9.21524448,-3.15192484,1.00000000
-0.58581892,0.01338804,-0.40821608,-0.69014727,-1.42356715,-0.08444211,-0.84818523,0.00000000,18.69881035,-12.69735615,9.20237735,-3.20092315,1.00000000
-0.58751523,0.01133626,-0.40865770,-0.69286899,-1.42298587,-0.08568486,-0.84752375,0.00000000,18.71338877,-12.77358610,9.18945760,-3.24965493,1.00000000
-0.58919647,0.00929555,-0.40908763,-0.69557582,-1.42240006,-0.08693723,-0.84685720,0.00000000,18.72767361,-12.84930106,9.17648871,-3.29811616,1.00000000
-0.59086260,0.00726611,-0.40950602,-0.69826754,-1.42180983,-0.08819896,-0.84618570,0.00000000,18.74166794,-12.92449666,9.16347416,-3.34630288,1.00000000
-0.59251361,0.00524813,-0.40991301,-0.70094395,-1.42121530,-0.08946979,-0.84550941,0.00000000,18.75537491,-12.99916862,9.15041744,-3.39421116,1.00000000
-0.59414947,0.00324180,-0.41030877,-0.70360487,-1.42061659,-0.09074945,-0.84482845,0.00000000,18.76879766,-13.07331274,9.13732203,-3.44183711,1.00000000
-0.59577017,0.00124732,-0.41069345,-0.70625011,-1.42001384,-0.09203766,-0.84414298,0.00000000,18.78193937,-13.14692487,9.12419141,-3.48917691,1.00000000
-0.59737568,-0.00073513,-0.41106719,-0.70887945,-1.41940718,-0.09333415,-0.84345316,0.00000000,18.79480328,-13.22000098,9.11102905,-3.53622675,1.00000000
-0.59896601,-0.00270537,-0.41143017,-0.71149273,-1.41879675,-0.09463860,-0.84275914,0.00000000,18.80739261,-13.29253711,9.09783842,-3.58298291,1.00000000
-0.60054112,-0.00466322,-0.41178253,-0.71408974,-1.41818268,-0.09595072,-0.84206109,0.00000000,18.81971064,-13.36452935,9.08462298,-3.62944169,1.00000000
-0.60210102,-0.00660848,-0.41212444,-0.71667030,-1.41756514,-0.09727019,-0.84135916,0.00000000,18.83176066,-13.43597392,9.07138619,-3.67559945,1.00000000
-0.60364570,-0.00854101,-0.41245605,-0.71923422,-1.41694425,-0.09859670,-0.84065354,0.00000000,18.84354598,-13.50686708,9.05813150,-3.72145259,1.00000000
-0.60517514,-0.01046061,-0.41277752,-0.72178133,-1.41632018,-0.09992991,-0.83994440,0.00000000,18.85506994,-13.57720519,9.04486233,-3.76699759,1.00000000
-0.60668936,-0.01236713,-0.41308902,-0.72431142,-1.41569309,-0.10126948,-0.83923192,0.00000000,18.86633588,-13.64698470,9.03158211,-3.81223093,1.00000000
-0.60818833,-0.01426040,-0.41339070,-0.72682434,-1.41506313,-0.10261508,-0.83851628,0.00000000,18.87734719,-13.71620213,9.01829426,-3.85714920,1.00000000
-0.60967207,-0.01614025,-0.41368273,-0.72931989,-1.41443047,-0.10396636,-0.83779767,0.00000000,18.88810725,-13.78485409,9.00500217,-3.90174901,1.00000000
-0.61114057,-0.01800653,-0.41396526,-0.73179790,-1.41379527,-0.10532294,-0.83707627,0.00000000,18.89861946,-13.85293727,8.99170921,-3.94602702,1.00000000
-0.61259383,-0.01985909,-0.41423847,-0.73425819,-1.41315771,-0.10668448,-0.83635230,0.00000000,18.90888723,-13.92044845,8.97841876,-3.98997998,1.00000000
-0.61403187,-0.02169776,-0.41450251,-0.73670060,-1.41251796,-0.10805060,-0.83562593,0.00000000,18.91891399,-13.98738448,8.96513415,-4.03360465,1.00000000
-0.61545469,-0.02352241,-0.41475754,-0.73912495,-1.41187619,-0.10942092,-0.83489738,0.00000000,18.92870317,-14.05374231,8.95185873,-4.07689787,1.00000000
-0.61686229,-0.02533289,-0.41500373,-0.74153107,-1.41123258,-0.11079507,-0.83416684,0.00000000,18.93825822,-14.11951898,8.93859578,-4.11985655,1.00000000
-0.61825469,-0.02712905,-0.41524125,-0.74391880,-1.41058732,-0.11217265,-0.83343452,0.00000000,18.94758258,-14.18471160,8.92534861,-4.16247763,1.00000000
-0.61963190,-0.02891076,-0.41547024,-0.74628797,-1.40994058,-0.11355328,-0.83270063,0.00000000,18.95667972,-14.24931737,8.91212047,-4.20475813,1.00000000
-0.62099393,-0.03067788,-0.41569088,-0.74863842,-1.40929255,-0.11493655,-0.83196538,0.00000000,18.96555308,-14.31333358,8.89891461,-4.24669511,1.00000000
-0.62234080,-0.03243028,-0.41590334,-0.75097000,-1.40864343,-0.11632207,-0.83122899,0.00000000,18.97420613,-14.37675760,8.88573423,-4.28828570,1.00000000
-0.62367252,-0.03416783,-0.41610776,-0.75328254,-1.40799339,-0.11770944,-0.83049166,0.00000000,18.98264233,-14.43958690,8.87258253,-4.32952711,1.00000000
-0.62498911,-0.03589041,-0.41630432,-0.75557589,-1.40734262,-0.11909824,-0.82975362,0.00000000,18.99086513,-14.50181902,8.85946267,-4.37041657,1.00000000
-0.62629060,-0.03759789,-0.41649317,-0.75784991,-1.40669133,-0.12048808,-0.82901508,0.00000000,18.99887800,-14.56345161,8.84637779,-4.41095140,1.00000000
-0.62757700,-0.03929015,-0.41667448,-0.76010444,-1.40603970,-0.12187852,-0.82827626,0.00000000,19.00668439,-14.62448238,8.83333098,-4.45112897,1.00000000
-0.62884833,-0.04096708,-0.41684840,-0.76233933,-1.40538793,-0.12326917,-0.82753739,0.00000000,19.01428774,-14.68490914,8.82032533,-4.49094673,1.00000000
-0.63010463,-0.04262857,-0.41701510,-0.76455445,-1.40473621,-0.12465961,-0.82679867,0.00000000,19.02169150,-14.74472980,8.80736387,-4.53040217,1.00000000
-0.63134591,-0.04427451,-0.41717474,-0.76674965,-1.40408474,-0.12604941,-0.82606035,0.00000000,19.02889911,-14.80394235,8.79444963,-4.56949287,1.00000000
-0.63257221,-0.04590480,-0.41732747,-0.76892480,-1.40343371,-0.12743816,-0.82532262,0.00000000,19.03591398,-14.86254485,8.78158557,-4.60821643,1.00000000
-0.63378355,-0.04751932,-0.41747346,-0.77107976,-1.40278333,-0.12882544,-0.82458573,0.00000000,19.04273954,-14.92053548,8.76877464,-4.64657058,1.00000000
-0.63497996,-0.04911799,-0.41761286,-0.77321440,-1.40213378,-0.13021083,-0.82384989,0.00000000,19.04937919,-14.97791248,8.75601976,-4.68455305,1.00000000
-0.63616149,-0.05070071,-0.41774582,-0.77532859,-1.40148526,-0.13159391,-0.82311532,0.00000000,19.05583631,-15.03467421,8.74332379,-4.72216169,1.00000000
-0.63732815,-0.05226739,-0.41787251,-0.77742220,-1.40083797,-0.13297428,-0.82238224,0.00000000,19.06211429,-15.09081910,8.73068957,-4.75939438,1.00000000
-0.63847998,-0.05381794,-0.41799307,-0.77949512,-1.40019211,-0.13435149,-0.82165088,0.00000000,19.06821648,-15.14634566,8.71811989,-4.79624908,1.00000000
-0.63961703,-0.05535227,-0.41810767,-0.78154723,-1.39954787,-0.13572516,-0.82092146,0.00000000,19.07414623,-15.20125251,8.70561753,-4.83272382,1.00000000
-0.64073932,-0.05687031,-0.41821644,-0.78357840,-1.39890545,-0.13709485,-0.82019419,0.00000000,19.07990687,-15.25553836,8.69318520,-4.86881669,1.00000000
-0.64184690,-0.05837198,-0.41831956,-0.78558853,-1.39826503,-0.13846017,-0.81946929,0.00000000,19.08550170,-15.30920200,8.68082557,-4.90452587,1.00000000
-0.64293981,-0.05985719,-0.41841715,-0.78757751,-1.39762681,-0.13982069,-0.81874698,0.00000000,19.09093402,-15.36224231,8.66854129,-4.93984958,1.00000000
-0.64401809,-0.06132589,-0.41850938,-0.78954523,-1.39699099,-0.14117602,-0.81802748,0.00000000,19.09620709,-15.41465826,8.65633496,-4.97478613,1.00000000
-0.64508177,-0.06277801,-0.41859639,-0.79149159,-1.39635774,-0.14252576,-0.81731099,0.00000000,19.10132417,-15.46644893,8.64420912,-5.00933389,1.00000000
-0.64613091,-0.06421347,-0.41867833,-0.79341650,-1.39572726,-0.14386950,-0.81659773,0.00000000,19.10628846,-15.51761347,8.63216629,-5.04349130,1.00000000
-0.64716555,-0.06563223,-0.41875534,-0.79531985,-1.39509973,-0.14520686,-0.81588790,0.00000000,19.11110318,-15.56815113,8.62020893,-5.07725688,1.00000000
-0.64818574,-0.06703422,-0.41882756,-0.79720155,-1.39447534,-0.14653744,-0.81518171,0.00000000,19.11577150,-15.61806125,8.60833946,-5.11062921,1.00000000
-0.64919153,-0.06841938,-0.41889514,-0.79906153,-1.39385426,-0.14786086,-0.81447937,0.00000000,19.12029656,-15.66734326,8.59656026,-5.14360696,1.00000000
-0.65018295,-0.06978768,-0.41895823,-0.80089969,-1.39323668,-0.14917673,-0.81378108,0.00000000,19.12468150,-15.71599670,8.58487365,-5.17618885,1.00000000
-0.65116007,-0.07113905,-0.41901694,-0.80271595,-1.39262278,-0.15048469,-0.81308702,0.00000000,19.12892940,-15.76402116,8.57328192,-5.20837369,1.00000000
-0.65212294,-0.07247347,-0.41907143,-0.80451024,-1.39201272,-0.15178436,-0.81239741,0.00000000,19.13304333,-15.81141638,8.56178730,-5.24016035,1.00000000
-0.65307160,-0.07379088,-0.41912184,-0.80628248,-1.39140668,-0.15307539,-0.81171242,0.00000000,19.13702633,-15.85818214,8.55039198,-5.27154778,1.00000000
-0.65400612,-0.07509126,-0.41916829,-0.80803262,-1.39080482,-0.15435741,-0.81103226,0.00000000,19.14088142,-15.90431835,8.53909808,-5.30253501,1.00000000
-0.65492654,-0.07637456,-0.41921091,-0.80976057,-1.39020732,-0.15563008,-0.81035710,0.00000000,19.14461156,-15.94982500,8.52790770,-5.33312113,1.00000000
-0.65583292,-0.07764077,-0.41924984,-0.81146629,-1.38961433,-0.15689305,-0.80968712,0.00000000,19.14821970,-15.99470216,8.51682286,-5.36330532,1.00000000
-0.65672533,-0.07888984,-0.41928521,-0.81314971,-1.38902601,-0.15814598,-0.80902250,0.00000000,19.15170876,-16.03895003,8.50584556,-5.39308683,1.00000000
-0.65760381,-0.08012177,-0.41931715,-0.81481078,-1.38844252,-0.15938855,-0.80836342,0.00000000,19.15508163,-16.08256886,8.49497773,-5.42246497,1.00000000
-0.65846843,-0.08133653,-0.41934577,-0.81644946,-1.38786401,-0.16062044,-0.80771005,0.00000000,19.15834113,-16.12555903,8.48422124,-5.45143915,1.00000000
-0.65931926,-0.08253410,-0.41937121,-0.81806570,-1.38729062,-0.16184132,-0.80706254,0.00000000,19.16149010,-16.16792101,8.47357794,-5.48000884,1.00000000
-0.66015634,-0.08371447,-0.41939359,-0.81965946,-1.38672252,-0.16305090,-0.80642107,0.00000000,19.16453131,-16.20965533,8.46304958,-5.50817360,1.00000000
-0.66097975,-0.08487764,-0.41941302,-0.82123071,-1.38615982,-0.16424888,-0.80578579,0.00000000,19.16746751,-16.25076267,8.45263789,-5.53593305,1.00000000
-0.66178955,-0.08602359,-0.41942962,-0.82277941,-1.38560268,-0.16543495,-0.80515685,0.00000000,19.17030140,-16.29124376,8.44234455,-5.56328691,1.00000000
-0.66258580,-0.08715233,-0.41944352,-0.82430553,-1.38505123,-0.16660885,-0.80453441,0.00000000,19.17303566,-16.33109945,8.43217116,-5.59023495,1.00000000
-0.66336857,-0.08826385,-0.41945482,-0.82580906,-1.38450559,-0.16777030,-0.80391860,0.00000000,19.17567291,-16.37033068,8.42211928,-5.61677705,1.00000000
-0.66413793,-0.08935816,-0.41946363,-0.82728997,-1.38396590,-0.16891903,-0.80330956,0.00000000,19.17821577,-16.40893848,8.41219042,-5.64291313,1.00000000
-0.66489394,-0.09043527,-0.41947008,-0.82874826,-1.38343226,-0.17005478,-0.80270744,0.00000000,19.18066679,-16.44692400,8.40238602,-5.66864323,1.00000000
-0.66563669,-0.09149519,-0.41947425,-0.83018391,-1.38290481,-0.17117732,-0.80211236,0.00000000,19.18302849,-16.48428846,8.39270747,-5.69396744,1.00000000
-0.66636623,-0.09253793,-0.41947627,-0.83159692,-1.38238366,-0.17228639,-0.80152444,0.00000000,19.18530336,-16.52103319,8.38315611,-5.71888595,1.00000000
-0.66708264,-0.09356352,-0.41947624,-0.83298728,-1.38186890,-0.17338177,-0.80094381,0.00000000,19.18749384,-16.55715962,8.37373322,-5.74339900,1.00000000
-0.66778599,-0.09457196,-0.41947425,-0.83435501,-1.38136066,-0.17446325,-0.80037059,0.00000000,19.18960234,-16.59266927,8.36444001,-5.76750694,1.00000000
-0.66847636,-0.09556330,-0.41947041,-0.83570011,-1.38085902,-0.17553059,-0.79980487,0.00000000,19.19163122,-16.62756376,8.35527766,-5.79121020,1.00000000
-0.66915382,-0.09653755,-0.41946482,-0.83702259,-1.38036409,-0.17658361,-0.79924678,0.00000000,19.19358281,-16.66184483,8.34624725,-5.81450927,1.00000000
-0.66981845,-0.09749475,-0.41945756,-0.83832248,-1.37987596,-0.17762211,-0.79869641,0.00000000,19.19545941,-16.69551429,8.33734985,-5.83740473,1.00000000
-0.67047032,-0.09843494,-0.41944875,-0.83959980,-1.37939472,-0.17864591,-0.79815386,0.00000000,19.19726324,-16.72857406,8.32858644,-5.85989725,1.00000000
-0.67110952,-0.09935814,-0.41943846,-0.84085457,-1.37892044,-0.17965483,-0.79761922,0.00000000,19.19899653,-16.76102616,8.31995795,-5.88198758,1.00000000
-0.67173613,-0.10026442,-0.41942679,-0.84208683,-1.37845321,-0.18064870,-0.79709258,0.00000000,19.20066143,-16.79287273,8.31146524,-5.90367654,1.00000000
-0.67235022,-0.10115380,-0.41941382,-0.84329661,-1.37799310,-0.18162737,-0.79657402,0.00000000,19.20226007,-16.82411598,8.30310914,-5.92496504,1.00000000
-0.67295188,-0.10202634,-0.41939964,-0.84448397,-1.37754019,-0.18259070,-0.79606361,0.00000000,19.20379453,-16.85475823,8.29489039,-5.94585409,1.00000000
-0.67354119,-0.10288209,-0.41938434,-0.84564893,-1.37709453,-0.18353853,-0.79556142,0.00000000,19.20526686,-16.88480192,8.28680969,-5.96634475,1.00000000
-0.67411824,-0.10372111,-0.41936799,-0.84679157,-1.37665620,-0.18447076,-0.79506754,0.00000000,19.20667905,-16.91424958,8.27886766,-5.98643819,1.00000000
-0.67468310,-0.10454345,-0.41935068,-0.84791193,-1.37622524,-0.18538725,-0.79458200,0.00000000,19.20803307,-16.94310383,8.27106489,-6.00613565,1.00000000
-0.67523588,-0.10534919,-0.41933247,-0.84901008,-1.37580170,-0.18628790,-0.79410488,0.00000000,19.20933082,-16.97136741,8.26340188,-6.02543846,1.00000000
-0.67577665,-0.10613838,-0.41931346,-0.85008609,-1.37538565,-0.18717261,-0.79363623,0.00000000,19.21057420,-16.99904315,8.25587908,-6.04434804,1.00000000
-0.67630550,-0.10691109,-0.41929370,-0.85114002,-1.37497712,-0.18804129,-0.79317608,0.00000000,19.21176503,-17.02613401,8.24849690,-6.06286588,1.00000000
-0.67682253,-0.10766741,-0.41927326,-0.85217196,-1.37457615,-0.18889385,-0.79272449,0.00000000,19.21290511,-17.05264303,8.24125565,-6.08099356,1.00000000
-0.67732783,-0.10840740,-0.41925223,-0.85318198,-1.37418277,-0.18973023,-0.79228149,0.00000000,19.21399619,-17.07857335,8.23415561,-6.09873277,1.00000000
-0.67782148,-0.10913114,-0.41923066,-0.85417019,-1.37379702,-0.19055035,-0.79184712,0.00000000,19.21503999,-17.10392824,8.22719699,-6.11608524,1.00000000
-0.67830359,-0.10983872,-0.41920861,-0.85513666,-1.37341892,-0.19135417,-0.79142140,0.00000000,19.21603817,-17.12871106,8.22037994,-6.13305283,1.00000000
-0.67877425,-0.11053023,-0.41918616,-0.85608149,-1.37304850,-0.19214164,-0.79100435,0.00000000,19.21699237,-17.15292528,8.21370454,-6.14963746,1.00000000
-0.67923355,-0.11120575,-0.41916335,-0.85700480,-1.37268577,-0.19291273,-0.79059599,0.00000000,19.21790417,-17.17657447,8.20717083,-6.16584114,1.00000000
-0.67968159,-0.11186538,-0.41914025,-0.85790668,-1.37233075,-0.19366740,-0.79019634,0.00000000,19.21877512,-17.19966232,8.20077877,-6.18166597,1.00000000
-0.68011848,-0.11250922,-0.41911692,-0.85878725,-1.37198344,-0.19440564,-0.78980540,0.00000000,19.21960673,-17.22219261,8.19452827,-6.19711415,1.00000000
-0.68054430,-0.11313737,-0.41909340,-0.85964664,-1.37164386,-0.19512745,-0.78942318,0.00000000,19.22040048,-17.24416926,8.18841917,-6.21218795,1.00000000
-0.68095917,-0.11374993,-0.41906975,-0.86048496,-1.37131200,-0.19583281,-0.78904968,0.00000000,19.22115779,-17.26559626,8.18245126,-6.22688973,1.00000000
-0.68136318,-0.11434701,-0.41904602,-0.86130234,-1.37098785,-0.19652174,-0.78868490,0.00000000,19.22188005,-17.28647773,8.17662425,-6.24122194,1.00000000
-0.68175644,-0.11492872,-0.41902225,-0.86209892,-1.37067142,-0.19719426,-0.78832881,0.00000000,19.22256860,-17.30681790,8.17093782,-6.25518712,1.00000000
-0.68213906,-0.11549518,-0.41899850,-0.86287485,-1.37036269,-0.19785039,-0.78798141,0.00000000,19.22322477,-17.32662112,8.16539156,-6.26878791,1.00000000
-0.68251114,-0.11604651,-0.41897480,-0.86363025,-1.37006164,-0.19849016,-0.78764269,0.00000000,19.22384982,-17.34589182,8.15998502,-6.28202701,1.00000000
-0.68287279,-0.11658283,-0.41895120,-0.86436530,-1.36976826,-0.19911362,-0.78731261,0.00000000,19.22444500,-17.36463457,8.15471768,-6.29490725,1.00000000
-0.68322412,-0.11710426,-0.41892773,-0.86508013,-1.36948252,-0.19972083,-0.78699114,0.00000000,19.22501149,-17.38285404,8.14958895,-6.30743150,1.00000000
-0.68356524,-0.11761093,-0.41890444,-0.86577492,-1.36920440,-0.20031183,-0.78667826,0.00000000,19.22555047,-17.40055503,8.14459820,-6.31960276,1.00000000
-0.68389626,-0.11810298,-0.41888136,-0.86644984,-1.36893386,-0.20088669,-0.78637394,0.00000000,19.22606304,-17.41774242,8.13974473,-6.33142411,1.00000000
-0.68421730,-0.11858054,-0.41885852,-0.86710504,-1.36867087,-0.20144550,-0.78607812,0.00000000,19.22655031,-17.43442123,8.13502778,-6.34289871,1.00000000
-0.68452847,-0.11904376,-0.41883597,-0.86774072,-1.36841540,-0.20198833,-0.78579076,0.00000000,19.22701332,-17.45059659,8.13044654,-6.35402981,1.00000000
-0.68482989,-0.11949277,-0.41881371,-0.86835705,-1.36816739,-0.20251528,-0.78551182,0.00000000,19.22745308,-17.46627374,8.12600011,-6.36482077,1.00000000
-0.68512168,-0.11992773,-0.41879180,-0.86895423,-1.36792680,-0.20302645,-0.78524124,0.00000000,19.22787059,-17.48145804,8.12168757,-6.37527502,1.00000000
-0.68540396,-0.12034878,-0.41877024,-0.86953245,-1.36769358,-0.20352194,-0.78497897,0.00000000,19.22826680,-17.49615497,8.11750792,-6.38539609,1.00000000
-0.68567684,-0.12075608,-0.41874907,-0.87009191,-1.36746768,-0.20400187,-0.78472493,0.00000000,19.22864260,-17.51037012,8.11346010,-6.39518761,1.00000000
-0.68594046,-0.12114979,-0.41872832,-0.87063281,-1.36724904,-0.20446637,-0.78447908,0.00000000,19.22899890,-17.52410919,8.10954299,-6.40465329,1.00000000
-0.68619494,-0.12153007,-0.41870799,-0.87115537,-1.36703760,-0.20491556,-0.78424132,0.00000000,19.22933653,-17.53737802,8.10575543,-6.41379693,1.00000000
-0.68644040,-0.12189709,-0.41868812,-0.87165981,-1.36683330,-0.20534959,-0.78401160,0.00000000,19.22965631,-17.55018256,8.10209619,-6.42262243,1.00000000
-0.68667697,-0.12225101,-0.41866871,-0.87214634,-1.36663606,-0.20576859,-0.78378984,0.00000000,19.22995904,-17.56252886,8.09856397,-6.43113378,1.00000000
-0.68690478,-0.12259201,-0.41864979,-0.87261519,-1.36644582,-0.20617273,-0.78357595,0.00000000,19.23024547,-17.57442312,8.09515743,-6.43933507,1.00000000
-0.68712397,-0.12292026,-0.41863137,-0.87306660,-1.36626249,-0.20656216,-0.78336984,0.00000000,19.23051633,-17.58587164,8.09187516,-6.44723047,1.00000000
-0.68733466,-0.12323595,-0.41861347,-0.87350081,-1.36608601,-0.20693705,-0.78317143,0.00000000,19.23077231,-17.59688085,8.08871571,-6.45482425,1.00000000
-0.68753699,-0.12353926,-0.41859609,-0.87391806,-1.36591628,-0.20729758,-0.78298063,0.00000000,19.23101409,-17.60745731,8.08567755,-6.46212077,1.00000000
-0.68773111,-0.12383038,-0.41857924,-0.87431860,-1.36575323,-0.20764393,-0.78279734,0.00000000,19.23124231,-17.61760769,8.08275912,-6.46912450,1.00000000
-0.68791713,-0.12410949,-0.41856294,-0.87470269,-1.36559676,-0.20797628,-0.78262145,0.00000000,19.23145759,-17.62733879,8.07995878,-6.47583997,1.00000000
-0.68809522,-0.12437680,-0.41854720,-0.87507058,-1.36544678,-0.20829484,-0.78245286,0.00000000,19.23166053,-17.63665753,8.07727485,-6.48227185,1.00000000
-0.68826551,-0.12463251,-0.41853201,-0.87542256,-1.36530320,-0.20859981,-0.78229148,0.00000000,19.23185167,-17.64557095,8.07470558,-6.48842486,1.00000000
-0.68842813,-0.12487681,-0.41851738,-0.87575888,-1.36516592,-0.20889140,-0.78213717,0.00000000,19.23203158,-17.65408623,8.07224919,-6.49430384,1.00000000
-0.68858325,-0.12510991,-0.41850332,-0.87607984,-1.36503483,-0.20916983,-0.78198983,0.00000000,19.23220077,-17.66221068,8.06990382,-6.49991373,1.00000000
-0.68873101,-0.12533203,-0.41848982,-0.87638570,-1.36490984,-0.20943531,-0.78184935,0.00000000,19.23235973,-17.66995171,8.06766757,-6.50525954,1.00000000
-0.68887156,-0.12554338,-0.41847690,-0.87667677,-1.36479082,-0.20968808,-0.78171559,0.00000000,19.23250895,-17.67731688,8.06553847,-6.51034640,1.00000000
-0.68900504,-0.12574418,-0.41846454,-0.87695334,-1.36467768,-0.20992838,-0.78158843,0.00000000,19.23264886,-17.68431387,8.06351452,-6.51517953,1.00000000
-0.68913162,-0.12593465,-0.41845275,-0.87721570,-1.36457030,-0.21015645,-0.78146775,0.00000000,19.23277992,-17.69095049,8.06159366,-6.51976423,1.00000000
-0.68925145,-0.12611501,-0.41844152,-0.87746418,-1.36446855,-0.21037253,-0.78135340,0.00000000,19.23290253,-17.69723470,8.05977375,-6.52410592,1.00000000
-0.68936469,-0.12628549,-0.41843084,-0.87769907,-1.36437233,-0.21057690,-0.78124526,0.00000000,19.23301709,-17.70317455,8.05805264,-6.52821010,1.00000000
-0.68947150,-0.12644634,-0.41842072,-0.87792071,-1.36428150,-0.21076980,-0.78114319,0.00000000,19.23312398,-17.70877825,8.05642810,-6.53208238,1.00000000
-0.68957204,-0.12659779,-0.41841115,-0.87812940,-1.36419594,-0.21095151,-0.78104704,0.00000000,19.23322356,-17.71405415,8.05489785,-6.53572844,1.00000000
-0.68966648,-0.12674007,-0.41840212,-0.87832549,-1.36411552,-0.21112231,-0.78095667,0.00000000,19.23331618,-17.71901069,8.05345958,-6.53915410,1.00000000
-0.68975498,-0.12687344,-0.41839362,-0.87850931,-1.36404010,-0.21128246,-0.78087192,0.00000000,19.23340217,-17.72365650,8.05211090,-6.54236523,1.00000000
-0.68983772,-0.12699815,-0.41838564,-0.87868119,-1.36396956,-0.21143227,-0.78079266,0.00000000,19.23348185,-17.72800030,8.05084939,-6.54536784,1.00000000
-0.68991486,-0.12711444,-0.41837817,-0.87884150,-1.36390375,-0.21157203,-0.78071871,0.00000000,19.23355553,-17.73205097,8.04967257,-6.54816802,1.00000000
-0.68998658,-0.12722258,-0.41837120,-0.87899057,-1.36384254,-0.21170203,-0.78064992,0.00000000,19.23362349,-17.73581752,8.04857792,-6.55077194,1.00000000
-0.69005305,-0.12732283,-0.41836472,-0.87912877,-1.36378577,-0.21182258,-0.78058614,0.00000000,19.23368603,-17.73930907,8.04756285,-6.55318590,1.00000000
-0.69011446,-0.12741545,-0.41835872,-0.87925647,-1.36373331,-0.21193399,-0.78052719,0.00000000,19.23374340,-17.74253493,8.04662475,-6.55541628,1.00000000
-0.69017099,-0.12750072,-0.41835318,-0.87937403,-1.36368500,-0.21203658,-0.78047291,0.00000000,19.23379587,-17.74550450,8.04576094,-6.55746957,1.00000000
-0.69022281,-0.12757890,-0.41834809,-0.87948183,-1.36364070,-0.21213067,-0.78042313,0.00000000,19.23384370,-17.74822734,8.04496870,-6.55935234,1.00000000
-0.69027011,-0.12765028,-0.41834343,-0.87958026,-1.36360024,-0.21221659,-0.78037767,0.00000000,19.23388711,-17.75071315,8.04424525,-6.56107129,1.00000000
-0.69031309,-0.12771514,-0.41833918,-0.87966969,-1.36356347,-0.21229467,-0.78033635,0.00000000,19.23392636,-17.75297176,8.04358779,-6.56263319,1.00000000
-0.69035194,-0.12777376,-0.41833534,-0.87975052,-1.36353023,-0.21236526,-0.78029900,0.00000000,19.23396167,-17.75501316,8.04299344,-6.56404492,1.00000000
-0.69038684,-0.12782643,-0.41833188,-0.87982316,-1.36350035,-0.21242870,-0.78026544,0.00000000,19.23399327,-17.75684745,8.04245929,-6.56531347,1.00000000
-0.69041799,-0.12787346,-0.41832879,-0.87988801,-1.36347368,-0.21248534,-0.78023547,0.00000000,19.23402137,-17.75848490,8.04198239,-6.56644593,1.00000000
-0.69044559,-0.12791513,-0.41832605,-0.87994548,-1.36345004,-0.21253554,-0.78020891,0.00000000,19.23404618,-17.75993592,8.04155973,-6.56744947,1.00000000
-0.69046985,-0.12795174,-0.41832364,-0.87999598,-1.36342926,-0.21257966,-0.78018556,0.00000000,19.23406792,-17.76121104,8.04118826,-6.56833138,1.00000000
-0.69049096,-0.12798362,-0.41832154,-0.88003994,-1.36341118,-0.21261807,-0.78016524,0.00000000,19.23408679,-17.76232096,8.04086488,-6.56909905,1.00000000
-0.69050914,-0.12801106,-0.41831972,-0.88007778,-1.36339560,-0.21265114,-0.78014774,0.00000000,19.23410300,-17.76327652,8.04058645,-6.56975997,1.00000000
-0.69052459,-0.12803439,-0.41831818,-0.88010995,-1.36338237,-0.21267925,-0.78013287,0.00000000,19.23411675,-17.76408870,8.04034977,-6.57032173,1.00000000
-0.69053752,-0.12805391,-0.41831689,-0.88013688,-1.36337128,-0.21270279,-0.78012042,0.00000000,19.23412824,-17.76476863,8.04015162,-6.57079201,1.00000000
-0.69054815,-0.12806996,-0.41831583,-0.88015902,-1.36336217,-0.21272213,-0.78011018,0.00000000,19.23413767,-17.76532757,8.03998872,-6.57117863,1.00000000
-0.69055670,-0.12808287,-0.41831498,-0.88017682,-1.36335485,-0.21273769,-0.78010195,0.00000000,19.23414524,-17.76577697,8.03985774,-6.57148946,1.00000000
-0.69056338,-0.12809296,-0.41831431,-0.88019074,-1.36334912,-0.21274986,-0.78009551,0.00000000,19.23415116,-17.76612837,8.03975532,-6.57173253,1.00000000
-0.69056842,-0.12810058,-0.41831380,-0.88020125,-1.36334480,-0.21275904,-0.78009066,0.00000000,19.23415562,-17.76639352,8.03967803,-6.57191593,1.00000000
-0.69057205,-0.12810606,-0.41831344,-0.88020880,-1.36334169,-0.21276564,-0.78008716,0.00000000,19.23415883,-17.76658427,8.03962243,-6.57204787,1.00000000
-0.69057449,-0.12810974,-0.41831320,-0.88021389,-1.36333959,-0.21277008,-0.78008481,0.00000000,19.23416099,-17.76671265,8.03958501,-6.57213668,1.00000000
-0.69057598,-0.12811199,-0.41831305,-0.88021699,-1.36333832,-0.21277279,-0.78008338,0.00000000,19.23416230,-17.76679084,8.03956222,-6.57219075,1.00000000
-0.69057675,-0.12811315,-0.41831297,-0.88021858,-1.36333766,-0.21277419,-0.78008264,0.00000000,19.23416298,-17.76683114,8.03955047,-6.57221863,1.00000000
-0.69057703,-0.12811357,-0.41831294,-0.88021917,-1.36333742,-0.21277470,-0.78008237,0.00000000,19.23416323,-17.76684605,8.03954613,-6.57222895,1.00000000
-0.69057707,-0.12811364,-0.41831294,-0.88021926,-1.36333738,-0.21277478,-0.78008233,0.00000000,19.23416327,-17.76684819,8.03954550,-6.57223042,1.00000000
-0.69057701,-0.12811364,-0.41831286,-0.88021932,-1.36334021,-0.21277608,-0.78007820,0.00000000,19.23416039,-17.76684765,8.03954366,-6.57223091,1.00000000
-0.69057657,-0.12811369,-0.41831232,-0.88021976,-1.36335962,-0.21278506,-0.78004981,0.00000000,19.23414062,-17.76684396,8.03953094,-6.57223427,1.00000000
-0.69057541,-0.12811381,-0.41831087,-0.88022091,-1.36341129,-0.21280894,-0.77997426,0.00000000,19.23408802,-17.76683412,8.03949711,-6.57224322,1.00000000
-0.69057320,-0.12811404,-0.41830811,-0.88022312,-1.36350991,-0.21285450,-0.77983008,0.00000000,19.23398768,-17.76681537,8.03943259,-6.57226028,1.00000000
-0.69056964,-0.12811442,-0.41830366,-0.88022669,-1.36366921,-0.21292800,-0.77959728,0.00000000,19.23382583,-17.76678513,8.03932851,-6.57228780,1.00000000
-0.69056444,-0.12811497,-0.41829717,-0.88023188,-1.36390203,-0.21303518,-0.77925728,0.00000000,19.23358983,-17.76674102,8.03917674,-6.57232793,1.00000000
-0.69055736,-0.12811572,-0.41828833,-0.88023896,-1.36422031,-0.21318125,-0.77879293,0.00000000,19.23326826,-17.76668092,8.03896995,-6.57238261,1.00000000
-0.69054818,-0.12811669,-0.41827686,-0.88024815,-1.36463516,-0.21337084,-0.77818849,0.00000000,19.23285101,-17.76660293,8.03870163,-6.57245355,1.00000000
-0.69053669,-0.12811791,-0.41826251,-0.88025964,-1.36515691,-0.21360795,-0.77742963,0.00000000,19.23232932,-17.76650543,8.03836615,-6.57254225,1.00000000
-0.69052274,-0.12811939,-0.41824510,-0.88027358,-1.36579512,-0.21389595,-0.77650343,0.00000000,19.23169593,-17.76638703,8.03795883,-6.57264994,1.00000000
-0.69050621,-0.12812114,-0.41822445,-0.88029012,-1.36655863,-0.21423752,-0.77539834,0.00000000,19.23094505,-17.76624666,8.03747598,-6.57277759,1.00000000
-0.69048700,-0.12812317,-0.41820046,-0.88030933,-1.36745563,-0.21463464,-0.77410422,0.00000000,19.23007254,-17.76608355,8.03691491,-6.57292591,1.00000000
-0.69046505,-0.12812549,-0.41817306,-0.88033128,-1.36849365,-0.21508852,-0.77261232,0.00000000,19.22907587,-17.76589720,8.03627400,-6.57309533,1.00000000
-0.69044035,-0.12812811,-0.41814221,-0.88035598,-1.36967963,-0.21559964,-0.77091522,0.00000000,19.22795419,-17.76568745,8.03555271,-6.57328597,1.00000000
-0.69041292,-0.12813101,-0.41810796,-0.88038341,-1.37101994,-0.21616766,-0.76900689,0.00000000,19.22670838,-17.76545446,8.03475161,-6.57349770,1.00000000
-0.69038281,-0.12813420,-0.41807036,-0.88041352,-1.37252041,-0.21679146,-0.76688262,0.00000000,19.22534104,-17.76519871,8.03387238,-6.57373005,1.00000000
-0.69035011,-0.12813766,-0.41802955,-0.88044621,-1.37418640,-0.21746908,-0.76453900,0.00000000,19.22385648,-17.76492099,8.03291778,-6.57398229,1.00000000
-0.69031497,-0.12814138,-0.41798567,-0.88048135,-1.37602276,-0.21819777,-0.76197396,0.00000000,19.22226070,-17.76462241,8.03189168,-6.57425339,1.00000000
-0.69027755,-0.12814534,-0.41793895,-0.88051878,-1.37803391,-0.21897392,-0.75918666,0.00000000,19.22056134,-17.76430439,8.03079899,-6.57454204,1.00000000
-0.69023804,-0.12814953,-0.41788963,-0.88055828,-1.38022385,-0.21979314,-0.75617751,0.00000000,19.21876764,-17.76396865,8.02964567,-6.57484668,1.00000000
-0.69019670,-0.12815390,-0.41783801,-0.88059963,-1.38259615,-0.22065023,-0.75294811,0.00000000,19.21689036,-17.76361720,8.02843863,-6.57516546,1.00000000
-0.69015378,-0.12815844,-0.41778444,-0.88064255,-1.38515400,-0.22153922,-0.74950127,0.00000000,19.21494169,-17.76325229,8.02718570,-6.57549631,1.00000000
-0.69010958,-0.12816312,-0.41772927,-0.88068674,-1.38790024,-0.22245339,-0.74584087,0.00000000,19.21293512,-17.76287647,8.02589558,-6.57583692,1.00000000
-0.69006443,-0.12816790,-0.41767291,-0.88073189,-1.39083729,-0.22338530,-0.74197190,0.00000000,19.21088536,-17.76249246,8.02457771,-6.57618481,1.00000000
-0.69001868,-0.12817274,-0.41761580,-0.88077765,-1.39396724,-0.22432688,-0.73790038,0.00000000,19.20880822,-17.76210323,8.02324227,-6.57653728,1.00000000
-0.68997269,-0.12817761,-0.41755840,-0.88082364,-1.39729180,-0.22526940,-0.73363329,0.00000000,19.20672043,-17.76171191,8.02190001,-6.57689149,1.00000000
-0.68992685,-0.12818246,-0.41750119,-0.88086948,-1.40081234,-0.22620363,-0.72917852,0.00000000,19.20463954,-17.76132180,8.02056221,-6.57724447,1.00000000
-0.68988156,-0.12818725,-0.41744467,-0.88091477,-1.40452982,-0.22711982,-0.72454485,0.00000000,19.20258375,-17.76093629,8.01924058,-6.57759312,1.00000000
-0.68983723,-0.12819194,-0.41738935,-0.88095909,-1.40844485,-0.22800784,-0.71974180,0.00000000,19.20057177,-17.76055891,8.01794714,-6.57793428,1.00000000
-0.68979429,-0.12819649,-0.41733577,-0.88100203,-1.41255763,-0.22885722,-0.71477965,0.00000000,19.19862269,-17.76019325,8.01669416,-6.57826471,1.00000000
-0.68975316,-0.12820084,-0.41728444,-0.88104317,-1.41686795,-0.22965726,-0.70966928,0.00000000,19.19675579,-17.75984292,8.01549403,-6.57858116,1.00000000
-0.68971426,-0.12820495,-0.41723591,-0.88108206,-1.42137520,-0.23039713,-0.70442217,0.00000000,19.19499040,-17.75951157,8.01435919,-6.57888035,1.00000000
-0.68967803,-0.12820878,-0.41719069,-0.88111830,-1.42607827,-0.23106594,-0.69905028,0.00000000,19.19334581,-17.75920283,8.01330201,-6.57915903,1.00000000
-0.68964487,-0.12821229,-0.41714933,-0.88115146,-1.43097563,-0.23165287,-0.69356599,0.00000000,19.19184104,-17.75892028,8.01233473,-6.57941397,1.00000000
-0.68961521,-0.12821543,-0.41711231,-0.88118112,-1.43606523,-0.23214727,-0.68798199,0.00000000,19.19049481,-17.75866746,8.01146937,-6.57964203,1.00000000
-0.68958943,-0.12821815,-0.41708016,-0.88120689,-1.44134450,-0.23253875,-0.68231124,0.00000000,19.18932530,-17.75844780,8.01071762,-6.57984012,1.00000000
-0.68956795,-0.12822043,-0.41705335,-0.88122838,-1.44681033,-0.23281733,-0.67656684,0.00000000,19.18835014,-17.75826461,8.01009081,-6.58000527,1.00000000
-0.68955111,-0.12822221,-0.41703235,-0.88124521,-1.45245904,-0.23297347,-0.67076198,0.00000000,19.18758622,-17.75812109,8.00959978,-6.58013464,1.00000000
-0.68953929,-0.12822346,-0.41701760,-0.88125704,-1.45828636,-0.23299826,-0.66490988,0.00000000,19.18704961,-17.75802026,8.00925485,-6.58022551,1.00000000
-0.68953280,-0.12822414,-0.41700951,-0.88126352,-1.46428740,-0.23288346,-0.65902363,0.00000000,19.18675545,-17.75796499,8.00906578,-6.58027532,1.00000000
-0.68953198,-0.12822423,-0.41700848,-0.88126435,-1.47045664,-0.23262165,-0.65311620,0.00000000,19.18671788,-17.75795793,8.00904163,-6.58028168,1.00000000
-0.68953709,-0.12822369,-0.41701486,-0.88125924,-1.47678792,-0.23220625,-0.64720032,0.00000000,19.18694994,-17.75800154,8.00919079,-6.58024239,1.00000000
-0.68954841,-0.12822249,-0.41702898,-0.88124792,-1.48327438,-0.23163168,-0.64128844,0.00000000,19.18746346,-17.75809803,8.00952087,-6.58015544,1.00000000
-0.68956616,-0.12822062,-0.41705112,-0.88123017,-1.48990851,-0.23089338,-0.63539260,0.00000000,19.18826903,-17.75824939,8.01003866,-6.58001902,1.00000000
-0.68959055,-0.12821804,-0.41708155,-0.88120578,-1.49668211,-0.22998792,-0.62952446,0.00000000,19.18937589,-17.75845734,8.01075012,-6.57983158,1.00000000
-0.68962175,-0.12821474,-0.41712048,-0.88117457,-1.50358630,-0.22891303,-0.62369516,0.00000000,19.19079187,-17.75872334,8.01166030,-6.57959176,1.00000000
-0.68965991,-0.12821071,-0.41716808,-0.88113642,-1.51061151,-0.22766765,-0.61791533,0.00000000,19.19252335,-17.75904855,8.01277328,-6.57929848,1.00000000
-0.68970512,-0.12820593,-0.41722449,-0.88109121,-1.51774749,-0.22625199,-0.61219501,0.00000000,19.19457514,-17.75943384,8.01409218,-6.57895088,1.00000000
-0.68975746,-0.12820039,-0.41728979,-0.88103887,-1.52498335,-0.22466752,-0.60654362,0.00000000,19.19695048,-17.75987979,8.01561909,-6.57854839,1.00000000
-0.68981696,-0.12819410,-0.41736404,-0.88097937,-1.53230754,-0.22291699,-0.60096996,0.00000000,19.19965095,-17.76038663,8.01735504,-6.57809072,1.00000000
-0.68988361,-0.12818705,-0.41744722,-0.88091271,-1.53970791,-0.22100445,-0.59548213,0.00000000,19.20267640,-17.76095430,8.01929995,-6.57757785,1.00000000
-0.68995738,-0.12817925,-0.41753928,-0.88083894,-1.54717172,-0.21893519,-0.59008758,0.00000000,19.20602496,-17.76158237,8.02145264,-6.57701005,1.00000000
-0.69003819,-0.12817071,-0.41764012,-0.88075814,-1.55468568,-0.21671576,-0.58479304,0.00000000,19.20969292,-17.76227008,8.02381075,-6.57638790,1.00000000
-0.69012590,-0.12816144,-0.41774960,-0.88067043,-1.56223603,-0.21435388,-0.57960458,0.00000000,19.21367475,-17.76301632,8.02637073,-6.57571230,1.00000000
-0.69022035,-0.12815145,-0.41786750,-0.88057597,-1.56980853,-0.21185837,-0.57452759,0.00000000,19.21796303,-17.76381963,8.02912784,-6.57498444,1.00000000
-0.69032134,-0.12814077,-0.41799358,-0.88047498,-1.57738857,-0.20923914,-0.56956679,0.00000000,19.22254844,-17.76467817,8.03207612,-6.57420585,1.00000000
-0.69042862,-0.12812942,-0.41812751,-0.88036770,-1.58496120,-0.20650703,-0.56472626,0.00000000,19.22741974,-17.76558976,8.03520837,-6.57337838,1.00000000
-0.69054190,-0.12811744,-0.41826895,-0.88025443,-1.59251123,-0.20367374,-0.56000952,0.00000000,19.23256380,-17.76655184,8.03851616,-6.57250420,1.00000000
-0.69066084,-0.12810486,-0.41841748,-0.88013549,-1.60002328,-0.20075175,-0.55541946,0.00000000,19.23796556,-17.76756152,8.04198983,-6.57158580,1.00000000
-0.69078507,-0.12809171,-0.41857263,-0.88001126,-1.60748185,-0.19775412,-0.55095852,0.00000000,19.24360808,-17.76861555,8.04561854,-6.57062601,1.00000000
-0.69091417,-0.12807805,-0.41873389,-0.87988215,-1.61487144,-0.19469444,-0.54662861,0.00000000,19.24947262,-17.76971033,8.04939024,-6.56962795,1.00000000
-0.69104770,-0.12806392,-0.41890070,-0.87974863,-1.62217660,-0.19158664,-0.54243125,0.00000000,19.25553866,-17.77084196,8.05329176,-6.56859506,1.00000000
-0.69118515,-0.12804937,-0.41907244,-0.87961117,-1.62938201,-0.18844489,-0.53836758,0.00000000,19.26178399,-17.77200622,8.05730885,-6.56753107,1.00000000
-0.69132602,-0.12803446,-0.41924845,-0.87947031,-1.63647262,-0.18528344,-0.53443843,0.00000000,19.26818487,-17.77319860,8.06142624,-6.56643998,1.00000000
-0.69146973,-0.12801925,-0.41942806,-0.87932659,-1.64343368,-0.18211645,-0.53064436,0.00000000,19.27471607,-17.77441437,8.06562775,-6.56532604,1.00000000
-0.69161572,-0.12800379,-0.41961053,-0.87918061,-1.65025085,-0.17895793,-0.52698571,0.00000000,19.28135114,-17.77564852,8.06989634,-6.56419373,1.00000000
-0.69176336,-0.12798815,-0.41979510,-0.87903297,-1.65691029,-0.17582155,-0.52346265,0.00000000,19.28806246,-17.77689590,8.07421429,-6.56304773,1.00000000
-0.69191204,-0.12797240,-0.41998099,-0.87888429,-1.66339873,-0.17272051,-0.52007525,0.00000000,19.29482154,-17.77815118,8.07856325,-6.56189289,1.00000000
-0.69206110,-0.12795661,-0.42016739,-0.87873522,-1.66970355,-0.16966749,-0.51682345,0.00000000,19.30159919,-17.77940891,8.08292447,-6.56073419,1.00000000
-0.69220991,-0.12794084,-0.42035349,-0.87858642,-1.67581286,-0.16667449,-0.51370714,0.00000000,19.30836575,-17.78066360,8.08727884,-6.55957669,1.00000000
-0.69235779,-0.12792517,-0.42053848,-0.87843854,-1.68171555,-0.16375276,-0.51072617,0.00000000,19.31509136,-17.78190971,8.09160716,-6.55842550,1.00000000
-0.69250410,-0.12790966,-0.42072152,-0.87829222,-1.68740138,-0.16091276,-0.50788035,0.00000000,19.32174621,-17.78314174,8.09589023,-6.55728575,1.00000000
-0.69264819,-0.12789438,-0.42090180,-0.87814813,-1.69286100,-0.15816402,-0.50516946,0.00000000,19.32830081,-17.78435427,8.10010906,-6.55616252,1.00000000
-0.69278943,-0.12787941,-0.42107854,-0.87800690,-1.69808604,-0.15551520,-0.50259325,0.00000000,19.33472629,-17.78554200,8.10424506,-6.55506077,1.00000000
-0.69292719,-0.12786479,-0.42125096,-0.87786914,-1.70306911,-0.15297396,-0.50015142,0.00000000,19.34099463,-17.78669982,8.10828017,-6.55398536,1.00000000
-0.69306090,-0.12785061,-0.42141833,-0.87773543,-1.70780388,-0.15054702,-0.49784359,0.00000000,19.34707899,-17.78782283,8.11219710,-6.55294093,1.00000000
-0.69318999,-0.12783691,-0.42157994,-0.87760634,-1.71228509,-0.14824007,-0.49566933,0.00000000,19.35295395,-17.78890641,8.11597945,-6.55193192,1.00000000
-0.69331394,-0.12782376,-0.42173514,-0.87748239,-1.71650858,-0.14605786,-0.49362805,0.00000000,19.35859580,-17.78994629,8.11961194,-6.55096243,1.00000000
-0.69343228,-0.12781120,-0.42188333,-0.87736405,-1.72047134,-0.14400415,-0.49171900,0.00000000,19.36398273,-17.79093853,8.12308050,-6.55003630,1.00000000
-0.69354458,-0.12779928,-0.42202397,-0.87725175,-1.72417149,-0.14208173,-0.48994127,0.00000000,19.36909516,-17.79187961,8.12637249,-6.54915694,1.00000000
-0.69365046,-0.12778803,-0.42215659,-0.87714586,-1.72760836,-0.14029247,-0.48829366,0.00000000,19.37391588,-17.79276646,8.12947680,-6.54832738,1.00000000
-0.69374961,-0.12777750,-0.42228078,-0.87704672,-1.73078243,-0.13863732,-0.48677473,0.00000000,19.37843026,-17.79359648,8.13238399,-6.54755021,1.00000000
-0.69384176,-0.12776772,-0.42239622,-0.87695457,-1.73369544,-0.13711636,-0.48538269,0.00000000,19.38262645,-17.79436760,8.13508639,-6.54682754,1.00000000
-0.69392672,-0.12775869,-0.42250267,-0.87686961,-1.73635031,-0.13572880,-0.48411538,0.00000000,19.38649554,-17.79507825,8.13757823,-6.54616095,1.00000000
-0.69400436,-0.12775044,-0.42259995,-0.87679197,-1.73875124,-0.13447301,-0.48297024,0.00000000,19.39003161,-17.79572744,8.13985570,-6.54555153,1.00000000
-0.69407462,-0.12774298,-0.42268800,-0.87672170,-1.74090368,-0.13334657,-0.48194424,0.00000000,19.39323194,-17.79631475,8.14191699,-6.54499980,1.00000000
-0.69413752,-0.12773629,-0.42276682,-0.87665880,-1.74281437,-0.13234625,-0.48103387,0.00000000,19.39609700,-17.79684033,8.14376240,-6.54450573,1.00000000
-0.69419314,-0.12773038,-0.42283653,-0.87660318,-1.74449135,-0.13146804,-0.48023510,0.00000000,19.39863051,-17.79730494,8.14539430,-6.54406873,1.00000000
-0.69424163,-0.12772523,-0.42289731,-0.87655469,-1.74594396,-0.13070720,-0.47954333,0.00000000,19.40083950,-17.79770991,8.14681721,-6.54368762,1.00000000
-0.69428323,-0.12772080,-0.42294944,-0.87651310,-1.74718292,-0.13005819,-0.47895338,0.00000000,19.40273429,-17.79805719,8.14803776,-6.54336065,1.00000000
-0.69431822,-0.12771708,-0.42299330,-0.87647811,-1.74822030,-0.12951475,-0.47845945,0.00000000,19.40432845,-17.79834930,8.14906467,-6.54308552,1.00000000
-0.69434698,-0.12771402,-0.42302935,-0.87644934,-1.74906954,-0.12906985,-0.47805510,0.00000000,19.40563877,-17.79858936,8.14990875,-6.54285934,1.00000000
-0.69436995,-0.12771158,-0.42305814,-0.87642638,-1.74974553,-0.12871571,-0.47773325,0.00000000,19.40668522,-17.79878105,8.15058286,-6.54267869,1.00000000
-0.69438763,-0.12770970,-0.42308031,-0.87640869,-1.75026460,-0.12844379,-0.47748611,0.00000000,19.40749084,-17.79892860,8.15110184,-6.54253960,1.00000000
-0.69440060,-0.12770832,-0.42309657,-0.87639573,-1.75064452,-0.12824476,-0.47730522,0.00000000,19.40808169,-17.79903681,8.15148247,-6.54243758,1.00000000
-0.69440949,-0.12770738,-0.42310771,-0.87638683,-1.75090459,-0.12810851,-0.47718139,0.00000000,19.40848675,-17.79911099,8.15174341,-6.54236764,1.00000000
-0.69441500,-0.12770679,-0.42311462,-0.87638132,-1.75106563,-0.12802415,-0.47710471,0.00000000,19.40873782,-17.79915696,8.15190515,-6.54232429,1.00000000
-0.69441789,-0.12770648,-0.42311824,-0.87637843,-1.75115003,-0.12797994,-0.47706452,0.00000000,19.40886947,-17.79918107,8.15198996,-6.54230156,1.00000000
-0.69441898,-0.12770637,-0.42311960,-0.87637735,-1.75118173,-0.12796333,-0.47704943,0.00000000,19.40891895,-17.79919013,8.15202183,-6.54229301,1.00000000
-0.69441914,-0.12770635,-0.42311980,-0.87637719,-1.75118634,-0.12796092,-0.47704723,0.00000000,19.40892615,-17.79919145,8.15202647,-6.54229177,1.00000000
-0.69441914,-0.12770635,-0.42311980,-0.87637719,-1.75118634,-0.12796092,-0.47704723,0.00000000,19.40892615,-17.79919145,8.15202647,-6.54229177,0.00000000
-0.69441914,-0.12770635,-0.42311980,-0.87637719,-1.75118634,-0.12796092,-0.47704723,0.00000000,19.40892615,-17.79919145,8.15202647,-6.54229177,0.00000000
-0.69441914,-0.12770635,-0.42311980,-0.87637719,-1.75118634,-0.12796092,-0.47704723,0.00000000,19.40892615,-17.79919145,8.15202647,-6.54229177,0.00000000
-0.69441914,-0.12770635,-0.42311980,-0.87637719,-1.75118634,-0.12796092,-0.47704723,0.00000000,19.40892615,-17.79919145,8.15202647,-6.54229177,0.00000000
-0.69441914,-0.12770635,-0.42311980,-0.87637719,-1.75118634,-0.12796092,-0.47704723,0.00000000,19.40892615,-17.79919145,8.15202647,-6.54229177,0.00000000
-0.69441914,-0.12770635,-0.42311980,-0.87637719,-1.75118634,-0.12796092,-0.47704723,0.00000000,19.40892615,-17.79919145,8.15202647,-6.54229177,0.00000000
-0.69441914,-0.12770635,-0.42311980,-0.87637719,-1.75118634,-0.12796092,-0.47704723,0.00000000,19.40892615,-17.79919145,8.15202647,-6.54229177,0.00000000
-0.69441914,-0.12770635,-0.42311980,-0.87637719,-1.75118634,-0.12796092,-0.47704723,0.00000000,19.40892615,-17.79919145,8.15202647,-6.54229177,0.00000000
-0.69441914,-0.12770635,-0.42311980,-0.87637719,-1.75118634,-0.12796092,-0.47704723,0.00000000,19.40892615,-17.79919145,8.15202647,-6.54229177,0.00000000
-0.69441914,-0.12770635,-0.42311980,-0.87637719,-1.75118634,-0.12796092,-0.47704723,0.00000000,19.40892615,-17.79919145,8.15202647,-6.54229177,0.00000000
-0.69441914,-0.12770635,-0.42311980,-0.87637719,-1.75118634,-0.12796092,-0.47704723,0.00000000,19.40892615,-17.79919145,8.15202647,-6.54229177,0.00000000
-0.69441914,-0.12770635,-0.42311980,-0.87637719,-1.75118634,-0.12796092,-0.47704723,0.00000000,19.40892615,-17.79919145,8.15202647,-6.54229177,0.00000000
-0.69441914,-0.12770635,-0.42311980,-0.87637719,-1.75118634,-0.12796092,-0.47704723,0.00000000,19.40892615,-17.79919145,8.15202647,-6.54229177,0.00000000
-0.69441914,-0.12770635,-0.42311980,-0.87637719,-1.75118634,-0.12796092,-0.47704723,0.00000000,19.40892615,-17.79919145,8.15202647,-6.54229177,0.00000000
-0.69441914,-0.12770635,-0.42311980,-0.87637719,-1.75118634,-0.12796092,-0.47704723,0.00000000,19.40892615,-17.79919145,8.15202647,-6.54229177,0.00000000
-0.69441914,-0.12770635,-0.42311980,-0.87637719,-1.75118634,-0.12796092,-0.47704723,0.00000000,19.40892615,-17.79919145,8.15202647,-6.54229177,0.00000000
-0.69441914,-0.12770635,-0.42311980,-0.87637719,-1.75118634,-0.12796092,-0.47704723,0.00000000,19.40892615,-17.79919145,8.15202647,-6.54229177,0.00000000
-0.69441914,-0.12770635,-0.42311980,-0.87637719,-1.75118634,-0.12796092,-0.47704723,0.00000000,19.40892615,-17.79919145,8.15202647,-6.54229177,0.00000000
-0.69441914,-0.12770635,-0.42311980,-0.87637719,-1.75118634,-0.12796092,-0.47704723,0.00000000,19.40892615,-17.79919145,8.15202647,-6.54229177,0.00000000
-0.69441914,-0.12770635,-0.42311980,-0.87637719,-1.75118634,-0.12796092,-0.47704723,0.00000000,19.40892615,-17.79919145,8.15202647,-6.54229177,0.00000000
-0.69441914,-0.12770635,-0.42311980,-0.87637719,-1.75118634,-0.12796092,-0.47704723,0.00000000,19.40892615,-17.79919145,8.15202647,-6.54229177,0.00000000
-0.69441914,-0.12770635,-0.42311980,-0.87637719,-1.75118634,-0.12796092,-0.47704723,0.00000000,19.40892615,-17.79919145,8.15202647,-6.54229177,0.00000000
-0.69441914,-0.12770635,-0.42311980,-0.87637719,-1.75118634,-0.12796092,-0.47704723,0.00000000,19.40892615,-17.79919145,8.15202647,-6.54229177,0.00000000
-0.69441914,-0.12770635,-0.42311980,-0.87637719,-1.75118634,-0.12796092,-0.47704723,0.00000000,19.40892615,-17.79919145,8.15202647,-6.54229177,0.00000000
-0.69441914,-0.12770635,-0.42311980,-0.87637719,-1.75118634,-0.12796092,-0.47704723,0.00000000,19.40892615,-17.79919145,8.15202647,-6.54229177,0.00000000
-0.69441914,-0.12770635,-0.42311980,-0.87637719,-1.75118634,-0.12796092,-0.47704723,0.00000000,19.40892615,-17.79919145,8.15202647,-6.54229177,0.00000000
-0.69441914,-0.12770635,-0.42311980,-0.87637719,-1.75118634,-0.12796092,-0.47704723,0.00000000,19.40892615,-17.79919145,8.15202647,-6.54229177,0.00000000
-0.69441914,-0.12770635,-0.42311980,-0.87637719,-1.75118634,-0.12796092,-0.47704723,0.00000000,19.40892615,-17.79919145,8.15202647,-6.54229177,0.00000000
-0.69441914,-0.12770635,-0.42311980,-0.87637719,-1.75118634,-0.12796092,-0.47704723,0.00000000,19.40892615,-17.79919145,8.15202647,-6.54229177,0.00000000
-0.69441914,-0.12770635,-0.42311980,-0.87637719,-1.75118634,-0.12796092,-0.47704723,0.00000000,19.40892615,-17.79919145,8.15202647,-6.54229177,0.00000000
-0.69441914,-0.12770635,-0.42311980,-0.87637719,-1.75118634,-0.12796092,-0.47704723,0.00000000,19.40892615,-17.79919145,8.15202647,-6.54229177,0.00000000
-0.69441914,-0.12770635,-0.42311980,-0.87637719,-1.75118634,-0.12796092,-0.47704723,0.00000000,19.40892615,-17.79919145,8.15202647,-6.54229177,0.00000000
-0.69441914,-0.12770635,-0.42311980,-0.87637719,-1.75118634,-0.12796092,-0.47704723,0.00000000,19.40892615,-17.79919145,8.15202647,-6.54229177,0.00000000
-0.69441914,-0.12770635,-0.42311980,-0.87637719,-1.75118634,-0.12796092,-0.47704723,0.00000000,19.40892615,-17.79919145,8.15202647,-6.54229177,0.00000000
-0.69441914,-0.12770635,-0.42311980,-0.87637719,-1.75118634,-0.12796092,-0.47704723,0.00000000,19.40892615,-17.79919145,8.15202647,-6.54229177,0.00000000
-0.69441914,-0.12770635,-0.42311980,-0.87637719,-1.75118634,-0.12796092,-0.47704723,0.00000000,19.40892615,-17.79919145,8.15202647,-6.54229177,0.00000000
-0.69441914,-0.12770635,-0.42311980,-0.87637719,-1.75118634,-0.12796092,-0.47704723,0.00000000,19.40892615,-17.79919145,8.15202647,-6.54229177,0.00000000
-0.69441914,-0.12770635,-0.42311980,-0.87637719,-1.75118634,-0.12796092,-0.47704723,0.00000000,19.40892615,-17.79919145,8.15202647,-6.54229177,0.00000000
-0.69441914,-0.12770635,-0.42311980,-0.87637719,-1.75118634,-0.12796092,-0.47704723,0.00000000,19.40892615,-17.79919145,8.15202647,-6.54229177,0.00000000
-0.69441914,-0.12770635,-0.42311980,-0.87637719,-1.75118634,-0.12796092,-0.47704723,0.00000000,19.40892615,-17.79919145,8.15202647,-6.54229177,0.00000000
-0.69441914,-0.12770635,-0.42311980,-0.87637719,-1.75118634,-0.12796092,-0.47704723,0.00000000,19.40892615,-17.79919145,8.15202647,-6.54229177,0.00000000
-0.69441914,-0.12770635,-0.42311980,-0.87637719,-1.75118634,-0.12796092,-0.47704723,0.00000000,19.40892615,-17.79919145,8.15202647,-6.54229177,0.00000000
-0.69441914,-0.12770635,-0.42311980,-0.87637719,-1.75118634,-0.12796092,-0.47704723,0.00000000,19.40892615,-17.79919145,8.15202647,-6.54229177,0.00000000
-0.69441914,-0.12770635,-0.42311980,-0.87637719,-1.75118634,-0.12796092,-0.47704723,0.00000000,19.40892615,-17.79919145,8.15202647,-6.54229177,0.00000000
-0.69441914,-0.12770635,-0.42311980,-0.87637719,-1.75118634,-0.12796092,-0.47704723,0.00000000,19.40892615,-17.79919145,8.15202647,-6.54229177,0.00000000
-0.69441914,-0.12770635,-0.42311980,-0.87637719,-1.75118634,-0.12796092,-0.47704723,0.00000000,19.40892615,-17.79919145,8.15202647,-6.54229177,0.00000000
-0.69441914,-0.12770635,-0.42311980,-0.87637719,-1.75118634,-0.12796092,-0.47704723,0.00000000,19.40892615,-17.79919145,8.15202647,-6.54229177,0.00000000
-0.69441914,-0.12770635,-0.42311980,-0.87637719,-1.75118634,-0.12796092,-0.47704723,0.00000000,19.40892615,-17.79919145,8.15202647,-6.54229177,0.00000000
-0.69441914,-0.12770635,-0.42311980,-0.87637719,-1.75118634,-0.12796092,-0.47704723,0.00000000,19.40892615,-17.79919145,8.15202647,-6.54229177,0.00000000
-0.69441914,-0.12770635,-0.42311980,-0.87637719,-1.75118634,-0.12796092,-0.47704723,0.00000000,19.40892615,-17.79919145,8.15202647,-6.54229177,0.00000000
-0.69441914,-0.12770635,-0.42311980,-0.87637719,-1.75118634,-0.12796092,-0.47704723,0.00000000,19.40892615,-17.79919145,8.15202647,-6.54229177,0.00000000
-0.69441914,-0.12770635,-0.42311980,-0.87637719,-1.75118634,-0.12796092,-0.47704723,0.00000000,19.40892615,-17.79919145,8.15202647,-6.54229177,0.00000000
-0.69441914,-0.12770635,-0.42311980,-0.87637719,-1.75118634,-0.12796092,-0.47704723,0.00000000,19.40892615,-17.79919145,8.15202647,-6.54229177,0.00000000
-0.69441914,-0.12770635,-0.42311980,-0.87637719,-1.75118634,-0.12796092,-0.47704723,0.00000000,19.40892615,-17.79919145,8.15202647,-6.54229177,0.00000000
-0.69441914,-0.12770635,-0.42311980,-0.87637719,-1.75118634,-0.12796092,-0.47704723,0.00000000,19.40892615,-17.79919145,8.15202647,-6.54229177,0.00000000
-0.69441914,-0.12770635,-0.42311980,-0.87637719,-1.75118634,-0.12796092,-0.47704723,0.00000000,19.40892615,-17.79919145,8.15202647,-6.54229177,0.00000000
-0.69441914,-0.12770635,-0.42311980,-0.87637719,-1.75118634,-0.12796092,-0.47704723,0.00000000,19.40892615,-17.79919145,8.15202647,-6.54229177,0.00000000
-0.69441914,-0.12770635,-0.42311980,-0.87637719,-1.75118634,-0.12796092,-0.47704723,0.00000000,19.40892615,-17.79919145,8.15202647,-6.54229177,0.00000000
-0.69441914,-0.12770635,-0.42311980,-0.87637719,-1.75118634,-0.12796092,-0.47704723,0.00000000,19.40892615,-17.79919145,8.15202647,-6.54229177,0.00000000
-0.69441914,-0.12770635,-0.42311980,-0.87637719,-1.75118634,-0.12796092,-0.47704723,0.00000000,19.40892615,-17.79919145,8.15202647,-6.54229177,0.00000000
-0.69441914,-0.12770635,-0.42311980,-0.87637719,-1.75118634,-0.12796092,-0.47704723,0.00000000,19.40892615,-17.79919145,8.15202647,-6.54229177,0.00000000
-0.69441914,-0.12770635,-0.42311980,-0.87637719,-1.75118634,-0.12796092,-0.47704723,0.00000000,19.40892615,-17.79919145,8.15202647,-6.54229177,0.00000000
-0.69441914,-0.12770635,-0.42311980,-0.87637719,-1.75118634,-0.12796092,-0.47704723,0.00000000,19.40892615,-17.79919145,8.15202647,-6.54229177,0.00000000
-0.69441898,-0.12770637,-0.42311960,-0.87637735,-1.75118173,-0.12796333,-0.47704943,0.00000000,19.40891895,-17.79919013,8.15202183,-6.54229301,0.00000000
-0.69441789,-0.12770648,-0.42311824,-0.87637843,-1.75115003,-0.12797994,-0.47706452,0.00000000,19.40886947,-17.79918107,8.15198996,-6.54230156,0.00000000
-0.69441500,-0.12770679,-0.42311462,-0.87638133,-1.75106563,-0.12802415,-0.47710471,0.00000000,19.40873777,-17.79915695,8.15190512,-6.54232430,0.00000000
-0.69440949,-0.12770738,-0.42310770,-0.87638684,-1.75090459,-0.12810852,-0.47718139,0.00000000,19.40848653,-17.79911095,8.15174327,-6.54236768,0.00000000
-0.69440059,-0.12770832,-0.42309655,-0.87639574,-1.75064450,-0.12824476,-0.47730523,0.00000000,19.40808105,-17.79903670,8.15148205,-6.54243770,0.00000000
-0.69438760,-0.12770971,-0.42308027,-0.87640873,-1.75026456,-0.12844380,-0.47748613,0.00000000,19.40748930,-17.79892833,8.15110084,-6.54253988,0.00000000
-0.69436988,-0.12771159,-0.42305805,-0.87642645,-1.74974545,-0.12871575,-0.47773330,0.00000000,19.40668199,-17.79878048,8.15058077,-6.54267927,0.00000000
-0.69434685,-0.12771404,-0.42302918,-0.87644948,-1.74906938,-0.12906992,-0.47805519,0.00000000,19.40563268,-17.79858830,8.14990481,-6.54286043,0.00000000
-0.69431799,-0.12771711,-0.42299301,-0.87647834,-1.74822001,-0.12951489,-0.47845959,0.00000000,19.40431784,-17.79834745,8.14905781,-6.54308741,0.00000000
-0.69428285,-0.12772085,-0.42294896,-0.87651348,-1.74718245,-0.13005844,-0.47895360,0.00000000,19.40271696,-17.79805416,8.14802655,-6.54336374,0.00000000
-0.69424105,-0.12772529,-0.42289656,-0.87655528,-1.74594320,-0.13070764,-0.47954365,0.00000000,19.40081259,-17.79770520,8.14679981,-6.54369242,0.00000000
-0.69419227,-0.12773048,-0.42283543,-0.87660406,-1.74449018,-0.13146878,-0.48023553,0.00000000,19.39859043,-17.79729791,8.14536839,-6.54407587,0.00000000
-0.69413627,-0.12773644,-0.42276524,-0.87666006,-1.74281264,-0.13234744,-0.48103441,0.00000000,19.39603941,-17.79683024,8.14372516,-6.54451599,0.00000000
-0.69407287,-0.12774318,-0.42268579,-0.87672345,-1.74090118,-0.13334844,-0.48194487,0.00000000,19.39315166,-17.79630067,8.14186509,-6.54501409,0.00000000
-0.69400198,-0.12775072,-0.42259695,-0.87679435,-1.73874770,-0.13447587,-0.48297092,0.00000000,19.38992259,-17.79570830,8.13978522,-6.54557093,0.00000000
-0.69392356,-0.12775906,-0.42249868,-0.87687277,-1.73634541,-0.13573307,-0.48411600,0.00000000,19.38635083,-17.79505282,8.13748469,-6.54618668,0.00000000
-0.69383765,-0.12776820,-0.42239104,-0.87695868,-1.73368877,-0.13712262,-0.48538310,0.00000000,19.38243823,-17.79433449,8.13496473,-6.54686099,0.00000000
-0.69374436,-0.12777812,-0.42227416,-0.87705197,-1.73077351,-0.13864629,-0.48677469,0.00000000,19.37818979,-17.79355414,8.13222857,-6.54759292,0.00000000
-0.69364387,-0.12778881,-0.42214826,-0.87715246,-1.72759656,-0.14030510,-0.48829283,0.00000000,19.37361357,-17.79271317,8.12928143,-6.54838103,0.00000000
-0.69353641,-0.12780023,-0.42201366,-0.87725992,-1.72415610,-0.14209921,-0.48993918,0.00000000,19.36872059,-17.79181350,8.12613044,-6.54922336,0.00000000
-0.69342228,-0.12781236,-0.42187072,-0.87737404,-1.72045149,-0.14402794,-0.49171506,0.00000000,19.36352470,-17.79085759,8.12278455,-6.55011744,0.00000000
-0.69330186,-0.12782517,-0.42171990,-0.87749447,-1.71648326,-0.14608977,-0.49362147,0.00000000,19.35804240,-17.78984837,8.11925441,-6.55106038,0.00000000
-0.69317554,-0.12783859,-0.42156173,-0.87762078,-1.71225310,-0.14828224,-0.49565914,0.00000000,19.35229268,-17.78878925,8.11555228,-6.55204884,0.00000000
-0.69304381,-0.12785259,-0.42139680,-0.87775252,-1.70776387,-0.15060201,-0.49782861,0.00000000,19.34629681,-17.78768403,8.11169188,-6.55307910,0.00000000
-0.69290717,-0.12786711,-0.42122574,-0.87788916,-1.70301950,-0.15304478,-0.50013021,0.00000000,19.34007810,-17.78653694,8.10768825,-6.55414709,0.00000000
-0.69276616,-0.12788210,-0.42104924,-0.87803017,-1.69802507,-0.15560530,-0.50256412,0.00000000,19.33366169,-17.78535251,8.10355759,-6.55524842,0.00000000
-0.69262138,-0.12789748,-0.42086804,-0.87817495,-1.69278667,-0.15827738,-0.50513044,0.00000000,19.32707425,-17.78413561,8.09931711,-6.55637847,0.00000000
-0.69247344,-0.12791319,-0.42068292,-0.87832289,-1.68731148,-0.16105383,-0.50782919,0.00000000,19.32034376,-17.78289132,8.09498483,-6.55753239,0.00000000
-0.69232297,-0.12792917,-0.42049466,-0.87847335,-1.68160764,-0.16392655,-0.51066030,0.00000000,19.31349921,-17.78162494,8.09057944,-6.55870518,0.00000000
-0.69217063,-0.12794535,-0.42030409,-0.87862569,-1.67568429,-0.16688649,-0.51362371,0.00000000,19.30657032,-17.78034194,8.08612007,-6.55989169,0.00000000
-0.69201708,-0.12796165,-0.42011203,-0.87877924,-1.66955145,-0.16992372,-0.51671932,0.00000000,19.29958728,-17.77904787,8.08162616,-6.56108675,0.00000000
-0.69186299,-0.12797801,-0.41991932,-0.87893334,-1.66322003,-0.17302746,-0.51994700,0.00000000,19.29258045,-17.77774833,8.07711726,-6.56228514,0.00000000
-0.69170902,-0.12799435,-0.41972680,-0.87908731,-1.65670174,-0.17618615,-0.52330660,0.00000000,19.28558008,-17.77644893,8.07261284,-6.56348168,0.00000000
-0.69155583,-0.12801060,-0.41953528,-0.87924050,-1.65000905,-0.17938751,-0.52679794,0.00000000,19.27861611,-17.77515523,8.06813215,-6.56467127,0.00000000
-0.69140406,-0.12802670,-0.41934557,-0.87939226,-1.64315508,-0.18261864,-0.53042076,0.00000000,19.27171783,-17.77387269,8.06369404,-6.56584891,0.00000000
-0.69125435,-0.12804258,-0.41915846,-0.87954197,-1.63615360,-0.18586615,-0.53417474,0.00000000,19.26491374,-17.77260666,8.05931684,-6.56700976,0.00000000
-0.69110730,-0.12805818,-0.41897470,-0.87968903,-1.62901886,-0.18911621,-0.53805942,0.00000000,19.25823126,-17.77136226,8.05501816,-6.56814917,0.00000000
-0.69096348,-0.12807342,-0.41879500,-0.87983284,-1.62176560,-0.19235473,-0.54207417,0.00000000,19.25169659,-17.77014445,8.05081486,-6.56926272,0.00000000
-0.69082345,-0.12808827,-0.41862006,-0.87997288,-1.61440889,-0.19556744,-0.54621816,0.00000000,19.24533453,-17.76895791,8.04672285,-6.57034623,0.00000000
-0.69068771,-0.12810265,-0.41845050,-0.88010862,-1.60696411,-0.19874009,-0.55049029,0.00000000,19.23916830,-17.76780704,8.04275705,-6.57139579,0.00000000
-0.69055674,-0.12811653,-0.41828693,-0.88023959,-1.59944681,-0.20185852,-0.55488915,0.00000000,19.23321945,-17.76669595,8.03893129,-6.57240780,0.00000000
-0.69043097,-0.12812986,-0.41812988,-0.88036535,-1.59187265,-0.20490886,-0.55941298,0.00000000,19.22750774,-17.76562842,8.03525827,-6.57337895,0.00000000
-0.69031081,-0.12814258,-0.41797985,-0.88048551,-1.58425730,-0.20787763,-0.56405957,0.00000000,19.22205108,-17.76460788,8.03174946,-6.57430626,0.00000000
-0.69019661,-0.12815468,-0.41783727,-0.88059972,-1.57661636,-0.21075187,-0.56882626,0.00000000,19.21686545,-17.76363742,8.02841512,-6.57518709,0.00000000
-0.69008868,-0.12816611,-0.41770253,-0.88070765,-1.56896531,-0.21351931,-0.57370987,0.00000000,19.21196489,-17.76271975,8.02526425,-6.57601911,0.00000000
-0.68998728,-0.12817684,-0.41757597,-0.88080905,-1.56131938,-0.21616845,-0.57870666,0.00000000,19.20736145,-17.76185724,8.02230455,-6.57680035,0.00000000
-0.68989263,-0.12818686,-0.41745785,-0.88090369,-1.55369350,-0.21868870,-0.58381229,0.00000000,19.20306521,-17.76105186,8.01954250,-6.57752915,0.00000000
-0.68980493,-0.12819614,-0.41734840,-0.88099139,-1.54610225,-0.22107045,-0.58902178,0.00000000,19.19908429,-17.76030522,8.01698327,-6.57820420,0.00000000
-0.68972431,-0.12820467,-0.41724779,-0.88107202,-1.53855977,-0.22330518,-0.59432953,0.00000000,19.19542487,-17.75961856,8.01463083,-6.57882451,0.00000000
-0.68965086,-0.12821244,-0.41715614,-0.88114547,-1.53107973,-0.22538551,-0.59972925,0.00000000,19.19209123,-17.75899277,8.01248789,-6.57938942,0.00000000
-0.68958463,-0.12821945,-0.41707352,-0.88121170,-1.52367525,-0.22730528,-0.60521396,0.00000000,19.18908579,-17.75842836,8.01055598,-6.57989856,0.00000000
-0.68952565,-0.12822569,-0.41699993,-0.88127068,-1.51635888,-0.22905958,-0.61077603,0.00000000,19.18640915,-17.75792554,8.00883549,-6.58035187,0.00000000
-0.68947388,-0.12823116,-0.41693536,-0.88132244,-1.50914256,-0.23064478,-0.61640715,0.00000000,19.18406018,-17.75748413,8.00732565,-6.58074960,0.00000000
-0.68942928,-0.12823588,-0.41687971,-0.88136705,-1.50203758,-0.23205856,-0.62209835,0.00000000,19.18203605,-17.75710366,8.00602464,-6.58109225,0.00000000
-0.68939173,-0.12823985,-0.41683287,-0.88140460,-1.49505457,-0.23329987,-0.62784005,0.00000000,19.18033230,-17.75678334,8.00492958,-6.58138062,0.00000000
-0.68936110,-0.12824309,-0.41679468,-0.88143522,-1.48820346,-0.23436897,-0.63362206,0.00000000,19.17894292,-17.75652207,8.00403660,-6.58161574,0.00000000
-0.68933725,-0.12824561,-0.41676492,-0.88145908,-1.48149350,-0.23526736,-0.63943363,0.00000000,19.17786042,-17.75631847,8.00334085,-6.58179891,0.00000000
-0.68931995,-0.12824744,-0.41674335,-0.88147637,-1.47493322,-0.23599776,-0.64526352,0.00000000,19.17707588,-17.75617090,8.00283662,-6.58193164,0.00000000
-0.68930900,-0.12824860,-0.41672969,-0.88148732,-1.46853044,-0.23656404,-0.65110001,0.00000000,19.17657903,-17.75607743,8.00251730,-6.58201570,0.00000000
-0.68930414,-0.12824911,-0.41672363,-0.88149219,-1.46229229,-0.23697121,-0.65693100,0.00000000,19.17635838,-17.75603592,8.00237548,-6.58205303,0.00000000
-0.68930508,-0.12824901,-0.41672480,-0.88149124,-1.45622519,-0.23722526,-0.66274404,0.00000000,19.17640120,-17.75604398,8.00240300,-6.58204578,0.00000000
-0.68931153,-0.12824833,-0.41673284,-0.88148480,-1.45033490,-0.23733318,-0.66852642,0.00000000,19.17669369,-17.75609901,8.00259099,-6.58199630,0.00000000
-0.68932315,-0.12824710,-0.41674734,-0.88147317,-1.44462648,-0.23730278,-0.67426523,0.00000000,19.17722105,-17.75619821,8.00292992,-6.58190709,0.00000000
-0.68933961,-0.12824536,-0.41676786,-0.88145672,-1.43910437,-0.23714267,-0.67994746,0.00000000,19.17796753,-17.75633864,8.00340969,-6.58178080,0.00000000
-0.68936052,-0.12824315,-0.41679395,-0.88143580,-1.43377236,-0.23686210,-0.68556003,0.00000000,19.17891656,-17.75651715,8.00401964,-6.58162023,0.00000000
-0.68938552,-0.12824051,-0.41682514,-0.88141080,-1.42863366,-0.23647090,-0.69108993,0.00000000,19.18005087,-17.75673049,8.00474868,-6.58142830,0.00000000
-0.68941421,-0.12823748,-0.41686092,-0.88138211,-1.42369087,-0.23597936,-0.69652425,0.00000000,19.18135256,-17.75697528,8.00558530,-6.58120802,0.00000000
-0.68944619,-0.12823410,-0.41690080,-0.88135014,-1.41894607,-0.23539811,-0.70185032,0.00000000,19.18280322,-17.75724804,8.00651769,-6.58096251,0.00000000
-0.68948103,-0.12823042,-0.41694426,-0.88131530,-1.41440077,-0.23473800,-0.70705572,0.00000000,19.18438410,-17.75754523,8.00753378,-6.58069492,0.00000000
-0.68951832,-0.12822647,-0.41699078,-0.88127801,-1.41005601,-0.23401004,-0.71212843,0.00000000,19.18607615,-17.75786327,8.00862135,-6.58040847,0.00000000
-0.68955763,-0.12822232,-0.41703982,-0.88123869,-1.40591234,-0.23322526,-0.71705689,0.00000000,19.18786023,-17.75819854,8.00976809,-6.58010640,0.00000000
-0.68959855,-0.12821799,-0.41709088,-0.88119777,-1.40196985,-0.23239458,-0.72183006,0.00000000,19.18971723,-17.75854744,8.01096172,-6.57979194,0.00000000
-0.68964066,-0.12821354,-0.41714341,-0.88115566,-1.39822820,-0.23152876,-0.72643753,0.00000000,19.19162816,-17.75890640,8.01219004,-6.57946828,0.00000000
-0.68968355,-0.12820901,-0.41719692,-0.88111278,-1.39468663,-0.23063829,-0.73086957,0.00000000,19.19357436,-17.75927190,8.01344105,-6.57913860,0.00000000
-0.68972681,-0.12820443,-0.41725089,-0.88106952,-1.39134397,-0.22973328,-0.73511724,0.00000000,19.19553761,-17.75964052,8.01470305,-6.57880597,0.00000000
-0.68977005,-0.12819986,-0.41730485,-0.88102627,-1.38819869,-0.22882341,-0.73917240,0.00000000,19.19750029,-17.76000895,8.01596471,-6.57847338,0.00000000
-0.68981291,-0.12819533,-0.41735833,-0.88098342,-1.38524885,-0.22791781,-0.74302783,0.00000000,19.19944551,-17.76037402,8.01721517,-6.57814369,0.00000000
-0.68985503,-0.12819088,-0.41741089,-0.88094130,-1.38249216,-0.22702504,-0.74667729,0.00000000,19.20135727,-17.76073273,8.01844414,-6.57781961,0.00000000
-0.68989608,-0.12818653,-0.41746212,-0.88090025,-1.37992594,-0.22615301,-0.75011554,0.00000000,19.20322057,-17.76108228,8.01964199,-6.57750369,0.00000000
-0.68993576,-0.12818234,-0.41751163,-0.88086057,-1.37754717,-0.22530891,-0.75333841,0.00000000,19.20502157,-17.76142006,8.02079981,-6.57719829,0.00000000
-0.68997378,-0.12817832,-0.41755909,-0.88082254,-1.37535241,-0.22449920,-0.75634288,0.00000000,19.20674769,-17.76174373,8.02190950,-6.57690554,0.00000000
-0.69000991,-0.12817450,-0.41760418,-0.88078641,-1.37333787,-0.22372954,-0.75912707,0.00000000,19.20838771,-17.76205119,8.02296386,-6.57662735,0.00000000
-0.69004393,-0.12817090,-0.41764663,-0.88075240,-1.37149935,-0.22300479,-0.76169035,0.00000000,19.20993189,-17.76234063,8.02395663,-6.57636537,0.00000000
-0.69007565,-0.12816754,-0.41768623,-0.88072068,-1.36983220,-0.22232898,-0.76403330,0.00000000,19.21137204,-17.76261052,8.02488253,-6.57612101,0.00000000
-0.69010494,-0.12816444,-0.41772278,-0.88069139,-1.36833139,-0.22170529,-0.76615781,0.00000000,19.21270158,-17.76285965,8.02573733,-6.57589539,0.00000000
-0.69013168,-0.12816161,-0.41775616,-0.88066465,-1.36699139,-0.22113604,-0.76806706,0.00000000,19.21391563,-17.76308709,8.02651788,-6.57568935,0.00000000
-0.69015581,-0.12815906,-0.41778628,-0.88064052,-1.36580619,-0.22062274,-0.76976556,0.00000000,19.21501097,-17.76329227,8.02722212,-6.57550343,0.00000000
-0.69017728,-0.12815679,-0.41781309,-0.88061904,-1.36476928,-0.22016602,-0.77125919,0.00000000,19.21598612,-17.76347492,8.02784910,-6.57533789,0.00000000
-0.69019612,-0.12815480,-0.41783660,-0.88060021,-1.36387358,-0.21976570,-0.77255521,0.00000000,19.21684134,-17.76363508,8.02839897,-6.57519271,0.00000000
-0.69021236,-0.12815308,-0.41785687,-0.88058397,-1.36311144,-0.21942081,-0.77366224,0.00000000,19.21757856,-17.76377313,8.02887298,-6.57506754,0.00000000
-0.69022608,-0.12815163,-0.41787400,-0.88057025,-1.36247460,-0.21912957,-0.77459032,0.00000000,19.21820142,-17.76388975,8.02927345,-6.57496178,0.00000000
-0.69023739,-0.12815043,-0.41788812,-0.88055894,-1.36195412,-0.21888946,-0.77535090,0.00000000,19.21871516,-17.76398594,8.02960377,-6.57487455,0.00000000
-0.69024645,-0.12814947,-0.41789943,-0.88054987,-1.36154040,-0.21869725,-0.77595685,0.00000000,19.21912659,-17.76406297,8.02986831,-6.57480469,0.00000000
-0.69025344,-0.12814873,-0.41790816,-0.88054288,-1.36122306,-0.21854898,-0.77642245,0.00000000,19.21944404,-17.76412240,8.03007242,-6.57475078,0.00000000
-0.69025858,-0.12814819,-0.41791457,-0.88053775,-1.36099099,-0.21844009,-0.77676342,0.00000000,19.21967726,-17.76416605,8.03022238,-6.57471117,0.00000000
-0.69026211,-0.12814781,-0.41791898,-0.88053422,-1.36083222,-0.21836536,-0.77699692,0.00000000,19.21983734,-17.76419602,8.03032531,-6.57468399,0.00000000
-0.69026429,-0.12814758,-0.41792171,-0.88053203,-1.36073394,-0.21831900,-0.77714154,0.00000000,19.21993665,-17.76421461,8.03038916,-6.57466712,0.00000000
-0.69026544,-0.12814746,-0.41792314,-0.88053089,-1.36068246,-0.21829469,-0.77721735,0.00000000,19.21998875,-17.76422436,8.03042266,-6.57465828,0.00000000
-0.69026587,-0.12814742,-0.41792368,-0.88053045,-1.36066312,-0.21828554,-0.77724583,0.00000000,19.22000834,-17.76422803,8.03043525,-6.57465495,0.00000000
-0.69026593,-0.12814741,-0.41792376,-0.88053039,-1.36066031,-0.21828422,-0.77724997,0.00000000,19.22001118,-17.76422856,8.03043709,-6.57465447,0.00000000
