0.00000000,0.00000000,0.00000000,0.00000000,0.00000000,0.00000000
0.00000000,0.00000066,0.00000000,0.00000010,0.00000000,-0.00000014
0.00000000,0.00000000,0.00000000,-0.00000000,0.00000000,0.00000000
0.00000000,0.00000000,0.00000000,-0.00000000,0.00000000,0.00000000
0.00000000,-0.00000000,0.00000000,-0.00000000,0.00000000,0.00000000
0.00000000,0.00000000,0.00000000,-0.00000000,0.00000000,0.00000000
0.00000000,0.00000000,0.00000000,-0.00000000,0.00000000,0.00000000
0.00000000,0.00000000,0.00000000,-0.00000000,0.00000000,0.00000000
0.00000000,0.00000000,0.00000000,-0.00000000,0.00000000,0.00000000
0.00000000,0.00000000,0.00000000,-0.00000000,0.00000000,0.00000000
0.00000000,0.00000000,0.00000000,-0.00000000,0.00000000,0.00000000
0.00000000,0.00000000,0.00000000,-0.00000000,0.00000000,0.00000000
0.00000000,0.00000000,0.00000000,-0.00000000,0.00000000,0.00000000
0.00000000,0.00000000,0.00000000,-0.00000000,0.00000000,0.00000000
0.00000000,0.00000000,0.00000000,-0.00000000,-0.00000000,0.00000000
0.00000000,0.00000000,0.00000000,-0.00000001,-0.00000000,0.00000000
0.00000000,0.00000000,0.00000000,-0.00000001,0.00000000,0.00000000
0.00000000,-0.00000000,0.00000000,-0.00000001,0.00000000,0.00000000
0.00000000,0.00000000,0.00000000,-0.00000001,0.00000000,0.00000000
0.00000000,0.00000000,0.00000000,-0.00000002,0.00000000,0.00000000
0.00000000,0.00000000,0.00000000,-0.00000002,0.00000000,0.00000000
0.00000000,0.00000000,0.00000000,-0.00000003,0.00000000,0.00000000
0.00000000,0.00000000,0.00000000,-0.00000003,0.00000000,0.00000000
0.00000000,-0.00000000,0.00000000,-0.00000004,0.00000000,0.00000000
0.00000000,0.00000000,0.00000000,-0.00000005,0.00000000,0.00000000
0.00000000,0.00000000,0.00000000,-0.00000006,0.00000000,0.00000000
0.00000000,0.00000000,0.00000000,-0.00000008,0.00000000,0.00000000
0.00000000,0.00000000,0.00000000,-0.00000009,0.00000000,0.00000000
0.00000000,0.00000000,0.00000000,-0.00000011,-0.00000000,0.00000000
0.00000000,0.00000000,0.00000000,-0.00000013,-0.00000000,0.00000000
0.00000000,-0.00000000,0.00000000,-0.00000015,-0.00000000,0.00000000
0.00000000,0.00000000,0.00000000,-0.00000018,-0.00000000,0.00000000
0.00000000,0.00000000,0.00000000,-0.00000021,-0.00000000,0.00000000
0.00000000,0.00000000,0.00000000,-0.00000024,-0.00000000,0.00000000
0.00000000,-0.00000000,0.00000000,-0.00000028,-0.00000000,0.00000000
0.00000000,0.00000000,0.00000000,-0.00000032,-0.00000000,0.00000001
0.00000000,0.00000000,0.00000000,-0.00000037,-0.00000000,0.00000001
0.00000000,0.00000000,0.00000000,-0.00000042,-0.00000000,0.00000001
0.00000000,0.00000000,0.00000000,-0.00000048,-0.00000000,0.00000001
0.00000000,0.00000000,0.00000000,-0.00000055,0.00000000,0.00000001
0.00000000,0.00000000,0.00000000,-0.00000062,0.00000000,0.00000001
0.00000000,-0.00000000,0.00000000,-0.00000070,0.00000000,0.00000001
0.00000000,0.00000000,0.00000000,-0.00000079,0.00000000,0.00000001
0.00000000,0.00000000,0.00000000,-0.00000088,0.00000000,0.00000001
0.00000000,0.00000000,0.00000000,-0.00000098,0.00000000,0.00000001
0.00000000,0.00000000,0.00000000,-0.00000110,0.00000000,0.00000002
0.00000000,0.00000000,0.00000000,-0.00000122,0.00000000,0.00000002
0.00000000,0.00000000,0.00000000,-0.00000136,0.00000000,0.00000002
0.00000000,0.00000000,0.00000000,-0.00000151,0.00000000,0.00000002
0.00000000,0.00000000,0.00000000,-0.00000167,0.00000000,0.00000002
0.00000000,0.00000000,0.00000000,-0.00000184,0.00000000,0.00000002
0.00000000,0.00000000,0.00000000,-0.00000203,0.00000000,0.00000003
0.00000000,0.00000000,0.00000000,-0.00000224,0.00000000,0.00000003
0.00000000,0.00000000,0.00000000,-0.00000246,0.00000000,0.00000003
0.00000000,0.00000000,0.00000000,-0.00000270,0.00000000,0.00000003
0.00000000,0.00000000,0.00000000,-0.00000296,0.00000000,0.00000004
0.00000000,0.00000000,0.00000000,-0.00000325,0.00000000,0.00000004
0.00000000,0.00000000,0.00000000,-0.00000355,0.00000000,0.00000005
0.00000000,0.00000000,0.00000000,-0.00000389,0.00000000,0.00000005
0.00000000,0.00000000,0.00000000,-0.00000424,0.00000000,0.00000005
0.00000000,0.00000000,0.00000000,-0.00000463,0.00000000,0.00000006
0.00000000,0.00000000,0.00000000,-0.00000505,0.00000000,0.00000007
0.00000000,0.00000000,0.00000000,-0.00000551,0.00000000,0.00000007
0.00000000,0.00000000,0.00000000,-0.00000600,0.00000000,0.00000008
0.00000000,0.00000000,0.00000000,-0.00000653,0.00000000,0.00000009
0.00000000,0.00000000,0.00000000,-0.00000711,0.00000000,0.00000011
0.00000000,0.00000000,0.00000000,-0.00000774,0.00000000,0.00000012
0.00000000,0.00000000,0.00000000,-0.00000843,0.00000000,0.00000014
0.00000000,0.00000000,0.00000000,-0.00000918,0.00000000,0.00000016
0.00000000,0.00000000,0.00000000,-0.00000999,0.00000000,0.00000018
0.00000000,0.00000000,0.00000000,-0.00001089,0.00000000,0.00000021
0.00000000,0.00000000,0.00000000,-0.00001188,0.00000000,0.00000024
0.00000000,0.00000000,0.00000000,-0.00001297,0.00000000,0.00000029
0.00000000,0.00000000,0.00000000,-0.00001418,0.00000000,0.00000034
0.00000000,0.00000000,0.00000000,-0.00001554,0.00000000,0.00000040
0.00000000,0.00000000,0.00000000,-0.00001706,0.00000000,0.00000048
0.00000000,0.00000000,0.00000000,-0.00001879,0.00000000,0.00000058
0.00000000,0.00000000,0.00000000,-0.00002076,0.00000000,0.00000070
0.00000000,0.00000000,0.00000000,-0.00002306,0.00000000,0.00000086
0.00000000,0.00000000,0.00000000,-0.00002578,0.00000000,0.00000107
0.00000000,0.00000000,0.00000000,-0.00002907,-0.00000000,0.00000134
0.00000000,0.00000000,0.00000000,-0.00003318,-0.00000000,0.00000172
0.00000000,0.00000000,0.00000000,-0.00003858,-0.00000000,0.00000226
0.00000000,0.00000000,0.00000000,-0.00004626,0.00000000,0.00000311
0.00000000,0.00000000,0.00000000,-0.00005891,0.00000000,0.00000464
0.00000000,0.00000000,0.00000000,-0.00008902,0.00000000,0.00000861
0.00000000,0.00000000,0.00000000,-0.00083907,0.00000000,0.00011462
0.00000000,0.00000000,0.00000000,-0.00084209,0.00000000,0.00011487
0.00000000,0.00000000,0.00000000,-0.00084559,0.00000000,0.00011518
0.00000000,0.00000000,0.00000000,-0.00084973,0.00000000,0.00011559
0.00000000,0.00000000,0.00000000,-0.00085476,0.00000000,0.00011612
0.00000000,0.00000000,0.00000000,-0.00086108,0.00000000,0.00011686
0.00000000,0.00000000,0.00000000,-0.00086947,0.00000000,0.00011792
0.00000000,0.00000000,0.00000000,-0.00088161,0.00000000,0.00011957
0.00000000,0.00000000,0.00000000,-0.00090239,0.00000000,0.00012261
0.00000000,0.00000000,0.00000000,-0.00095565,0.00000000,0.00013082
0.00000000,0.00000000,0.00000000,-0.00102523,0.00000000,0.00014131
0.00000000,0.00000000,0.00000000,-0.00106891,0.00000000,0.00014770
0.00000000,0.00000000,0.00000000,-0.00110147,0.00000000,0.00015237
0.00000000,0.00000000,0.00000000,-0.00119369,0.00000000,0.00016508
0.00000000,0.00000000,0.00000000,-0.00126228,0.00000000,0.00017462
0.00000000,0.00000000,0.00000000,-0.00140292,0.00000000,0.00019430
0.00000000,0.00000000,0.00000000,-0.00143176,0.00000000,0.00019819
0.00000000,0.00000000,0.00000000,-0.00154231,0.00000000,0.00021372
0.00000000,0.00000000,0.00000000,-0.00158752,0.00000000,0.00021985
0.00000000,0.00000000,0.00000000,-0.00160127,0.00000000,0.00022180
0.00000000,0.00000000,0.00000000,-0.00176154,0.00000000,0.00024268
0.00000000,0.00000000,0.00000000,-0.00178247,0.00000000,0.00024510
0.00000000,0.00000000,0.00000000,-0.00183844,0.00000000,0.00025234
0.00000000,0.00000000,0.00000000,-0.00194692,0.00000000,0.00026641
0.00000000,0.00000000,0.00000000,-0.00197498,0.00000000,0.00026973
0.00000000,0.00000000,0.00000000,-0.00207199,0.00000000,0.00028235
0.00000000,0.00000000,0.00000000,-0.00212121,0.00000000,0.00028870
0.00000000,0.00000000,0.00000000,-0.00214903,0.00000000,0.00029232
0.00000000,0.00000000,0.00000000,-0.00222495,0.00000000,0.00030178
0.00000000,0.00000000,0.00000000,-0.00229763,0.00000000,0.00031079
0.00000000,0.00000000,0.00000000,-0.00237164,0.00000000,0.00032010
0.00000000,0.00000000,0.00000000,-0.00243864,0.00000000,0.00032844
0.00000000,0.00000000,0.00000000,-0.00251091,0.00000000,0.00033757
0.00000000,0.00000000,0.00000000,-0.00256999,0.00000000,0.00034490
0.00000000,0.00000000,0.00000000,-0.00263493,0.00000000,0.00035310
0.00000000,0.00000000,0.00000000,-0.00268677,0.00000000,0.00035944
0.00000000,0.00000000,0.00000000,-0.00272901,0.00000000,0.00036474
0.00000000,0.00000000,0.00000000,-0.00278232,0.00000000,0.00037119
0.00000000,0.00000000,0.00000000,-0.00283139,0.00000000,0.00037725
0.00000000,0.00000000,0.00000000,-0.00288181,0.00000000,0.00038330
0.00000000,0.00000000,0.00000000,-0.00292459,0.00000000,0.00038854
0.00000000,0.00000000,0.00000000,-0.00297160,0.00000000,0.00039415
0.00000000,0.00000000,0.00000000,-0.00301104,0.00000000,0.00039893
0.00000000,0.00000000,0.00000000,-0.00305187,0.00000000,0.00040379
0.00000000,0.00000000,0.00000000,-0.00308678,0.00000000,0.00040798
0.00000000,0.00000000,0.00000000,-0.00311963,0.00000000,0.00041187
0.00000000,0.00000000,0.00000000,-0.00314853,0.00000000,0.00041531
0.00000000,0.00000000,0.00000000,-0.00317382,0.00000000,0.00041829
0.00000000,0.00000000,0.00000000,-0.00319570,0.00000000,0.00042088
0.00000000,0.00000000,0.00000000,-0.00321392,0.00000000,0.00042303
0.00000000,0.00000000,0.00000000,-0.00322873,0.00000000,0.00042479
0.00000000,0.00000000,0.00000000,-0.00324011,0.00000000,0.00042615
0.00000000,0.00000000,0.00000000,-0.00324837,0.00000000,0.00042716
0.00000000,0.00000000,0.00000000,-0.00325372,0.00000000,0.00042785
0.00000000,0.00000000,0.00000000,-0.00325663,0.00000000,0.00042828
0.00000000,0.00000000,0.00000000,-0.00325760,0.00000000,0.00042850
0.00000000,0.00000000,0.00000000,-0.00325722,0.00000000,0.00042857
0.00000000,0.00000000,0.00000000,-0.00325606,0.00000000,0.00042857
0.00000000,0.00000000,0.00000000,-0.00325454,0.00000000,0.00042853
0.00000000,0.00000000,0.00000000,-0.00325292,0.00000000,0.00042848
0.00000000,0.00000000,0.00000000,-0.00325132,0.00000000,0.00042843
0.00000000,0.00000000,0.00000000,-0.00324978,0.00000000,0.00042839
0.00000000,0.00000000,0.00000000,-0.00324830,0.00000000,0.00042836
0.00000000,0.00000000,0.00000000,-0.00324689,0.00000000,0.00042834
0.00000000,0.00000000,0.00000000,-0.00324555,0.00000000,0.00042833
0.00000000,0.00000000,0.00000000,-0.00324428,0.00000000,0.00042833
0.00000000,0.00000000,0.00000000,-0.00324307,0.00000000,0.00042834
0.00000000,0.00000000,0.00000000,-0.00324192,0.00000000,0.00042835
0.00000000,0.00000000,0.00000000,-0.00324083,0.00000000,0.00042838
0.00000000,0.00000000,0.00000000,-0.00323979,0.00000000,0.00042841
0.00000000,0.00000000,0.00000000,-0.00323881,0.00000000,0.00042846
0.00000000,0.00000000,0.00000000,-0.00323787,0.00000000,0.00042851
0.00000000,0.00000000,0.00000000,-0.00323698,0.00000000,0.00042857
0.00000000,0.00000000,0.00000000,-0.00323614,0.00000000,0.00042864
0.00000000,0.00000000,0.00000000,-0.00323534,0.00000000,0.00042872
0.00000000,0.00000000,0.00000000,-0.00323457,0.00000000,0.00042881
0.00000000,0.00000000,0.00000000,-0.00323384,0.00000000,0.00042890
0.00000000,0.00000000,0.00000000,-0.00323315,0.00000000,0.00042901
0.00000000,0.00000000,0.00000000,-0.00323249,0.00000000,0.00042912
0.00000000,0.00000000,0.00000000,-0.00323186,0.00000000,0.00042925
0.00000000,0.00000000,0.00000000,-0.00323126,0.00000000,0.00042938
0.00000000,0.00000000,0.00000000,-0.00323068,0.00000000,0.00042952
0.00000000,0.00000000,0.00000000,-0.00323013,0.00000000,0.00042967
0.00000000,0.00000000,0.00000000,-0.00322960,0.00000000,0.00042983
0.00000000,0.00000000,0.00000000,-0.00322910,0.00000000,0.00043000
0.00000000,0.00000000,0.00000000,-0.00322862,0.00000000,0.00043018
0.00000000,0.00000000,0.00000000,-0.00322815,0.00000000,0.00043036
0.00000000,0.00000000,0.00000000,-0.00322771,0.00000000,0.00043056
0.00000000,0.00000000,0.00000000,-0.00322728,0.00000000,0.00043077
0.00000000,0.00000000,0.00000000,-0.00322687,0.00000000,0.00043099
0.00000000,0.00000000,0.00000000,-0.00322647,0.00000000,0.00043121
0.00000000,0.00000000,0.00000000,-0.00322609,0.00000000,0.00043145
0.00000000,0.00000000,0.00000000,-0.00322573,0.00000000,0.00043170
0.00000000,0.00000000,0.00000000,-0.00322537,0.00000000,0.00043196
0.00000000,0.00000000,0.00000000,-0.00322504,0.00000000,0.00043222
0.00000000,0.00000000,0.00000000,-0.00322471,0.00000000,0.00043250
0.00000000,0.00000000,0.00000000,-0.00322439,0.00000000,0.00043279
0.00000000,0.00000000,0.00000000,-0.00322409,0.00000000,0.00043309
0.00000000,0.00000000,0.00000000,-0.00322379,0.00000000,0.00043341
0.00000000,0.00000000,0.00000000,-0.00322351,0.00000000,0.00043373
0.00000000,0.00000000,0.00000000,-0.00322323,0.00000000,0.00043406
0.00000000,0.00000000,0.00000000,-0.00322297,0.00000000,0.00043441
0.00000000,0.00000000,0.00000000,-0.00322271,0.00000000,0.00043476
0.00000000,0.00000000,0.00000000,-0.00322246,0.00000000,0.00043513
0.00000000,0.00000000,0.00000000,-0.00322222,0.00000000,0.00043551
0.00000000,0.00000000,0.00000000,-0.00322199,0.00000000,0.00043590
0.00000000,0.00000000,0.00000000,-0.00322177,0.00000000,0.00043631
0.00000000,0.00000000,0.00000000,-0.00322155,0.00000000,0.00043673
0.00000000,0.00000000,0.00000000,-0.00322134,0.00000000,0.00043715
0.00000000,0.00000000,0.00000000,-0.00322114,0.00000000,0.00043760
0.00000000,0.00000000,0.00000000,-0.00322094,0.00000000,0.00043805
0.00000000,0.00000000,0.00000000,-0.00322075,0.00000000,0.00043852
0.00000000,0.00000000,0.00000000,-0.00322056,0.00000000,0.00043900
0.00000000,0.00000000,0.00000000,-0.00322038,0.00000000,0.00043949
0.00000000,0.00000000,0.00000000,-0.00322021,0.00000000,0.00043999
0.00000000,0.00000000,0.00000000,-0.00322004,0.00000000,0.00044051
0.00000000,0.00000000,0.00000000,-0.00321988,0.00000000,0.00044104
0.00000000,0.00000000,0.00000000,-0.00321972,0.00000000,0.00044159
0.00000000,0.00000000,0.00000000,-0.00321957,0.00000000,0.00044215
0.00000000,0.00000000,0.00000000,-0.00321943,0.00000000,0.00044272
0.00000000,0.00000000,0.00000000,-0.00321928,0.00000000,0.00044331
0.00000000,0.00000000,0.00000000,-0.00321915,0.00000000,0.00044391
0.00000000,0.00000000,0.00000000,-0.00321901,0.00000000,0.00044452
0.00000000,0.00000000,0.00000000,-0.00321889,0.00000000,0.00044515
0.00000000,0.00000000,0.00000000,-0.00321876,0.00000000,0.00044579
0.00000000,0.00000000,0.00000000,-0.00321864,0.00000000,0.00044645
0.00000000,0.00000000,0.00000000,-0.00321853,0.00000000,0.00044712
0.00000000,0.00000000,0.00000000,-0.00321842,0.00000000,0.00044780
0.00000000,0.00000000,0.00000000,-0.00321831,0.00000000,0.00044850
0.00000000,0.00000000,0.00000000,-0.00321821,0.00000000,0.00044922
0.00000000,0.00000000,0.00000000,-0.00321811,0.00000000,0.00044995
0.00000000,0.00000000,0.00000000,-0.00321802,0.00000000,0.00045069
0.00000000,0.00000000,0.00000000,-0.00321793,0.00000000,0.00045145
0.00000000,0.00000000,0.00000000,-0.00321784,0.00000000,0.00045222
0.00000000,0.00000000,0.00000000,-0.00321776,0.00000000,0.00045301
0.00000000,0.00000000,0.00000000,-0.00321768,0.00000000,0.00045382
0.00000000,0.00000000,0.00000000,-0.00321761,0.00000000,0.00045463
0.00000000,0.00000000,0.00000000,-0.00321754,0.00000000,0.00045547
0.00000000,0.00000000,0.00000000,-0.00321747,0.00000000,0.00045632
0.00000000,0.00000000,0.00000000,-0.00321741,0.00000000,0.00045718
0.00000000,0.00000000,0.00000000,-0.00321735,0.00000000,0.00045806
0.00000000,0.00000000,0.00000000,-0.00321729,0.00000000,0.00045895
0.00000000,0.00000000,0.00000000,-0.00321724,0.00000000,0.00045986
0.00000000,0.00000000,0.00000000,-0.00321719,0.00000000,0.00046079
0.00000000,0.00000000,0.00000000,-0.00321714,0.00000000,0.00046173
0.00000000,0.00000000,0.00000000,-0.00321710,0.00000000,0.00046268
0.00000000,0.00000000,0.00000000,-0.00321706,0.00000000,0.00046365
0.00000000,0.00000000,0.00000000,-0.00321703,0.00000000,0.00046464
0.00000000,0.00000000,0.00000000,-0.00321700,0.00000000,0.00046564
0.00000000,0.00000000,0.00000000,-0.00321697,0.00000000,0.00046665
0.00000000,0.00000000,0.00000000,-0.00321695,0.00000000,0.00046768
0.00000000,0.00000000,0.00000000,-0.00321693,0.00000000,0.00046873
0.00000000,0.00000000,0.00000000,-0.00321691,0.00000000,0.00046979
0.00000000,0.00000000,0.00000000,-0.00321690,0.00000000,0.00047087
0.00000000,0.00000000,0.00000000,-0.00321689,0.00000000,0.00047196
0.00000000,0.00000000,0.00000000,-0.00321688,0.00000000,0.00047307
0.00000000,0.00000000,0.00000000,-0.00321688,0.00000000,0.00047419
0.00000000,0.00000000,0.00000000,-0.00321688,0.00000000,0.00047533
0.00000000,0.00000000,0.00000000,-0.00321689,0.00000000,0.00047648
0.00000000,0.00000000,0.00000000,-0.00321689,0.00000000,0.00047765
0.00000000,0.00000000,0.00000000,-0.00321690,0.00000000,0.00047883
0.00000000,0.00000000,0.00000000,-0.00321692,0.00000000,0.00048002
0.00000000,0.00000000,0.00000000,-0.00321694,0.00000000,0.00048123
0.00000000,0.00000000,0.00000000,-0.00321696,0.00000000,0.00048246
0.00000000,0.00000000,0.00000000,-0.00321699,0.00000000,0.00048370
0.00000000,0.00000000,0.00000000,-0.00321701,0.00000000,0.00048495
0.00000000,0.00000000,0.00000000,-0.00321705,0.00000000,0.00048622
0.00000000,0.00000000,0.00000000,-0.00321708,0.00000000,0.00048751
0.00000000,0.00000000,0.00000000,-0.00321712,0.00000000,0.00048880
0.00000000,0.00000000,0.00000000,-0.00321717,0.00000000,0.00049011
0.00000000,0.00000000,0.00000000,-0.00321721,0.00000000,0.00049144
0.00000000,0.00000000,0.00000000,-0.00321726,0.00000000,0.00049278
0.00000000,0.00000000,0.00000000,-0.00321732,0.00000000,0.00049413
0.00000000,0.00000000,0.00000000,-0.00321737,0.00000000,0.00049549
0.00000000,0.00000000,0.00000000,-0.00321743,0.00000000,0.00049687
0.00000000,0.00000000,0.00000000,-0.00321750,0.00000000,0.00049826
0.00000000,0.00000000,0.00000000,-0.00321756,0.00000000,0.00049967
0.00000000,0.00000000,0.00000000,-0.00321764,0.00000000,0.00050109
0.00000000,0.00000000,0.00000000,-0.00321771,0.00000000,0.00050252
0.00000000,0.00000000,0.00000000,-0.00321779,0.00000000,0.00050396
0.00000000,0.00000000,0.00000000,-0.00321787,0.00000000,0.00050541
0.00000000,0.00000000,0.00000000,-0.00321795,0.00000000,0.00050688
0.00000000,0.00000000,0.00000000,-0.00321804,0.00000000,0.00050836
0.00000000,0.00000000,0.00000000,-0.00321813,0.00000000,0.00050985
0.00000000,0.00000000,0.00000000,-0.00321823,0.00000000,0.00051135
0.00000000,0.00000000,0.00000000,-0.00321833,0.00000000,0.00051287
0.00000000,0.00000000,0.00000000,-0.00321843,0.00000000,0.00051439
0.00000000,0.00000000,0.00000000,-0.00321854,0.00000000,0.00051593
0.00000000,0.00000000,0.00000000,-0.00321864,0.00000000,0.00051747
0.00000000,0.00000000,0.00000000,-0.00321876,0.00000000,0.00051903
0.00000000,0.00000000,0.00000000,-0.00321887,0.00000000,0.00052060
0.00000000,0.00000000,0.00000000,-0.00321899,0.00000000,0.00052217
0.00000000,0.00000000,0.00000000,-0.00321911,0.00000000,0.00052376
0.00000000,0.00000000,0.00000000,-0.00321924,0.00000000,0.00052536
0.00000000,0.00000000,0.00000000,-0.00321937,0.00000000,0.00052696
0.00000000,0.00000000,0.00000000,-0.00321950,0.00000000,0.00052858
0.00000000,0.00000000,0.00000000,-0.00321963,0.00000000,0.00053020
0.00000000,0.00000000,0.00000000,-0.00321977,0.00000000,0.00053184
0.00000000,0.00000000,0.00000000,-0.00321991,0.00000000,0.00053348
0.00000000,0.00000000,0.00000000,-0.00322006,0.00000000,0.00053512
0.00000000,0.00000000,0.00000000,-0.00322020,0.00000000,0.00053678
0.00000000,0.00000000,0.00000000,-0.00322035,0.00000000,0.00053844
0.00000000,0.00000000,0.00000000,-0.00322051,0.00000000,0.00054012
0.00000000,0.00000000,0.00000000,-0.00322066,0.00000000,0.00054179
0.00000000,0.00000000,0.00000000,-0.00322082,0.00000000,0.00054348
0.00000000,0.00000000,0.00000000,-0.00322099,0.00000000,0.00054517
0.00000000,0.00000000,0.00000000,-0.00322115,0.00000000,0.00054687
0.00000000,0.00000000,0.00000000,-0.00322132,0.00000000,0.00054857
0.00000000,0.00000000,0.00000000,-0.00322149,0.00000000,0.00055028
0.00000000,0.00000000,0.00000000,-0.00322167,0.00000000,0.00055199
0.00000000,0.00000000,0.00000000,-0.00322184,0.00000000,0.00055371
0.00000000,0.00000000,0.00000000,-0.00322202,0.00000000,0.00055543
0.00000000,0.00000000,0.00000000,-0.00322220,0.00000000,0.00055716
0.00000000,0.00000000,0.00000000,-0.00322239,0.00000000,0.00055889
0.00000000,0.00000000,0.00000000,-0.00322258,0.00000000,0.00056062
0.00000000,0.00000000,0.00000000,-0.00322276,0.00000000,0.00056236
0.00000000,0.00000000,0.00000000,-0.00322296,0.00000000,0.00056410
0.00000000,0.00000000,0.00000000,-0.00322315,0.00000000,0.00056584
0.00000000,0.00000000,0.00000000,-0.00322335,0.00000000,0.00056759
0.00000000,0.00000000,0.00000000,-0.00322355,0.00000000,0.00056934
0.00000000,0.00000000,0.00000000,-0.00322375,0.00000000,0.00057109
0.00000000,0.00000000,0.00000000,-0.00322395,0.00000000,0.00057284
0.00000000,0.00000000,0.00000000,-0.00322416,0.00000000,0.00057459
0.00000000,0.00000000,0.00000000,-0.00322437,0.00000000,0.00057634
0.00000000,0.00000000,0.00000000,-0.00322458,0.00000000,0.00057809
0.00000000,0.00000000,0.00000000,-0.00322479,0.00000000,0.00057984
0.00000000,0.00000000,0.00000000,-0.00322500,0.00000000,0.00058159
0.00000000,0.00000000,0.00000000,-0.00322522,0.00000000,0.00058334
0.00000000,0.00000000,0.00000000,-0.00322543,0.00000000,0.00058509
0.00000000,0.00000000,0.00000000,-0.00322565,0.00000000,0.00058684
0.00000000,0.00000000,0.00000000,-0.00322587,0.00000000,0.00058858
0.00000000,0.00000000,0.00000000,-0.00322609,0.00000000,0.00059033
0.00000000,0.00000000,0.00000000,-0.00322632,0.00000000,0.00059207
0.00000000,0.00000000,0.00000000,-0.00322654,0.00000000,0.00059381
0.00000000,0.00000000,0.00000000,-0.00322677,0.00000000,0.00059554
0.00000000,0.00000000,0.00000000,-0.00322700,0.00000000,0.00059727
0.00000000,0.00000000,0.00000000,-0.00322723,0.00000000,0.00059900
0.00000000,0.00000000,0.00000000,-0.00322746,0.00000000,0.00060072
0.00000000,0.00000000,0.00000000,-0.00322769,0.00000000,0.00060244
0.00000000,0.00000000,0.00000000,-0.00322792,0.00000000,0.00060415
0.00000000,0.00000000,0.00000000,-0.00322815,0.00000000,0.00060586
0.00000000,0.00000000,0.00000000,-0.00322839,0.00000000,0.00060756
0.00000000,0.00000000,0.00000000,-0.00322862,0.00000000,0.00060926
0.00000000,0.00000000,0.00000000,-0.00322885,0.00000000,0.00061095
0.00000000,0.00000000,0.00000000,-0.00322909,0.00000000,0.00061263
0.00000000,0.00000000,0.00000000,-0.00322933,0.00000000,0.00061431
0.00000000,0.00000000,0.00000000,-0.00322956,0.00000000,0.00061598
0.00000000,0.00000000,0.00000000,-0.00322980,0.00000000,0.00061764
0.00000000,0.00000000,0.00000000,-0.00323004,0.00000000,0.00061929
0.00000000,0.00000000,0.00000000,-0.00323028,0.00000000,0.00062093
0.00000000,0.00000000,0.00000000,-0.00323051,0.00000000,0.00062257
0.00000000,0.00000000,0.00000000,-0.00323075,0.00000000,0.00062420
0.00000000,0.00000000,0.00000000,-0.00323099,0.00000000,0.00062581
0.00000000,0.00000000,0.00000000,-0.00323123,0.00000000,0.00062742
0.00000000,0.00000000,0.00000000,-0.00323146,0.00000000,0.00062902
0.00000000,0.00000000,0.00000000,-0.00323170,0.00000000,0.00063061
0.00000000,0.00000000,0.00000000,-0.00323194,0.00000000,0.00063218
0.00000000,0.00000000,0.00000000,-0.00323218,0.00000000,0.00063375
0.00000000,0.00000000,0.00000000,-0.00323241,0.00000000,0.00063530
0.00000000,0.00000000,0.00000000,-0.00323265,0.00000000,0.00063685
0.00000000,0.00000000,0.00000000,-0.00323288,0.00000000,0.00063838
0.00000000,0.00000000,0.00000000,-0.00323312,0.00000000,0.00063990
0.00000000,0.00000000,0.00000000,-0.00323335,0.00000000,0.00064140
0.00000000,0.00000000,0.00000000,-0.00323358,0.00000000,0.00064290
0.00000000,0.00000000,0.00000000,-0.00323382,0.00000000,0.00064438
0.00000000,0.00000000,0.00000000,-0.00323405,0.00000000,0.00064585
0.00000000,0.00000000,0.00000000,-0.00323428,0.00000000,0.00064730
0.00000000,0.00000000,0.00000000,-0.00323450,0.00000000,0.00064875
0.00000000,0.00000000,0.00000000,-0.00323473,0.00000000,0.00065017
0.00000000,0.00000000,0.00000000,-0.00323496,0.00000000,0.00065159
0.00000000,0.00000000,0.00000000,-0.00323518,0.00000000,0.00065299
0.00000000,0.00000000,0.00000000,-0.00323541,0.00000000,0.00065437
0.00000000,0.00000000,0.00000000,-0.00323563,0.00000000,0.00065574
0.00000000,0.00000000,0.00000000,-0.00323585,0.00000000,0.00065710
0.00000000,0.00000000,0.00000000,-0.00323607,0.00000000,0.00065844
0.00000000,0.00000000,0.00000000,-0.00323628,0.00000000,0.00065976
0.00000000,0.00000000,0.00000000,-0.00323650,0.00000000,0.00066107
0.00000000,0.00000000,0.00000000,-0.00323671,0.00000000,0.00066236
0.00000000,0.00000000,0.00000000,-0.00323692,0.00000000,0.00066364
0.00000000,0.00000000,0.00000000,-0.00323713,0.00000000,0.00066490
0.00000000,0.00000000,0.00000000,-0.00323734,0.00000000,0.00066614
0.00000000,0.00000000,0.00000000,-0.00323755,0.00000000,0.00066737
0.00000000,0.00000000,0.00000000,-0.00323775,0.00000000,0.00066858
0.00000000,0.00000000,0.00000000,-0.00323795,0.00000000,0.00066978
0.00000000,0.00000000,0.00000000,-0.00323815,0.00000000,0.00067095
0.00000000,0.00000000,0.00000000,-0.00323835,0.00000000,0.00067211
0.00000000,0.00000000,0.00000000,-0.00323854,0.00000000,0.00067326
0.00000000,0.00000000,0.00000000,-0.00323874,0.00000000,0.00067438
0.00000000,0.00000000,0.00000000,-0.00323893,0.00000000,0.00067549
0.00000000,0.00000000,0.00000000,-0.00323911,0.00000000,0.00067658
0.00000000,0.00000000,0.00000000,-0.00323930,0.00000000,0.00067766
0.00000000,0.00000000,0.00000000,-0.00323948,0.00000000,0.00067872
0.00000000,0.00000000,0.00000000,-0.00323966,0.00000000,0.00067975
0.00000000,0.00000000,0.00000000,-0.00323984,0.00000000,0.00068078
0.00000000,0.00000000,0.00000000,-0.00324001,0.00000000,0.00068178
0.00000000,0.00000000,0.00000000,-0.00324019,0.00000000,0.00068276
0.00000000,0.00000000,0.00000000,-0.00324035,0.00000000,0.00068373
0.00000000,0.00000000,0.00000000,-0.00324052,0.00000000,0.00068468
0.00000000,0.00000000,0.00000000,-0.00324069,0.00000000,0.00068561
0.00000000,0.00000000,0.00000000,-0.00324085,0.00000000,0.00068653
0.00000000,0.00000000,0.00000000,-0.00324101,0.00000000,0.00068742
0.00000000,0.00000000,0.00000000,-0.00324116,0.00000000,0.00068830
0.00000000,0.00000000,0.00000000,-0.00324132,0.00000000,0.00068916
0.00000000,0.00000000,0.00000000,-0.00324147,0.00000000,0.00069001
0.00000000,0.00000000,0.00000000,-0.00324161,0.00000000,0.00069083
0.00000000,0.00000000,0.00000000,-0.00324176,0.00000000,0.00069164
0.00000000,0.00000000,0.00000000,-0.00324190,0.00000000,0.00069243
0.00000000,0.00000000,0.00000000,-0.00324204,0.00000000,0.00069320
0.00000000,0.00000000,0.00000000,-0.00324217,0.00000000,0.00069396
0.00000000,0.00000000,0.00000000,-0.00324231,0.00000000,0.00069469
0.00000000,0.00000000,0.00000000,-0.00324244,0.00000000,0.00069541
0.00000000,0.00000000,0.00000000,-0.00324256,0.00000000,0.00069612
0.00000000,0.00000000,0.00000000,-0.00324269,0.00000000,0.00069680
0.00000000,0.00000000,0.00000000,-0.00324281,0.00000000,0.00069747
0.00000000,0.00000000,0.00000000,-0.00324293,0.00000000,0.00069812
0.00000000,0.00000000,0.00000000,-0.00324305,0.00000000,0.00069876
0.00000000,0.00000000,0.00000000,-0.00324316,0.00000000,0.00069937
0.00000000,0.00000000,0.00000000,-0.00324327,0.00000000,0.00069997
0.00000000,0.00000000,0.00000000,-0.00324338,0.00000000,0.00070056
0.00000000,0.00000000,0.00000000,-0.00324348,0.00000000,0.00070113
0.00000000,0.00000000,0.00000000,-0.00324358,0.00000000,0.00070168
0.00000000,0.00000000,0.00000000,-0.00324368,0.00000000,0.00070222
0.00000000,0.00000000,0.00000000,-0.00324378,0.00000000,0.00070274
0.00000000,0.00000000,0.00000000,-0.00324387,0.00000000,0.00070325
0.00000000,0.00000000,0.00000000,-0.00324396,0.00000000,0.00070374
0.00000000,0.00000000,0.00000000,-0.00324405,0.00000000,0.00070421
0.00000000,0.00000000,0.00000000,-0.00324414,0.00000000,0.00070467
0.00000000,0.00000000,0.00000000,-0.00324422,0.00000000,0.00070512
0.00000000,0.00000000,0.00000000,-0.00324430,0.00000000,0.00070555
0.00000000,0.00000000,0.00000000,-0.00324438,0.00000000,0.00070597
0.00000000,0.00000000,0.00000000,-0.00324445,0.00000000,0.00070637
0.00000000,0.00000000,0.00000000,-0.00324453,0.00000000,0.00070676
0.00000000,0.00000000,0.00000000,-0.00324460,0.00000000,0.00070713
0.00000000,0.00000000,0.00000000,-0.00324466,0.00000000,0.00070749
0.00000000,0.00000000,0.00000000,-0.00324473,0.00000000,0.00070784
0.00000000,0.00000000,0.00000000,-0.00324479,0.00000000,0.00070818
0.00000000,0.00000000,0.00000000,-0.00324485,0.00000000,0.00070850
0.00000000,0.00000000,0.00000000,-0.00324491,0.00000000,0.00070881
0.00000000,0.00000000,0.00000000,-0.00324497,0.00000000,0.00070911
0.00000000,0.00000000,0.00000000,-0.00324502,0.00000000,0.00070940
0.00000000,0.00000000,0.00000000,-0.00324508,0.00000000,0.00070967
0.00000000,0.00000000,0.00000000,-0.00324513,0.00000000,0.00070994
0.00000000,0.00000000,0.00000000,-0.00324517,0.00000000,0.00071019
0.00000000,0.00000000,0.00000000,-0.00324522,0.00000000,0.00071043
0.00000000,0.00000000,0.00000000,-0.00324526,0.00000000,0.00071066
0.00000000,0.00000000,0.00000000,-0.00324530,0.00000000,0.00071088
0.00000000,0.00000000,0.00000000,-0.00324534,0.00000000,0.00071110
0.00000000,0.00000000,0.00000000,-0.00324538,0.00000000,0.00071130
0.00000000,0.00000000,0.00000000,-0.00324542,0.00000000,0.00071149
0.00000000,0.00000000,0.00000000,-0.00324545,0.00000000,0.00071167
0.00000000,0.00000000,0.00000000,-0.00324549,0.00000000,0.00071184
0.00000000,0.00000000,0.00000000,-0.00324552,0.00000000,0.00071201
0.00000000,0.00000000,0.00000000,-0.00324555,0.00000000,0.00071217
0.00000000,0.00000000,0.00000000,-0.00324558,0.00000000,0.00071231
0.00000000,0.00000000,0.00000000,-0.00324560,0.00000000,0.00071245
0.00000000,0.00000000,0.00000000,-0.00324563,0.00000000,0.00071259
0.00000000,0.00000000,0.00000000,-0.00324565,0.00000000,0.00071271
0.00000000,0.00000000,0.00000000,-0.00324568,0.00000000,0.00071283
0.00000000,0.00000000,0.00000000,-0.00324570,0.00000000,0.00071294
0.00000000,0.00000000,0.00000000,-0.00324572,0.00000000,0.00071305
0.00000000,0.00000000,0.00000000,-0.00324574,0.00000000,0.00071315
0.00000000,0.00000000,0.00000000,-0.00324575,0.00000000,0.00071324
0.00000000,0.00000000,0.00000000,-0.00324577,0.00000000,0.00071332
0.00000000,0.00000000,0.00000000,-0.00324579,0.00000000,0.00071341
0.00000000,0.00000000,0.00000000,-0.00324580,0.00000000,0.00071348
0.00000000,0.00000000,0.00000000,-0.00324581,0.00000000,0.00071355
0.00000000,0.00000000,0.00000000,-0.00324583,0.00000000,0.00071362
0.00000000,0.00000000,0.00000000,-0.00324584,0.00000000,0.00071368
0.00000000,0.00000000,0.00000000,-0.00324585,0.00000000,0.00071374
0.00000000,0.00000000,0.00000000,-0.00324586,0.00000000,0.00071379
0.00000000,0.00000000,0.00000000,-0.00324587,0.00000000,0.00071384
0.00000000,0.00000000,0.00000000,-0.00324588,0.00000000,0.00071388
0.00000000,0.00000000,0.00000000,-0.00324589,0.00000000,0.00071392
0.00000000,0.00000000,0.00000000,-0.00324589,0.00000000,0.00071396
0.00000000,0.00000000,0.00000000,-0.00324590,0.00000000,0.00071399
0.00000000,0.00000000,0.00000000,-0.00324591,0.00000000,0.00071403
0.00000000,0.00000000,0.00000000,-0.00324591,0.00000000,0.00071406
0.00000000,0.00000000,0.00000000,-0.00324592,0.00000000,0.00071408
0.00000000,0.00000000,0.00000000,-0.00324592,0.00000000,0.00071410
0.00000000,0.00000000,0.00000000,-0.00324593,0.00000000,0.00071413
0.00000000,0.00000000,0.00000000,-0.00324593,0.00000000,0.00071415
0.00000000,0.00000000,0.00000000,-0.00324593,0.00000000,0.00071416
0.00000000,0.00000000,0.00000000,-0.00324594,0.00000000,0.00071418
0.00000000,0.00000000,0.00000000,-0.00324594,0.00000000,0.00071419
0.00000000,0.00000000,0.00000000,-0.00324594,0.00000000,0.00071420
0.00000000,0.00000000,0.00000000,-0.00324594,0.00000000,0.00071422
0.00000000,0.00000000,0.00000000,-0.00324594,0.00000000,0.00071422
0.00000000,0.00000000,0.00000000,-0.00324595,0.00000000,0.00071423
0.00000000,0.00000000,0.00000000,-0.00324595,0.00000000,0.00071424
0.00000000,0.00000000,0.00000000,-0.00324595,0.00000000,0.00071425
0.00000000,0.00000000,0.00000000,-0.00324595,0.00000000,0.00071425
0.00000000,0.00000000,0.00000000,-0.00324595,0.00000000,0.00071426
0.00000000,0.00000000,0.00000000,-0.00324595,0.00000000,0.00071426
0.00000000,0.00000000,0.00000000,-0.00324595,0.00000000,0.00071426
0.00000000,0.00000000,0.00000000,-0.00324595,0.00000000,0.00071427
0.00000000,0.00000000,0.00000000,-0.00324595,0.00000000,0.00071427
0.00000000,0.00000000,0.00000000,-0.00324595,0.00000000,0.00071427
0.00000000,0.00000000,0.00000000,-0.00324595,0.00000000,0.00071427
0.00000000,0.00000000,0.00000000,-0.00324595,0.00000000,0.00071427
0.00000000,0.00000000,0.00000000,-0.00324595,0.00000000,0.00071427
0.00000000,0.00000000,0.00000000,-0.00324595,0.00000000,0.00071427
0.00000000,0.00000000,0.00000000,-0.00324595,0.00000000,0.00071428
0.00000000,0.00000000,0.00000000,-0.00324595,0.00000000,0.00071428
0.00000000,0.00000000,0.00000000,-0.00324595,0.00000000,0.00071428
0.00000000,0.00000000,0.00000000,-0.00324595,0.00000000,0.00071428
0.00000000,0.00000000,0.00000000,-0.00324595,0.00000000,0.00071428
0.00000000,0.00000000,0.00000000,-0.00324595,0.00000000,0.00071428
0.00000000,0.00000000,0.00000000,-0.00324595,0.00000000,0.00071428
0.00000000,0.00000000,0.00000000,-0.00324595,0.00000000,0.00071428
0.00000000,0.00000000,0.00000000,-0.00324595,0.00000000,0.00071428
0.00000000,0.00000000,0.00000000,-0.00324595,0.00000000,0.00071428
0.00000000,0.00000000,0.00000000,-0.00324595,0.00000000,0.00071428
0.00000000,0.00000000,0.00000000,-0.00324595,0.00000000,0.00071428
0.00000000,0.00000000,0.00000000,-0.00324595,0.00000000,0.00071428
0.00000000,0.00000000,0.00000000,-0.00324595,0.00000000,0.00071428
0.00000000,0.00000000,0.00000000,-0.00324595,0.00000000,0.00071428
0.00000000,0.00000000,0.00000000,-0.00324595,0.00000000,0.00071428
0.00000000,0.00000000,0.00000000,-0.00324595,0.00000000,0.00071428
0.00000000,0.00000000,0.00000000,-0.00324596,0.00000000,0.00071428
0.00000000,0.00000000,0.00000000,-0.00324596,0.00000000,0.00071428
0.00000000,0.00000000,0.00000000,-0.00324597,0.00000000,0.00071429
0.00000000,0.00000000,0.00000000,-0.00324599,0.00000000,0.00071430
0.00000000,0.00000000,0.00000000,-0.00324601,0.00000000,0.00071432
0.00000000,0.00000000,0.00000000,-0.00324606,0.00000000,0.00071436
0.00000000,0.00000000,0.00000000,-0.00324613,0.00000000,0.00071442
0.00000000,0.00000000,0.00000000,-0.00324622,0.00000000,0.00071449
0.00000000,0.00000000,0.00000000,-0.00324635,0.00000000,0.00071460
0.00000000,0.00000000,0.00000000,-0.00324653,0.00000000,0.00071474
0.00000000,0.00000000,0.00000000,-0.00324675,0.00000000,0.00071492
0.00000000,0.00000000,0.00000000,-0.00324704,0.00000000,0.00071516
0.00000000,0.00000000,0.00000000,-0.00324740,0.00000000,0.00071545
0.00000000,0.00000000,0.00000000,-0.00324783,0.00000000,0.00071581
0.00000000,0.00000000,0.00000000,-0.00324836,0.00000000,0.00071624
0.00000000,0.00000000,0.00000000,-0.00324898,0.00000000,0.00071676
0.00000000,0.00000000,0.00000000,-0.00324971,0.00000000,0.00071737
0.00000000,0.00000000,0.00000000,-0.00325055,0.00000000,0.00071808
0.00000000,0.00000000,0.00000000,-0.00325152,0.00000000,0.00071890
0.00000000,0.00000000,0.00000000,-0.00325262,0.00000000,0.00071983
0.00000000,0.00000000,0.00000000,-0.00325386,0.00000000,0.00072090
0.00000000,0.00000000,0.00000000,-0.00325525,0.00000000,0.00072209
0.00000000,0.00000000,0.00000000,-0.00325678,0.00000000,0.00072342
0.00000000,0.00000000,0.00000000,-0.00325847,0.00000000,0.00072490
0.00000000,0.00000000,0.00000000,-0.00326032,0.00000000,0.00072653
0.00000000,0.00000000,0.00000000,-0.00326233,0.00000000,0.00072831
0.00000000,0.00000000,0.00000000,-0.00326449,0.00000000,0.00073025
0.00000000,0.00000000,0.00000000,-0.00326682,0.00000000,0.00073236
0.00000000,0.00000000,0.00000000,-0.00326931,0.00000000,0.00073464
0.00000000,0.00000000,0.00000000,-0.00327196,0.00000000,0.00073708
0.00000000,0.00000000,0.00000000,-0.00327476,0.00000000,0.00073969
0.00000000,0.00000000,0.00000000,-0.00327771,0.00000000,0.00074247
0.00000000,0.00000000,0.00000000,-0.00328080,0.00000000,0.00074541
0.00000000,0.00000000,0.00000000,-0.00328403,0.00000000,0.00074852
0.00000000,0.00000000,0.00000000,-0.00328739,0.00000000,0.00075179
0.00000000,0.00000000,0.00000000,-0.00329087,0.00000000,0.00075521
0.00000000,0.00000000,0.00000000,-0.00329446,0.00000000,0.00075878
0.00000000,0.00000000,0.00000000,-0.00329814,0.00000000,0.00076250
0.00000000,0.00000000,0.00000000,-0.00330192,0.00000000,0.00076635
0.00000000,0.00000000,0.00000000,-0.00330577,0.00000000,0.00077033
0.00000000,0.00000000,0.00000000,-0.00330969,0.00000000,0.00077442
0.00000000,0.00000000,0.00000000,-0.00331365,0.00000000,0.00077862
0.00000000,0.00000000,0.00000000,-0.00331766,0.00000000,0.00078292
0.00000000,0.00000000,0.00000000,-0.00332170,0.00000000,0.00078730
0.00000000,0.00000000,0.00000000,-0.00332574,0.00000000,0.00079175
0.00000000,0.00000000,0.00000000,-0.00332979,0.00000000,0.00079626
0.00000000,0.00000000,0.00000000,-0.00333382,0.00000000,0.00080082
0.00000000,0.00000000,0.00000000,-0.00333783,0.00000000,0.00080540
0.00000000,0.00000000,0.00000000,-0.00334179,0.00000000,0.00081000
0.00000000,0.00000000,0.00000000,-0.00334571,0.00000000,0.00081460
0.00000000,0.00000000,0.00000000,-0.00334956,0.00000000,0.00081918
0.00000000,0.00000000,0.00000000,-0.00335334,0.00000000,0.00082374
0.00000000,0.00000000,0.00000000,-0.00335703,0.00000000,0.00082825
0.00000000,0.00000000,0.00000000,-0.00336063,0.00000000,0.00083270
0.00000000,0.00000000,0.00000000,-0.00336412,0.00000000,0.00083708
0.00000000,0.00000000,0.00000000,-0.00336751,0.00000000,0.00084137
0.00000000,0.00000000,0.00000000,-0.00337077,0.00000000,0.00084557
0.00000000,0.00000000,0.00000000,-0.00337390,0.00000000,0.00084965
0.00000000,0.00000000,0.00000000,-0.00337691,0.00000000,0.00085360
0.00000000,0.00000000,0.00000000,-0.00337977,0.00000000,0.00085742
0.00000000,0.00000000,0.00000000,-0.00338250,0.00000000,0.00086110
0.00000000,0.00000000,0.00000000,-0.00338508,0.00000000,0.00086462
0.00000000,0.00000000,0.00000000,-0.00338751,0.00000000,0.00086798
0.00000000,0.00000000,0.00000000,-0.00338979,0.00000000,0.00087117
0.00000000,0.00000000,0.00000000,-0.00339193,0.00000000,0.00087419
0.00000000,0.00000000,0.00000000,-0.00339392,0.00000000,0.00087703
0.00000000,0.00000000,0.00000000,-0.00339576,0.00000000,0.00087968
0.00000000,0.00000000,0.00000000,-0.00339746,0.00000000,0.00088216
0.00000000,0.00000000,0.00000000,-0.00339902,0.00000000,0.00088445
0.00000000,0.00000000,0.00000000,-0.00340044,0.00000000,0.00088656
0.00000000,0.00000000,0.00000000,-0.00340173,0.00000000,0.00088849
0.00000000,0.00000000,0.00000000,-0.00340289,0.00000000,0.00089024
0.00000000,0.00000000,0.00000000,-0.00340393,0.00000000,0.00089183
0.00000000,0.00000000,0.00000000,-0.00340486,0.00000000,0.00089324
0.00000000,0.00000000,0.00000000,-0.00340567,0.00000000,0.00089450
0.00000000,0.00000000,0.00000000,-0.00340638,0.00000000,0.00089561
0.00000000,0.00000000,0.00000000,-0.00340700,0.00000000,0.00089658
0.00000000,0.00000000,0.00000000,-0.00340753,0.00000000,0.00089741
0.00000000,0.00000000,0.00000000,-0.00340798,0.00000000,0.00089813
0.00000000,0.00000000,0.00000000,-0.00340836,0.00000000,0.00089873
0.00000000,0.00000000,0.00000000,-0.00340867,0.00000000,0.00089923
0.00000000,0.00000000,0.00000000,-0.00340892,0.00000000,0.00089964
0.00000000,0.00000000,0.00000000,-0.00340913,0.00000000,0.00089997
0.00000000,0.00000000,0.00000000,-0.00340929,0.00000000,0.00090022
0.00000000,0.00000000,0.00000000,-0.00340941,0.00000000,0.00090042
0.00000000,0.00000000,0.00000000,-0.00340950,0.00000000,0.00090057
0.00000000,0.00000000,0.00000000,-0.00340957,0.00000000,0.00090068
0.00000000,0.00000000,0.00000000,-0.00340962,0.00000000,0.00090076
0.00000000,0.00000000,0.00000000,-0.00340965,0.00000000,0.00090081
0.00000000,0.00000000,0.00000000,-0.00340967,0.00000000,0.00090084
0.00000000,0.00000000,0.00000000,-0.00340968,0.00000000,0.00090086
0.00000000,0.00000000,0.00000000,-0.00340969,0.00000000,0.00090087
0.00000000,0.00000000,0.00000000,-0.00340969,0.00000000,0.00090088
0.00000000,0.00000000,0.00000000,-0.00340969,0.00000000,0.00090088
0.00000000,0.00000000,0.00000000,-0.00340969,0.00000000,0.00090088
0.00000000,0.00000000,0.00000000,-0.00340969,0.00000000,0.00090088
0.00000000,0.00000000,0.00000000,-0.00340969,0.00000000,0.00090088
0.00000000,0.00000000,0.00000000,-0.00340969,0.00000000,0.00090088
0.00000000,0.00000000,0.00000000,-0.00340969,0.00000000,0.00090088
0.00000000,0.00000000,0.00000000,-0.00340969,0.00000000,0.00090088
0.00000000,0.00000000,0.00000000,-0.00340969,0.00000000,0.00090088
0.00000000,0.00000000,0.00000000,-0.00340969,0.00000000,0.00090088
0.00000000,0.00000000,0.00000000,-0.00340969,0.00000000,0.00090088
0.00000000,0.00000000,0.00000000,-0.00340969,0.00000000,0.00090088
0.00000000,0.00000000,0.00000000,-0.00340969,0.00000000,0.00090088
0.00000000,0.00000000,0.00000000,-0.00340969,0.00000000,0.00090088
0.00000000,0.00000000,0.00000000,-0.00340969,0.00000000,0.00090088
0.00000000,0.00000000,0.00000000,-0.00340969,0.00000000,0.00090088
0.00000000,0.00000000,0.00000000,-0.00340969,0.00000000,0.00090088
0.00000000,0.00000000,0.00000000,-0.00340969,0.00000000,0.00090088
0.00000000,0.00000000,0.00000000,-0.00340969,0.00000000,0.00090088
0.00000000,0.00000000,0.00000000,-0.00340969,0.00000000,0.00090088
0.00000000,0.00000000,0.00000000,-0.00340969,0.00000000,0.00090088
0.00000000,0.00000000,0.00000000,-0.00340969,0.00000000,0.00090088
0.00000000,0.00000000,0.00000000,-0.00340969,0.00000000,0.00090088
0.00000000,0.00000000,0.00000000,-0.00340969,0.00000000,0.00090088
0.00000000,0.00000000,0.00000000,-0.00340969,0.00000000,0.00090088
0.00000000,0.00000000,0.00000000,-0.00340969,0.00000000,0.00090088
0.00000000,0.00000000,0.00000000,-0.00340969,0.00000000,0.00090088
0.00000000,0.00000000,0.00000000,-0.00340969,0.00000000,0.00090088
0.00000000,0.00000000,0.00000000,-0.00340969,0.00000000,0.00090088
0.00000000,0.00000000,0.00000000,-0.00340969,0.00000000,0.00090088
0.00000000,0.00000000,0.00000000,-0.00340969,0.00000000,0.00090088
0.00000000,0.00000000,0.00000000,-0.00340969,0.00000000,0.00090088
0.00000000,0.00000000,0.00000000,-0.00340969,0.00000000,0.00090088
0.00000000,0.00000000,0.00000000,-0.00340969,0.00000000,0.00090088
0.00000000,0.00000000,0.00000000,-0.00340969,0.00000000,0.00090088
0.00000000,0.00000000,0.00000000,-0.00340969,0.00000000,0.00090088
0.00000000,0.00000000,0.00000000,-0.00340969,0.00000000,0.00090088
0.00000000,0.00000000,0.00000000,-0.00340969,0.00000000,0.00090088
0.00000000,0.00000000,0.00000000,-0.00340969,0.00000000,0.00090088
0.00000000,0.00000000,0.00000000,-0.00340969,0.00000000,0.00090088
0.00000000,0.00000000,0.00000000,-0.00340969,0.00000000,0.00090088
0.00000000,0.00000000,0.00000000,-0.00340969,0.00000000,0.00090088
0.00000000,0.00000000,0.00000000,-0.00340969,0.00000000,0.00090088
0.00000000,0.00000000,0.00000000,-0.00340969,0.00000000,0.00090088
0.00000000,0.00000000,0.00000000,-0.00340969,0.00000000,0.00090088
0.00000000,0.00000000,0.00000000,-0.00340969,0.00000000,0.00090088
0.00000000,0.00000000,0.00000000,-0.00340969,0.00000000,0.00090088
0.00000000,0.00000000,0.00000000,-0.00340969,0.00000000,0.00090088
0.00000000,0.00000000,0.00000000,-0.00340969,0.00000000,0.00090088
0.00000000,0.00000000,0.00000000,-0.00340969,0.00000000,0.00090088
0.00000000,0.00000000,0.00000000,-0.00340969,0.00000000,0.00090088
0.00000000,0.00000000,0.00000000,-0.00340969,0.00000000,0.00090088
0.00000000,0.00000000,0.00000000,-0.00340969,0.00000000,0.00090088
0.00000000,0.00000000,0.00000000,-0.00340969,0.00000000,0.00090088
0.00000000,0.00000000,0.00000000,-0.00340969,0.00000000,0.00090088
0.00000000,0.00000000,0.00000000,-0.00340969,0.00000000,0.00090088
0.00000000,0.00000000,0.00000000,-0.00340969,0.00000000,0.00090088
0.00000000,0.00000000,0.00000000,-0.00340969,0.00000000,0.00090088
0.00000000,0.00000000,0.00000000,-0.00340969,0.00000000,0.00090088
0.00000000,0.00000000,0.00000000,-0.00340969,0.00000000,0.00090088
0.00000000,0.00000000,0.00000000,-0.00340969,0.00000000,0.00090088
0.00000000,0.00000000,0.00000000,-0.00340969,0.00000000,0.00090088
0.00000000,0.00000000,0.00000000,-0.00340969,0.00000000,0.00090088
0.00000000,0.00000000,0.00000000,-0.00340969,0.00000000,0.00090088
0.00000000,0.00000000,0.00000000,-0.00340969,0.00000000,0.00090088
0.00000000,0.00000000,0.00000000,-0.00340969,0.00000000,0.00090088
0.00000000,0.00000000,0.00000000,-0.00340969,0.00000000,0.00090088
0.00000000,0.00000000,0.00000000,-0.00340969,0.00000000,0.00090088
0.00000000,0.00000000,0.00000000,-0.00340969,0.00000000,0.00090088
0.00000000,0.00000000,0.00000000,-0.00340969,0.00000000,0.00090088
0.00000000,0.00000000,0.00000000,-0.00340969,0.00000000,0.00090088
0.00000000,0.00000000,0.00000000,-0.00340969,0.00000000,0.00090088
0.00000000,0.00000000,0.00000000,-0.00340969,0.00000000,0.00090089
0.00000000,0.00000000,0.00000000,-0.00340970,0.00000000,0.00090090
0.00000000,0.00000000,0.00000000,-0.00340971,0.00000000,0.00090092
0.00000000,0.00000000,0.00000000,-0.00340973,0.00000000,0.00090095
0.00000000,0.00000000,0.00000000,-0.00340976,0.00000000,0.00090100
0.00000000,0.00000000,0.00000000,-0.00340981,0.00000000,0.00090108
0.00000000,0.00000000,0.00000000,-0.00340988,0.00000000,0.00090119
0.00000000,0.00000000,0.00000000,-0.00340997,0.00000000,0.00090134
0.00000000,0.00000000,0.00000000,-0.00341009,0.00000000,0.00090154
0.00000000,0.00000000,0.00000000,-0.00341025,0.00000000,0.00090180
0.00000000,0.00000000,0.00000000,-0.00341046,0.00000000,0.00090213
0.00000000,0.00000000,0.00000000,-0.00341071,0.00000000,0.00090254
0.00000000,0.00000000,0.00000000,-0.00341102,0.00000000,0.00090304
0.00000000,0.00000000,0.00000000,-0.00341140,0.00000000,0.00090364
0.00000000,0.00000000,0.00000000,-0.00341185,0.00000000,0.00090435
0.00000000,0.00000000,0.00000000,-0.00341238,0.00000000,0.00090519
0.00000000,0.00000000,0.00000000,-0.00341300,0.00000000,0.00090616
0.00000000,0.00000000,0.00000000,-0.00341371,0.00000000,0.00090727
0.00000000,0.00000000,0.00000000,-0.00341452,0.00000000,0.00090853
0.00000000,0.00000000,0.00000000,-0.00341545,0.00000000,0.00090995
0.00000000,0.00000000,0.00000000,-0.00341649,0.00000000,0.00091154
0.00000000,0.00000000,0.00000000,-0.00341765,0.00000000,0.00091330
0.00000000,0.00000000,0.00000000,-0.00341894,0.00000000,0.00091523
0.00000000,0.00000000,0.00000000,-0.00342036,0.00000000,0.00091734
0.00000000,0.00000000,0.00000000,-0.00342191,0.00000000,0.00091964
0.00000000,0.00000000,0.00000000,-0.00342361,0.00000000,0.00092212
0.00000000,0.00000000,0.00000000,-0.00342546,0.00000000,0.00092479
0.00000000,0.00000000,0.00000000,-0.00342744,0.00000000,0.00092763
0.00000000,0.00000000,0.00000000,-0.00342958,0.00000000,0.00093066
0.00000000,0.00000000,0.00000000,-0.00343186,0.00000000,0.00093386
0.00000000,0.00000000,0.00000000,-0.00343429,0.00000000,0.00093723
0.00000000,0.00000000,0.00000000,-0.00343687,0.00000000,0.00094076
0.00000000,0.00000000,0.00000000,-0.00343959,0.00000000,0.00094445
0.00000000,0.00000000,0.00000000,-0.00344246,0.00000000,0.00094828
0.00000000,0.00000000,0.00000000,-0.00344546,0.00000000,0.00095225
0.00000000,0.00000000,0.00000000,-0.00344859,0.00000000,0.00095634
0.00000000,0.00000000,0.00000000,-0.00345185,0.00000000,0.00096055
0.00000000,0.00000000,0.00000000,-0.00345523,0.00000000,0.00096485
0.00000000,0.00000000,0.00000000,-0.00345872,0.00000000,0.00096925
0.00000000,0.00000000,0.00000000,-0.00346231,0.00000000,0.00097371
0.00000000,0.00000000,0.00000000,-0.00346600,0.00000000,0.00097823
0.00000000,0.00000000,0.00000000,-0.00346977,0.00000000,0.00098280
0.00000000,0.00000000,0.00000000,-0.00347362,0.00000000,0.00098740
0.00000000,0.00000000,0.00000000,-0.00347753,0.00000000,0.00099201
0.00000000,0.00000000,0.00000000,-0.00348149,0.00000000,0.00099662
0.00000000,0.00000000,0.00000000,-0.00348549,0.00000000,0.00100122
0.00000000,0.00000000,0.00000000,-0.00348952,0.00000000,0.00100578
0.00000000,0.00000000,0.00000000,-0.00349356,0.00000000,0.00101030
0.00000000,0.00000000,0.00000000,-0.00349759,0.00000000,0.00101477
0.00000000,0.00000000,0.00000000,-0.00350162,0.00000000,0.00101916
0.00000000,0.00000000,0.00000000,-0.00350562,0.00000000,0.00102346
0.00000000,0.00000000,0.00000000,-0.00350958,0.00000000,0.00102768
0.00000000,0.00000000,0.00000000,-0.00351349,0.00000000,0.00103178
0.00000000,0.00000000,0.00000000,-0.00351734,0.00000000,0.00103577
0.00000000,0.00000000,0.00000000,-0.00352111,0.00000000,0.00103963
0.00000000,0.00000000,0.00000000,-0.00352479,0.00000000,0.00104335
0.00000000,0.00000000,0.00000000,-0.00352837,0.00000000,0.00104693
0.00000000,0.00000000,0.00000000,-0.00353184,0.00000000,0.00105036
0.00000000,0.00000000,0.00000000,-0.00353519,0.00000000,0.00105363
0.00000000,0.00000000,0.00000000,-0.00353841,0.00000000,0.00105674
0.00000000,0.00000000,0.00000000,-0.00354150,0.00000000,0.00105969
0.00000000,0.00000000,0.00000000,-0.00354445,0.00000000,0.00106247
0.00000000,0.00000000,0.00000000,-0.00354724,0.00000000,0.00106509
0.00000000,0.00000000,0.00000000,-0.00354988,0.00000000,0.00106753
0.00000000,0.00000000,0.00000000,-0.00355237,0.00000000,0.00106981
0.00000000,0.00000000,0.00000000,-0.00355469,0.00000000,0.00107192
0.00000000,0.00000000,0.00000000,-0.00355686,0.00000000,0.00107387
0.00000000,0.00000000,0.00000000,-0.00355886,0.00000000,0.00107565
0.00000000,0.00000000,0.00000000,-0.00356071,0.00000000,0.00107728
0.00000000,0.00000000,0.00000000,-0.00356239,0.00000000,0.00107876
0.00000000,0.00000000,0.00000000,-0.00356393,0.00000000,0.00108009
0.00000000,0.00000000,0.00000000,-0.00356531,0.00000000,0.00108129
0.00000000,0.00000000,0.00000000,-0.00356655,0.00000000,0.00108235
0.00000000,0.00000000,0.00000000,-0.00356765,0.00000000,0.00108328
0.00000000,0.00000000,0.00000000,-0.00356862,0.00000000,0.00108410
0.00000000,0.00000000,0.00000000,-0.00356946,0.00000000,0.00108481
0.00000000,0.00000000,0.00000000,-0.00357019,0.00000000,0.00108542
0.00000000,0.00000000,0.00000000,-0.00357081,0.00000000,0.00108594
0.00000000,0.00000000,0.00000000,-0.00357133,0.00000000,0.00108637
0.00000000,0.00000000,0.00000000,-0.00357177,0.00000000,0.00108673
0.00000000,0.00000000,0.00000000,-0.00357212,0.00000000,0.00108703
0.00000000,0.00000000,0.00000000,-0.00357241,0.00000000,0.00108726
0.00000000,0.00000000,0.00000000,-0.00357264,0.00000000,0.00108745
0.00000000,0.00000000,0.00000000,-0.00357281,0.00000000,0.00108759
0.00000000,0.00000000,0.00000000,-0.00357294,0.00000000,0.00108769
0.00000000,0.00000000,0.00000000,-0.00357304,0.00000000,0.00108777
0.00000000,0.00000000,0.00000000,-0.00357310,0.00000000,0.00108782
0.00000000,0.00000000,0.00000000,-0.00357315,0.00000000,0.00108786
0.00000000,0.00000000,0.00000000,-0.00357318,0.00000000,0.00108788
0.00000000,0.00000000,0.00000000,-0.00357319,0.00000000,0.00108790
0.00000000,0.00000000,0.00000000,-0.00357320,0.00000000,0.00108790
0.00000000,0.00000000,0.00000000,-0.00357321,0.00000000,0.00108791
0.00000000,0.00000000,0.00000000,-0.00357321,0.00000000,0.00108791
0.00000000,0.00000000,0.00000000,-0.00357321,0.00000000,0.00108791
0.00000000,0.00000000,0.00000000,-0.00357321,0.00000000,0.00108791
0.00000000,0.00000000,0.00000000,-0.00357321,0.00000000,0.00108791
-0.00000008,0.00000000,-0.00000008,-0.00357321,0.00000005,0.00108791
-0.00000067,0.00000000,-0.00000067,-0.00357321,0.00000042,0.00108791
0.00000000,0.00000000,0.00000000,-0.00357321,-0.00000000,0.00108791
0.00000000,0.00000000,0.00000000,-0.00357321,-0.00000000,0.00108791
0.00000000,0.00000000,0.00000000,-0.00357321,-0.00000000,0.00108791
0.00000000,0.00000000,0.00000000,-0.00357321,-0.00000000,0.00108791
0.00000000,0.00000000,0.00000000,-0.00357321,-0.00000000,0.00108791
0.00000000,0.00000000,0.00000000,-0.00357321,-0.00000000,0.00108791
0.00000000,0.00000000,0.00000000,-0.00357321,-0.00000000,0.00108791
0.00000000,0.00000000,0.00000000,-0.00357321,-0.00000000,0.00108791
0.00000000,0.00000000,0.00000000,-0.00357321,-0.00000000,0.00108791
0.00000000,0.00000000,0.00000000,-0.00357321,-0.00000000,0.00108791
0.00000000,0.00000000,0.00000000,-0.00357321,-0.00000000,0.00108791
0.00000000,0.00000000,0.00000000,-0.00357321,-0.00000000,0.00108791
0.00000000,0.00000000,0.00000000,-0.00357321,-0.00000000,0.00108791
0.00000000,0.00000000,0.00000000,-0.00357321,-0.00000000,0.00108791
0.00000000,0.00000000,0.00000000,-0.00357321,-0.00000000,0.00108791
0.00000000,0.00000000,0.00000000,-0.00357320,-0.00000000,0.00108790
0.00000000,0.00000000,0.00000000,-0.00357320,-0.00000000,0.00108790
0.00000000,0.00000000,0.00000000,-0.00357320,-0.00000000,0.00108790
0.00000000,0.00000000,0.00000000,-0.00357320,-0.00000000,0.00108790
0.00000000,0.00000000,0.00000000,-0.00357320,-0.00000000,0.00108790
0.00000000,0.00000000,0.00000000,-0.00357319,-0.00000000,0.00108789
0.00000000,0.00000000,0.00000000,-0.00357319,-0.00000000,0.00108789
0.00000000,0.00000000,0.00000000,-0.00357319,-0.00000000,0.00108789
0.00000000,0.00000000,0.00000000,-0.00357318,-0.00000000,0.00108788
0.00000000,0.00000000,0.00000000,-0.00357318,-0.00000000,0.00108788
0.00000000,0.00000000,0.00000000,-0.00357317,-0.00000000,0.00108787
0.00000000,0.00000000,0.00000000,-0.00357316,-0.00000000,0.00108786
0.00000000,0.00000000,0.00000000,-0.00357316,-0.00000000,0.00108786
0.00000000,0.00000000,0.00000000,-0.00357315,-0.00000000,0.00108785
0.00000000,0.00000000,0.00000000,-0.00357314,-0.00000000,0.00108784
0.00000000,0.00000000,0.00000000,-0.00357313,-0.00000000,0.00108783
0.00000000,0.00000000,0.00000000,-0.00357311,-0.00000000,0.00108781
0.00000000,0.00000000,0.00000000,-0.00357310,-0.00000000,0.00108780
0.00000000,0.00000000,0.00000000,-0.00357308,-0.00000000,0.00108778
0.00000000,0.00000000,0.00000000,-0.00357307,-0.00000000,0.00108777
0.00000000,0.00000000,0.00000000,-0.00357305,-0.00000000,0.00108775
0.00000000,0.00000000,0.00000000,-0.00357303,-0.00000000,0.00108773
0.00000000,0.00000000,0.00000000,-0.00357300,-0.00000000,0.00108770
0.00000000,0.00000000,0.00000000,-0.00357298,-0.00000000,0.00108768
0.00000000,0.00000000,0.00000000,-0.00357295,-0.00000000,0.00108765
0.00000000,0.00000000,0.00000000,-0.00357292,-0.00000000,0.00108762
0.00000000,0.00000000,0.00000000,-0.00357289,-0.00000000,0.00108759
0.00000000,0.00000000,0.00000000,-0.00357285,-0.00000000,0.00108755
0.00000000,0.00000000,0.00000000,-0.00357281,-0.00000000,0.00108751
0.00000000,0.00000000,0.00000000,-0.00357277,-0.00000000,0.00108747
0.00000000,0.00000000,0.00000000,-0.00357272,-0.00000000,0.00108743
0.00000000,0.00000000,0.00000000,-0.00357268,-0.00000000,0.00108738
0.00000000,0.00000000,0.00000000,-0.00357262,-0.00000000,0.00108732
0.00000000,0.00000000,0.00000000,-0.00357257,-0.00000000,0.00108727
0.00000000,0.00000000,0.00000000,-0.00357251,-0.00000000,0.00108721
0.00000000,0.00000000,0.00000000,-0.00357244,-0.00000000,0.00108714
0.00000000,0.00000000,0.00000000,-0.00357237,-0.00000000,0.00108707
0.00000000,0.00000000,0.00000000,-0.00357230,-0.00000000,0.00108700
0.00000000,0.00000000,0.00000000,-0.00357222,-0.00000000,0.00108692
0.00000000,0.00000000,0.00000000,-0.00357214,-0.00000000,0.00108684
0.00000000,0.00000000,0.00000000,-0.00357205,-0.00000000,0.00108675
0.00000000,0.00000000,0.00000000,-0.00357195,-0.00000000,0.00108666
0.00000000,0.00000000,0.00000000,-0.00357185,-0.00000000,0.00108656
0.00000000,0.00000000,0.00000000,-0.00357175,-0.00000000,0.00108645
0.00000000,0.00000000,0.00000000,-0.00357164,-0.00000000,0.00108634
0.00000000,0.00000000,0.00000000,-0.00357152,-0.00000000,0.00108622
0.00000000,0.00000000,0.00000000,-0.00357139,-0.00000000,0.00108609
0.00000000,0.00000000,0.00000000,-0.00357126,-0.00000000,0.00108596
0.00000000,0.00000000,0.00000000,-0.00357112,-0.00000000,0.00108582
0.00000000,0.00000000,0.00000000,-0.00357098,-0.00000000,0.00108568
0.00000000,0.00000000,0.00000000,-0.00357082,-0.00000000,0.00108552
0.00000000,0.00000000,0.00000000,-0.00357066,-0.00000000,0.00108536
0.00000000,0.00000000,0.00000000,-0.00357049,-0.00000000,0.00108519
0.00000000,0.00000000,0.00000000,-0.00357031,-0.00000000,0.00108501
0.00000000,0.00000000,0.00000000,-0.00357013,-0.00000000,0.00108483
0.00000000,0.00000000,0.00000000,-0.00356993,-0.00000000,0.00108463
0.00000000,0.00000000,0.00000000,-0.00356972,-0.00000000,0.00108443
0.00000000,0.00000000,0.00000000,-0.00356951,-0.00000000,0.00108421
0.00000000,0.00000000,0.00000000,-0.00356929,-0.00000000,0.00108399
0.00000000,0.00000000,0.00000000,-0.00356905,-0.00000000,0.00108375
0.00000000,0.00000000,0.00000000,-0.00356881,-0.00000000,0.00108351
0.00000000,0.00000000,0.00000000,-0.00356856,-0.00000000,0.00108326
0.00000000,0.00000000,0.00000000,-0.00356829,-0.00000000,0.00108299
0.00000000,0.00000000,0.00000000,-0.00356802,-0.00000000,0.00108272
0.00000000,0.00000000,0.00000000,-0.00356773,-0.00000001,0.00108243
0.00000000,0.00000000,0.00000000,-0.00356743,-0.00000001,0.00108213
0.00000000,0.00000000,0.00000000,-0.00356712,-0.00000001,0.00108182
0.00000000,0.00000000,0.00000000,-0.00356680,-0.00000001,0.00108150
0.00000000,0.00000000,0.00000000,-0.00356646,-0.00000001,0.00108116
0.00000000,0.00000000,0.00000000,-0.00356612,-0.00000001,0.00108082
0.00000000,0.00000000,0.00000000,-0.00356576,-0.00000001,0.00108046
0.00000000,0.00000000,0.00000000,-0.00356538,-0.00000001,0.00108008
0.00000000,0.00000000,0.00000000,-0.00356500,-0.00000001,0.00107970
0.00000000,0.00000000,0.00000000,-0.00356460,-0.00000001,0.00107930
0.00000000,0.00000000,0.00000000,-0.00356418,-0.00000001,0.00107888
0.00000000,0.00000000,0.00000000,-0.00356375,-0.00000001,0.00107846
0.00000000,0.00000000,0.00000000,-0.00356331,-0.00000001,0.00107801
0.00000000,0.00000000,0.00000000,-0.00356285,-0.00000001,0.00107756
0.00000000,0.00000000,0.00000000,-0.00356238,-0.00000001,0.00107708
0.00000000,0.00000000,0.00000000,-0.00356190,-0.00000001,0.00107660
0.00000000,0.00000000,0.00000000,-0.00356139,-0.00000001,0.00107609
0.00000000,0.00000000,0.00000000,-0.00356087,-0.00000002,0.00107557
0.00000000,0.00000000,0.00000000,-0.00356034,-0.00000002,0.00107504
0.00000000,0.00000000,0.00000000,-0.00355979,-0.00000002,0.00107449
0.00000000,0.00000000,0.00000000,-0.00355922,-0.00000002,0.00107392
0.00000000,0.00000000,0.00000000,-0.00355863,-0.00000002,0.00107333
0.00000000,0.00000000,0.00000000,-0.00355803,-0.00000002,0.00107273
0.00000000,0.00000000,0.00000000,-0.00355741,-0.00000002,0.00107211
0.00000000,0.00000000,0.00000000,-0.00355678,-0.00000002,0.00107148
0.00000000,0.00000000,0.00000000,-0.00355612,-0.00000002,0.00107082
0.00000000,0.00000000,0.00000000,-0.00355545,-0.00000003,0.00107015
0.00000000,0.00000000,0.00000000,-0.00355476,-0.00000003,0.00106946
0.00000000,0.00000000,0.00000000,-0.00355405,-0.00000003,0.00106875
0.00000000,0.00000000,0.00000000,-0.00355332,-0.00000003,0.00106802
0.00000000,0.00000000,0.00000000,-0.00355257,-0.00000003,0.00106727
0.00000000,0.00000000,0.00000000,-0.00355181,-0.00000003,0.00106651
0.00000000,0.00000000,0.00000000,-0.00355102,-0.00000003,0.00106572
0.00000000,0.00000000,0.00000000,-0.00355021,-0.00000004,0.00106491
0.00000000,0.00000000,0.00000000,-0.00354939,-0.00000004,0.00106409
0.00000000,0.00000000,0.00000000,-0.00354854,-0.00000004,0.00106324
0.00000000,0.00000000,0.00000000,-0.00354767,-0.00000004,0.00106237
0.00000000,0.00000000,0.00000000,-0.00354679,-0.00000004,0.00106149
0.00000000,0.00000000,0.00000000,-0.00354588,-0.00000005,0.00106058
0.00000000,0.00000000,0.00000000,-0.00354495,-0.00000005,0.00105965
0.00000000,0.00000000,0.00000000,-0.00354400,-0.00000005,0.00105870
0.00000000,0.00000000,0.00000000,-0.00354303,-0.00000005,0.00105773
0.00000000,0.00000000,0.00000000,-0.00354203,-0.00000005,0.00105673
0.00000000,0.00000000,0.00000000,-0.00354102,-0.00000006,0.00105572
0.00000000,0.00000000,0.00000000,-0.00353998,-0.00000006,0.00105468
0.00000000,0.00000000,0.00000000,-0.00353892,-0.00000006,0.00105362
0.00000000,0.00000000,0.00000000,-0.00353784,-0.00000006,0.00105254
0.00000000,0.00000000,0.00000000,-0.00353673,-0.00000007,0.00105143
0.00000000,0.00000000,0.00000000,-0.00353561,-0.00000007,0.00105031
0.00000000,0.00000000,0.00000000,-0.00353446,-0.00000007,0.00104916
0.00000000,0.00000000,0.00000000,-0.00353328,-0.00000008,0.00104798
0.00000000,0.00000000,0.00000000,-0.00353208,-0.00000008,0.00104679
0.00000000,0.00000000,0.00000000,-0.00353086,-0.00000008,0.00104557
0.00000000,0.00000000,0.00000000,-0.00352962,-0.00000008,0.00104432
0.00000000,0.00000000,0.00000000,-0.00352835,-0.00000009,0.00104305
0.00000000,0.00000000,0.00000000,-0.00352706,-0.00000009,0.00104176
0.00000000,0.00000000,0.00000000,-0.00352575,-0.00000010,0.00104045
0.00000000,0.00000000,0.00000000,-0.00352441,-0.00000010,0.00103911
0.00000000,0.00000000,0.00000000,-0.00352305,-0.00000010,0.00103775
0.00000000,0.00000000,0.00000000,-0.00352166,-0.00000011,0.00103636
0.00000000,0.00000000,0.00000000,-0.00352025,-0.00000011,0.00103495
0.00000000,0.00000000,0.00000000,-0.00351881,-0.00000011,0.00103351
0.00000000,0.00000000,0.00000000,-0.00351735,-0.00000012,0.00103205
0.00000000,0.00000000,0.00000000,-0.00351586,-0.00000012,0.00103056
0.00000000,0.00000000,0.00000000,-0.00351435,-0.00000013,0.00102905
0.00000000,0.00000000,0.00000000,-0.00351282,-0.00000013,0.00102752
0.00000000,0.00000000,0.00000000,-0.00351126,-0.00000014,0.00102596
0.00000000,0.00000000,0.00000000,-0.00350967,-0.00000014,0.00102437
0.00000000,0.00000000,0.00000000,-0.00350806,-0.00000015,0.00102276
0.00000000,0.00000000,0.00000000,-0.00350643,-0.00000015,0.00102113
0.00000000,0.00000000,0.00000000,-0.00350477,-0.00000016,0.00101947
0.00000000,0.00000000,0.00000000,-0.00350308,-0.00000016,0.00101778
0.00000000,0.00000000,0.00000000,-0.00350137,-0.00000017,0.00101607
0.00000000,0.00000000,0.00000000,-0.00349963,-0.00000017,0.00101433
0.00000000,0.00000000,0.00000000,-0.00349787,-0.00000018,0.00101257
0.00000000,0.00000000,0.00000000,-0.00349608,-0.00000018,0.00101078
0.00000000,0.00000000,0.00000000,-0.00349427,-0.00000019,0.00100897
0.00000000,0.00000000,0.00000000,-0.00349243,-0.00000019,0.00100713
0.00000000,0.00000000,0.00000000,-0.00349057,-0.00000020,0.00100527
0.00000000,0.00000000,0.00000000,-0.00348868,-0.00000021,0.00100338
0.00000000,0.00000000,0.00000000,-0.00348676,-0.00000021,0.00100146
0.00000000,0.00000000,0.00000000,-0.00348482,-0.00000022,0.00099952
0.00000000,0.00000000,0.00000000,-0.00348286,-0.00000023,0.00099756
0.00000000,0.00000000,0.00000000,-0.00348087,-0.00000023,0.00099557
0.00000000,0.00000000,0.00000000,-0.00347885,-0.00000024,0.00099355
0.00000000,0.00000000,0.00000000,-0.00347681,-0.00000025,0.00099151
0.00000000,0.00000000,0.00000000,-0.00347474,-0.00000025,0.00098944
0.00000000,0.00000000,0.00000000,-0.00347265,-0.00000026,0.00098735
0.00000000,0.00000000,0.00000000,-0.00347053,-0.00000027,0.00098523
0.00000000,0.00000000,0.00000000,-0.00346839,-0.00000027,0.00098309
0.00000000,0.00000000,0.00000000,-0.00346622,-0.00000028,0.00098092
0.00000000,0.00000000,0.00000000,-0.00346403,-0.00000029,0.00097873
0.00000000,0.00000000,0.00000000,-0.00346181,-0.00000030,0.00097651
0.00000000,0.00000000,0.00000000,-0.00345957,-0.00000030,0.00097427
0.00000000,0.00000000,0.00000000,-0.00345730,-0.00000031,0.00097200
0.00000000,0.00000000,0.00000000,-0.00345501,-0.00000032,0.00096971
0.00000000,0.00000000,0.00000000,-0.00345269,-0.00000033,0.00096739
0.00000000,0.00000000,0.00000000,-0.00345035,-0.00000034,0.00096505
0.00000000,0.00000000,0.00000000,-0.00344799,-0.00000035,0.00096269
0.00000000,0.00000000,0.00000000,-0.00344560,-0.00000036,0.00096030
0.00000000,0.00000000,0.00000000,-0.00344318,-0.00000036,0.00095788
0.00000000,0.00000000,0.00000000,-0.00344074,-0.00000037,0.00095544
0.00000000,0.00000000,0.00000000,-0.00343828,-0.00000038,0.00095298
0.00000000,0.00000000,0.00000000,-0.00343580,-0.00000039,0.00095050
0.00000000,0.00000000,0.00000000,-0.00343329,-0.00000040,0.00094799
0.00000000,0.00000000,0.00000000,-0.00343076,-0.00000041,0.00094545
0.00000000,-0.00000000,0.00000000,-0.00342820,-0.00000042,0.00094290
0.00000000,0.00000000,0.00000000,-0.00342562,-0.00000043,0.00094032
0.00000000,0.00000000,0.00000000,-0.00342302,-0.00000044,0.00093772
0.00000000,0.00000000,0.00000000,-0.00342039,-0.00000045,0.00093509
0.00000000,0.00000000,0.00000000,-0.00341775,-0.00000046,0.00093245
0.00000000,0.00000000,0.00000000,-0.00341508,-0.00000047,0.00092978
0.00000000,0.00000000,0.00000000,-0.00341238,-0.00000048,0.00092708
0.00000000,0.00000000,0.00000000,-0.00340967,-0.00000049,0.00092437
0.00000000,0.00000000,0.00000000,-0.00340693,-0.00000050,0.00092163
0.00000000,0.00000000,0.00000000,-0.00340418,-0.00000051,0.00091888
0.00000000,0.00000000,0.00000000,-0.00340140,-0.00000052,0.00091610
0.00000000,0.00000000,0.00000000,-0.00339860,-0.00000054,0.00091330
0.00000000,0.00000000,0.00000000,-0.00339578,-0.00000055,0.00091048
0.00000000,0.00000000,0.00000000,-0.00339293,-0.00000056,0.00090763
0.00000000,-0.00000000,0.00000000,-0.00339007,-0.00000057,0.00090477
0.00000000,0.00000000,0.00000000,-0.00338719,-0.00000058,0.00090189
0.00000000,0.00000000,0.00000000,-0.00338429,-0.00000059,0.00089899
0.00000000,0.00000000,0.00000000,-0.00338136,-0.00000060,0.00089606
0.00000000,0.00000000,0.00000000,-0.00337842,-0.00000062,0.00089312
0.00000000,0.00000000,0.00000000,-0.00337546,-0.00000063,0.00089016
0.00000000,0.00000000,0.00000000,-0.00337248,-0.00000064,0.00088718
0.00000000,0.00000000,0.00000000,-0.00336948,-0.00000065,0.00088418
0.00000000,0.00000000,0.00000000,-0.00336646,-0.00000067,0.00088116
0.00000000,0.00000000,0.00000000,-0.00336343,-0.00000068,0.00087813
0.00000000,0.00000000,0.00000000,-0.00336037,-0.00000069,0.00087507
0.00000000,0.00000000,0.00000000,-0.00335730,-0.00000070,0.00087200
0.00000000,0.00000000,0.00000000,-0.00335421,-0.00000072,0.00086891
0.00000000,0.00000000,0.00000000,-0.00335111,-0.00000073,0.00086581
0.00000000,0.00000000,0.00000000,-0.00334798,-0.00000074,0.00086268
0.00000000,0.00000000,0.00000000,-0.00334485,-0.00000076,0.00085954
0.00000000,0.00000000,0.00000000,-0.00334169,-0.00000077,0.00085639
0.00000000,0.00000000,0.00000000,-0.00333852,-0.00000078,0.00085322
0.00000000,0.00000000,0.00000000,-0.00333533,-0.00000080,0.00085003
0.00000000,0.00000000,0.00000000,-0.00333213,-0.00000081,0.00084683
0.00000000,0.00000000,0.00000000,-0.00332891,-0.00000083,0.00084361
0.00000000,0.00000000,0.00000000,-0.00332568,-0.00000084,0.00084038
0.00000000,0.00000000,0.00000000,-0.00332244,-0.00000085,0.00083714
0.00000000,0.00000000,0.00000000,-0.00331918,-0.00000087,0.00083388
0.00000000,0.00000000,0.00000000,-0.00331591,-0.00000088,0.00083060
0.00000000,0.00000000,0.00000000,-0.00331262,-0.00000090,0.00082732
0.00000000,0.00000000,0.00000000,-0.00330932,-0.00000091,0.00082402
0.00000000,0.00000000,0.00000000,-0.00330601,-0.00000093,0.00082071
0.00000000,0.00000000,0.00000000,-0.00330269,-0.00000094,0.00081739
0.00000000,0.00000000,0.00000000,-0.00329935,-0.00000096,0.00081405
0.00000000,0.00000000,0.00000000,-0.00329601,-0.00000097,0.00081070
0.00000000,0.00000000,0.00000000,-0.00329265,-0.00000099,0.00080735
0.00000000,0.00000000,0.00000000,-0.00328928,-0.00000100,0.00080398
0.00000000,0.00000000,0.00000000,-0.00328591,-0.00000102,0.00080060
0.00000000,0.00000000,0.00000000,-0.00328252,-0.00000103,0.00079721
0.00000000,0.00000000,0.00000000,-0.00327912,-0.00000105,0.00079382
0.00000000,0.00000000,0.00000000,-0.00327571,-0.00000106,0.00079041
0.00000000,0.00000000,0.00000000,-0.00327230,-0.00000108,0.00078699
0.00000000,0.00000000,0.00000000,-0.00326888,-0.00000110,0.00078357
0.00000000,0.00000000,0.00000000,-0.00326544,-0.00000111,0.00078014
0.00000000,0.00000000,0.00000000,-0.00326201,-0.00000113,0.00077670
0.00000000,0.00000000,0.00000000,-0.00325856,-0.00000114,0.00077325
0.00000000,0.00000000,0.00000000,-0.00325511,-0.00000116,0.00076980
0.00000000,0.00000000,0.00000000,-0.00325165,-0.00000118,0.00076634
0.00000000,0.00000000,0.00000000,-0.00324818,-0.00000119,0.00076287
0.00000000,0.00000000,0.00000000,-0.00324471,-0.00000121,0.00075940
0.00000000,0.00000000,0.00000000,-0.00324124,-0.00000123,0.00075593
0.00000000,0.00000000,0.00000000,-0.00323775,-0.00000124,0.00075245
0.00000000,0.00000000,0.00000000,-0.00323427,-0.00000126,0.00074896
0.00000000,0.00000000,0.00000000,-0.00323078,-0.00000128,0.00074547
0.00000000,0.00000000,0.00000000,-0.00322729,-0.00000129,0.00074198
0.00000000,0.00000000,0.00000000,-0.00322379,-0.00000131,0.00073848
0.00000000,0.00000000,0.00000000,-0.00322030,-0.00000133,0.00073498
0.00000000,0.00000000,0.00000000,-0.00321680,-0.00000134,0.00073148
0.00000000,0.00000000,0.00000000,-0.00321329,-0.00000136,0.00072798
0.00000000,0.00000000,0.00000000,-0.00320979,-0.00000138,0.00072448
0.00000000,0.00000000,0.00000000,-0.00320629,-0.00000140,0.00072097
0.00000000,0.00000000,0.00000000,-0.00320278,-0.00000141,0.00071747
0.00000000,0.00000000,0.00000000,-0.00319928,-0.00000143,0.00071396
0.00000000,0.00000000,0.00000000,-0.00319577,-0.00000145,0.00071046
0.00000000,0.00000000,0.00000000,-0.00319227,-0.00000147,0.00070695
0.00000000,0.00000000,0.00000000,-0.00318877,-0.00000148,0.00070345
0.00000000,0.00000000,0.00000000,-0.00318527,-0.00000150,0.00069995
0.00000000,0.00000000,0.00000000,-0.00318177,-0.00000152,0.00069645
0.00000000,0.00000000,0.00000000,-0.00317827,-0.00000154,0.00069295
0.00000000,0.00000000,0.00000000,-0.00317478,-0.00000156,0.00068946
0.00000000,0.00000000,0.00000000,-0.00317129,-0.00000157,0.00068597
0.00000000,0.00000000,0.00000000,-0.00316780,-0.00000159,0.00068248
0.00000000,0.00000000,0.00000000,-0.00316432,-0.00000161,0.00067900
0.00000000,0.00000000,0.00000000,-0.00316084,-0.00000163,0.00067552
0.00000000,0.00000000,0.00000000,-0.00315737,-0.00000165,0.00067204
0.00000000,-0.00000000,0.00000000,-0.00315390,-0.00000167,0.00066858
0.00000000,0.00000000,0.00000000,-0.00315044,-0.00000169,0.00066511
0.00000000,0.00000000,0.00000000,-0.00314699,-0.00000171,0.00066166
0.00000000,0.00000000,0.00000000,-0.00314354,-0.00000173,0.00065821
0.00000000,0.00000000,0.00000000,-0.00314010,-0.00000174,0.00065477
0.00000000,0.00000000,0.00000000,-0.00313667,-0.00000176,0.00065134
0.00000000,0.00000000,0.00000000,-0.00313324,-0.00000178,0.00064791
0.00000000,0.00000000,0.00000000,-0.00312983,-0.00000180,0.00064449
0.00000000,0.00000000,0.00000000,-0.00312642,-0.00000182,0.00064109
0.00000000,0.00000000,0.00000000,-0.00312303,-0.00000184,0.00063769
0.00000000,0.00000000,0.00000000,-0.00311964,-0.00000186,0.00063430
0.00000000,0.00000000,0.00000000,-0.00311626,-0.00000188,0.00063092
0.00000000,0.00000000,0.00000000,-0.00311289,-0.00000190,0.00062755
0.00000000,0.00000000,0.00000000,-0.00310954,-0.00000192,0.00062419
0.00000000,0.00000000,0.00000000,-0.00310619,-0.00000194,0.00062085
0.00000000,0.00000000,0.00000000,-0.00310286,-0.00000196,0.00061751
0.00000000,0.00000000,0.00000000,-0.00309954,-0.00000199,0.00061419
0.00000000,0.00000000,0.00000000,-0.00309624,-0.00000201,0.00061088
0.00000000,0.00000000,0.00000000,-0.00309294,-0.00000203,0.00060759
0.00000000,0.00000000,0.00000000,-0.00308966,-0.00000205,0.00060430
0.00000000,0.00000000,0.00000000,-0.00308640,-0.00000207,0.00060104
0.00000000,0.00000000,0.00000000,-0.00308314,-0.00000209,0.00059778
0.00000000,0.00000000,0.00000000,-0.00307991,-0.00000211,0.00059454
0.00000000,0.00000000,0.00000000,-0.00307669,-0.00000214,0.00059132
0.00000000,0.00000000,0.00000000,-0.00307348,-0.00000216,0.00058811
0.00000000,0.00000000,0.00000000,-0.00307029,-0.00000218,0.00058492
0.00000000,0.00000000,0.00000000,-0.00306712,-0.00000220,0.00058174
0.00000000,0.00000000,0.00000000,-0.00306396,-0.00000223,0.00057858
0.00000000,0.00000000,0.00000000,-0.00306082,-0.00000225,0.00057544
0.00000000,0.00000000,0.00000000,-0.00305770,-0.00000227,0.00057231
0.00000000,0.00000000,0.00000000,-0.00305459,-0.00000229,0.00056920
0.00000000,0.00000000,0.00000000,-0.00305150,-0.00000232,0.00056611
0.00000000,0.00000000,0.00000000,-0.00304844,-0.00000234,0.00056304
0.00000000,0.00000000,0.00000000,-0.00304539,-0.00000237,0.00055999
0.00000000,0.00000000,0.00000000,-0.00304236,-0.00000239,0.00055696
0.00000000,0.00000000,0.00000000,-0.00303935,-0.00000241,0.00055394
0.00000000,0.00000000,0.00000000,-0.00303636,-0.00000244,0.00055095
0.00000000,0.00000000,0.00000000,-0.00303339,-0.00000246,0.00054797
0.00000000,0.00000000,0.00000000,-0.00303044,-0.00000249,0.00054502
0.00000000,0.00000000,0.00000000,-0.00302751,-0.00000251,0.00054209
0.00000000,0.00000000,0.00000000,-0.00302460,-0.00000254,0.00053918
0.00000000,0.00000000,0.00000000,-0.00302172,-0.00000257,0.00053629
0.00000000,0.00000000,0.00000000,-0.00301885,-0.00000259,0.00053342
0.00000000,0.00000000,0.00000000,-0.00301601,-0.00000262,0.00053057
0.00000000,0.00000000,0.00000000,-0.00301319,-0.00000265,0.00052775
0.00000000,0.00000000,0.00000000,-0.00301040,-0.00000267,0.00052495
0.00000000,0.00000000,0.00000000,-0.00300762,-0.00000270,0.00052217
0.00000000,0.00000000,0.00000000,-0.00300487,-0.00000273,0.00051941
0.00000000,0.00000000,0.00000000,-0.00300215,-0.00000276,0.00051668
0.00000000,0.00000000,0.00000000,-0.00299944,-0.00000278,0.00051398
0.00000000,0.00000000,0.00000000,-0.00299677,-0.00000281,0.00051129
0.00000000,0.00000000,0.00000000,-0.00299411,-0.00000284,0.00050863
0.00000000,0.00000000,0.00000000,-0.00299148,-0.00000287,0.00050600
0.00000000,0.00000000,0.00000000,-0.00298888,-0.00000290,0.00050339
0.00000000,0.00000000,0.00000000,-0.00298630,-0.00000293,0.00050080
0.00000000,0.00000000,0.00000000,-0.00298375,-0.00000296,0.00049824
0.00000000,0.00000000,0.00000000,-0.00298122,-0.00000299,0.00049571
0.00000000,0.00000000,0.00000000,-0.00297872,-0.00000302,0.00049320
0.00000000,0.00000000,0.00000000,-0.00297624,-0.00000305,0.00049072
0.00000000,0.00000000,0.00000000,-0.00297379,-0.00000309,0.00048826
0.00000000,0.00000000,0.00000000,-0.00297137,-0.00000312,0.00048583
0.00000000,0.00000000,0.00000000,-0.00296897,-0.00000315,0.00048343
0.00000000,0.00000000,0.00000000,-0.00296660,-0.00000318,0.00048105
0.00000000,0.00000000,0.00000000,-0.00296426,-0.00000321,0.00047870
0.00000000,0.00000000,0.00000000,-0.00296194,-0.00000325,0.00047638
0.00000000,0.00000000,0.00000000,-0.00295966,-0.00000328,0.00047408
0.00000000,0.00000000,0.00000000,-0.00295739,-0.00000331,0.00047181
0.00000000,0.00000000,0.00000000,-0.00295516,-0.00000335,0.00046957
0.00000000,0.00000000,0.00000000,-0.00295295,-0.00000338,0.00046736
0.00000000,0.00000000,0.00000000,-0.00295078,-0.00000342,0.00046517
0.00000000,0.00000000,0.00000000,-0.00294862,-0.00000345,0.00046301
0.00000000,0.00000000,0.00000000,-0.00294650,-0.00000349,0.00046088
0.00000000,0.00000000,0.00000000,-0.00294441,-0.00000352,0.00045877
0.00000000,0.00000000,0.00000000,-0.00294234,-0.00000356,0.00045670
0.00000000,0.00000000,0.00000000,-0.00294030,-0.00000360,0.00045465
0.00000000,0.00000000,0.00000000,-0.00293829,-0.00000363,0.00045263
0.00000000,0.00000000,0.00000000,-0.00293631,-0.00000367,0.00045064
0.00000000,0.00000000,0.00000000,-0.00293435,-0.00000371,0.00044868
0.00000000,0.00000000,0.00000000,-0.00293243,-0.00000374,0.00044674
0.00000000,0.00000000,0.00000000,-0.00293053,-0.00000378,0.00044484
0.00000000,0.00000000,0.00000000,-0.00292866,-0.00000382,0.00044296
0.00000000,0.00000000,0.00000000,-0.00292682,-0.00000386,0.00044111
0.00000000,0.00000000,0.00000000,-0.00292500,-0.00000389,0.00043928
0.00000000,0.00000000,0.00000000,-0.00292322,-0.00000393,0.00043749
0.00000000,0.00000000,0.00000000,-0.00292146,-0.00000397,0.00043572
0.00000000,0.00000000,0.00000000,-0.00291974,-0.00000401,0.00043399
0.00000000,0.00000000,0.00000000,-0.00291804,-0.00000405,0.00043228
0.00000000,0.00000000,0.00000000,-0.00291636,-0.00000409,0.00043060
0.00000000,0.00000000,0.00000000,-0.00291472,-0.00000412,0.00042894
0.00000000,0.00000000,0.00000000,-0.00291310,-0.00000416,0.00042732
0.00000000,0.00000000,0.00000000,-0.00291152,-0.00000420,0.00042572
0.00000000,0.00000000,0.00000000,-0.00290996,-0.00000424,0.00042415
0.00000000,0.00000000,0.00000000,-0.00290842,-0.00000428,0.00042261
0.00000000,0.00000000,0.00000000,-0.00290692,-0.00000432,0.00042109
0.00000000,0.00000000,0.00000000,-0.00290544,-0.00000436,0.00041961
0.00000000,0.00000000,0.00000000,-0.00290399,-0.00000440,0.00041815
0.00000000,0.00000000,0.00000000,-0.00290257,-0.00000444,0.00041672
0.00000000,0.00000000,0.00000000,-0.00290118,-0.00000448,0.00041531
0.00000000,0.00000000,0.00000000,-0.00289981,-0.00000452,0.00041393
0.00000000,0.00000000,0.00000000,-0.00289847,-0.00000456,0.00041258
0.00000000,0.00000000,0.00000000,-0.00289715,-0.00000459,0.00041126
0.00000000,0.00000000,0.00000000,-0.00289587,-0.00000463,0.00040996
0.00000000,0.00000000,0.00000000,-0.00289460,-0.00000467,0.00040869
0.00000000,0.00000000,0.00000000,-0.00289337,-0.00000471,0.00040744
0.00000000,0.00000000,0.00000000,-0.00289216,-0.00000475,0.00040622
0.00000000,0.00000000,0.00000000,-0.00289098,-0.00000479,0.00040503
0.00000000,0.00000000,0.00000000,-0.00288982,-0.00000483,0.00040386
0.00000000,0.00000000,0.00000000,-0.00288869,-0.00000486,0.00040272
0.00000000,0.00000000,0.00000000,-0.00288758,-0.00000490,0.00040161
0.00000000,0.00000000,0.00000000,-0.00288650,-0.00000494,0.00040051
0.00000000,0.00000000,0.00000000,-0.00288544,-0.00000498,0.00039945
0.00000000,0.00000000,0.00000000,-0.00288441,-0.00000501,0.00039841
0.00000000,0.00000000,0.00000000,-0.00288340,-0.00000505,0.00039739
0.00000000,0.00000000,0.00000000,-0.00288241,-0.00000509,0.00039639
0.00000000,0.00000000,0.00000000,-0.00288145,-0.00000512,0.00039542
0.00000000,0.00000000,0.00000000,-0.00288051,-0.00000516,0.00039448
0.00000000,0.00000000,0.00000000,-0.00287960,-0.00000519,0.00039355
0.00000000,0.00000000,0.00000000,-0.00287871,-0.00000523,0.00039266
0.00000000,0.00000000,0.00000000,-0.00287784,-0.00000526,0.00039178
0.00000000,0.00000000,0.00000000,-0.00287699,-0.00000529,0.00039092
0.00000000,0.00000000,0.00000000,-0.00287617,-0.00000533,0.00039009
0.00000000,0.00000000,0.00000000,-0.00287537,-0.00000536,0.00038928
0.00000000,0.00000000,0.00000000,-0.00287459,-0.00000539,0.00038849
0.00000000,0.00000000,0.00000000,-0.00287383,-0.00000543,0.00038773
0.00000000,0.00000000,0.00000000,-0.00287309,-0.00000546,0.00038698
0.00000000,0.00000000,0.00000000,-0.00287238,-0.00000549,0.00038626
0.00000000,0.00000000,0.00000000,-0.00287168,-0.00000552,0.00038555
0.00000000,0.00000000,0.00000000,-0.00287100,-0.00000555,0.00038487
0.00000000,0.00000000,0.00000000,-0.00287035,-0.00000558,0.00038421
0.00000000,0.00000000,0.00000000,-0.00286971,-0.00000561,0.00038356
0.00000000,0.00000000,0.00000000,-0.00286909,-0.00000563,0.00038294
0.00000000,0.00000000,0.00000000,-0.00286849,-0.00000566,0.00038233
0.00000000,0.00000000,0.00000000,-0.00286791,-0.00000569,0.00038175
0.00000000,0.00000000,0.00000000,-0.00286735,-0.00000572,0.00038118
0.00000000,0.00000000,0.00000000,-0.00286681,-0.00000574,0.00038063
0.00000000,0.00000000,0.00000000,-0.00286628,-0.00000577,0.00038010
0.00000000,0.00000000,0.00000000,-0.00286577,-0.00000579,0.00037958
0.00000000,0.00000000,0.00000000,-0.00286528,-0.00000582,0.00037908
0.00000000,0.00000000,0.00000000,-0.00286481,-0.00000584,0.00037860
0.00000000,0.00000000,0.00000000,-0.00286435,-0.00000586,0.00037814
0.00000000,0.00000000,0.00000000,-0.00286390,-0.00000589,0.00037769
0.00000000,0.00000000,0.00000000,-0.00286348,-0.00000591,0.00037726
0.00000000,0.00000000,0.00000000,-0.00286306,-0.00000593,0.00037684
0.00000000,0.00000000,0.00000000,-0.00286267,-0.00000595,0.00037644
0.00000000,0.00000000,0.00000000,-0.00286229,-0.00000597,0.00037605
0.00000000,0.00000000,0.00000000,-0.00286192,-0.00000599,0.00037568
0.00000000,0.00000000,0.00000000,-0.00286157,-0.00000601,0.00037532
0.00000000,0.00000000,0.00000000,-0.00286123,-0.00000603,0.00037498
0.00000000,0.00000000,0.00000000,-0.00286090,-0.00000604,0.00037465
0.00000000,0.00000000,0.00000000,-0.00286059,-0.00000606,0.00037433
0.00000000,0.00000000,0.00000000,-0.00286029,-0.00000608,0.00037403
0.00000000,0.00000000,0.00000000,-0.00286000,-0.00000609,0.00037373
0.00000000,0.00000000,0.00000000,-0.00285972,-0.00000611,0.00037345
0.00000000,0.00000000,0.00000000,-0.00285946,-0.00000612,0.00037319
0.00000000,0.00000000,0.00000000,-0.00285921,-0.00000614,0.00037293
0.00000000,0.00000000,0.00000000,-0.00285896,-0.00000615,0.00037269
0.00000000,0.00000000,0.00000000,-0.00285873,-0.00000616,0.00037245
0.00000000,0.00000000,0.00000000,-0.00285851,-0.00000618,0.00037223
0.00000000,0.00000000,0.00000000,-0.00285830,-0.00000619,0.00037202
0.00000000,0.00000000,0.00000000,-0.00285810,-0.00000620,0.00037182
0.00000000,0.00000000,0.00000000,-0.00285791,-0.00000621,0.00037162
0.00000000,0.00000000,0.00000000,-0.00285773,-0.00000622,0.00037144
0.00000000,0.00000000,0.00000000,-0.00285756,-0.00000623,0.00037127
0.00000000,0.00000000,0.00000000,-0.00285740,-0.00000624,0.00037110
0.00000000,0.00000000,0.00000000,-0.00285724,-0.00000625,0.00037094
0.00000000,0.00000000,0.00000000,-0.00285710,-0.00000626,0.00037080
0.00000000,0.00000000,0.00000000,-0.00285696,-0.00000627,0.00037065
0.00000000,0.00000000,0.00000000,-0.00285683,-0.00000628,0.00037052
0.00000000,0.00000000,0.00000000,-0.00285670,-0.00000628,0.00037040
0.00000000,0.00000000,0.00000000,-0.00285659,-0.00000629,0.00037028
0.00000000,0.00000000,0.00000000,-0.00285648,-0.00000630,0.00037017
0.00000000,0.00000000,0.00000000,-0.00285637,-0.00000630,0.00037006
0.00000000,0.00000000,0.00000000,-0.00285628,-0.00000631,0.00036996
0.00000000,0.00000000,0.00000000,-0.00285619,-0.00000632,0.00036987
0.00000000,0.00000000,0.00000000,-0.00285610,-0.00000632,0.00036978
0.00000000,0.00000000,0.00000000,-0.00285602,-0.00000633,0.00036970
0.00000000,0.00000000,0.00000000,-0.00285595,-0.00000633,0.00036963
0.00000000,0.00000000,0.00000000,-0.00285588,-0.00000634,0.00036956
0.00000000,0.00000000,0.00000000,-0.00285581,-0.00000634,0.00036949
0.00000000,0.00000000,0.00000000,-0.00285575,-0.00000634,0.00036943
0.00000000,0.00000000,0.00000000,-0.00285570,-0.00000635,0.00036937
0.00000000,0.00000000,0.00000000,-0.00285564,-0.00000635,0.00036932
0.00000000,0.00000000,0.00000000,-0.00285560,-0.00000635,0.00036927
0.00000000,0.00000000,0.00000000,-0.00285555,-0.00000636,0.00036923
0.00000000,-0.00000000,0.00000000,-0.00285551,-0.00000636,0.00036919
0.00000000,0.00000000,0.00000000,-0.00285547,-0.00000636,0.00036915
0.00000000,-0.00000000,0.00000000,-0.00285544,-0.00000636,0.00036911
0.00000000,0.00000000,0.00000000,-0.00285541,-0.00000637,0.00036908
0.00000000,0.00000000,0.00000000,-0.00285538,-0.00000637,0.00036905
0.00000000,0.00000000,0.00000000,-0.00285535,-0.00000637,0.00036903
0.00000000,0.00000000,0.00000000,-0.00285533,-0.00000637,0.00036900
0.00000000,0.00000000,0.00000000,-0.00285531,-0.00000637,0.00036898
0.00000000,0.00000000,0.00000000,-0.00285529,-0.00000637,0.00036896
0.00000000,0.00000000,0.00000000,-0.00285527,-0.00000637,0.00036894
0.00000000,0.00000000,0.00000000,-0.00285525,-0.00000637,0.00036893
0.00000000,0.00000000,0.00000000,-0.00285524,-0.00000638,0.00036891
0.00000000,0.00000000,0.00000000,-0.00285523,-0.00000638,0.00036890
0.00000000,0.00000000,0.00000000,-0.00285522,-0.00000638,0.00036889
0.00000000,0.00000000,0.00000000,-0.00285521,-0.00000638,0.00036888
0.00000000,0.00000000,0.00000000,-0.00285520,-0.00000638,0.00036887
0.00000000,-0.00000000,0.00000000,-0.00285519,-0.00000638,0.00036886
0.00000000,0.00000000,0.00000000,-0.00285518,-0.00000638,0.00036886
0.00000000,0.00000000,0.00000000,-0.00285518,-0.00000638,0.00036885
0.00000000,0.00000000,0.00000000,-0.00285517,-0.00000638,0.00036884
0.00000000,-0.00000000,0.00000000,-0.00285517,-0.00000638,0.00036884
0.00000000,0.00000000,0.00000000,-0.00285517,-0.00000638,0.00036884
0.00000000,0.00000000,0.00000000,-0.00285516,-0.00000638,0.00036883
0.00000000,0.00000000,0.00000000,-0.00285516,-0.00000638,0.00036883
0.00000000,0.00000000,0.00000000,-0.00285516,-0.00000638,0.00036883
0.00000000,0.00000000,0.00000000,-0.00285516,-0.00000638,0.00036883
0.00000000,0.00000000,0.00000000,-0.00285516,-0.00000638,0.00036883
0.00000000,0.00000000,0.00000000,-0.00285515,-0.00000638,0.00036883
0.00000000,0.00000000,0.00000000,-0.00285515,-0.00000638,0.00036882
0.00000000,0.00000000,0.00000000,-0.00285515,-0.00000638,0.00036882
0.00000000,0.00000000,0.00000000,-0.00285515,-0.00000638,0.00036882
0.00000000,0.00000000,0.00000000,-0.00285515,-0.00000638,0.00036882
0.00000000,0.00000000,0.00000000,-0.00285515,-0.00000638,0.00036882
0.00000000,0.00000000,0.00000000,-0.00285515,-0.00000638,0.00036882
0.00000000,-0.00000000,0.00000000,-0.00285515,-0.00000638,0.00036882
0.00000000,0.00000000,0.00000000,-0.00285515,-0.00000638,0.00036882
0.00000000,0.00000000,0.00000000,-0.00285515,-0.00000638,0.00036882
0.00000000,0.00000000,0.00000000,-0.00285515,-0.00000638,0.00036882
0.00000000,0.00000000,0.00000000,-0.00285515,-0.00000638,0.00036882
0.00000000,0.00000000,0.00000000,-0.00285515,-0.00000638,0.00036882
0.00000000,0.00000000,0.00000000,-0.00285515,-0.00000638,0.00036882
0.00000000,0.00000000,0.00000000,-0.00285515,-0.00000638,0.00036882
0.00000000,0.00000000,0.00000000,-0.00285515,-0.00000638,0.00036882
0.00000000,0.00000000,0.00000000,-0.00285515,-0.00000638,0.00036882
0.00000000,0.00000000,0.00000000,-0.00285515,-0.00000638,0.00036882
0.00000000,0.00000000,0.00000000,-0.00285515,-0.00000638,0.00036882
0.00000000,0.00000000,0.00000000,-0.00285515,-0.00000638,0.00036882
0.00000000,0.00000000,0.00000000,-0.00285515,-0.00000638,0.00036882
0.00000000,0.00000000,0.00000000,-0.00285516,-0.00000638,0.00036883
0.00000000,0.00000000,0.00000000,-0.00285517,-0.00000638,0.00036884
0.00000000,0.00000000,0.00000000,-0.00285518,-0.00000638,0.00036885
0.00000000,0.00000000,0.00000000,-0.00285521,-0.00000638,0.00036888
0.00000000,0.00000000,0.00000000,-0.00285526,-0.00000638,0.00036891
0.00000000,0.00000000,0.00000000,-0.00285532,-0.00000638,0.00036897
0.00000000,0.00000000,0.00000000,-0.00285542,-0.00000638,0.00036906
0.00000000,0.00000000,0.00000000,-0.00285555,-0.00000638,0.00036917
0.00000000,0.00000000,0.00000000,-0.00285573,-0.00000638,0.00036932
0.00000000,0.00000000,0.00000000,-0.00285595,-0.00000638,0.00036952
0.00000000,0.00000000,0.00000000,-0.00285624,-0.00000638,0.00036978
0.00000000,0.00000000,0.00000000,-0.00285660,-0.00000638,0.00037009
0.00000000,0.00000000,0.00000000,-0.00285703,-0.00000638,0.00037048
0.00000000,0.00000000,0.00000000,-0.00285756,-0.00000638,0.00037095
0.00000000,0.00000000,0.00000000,-0.00285818,-0.00000638,0.00037150
0.00000000,0.00000000,0.00000000,-0.00285891,-0.00000638,0.00037215
0.00000000,0.00000000,0.00000000,-0.00285975,-0.00000637,0.00037291
0.00000000,0.00000000,0.00000000,-0.00286072,-0.00000637,0.00037378
0.00000000,0.00000000,0.00000000,-0.00286181,-0.00000637,0.00037477
0.00000000,0.00000000,0.00000000,-0.00286305,-0.00000637,0.00037590
0.00000000,0.00000000,0.00000000,-0.00286443,-0.00000637,0.00037715
0.00000000,0.00000000,0.00000000,-0.00286596,-0.00000637,0.00037856
0.00000000,0.00000000,0.00000000,-0.00286764,-0.00000637,0.00038010
0.00000000,0.00000000,0.00000000,-0.00286948,-0.00000636,0.00038181
0.00000000,0.00000000,0.00000000,-0.00287147,-0.00000636,0.00038366
0.00000000,0.00000000,0.00000000,-0.00287363,-0.00000636,0.00038568
0.00000000,0.00000000,0.00000000,-0.00287595,-0.00000636,0.00038786
0.00000000,0.00000000,0.00000000,-0.00287842,-0.00000636,0.00039021
0.00000000,0.00000000,0.00000000,-0.00288106,-0.00000636,0.00039271
0.00000000,0.00000000,0.00000000,-0.00288385,-0.00000636,0.00039538
0.00000000,0.00000000,0.00000000,-0.00288680,-0.00000636,0.00039821
0.00000000,0.00000000,0.00000000,-0.00288989,-0.00000636,0.00040120
0.00000000,0.00000000,0.00000000,-0.00289312,-0.00000636,0.00040435
0.00000000,0.00000000,0.00000000,-0.00289649,-0.00000636,0.00040765
0.00000000,0.00000000,0.00000000,-0.00289999,-0.00000636,0.00041110
0.00000000,0.00000000,0.00000000,-0.00290361,-0.00000636,0.00041468
0.00000000,0.00000000,0.00000000,-0.00290734,-0.00000636,0.00041841
0.00000000,0.00000000,0.00000000,-0.00291117,-0.00000636,0.00042226
0.00000000,0.00000000,0.00000000,-0.00291510,-0.00000636,0.00042622
0.00000000,0.00000000,0.00000000,-0.00291911,-0.00000636,0.00043031
0.00000000,0.00000000,0.00000000,-0.00292319,-0.00000636,0.00043449
0.00000000,0.00000000,0.00000000,-0.00292733,-0.00000635,0.00043876
0.00000000,0.00000000,0.00000000,-0.00293151,-0.00000635,0.00044312
0.00000000,0.00000000,0.00000000,-0.00293574,-0.00000635,0.00044755
0.00000000,0.00000000,0.00000000,-0.00293998,-0.00000635,0.00045203
0.00000000,0.00000000,0.00000000,-0.00294424,-0.00000635,0.00045657
0.00000000,0.00000000,0.00000000,-0.00294849,-0.00000635,0.00046114
0.00000000,0.00000000,0.00000000,-0.00295273,-0.00000634,0.00046573
0.00000000,0.00000000,0.00000000,-0.00295694,-0.00000634,0.00047033
0.00000000,0.00000000,0.00000000,-0.00296111,-0.00000633,0.00047493
0.00000000,0.00000000,0.00000000,-0.00296522,-0.00000633,0.00047951
0.00000000,0.00000000,0.00000000,-0.00296926,-0.00000632,0.00048406
0.00000000,0.00000000,0.00000000,-0.00297323,-0.00000631,0.00048856
0.00000000,0.00000000,0.00000000,-0.00297710,-0.00000630,0.00049301
0.00000000,0.00000000,0.00000000,-0.00298087,-0.00000629,0.00049738
0.00000000,0.00000000,0.00000000,-0.00298453,-0.00000628,0.00050167
0.00000000,0.00000000,0.00000000,-0.00298806,-0.00000627,0.00050586
0.00000000,0.00000000,0.00000000,-0.00299146,-0.00000626,0.00050993
0.00000000,0.00000000,0.00000000,-0.00299473,-0.00000624,0.00051388
0.00000000,0.00000000,0.00000000,-0.00299784,-0.00000623,0.00051769
0.00000000,0.00000000,0.00000000,-0.00300080,-0.00000622,0.00052136
0.00000000,0.00000000,0.00000000,-0.00300361,-0.00000620,0.00052487
0.00000000,0.00000000,0.00000000,-0.00300625,-0.00000619,0.00052821
0.00000000,0.00000000,0.00000000,-0.00300873,-0.00000617,0.00053139
0.00000000,0.00000000,0.00000000,-0.00301105,-0.00000616,0.00053438
0.00000000,0.00000000,0.00000000,-0.00301320,-0.00000614,0.00053719
0.00000000,0.00000000,0.00000000,-0.00301519,-0.00000613,0.00053982
0.00000000,0.00000000,0.00000000,-0.00301702,-0.00000611,0.00054225
0.00000000,0.00000000,0.00000000,-0.00301869,-0.00000610,0.00054450
0.00000000,0.00000000,0.00000000,-0.00302021,-0.00000608,0.00054656
0.00000000,0.00000000,0.00000000,-0.00302157,-0.00000607,0.00054844
0.00000000,0.00000000,0.00000000,-0.00302280,-0.00000606,0.00055014
0.00000000,0.00000000,0.00000000,-0.00302389,-0.00000605,0.00055166
0.00000000,0.00000000,0.00000000,-0.00302485,-0.00000604,0.00055302
0.00000000,0.00000000,0.00000000,-0.00302569,-0.00000603,0.00055421
0.00000000,0.00000000,0.00000000,-0.00302642,-0.00000602,0.00055525
0.00000000,0.00000000,0.00000000,-0.00302705,-0.00000601,0.00055615
0.00000000,0.00000000,0.00000000,-0.00302758,-0.00000600,0.00055692
0.00000000,0.00000000,0.00000000,-0.00302803,-0.00000600,0.00055757
0.00000000,0.00000000,0.00000000,-0.00302840,-0.00000599,0.00055811
0.00000000,0.00000000,0.00000000,-0.00302870,-0.00000599,0.00055855
0.00000000,0.00000000,0.00000000,-0.00302894,-0.00000598,0.00055891
0.00000000,0.00000000,0.00000000,-0.00302913,-0.00000598,0.00055919
0.00000000,0.00000000,0.00000000,-0.00302927,-0.00000598,0.00055941
0.00000000,0.00000000,0.00000000,-0.00302938,-0.00000598,0.00055957
0.00000000,0.00000000,0.00000000,-0.00302946,-0.00000598,0.00055969
0.00000000,0.00000000,0.00000000,-0.00302951,-0.00000598,0.00055977
0.00000000,0.00000000,0.00000000,-0.00302955,-0.00000598,0.00055983
0.00000000,0.00000000,0.00000000,-0.00302957,-0.00000597,0.00055986
0.00000000,0.00000000,0.00000000,-0.00302959,-0.00000597,0.00055988
0.00000000,0.00000000,0.00000000,-0.00302960,-0.00000597,0.00055989
0.00000000,0.00000000,0.00000000,-0.00302960,-0.00000597,0.00055990
0.00000000,0.00000000,0.00000000,-0.00302960,-0.00000597,0.00055990
0.00000000,0.00000000,0.00000000,-0.00302960,-0.00000597,0.00055990
0.00000000,0.00000000,0.00000000,-0.00302960,-0.00000597,0.00055990
0.00000000,0.00000000,0.00000000,-0.00302960,-0.00000597,0.00055990
0.00000000,0.00000000,0.00000000,-0.00302960,-0.00000597,0.00055990
0.00000000,0.00000000,0.00000000,-0.00302960,-0.00000597,0.00055990
0.00000000,0.00000000,0.00000000,-0.00302960,-0.00000597,0.00055990
0.00000000,0.00000000,0.00000000,-0.00302960,-0.00000597,0.00055990
0.00000000,0.00000000,0.00000000,-0.00302960,-0.00000597,0.00055990
0.00000000,0.00000000,0.00000000,-0.00302960,-0.00000597,0.00055990
0.00000000,0.00000000,0.00000000,-0.00302960,-0.00000597,0.00055990
0.00000000,0.00000000,0.00000000,-0.00302960,-0.00000597,0.00055990
0.00000000,0.00000000,0.00000000,-0.00302960,-0.00000597,0.00055990
0.00000000,0.00000000,0.00000000,-0.00302960,-0.00000597,0.00055990
0.00000000,0.00000000,0.00000000,-0.00302960,-0.00000597,0.00055990
0.00000000,0.00000000,0.00000000,-0.00302960,-0.00000597,0.00055990
0.00000000,0.00000000,0.00000000,-0.00302960,-0.00000597,0.00055990
0.00000000,0.00000000,0.00000000,-0.00302960,-0.00000597,0.00055990
0.00000000,0.00000000,0.00000000,-0.00302960,-0.00000597,0.00055990
0.00000000,0.00000000,0.00000000,-0.00302960,-0.00000597,0.00055990
0.00000000,0.00000000,0.00000000,-0.00302960,-0.00000597,0.00055990
0.00000000,0.00000000,0.00000000,-0.00302960,-0.00000597,0.00055990
0.00000000,0.00000000,0.00000000,-0.00302960,-0.00000597,0.00055990
0.00000000,0.00000000,0.00000000,-0.00302960,-0.00000597,0.00055990
0.00000000,0.00000000,0.00000000,-0.00302960,-0.00000597,0.00055990
0.00000000,0.00000000,0.00000000,-0.00302960,-0.00000597,0.00055990
0.00000000,0.00000000,0.00000000,-0.00302960,-0.00000597,0.00055990
0.00000000,0.00000000,0.00000000,-0.00302960,-0.00000597,0.00055990
0.00000000,0.00000000,0.00000000,-0.00302960,-0.00000597,0.00055990
0.00000000,0.00000000,0.00000000,-0.00302960,-0.00000597,0.00055990
0.00000000,0.00000000,0.00000000,-0.00302960,-0.00000597,0.00055990
0.00000000,0.00000000,0.00000000,-0.00302960,-0.00000597,0.00055990
0.00000000,0.00000000,0.00000000,-0.00302960,-0.00000597,0.00055990
0.00000000,0.00000000,0.00000000,-0.00302960,-0.00000597,0.00055990
0.00000000,0.00000000,0.00000000,-0.00302960,-0.00000597,0.00055990
0.00000000,0.00000000,0.00000000,-0.00302960,-0.00000597,0.00055990
0.00000000,0.00000000,0.00000000,-0.00302960,-0.00000597,0.00055990
0.00000000,0.00000000,0.00000000,-0.00302960,-0.00000597,0.00055990
0.00000000,0.00000000,0.00000000,-0.00302960,-0.00000597,0.00055990
0.00000000,0.00000000,0.00000000,-0.00302960,-0.00000597,0.00055990
0.00000000,0.00000000,0.00000000,-0.00302960,-0.00000597,0.00055990
0.00000000,0.00000000,0.00000000,-0.00302960,-0.00000597,0.00055990
0.00000000,0.00000000,0.00000000,-0.00302960,-0.00000597,0.00055990
0.00000000,0.00000000,0.00000000,-0.00302960,-0.00000597,0.00055990
0.00000000,0.00000000,0.00000000,-0.00302960,-0.00000597,0.00055990
0.00000000,0.00000000,0.00000000,-0.00302960,-0.00000597,0.00055990
0.00000000,0.00000000,0.00000000,-0.00302960,-0.00000597,0.00055990
0.00000000,0.00000000,0.00000000,-0.00302960,-0.00000597,0.00055990
0.00000000,0.00000000,0.00000000,-0.00302960,-0.00000597,0.00055990
0.00000000,0.00000000,0.00000000,-0.00302960,-0.00000597,0.00055990
0.00000000,0.00000000,0.00000000,-0.00302960,-0.00000597,0.00055990
0.00000000,0.00000000,0.00000000,-0.00302960,-0.00000597,0.00055990
0.00000000,0.00000000,0.00000000,-0.00302960,-0.00000597,0.00055990
0.00000000,0.00000000,0.00000000,-0.00302960,-0.00000597,0.00055990
0.00000000,0.00000000,0.00000000,-0.00302960,-0.00000597,0.00055990
0.00000000,0.00000000,0.00000000,-0.00302960,-0.00000597,0.00055990
0.00000000,0.00000000,0.00000000,-0.00302960,-0.00000597,0.00055990
0.00000000,0.00000000,0.00000000,-0.00302960,-0.00000597,0.00055990
0.00000000,0.00000000,0.00000000,-0.00302960,-0.00000597,0.00055990
0.00000000,0.00000000,0.00000000,-0.00302960,-0.00000597,0.00055990
0.00000000,0.00000000,0.00000000,-0.00302960,-0.00000597,0.00055990
0.00000000,0.00000000,0.00000000,-0.00302960,-0.00000597,0.00055990
0.00000000,0.00000000,0.00000000,-0.00302960,-0.00000597,0.00055990
0.00000000,0.00000000,0.00000000,-0.00302960,-0.00000597,0.00055990
0.00000000,0.00000000,0.00000000,-0.00302960,-0.00000597,0.00055990
0.00000000,0.00000000,0.00000000,-0.00302960,-0.00000597,0.00055990
0.00000000,0.00000000,0.00000000,-0.00302960,-0.00000597,0.00055990
0.00000000,0.00000000,0.00000000,-0.00302960,-0.00000597,0.00055990
0.00000000,0.00000000,0.00000000,-0.00302960,-0.00000597,0.00055990
0.00000000,0.00000000,0.00000000,-0.00302960,-0.00000597,0.00055990
0.00000000,0.00000000,0.00000000,-0.00302960,-0.00000597,0.00055990
0.00000000,0.00000000,0.00000000,-0.00302961,-0.00000597,0.00055991
0.00000000,0.00000000,0.00000000,-0.00302961,-0.00000597,0.00055992
0.00000000,0.00000000,0.00000000,-0.00302963,-0.00000597,0.00055994
0.00000000,0.00000000,0.00000000,-0.00302965,-0.00000597,0.00055998
0.00000000,0.00000000,0.00000000,-0.00302969,-0.00000597,0.00056003
0.00000000,0.00000000,0.00000000,-0.00302974,-0.00000597,0.00056012
0.00000000,0.00000000,0.00000000,-0.00302982,-0.00000597,0.00056023
0.00000000,0.00000000,0.00000000,-0.00302993,-0.00000597,0.00056040
0.00000000,0.00000000,0.00000000,-0.00303008,-0.00000597,0.00056061
0.00000000,0.00000000,0.00000000,-0.00303026,-0.00000596,0.00056089
0.00000000,0.00000000,0.00000000,-0.00303051,-0.00000596,0.00056125
0.00000000,0.00000000,0.00000000,-0.00303081,-0.00000596,0.00056169
0.00000000,0.00000000,0.00000000,-0.00303117,-0.00000595,0.00056223
0.00000000,0.00000000,0.00000000,-0.00303162,-0.00000595,0.00056289
0.00000000,0.00000000,0.00000000,-0.00303215,-0.00000594,0.00056366
0.00000000,0.00000000,0.00000000,-0.00303278,-0.00000593,0.00056456
0.00000000,0.00000000,0.00000000,-0.00303351,-0.00000592,0.00056560
0.00000000,0.00000000,0.00000000,-0.00303435,-0.00000591,0.00056680
0.00000000,0.00000000,0.00000000,-0.00303531,-0.00000590,0.00056816
0.00000000,0.00000000,0.00000000,-0.00303640,-0.00000589,0.00056969
0.00000000,0.00000000,0.00000000,-0.00303763,-0.00000588,0.00057139
0.00000000,0.00000000,0.00000000,-0.00303900,-0.00000586,0.00057327
0.00000000,0.00000000,0.00000000,-0.00304052,-0.00000585,0.00057534
0.00000000,0.00000000,0.00000000,-0.00304219,-0.00000583,0.00057760
0.00000000,0.00000000,0.00000000,-0.00304402,-0.00000582,0.00058005
0.00000000,0.00000000,0.00000000,-0.00304601,-0.00000580,0.00058269
0.00000000,0.00000000,0.00000000,-0.00304817,-0.00000578,0.00058551
0.00000000,0.00000000,0.00000000,-0.00305049,-0.00000577,0.00058852
0.00000000,0.00000000,0.00000000,-0.00305298,-0.00000575,0.00059171
0.00000000,0.00000000,0.00000000,-0.00305563,-0.00000574,0.00059507
0.00000000,0.00000000,0.00000000,-0.00305845,-0.00000572,0.00059860
0.00000000,0.00000000,0.00000000,-0.00306142,-0.00000570,0.00060229
0.00000000,0.00000000,0.00000000,-0.00306455,-0.00000569,0.00060613
0.00000000,0.00000000,0.00000000,-0.00306783,-0.00000568,0.00061010
0.00000000,0.00000000,0.00000000,-0.00307125,-0.00000566,0.00061420
0.00000000,0.00000000,0.00000000,-0.00307480,-0.00000565,0.00061841
0.00000000,0.00000000,0.00000000,-0.00307847,-0.00000564,0.00062272
0.00000000,0.00000000,0.00000000,-0.00308226,-0.00000563,0.00062712
0.00000000,0.00000000,0.00000000,-0.00308616,-0.00000562,0.00063159
0.00000000,0.00000000,0.00000000,-0.00309014,-0.00000561,0.00063612
0.00000000,0.00000000,0.00000000,-0.00309421,-0.00000560,0.00064069
0.00000000,0.00000000,0.00000000,-0.00309834,-0.00000559,0.00064529
0.00000000,0.00000000,0.00000000,-0.00310253,-0.00000559,0.00064991
0.00000000,0.00000000,0.00000000,-0.00310677,-0.00000558,0.00065454
0.00000000,0.00000000,0.00000000,-0.00311103,-0.00000558,0.00065915
0.00000000,0.00000000,0.00000000,-0.00311530,-0.00000557,0.00066373
0.00000000,0.00000000,0.00000000,-0.00311958,-0.00000557,0.00066828
0.00000000,0.00000000,0.00000000,-0.00312385,-0.00000557,0.00067278
0.00000000,0.00000000,0.00000000,-0.00312809,-0.00000557,0.00067722
0.00000000,0.00000000,0.00000000,-0.00313229,-0.00000556,0.00068159
0.00000000,0.00000000,0.00000000,-0.00313645,-0.00000556,0.00068587
0.00000000,0.00000000,0.00000000,-0.00314054,-0.00000556,0.00069006
0.00000000,0.00000000,0.00000000,-0.00314456,-0.00000556,0.00069414
0.00000000,0.00000000,0.00000000,-0.00314850,-0.00000556,0.00069811
0.00000000,0.00000000,0.00000000,-0.00315234,-0.00000556,0.00070196
0.00000000,0.00000000,0.00000000,-0.00315608,-0.00000556,0.00070568
0.00000000,0.00000000,0.00000000,-0.00315970,-0.00000556,0.00070927
0.00000000,0.00000000,0.00000000,-0.00316321,-0.00000556,0.00071271
0.00000000,0.00000000,0.00000000,-0.00316658,-0.00000556,0.00071601
0.00000000,0.00000000,0.00000000,-0.00316981,-0.00000556,0.00071915
0.00000000,0.00000000,0.00000000,-0.00317290,-0.00000556,0.00072214
0.00000000,0.00000000,0.00000000,-0.00317585,-0.00000556,0.00072497
0.00000000,0.00000000,0.00000000,-0.00317864,-0.00000556,0.00072764
0.00000000,0.00000000,0.00000000,-0.00318127,-0.00000556,0.00073014
0.00000000,0.00000000,0.00000000,-0.00318375,-0.00000556,0.00073248
0.00000000,0.00000000,0.00000000,-0.00318606,-0.00000556,0.00073466
0.00000000,0.00000000,0.00000000,-0.00318821,-0.00000556,0.00073667
0.00000000,0.00000000,0.00000000,-0.00319021,-0.00000556,0.00073853
0.00000000,0.00000000,0.00000000,-0.00319204,-0.00000555,0.00074023
0.00000000,0.00000000,0.00000000,-0.00319372,-0.00000555,0.00074178
0.00000000,0.00000000,0.00000000,-0.00319524,-0.00000555,0.00074318
0.00000000,0.00000000,0.00000000,-0.00319662,-0.00000555,0.00074444
0.00000000,0.00000000,0.00000000,-0.00319785,-0.00000555,0.00074556
0.00000000,0.00000000,0.00000000,-0.00319895,-0.00000555,0.00074655
0.00000000,0.00000000,0.00000000,-0.00319991,-0.00000555,0.00074743
0.00000000,0.00000000,0.00000000,-0.00320076,-0.00000555,0.00074818
0.00000000,0.00000000,0.00000000,-0.00320148,-0.00000554,0.00074883
0.00000000,0.00000000,0.00000000,-0.00320210,-0.00000554,0.00074939
0.00000000,0.00000000,0.00000000,-0.00320263,-0.00000554,0.00074986
0.00000000,0.00000000,0.00000000,-0.00320306,-0.00000554,0.00075024
0.00000000,0.00000000,0.00000000,-0.00320342,-0.00000554,0.00075056
0.00000000,0.00000000,0.00000000,-0.00320371,-0.00000554,0.00075081
0.00000000,0.00000000,0.00000000,-0.00320393,-0.00000554,0.00075101
0.00000000,0.00000000,0.00000000,-0.00320411,-0.00000554,0.00075117
0.00000000,0.00000000,0.00000000,-0.00320424,-0.00000554,0.00075128
0.00000000,0.00000000,0.00000000,-0.00320433,-0.00000554,0.00075137
0.00000000,0.00000000,0.00000000,-0.00320440,-0.00000554,0.00075142
0.00000000,0.00000000,0.00000000,-0.00320445,-0.00000554,0.00075146
0.00000000,0.00000000,0.00000000,-0.00320447,-0.00000554,0.00075149
0.00000000,0.00000000,0.00000000,-0.00320449,-0.00000554,0.00075150
0.00000000,0.00000000,0.00000000,-0.00320450,-0.00000554,0.00075151
0.00000000,0.00000000,0.00000000,-0.00320450,-0.00000554,0.00075152
0.00000000,0.00000000,0.00000000,-0.00320451,-0.00000554,0.00075152
0.00000000,0.00000000,0.00000000,-0.00320451,-0.00000554,0.00075152
0.00000000,0.00000000,0.00000000,-0.00320451,-0.00000554,0.00075152
