0.78539816,0.00000000,0.00000000,0.00000000,0.00000000,0.20000000,-1.60000000,0.00000000,0.00000000,0.00000000,0.00000000,0.00000000,0.00000000
0.78576009,-0.00017745,0.00035712,-0.01626224,0.00673131,0.24166119,-1.65163083,0.00136117,-0.00821479,0.01356695,-0.00234778,0.00769994,0.00000000
0.78600394,-0.00034372,0.00057434,-0.03207529,0.02197403,0.26344642,-1.69185325,0.00264261,-0.01513838,0.02201307,-0.00531839,0.01219307,0.00000000
0.78613930,-0.00048325,0.00067933,-0.04745633,0.04244248,0.27257713,-1.72460349,0.00384896,-0.02038782,0.02623881,-0.00837356,0.01422455,0.00000000
0.78617485,-0.00060174,0.00067740,-0.06242111,0.06687333,0.27172116,-1.75128468,0.00498275,-0.02420380,0.02647236,-0.01161331,0.01388188,0.00000000
0.78611940,-0.00071269,0.00056626,-0.07698556,0.09466679,0.26205310,-1.77247179,0.00604777,-0.02705997,0.02271618,-0.01536841,0.01102462,0.00000000
0.78598266,-0.00083721,0.00033711,-0.09116627,0.12555881,0.24396541,-1.78829313,0.00704731,-0.02966356,0.01478782,-0.02018856,0.00531282,0.00000000
0.78577636,-0.00100835,-0.00002817,-0.10498167,0.15949602,0.21730151,-1.79853875,0.00798453,-0.03309189,0.00224284,-0.02696105,-0.00388800,0.00000000
0.78551652,-0.00128183,-0.00056493,-0.11845430,0.19654549,0.18145693,-1.80267137,0.00886246,-0.03913218,-0.01584217,-0.03721362,-0.01776073,0.00000000
0.78522863,-0.00176122,-0.00134422,-0.13161602,0.23665333,0.13568241,-1.79988802,0.00968401,-0.05107105,-0.04137761,-0.05381929,-0.03862937,0.00000000
0.78495950,-0.00265157,-0.00251145,-0.14451984,0.27860004,0.08087117,-1.78986273,0.01045198,-0.07538723,-0.07831900,-0.08249827,-0.07120796,0.00000000
0.78478910,-0.00428948,-0.00430138,-0.15725177,0.31617832,0.02755496,-1.77692026,0.01116903,-0.12274369,-0.13301702,-0.13261698,-0.12314373,0.00000000
0.78475097,-0.00667154,-0.00666806,-0.16985126,0.33716399,0.00232097,-1.77542405,0.01183773,-0.19331123,-0.20383361,-0.20380250,-0.19334234,0.00000000
0.78476278,-0.00922558,-0.00914452,-0.18224168,0.34691309,-0.00109019,-1.78447122,0.01246053,-0.26940095,-0.27751818,-0.27970089,-0.26721825,0.00000000
0.78480374,-0.01181832,-0.01162408,-0.19440789,0.35472095,-0.00143085,-1.79460532,0.01303976,-0.34688081,-0.35105728,-0.35651673,-0.34142137,0.00000000
0.78487366,-0.01443984,-0.01409723,-0.20635514,0.36192093,-0.00145656,-1.80440471,0.01357768,-0.42545681,-0.42416695,-0.43395928,-0.41566449,0.00000000
0.78497233,-0.01708291,-0.01655711,-0.21808855,0.36868182,-0.00144816,-1.81375799,0.01407642,-0.50491354,-0.49664238,-0.51181654,-0.48973937,0.00000000
0.78509928,-0.01974109,-0.01899801,-0.22961285,0.37505171,-0.00143735,-1.82268221,0.01453802,-0.58505799,-0.56831502,-0.58990309,-0.56346991,0.00000000
0.78525384,-0.02240869,-0.02141521,-0.24093244,0.38106168,-0.00142784,-1.83120540,0.01496445,-0.66571678,-0.63904681,-0.66805639,-0.63670719,0.00000000
0.78543518,-0.02508059,-0.02380476,-0.25205145,0.38673779,-0.00141993,-1.83935409,0.01535756,-0.74673326,-0.70872517,-0.74613325,-0.70932517,0.00000000
0.78564234,-0.02775225,-0.02616341,-0.26297374,0.39210308,-0.00141348,-1.84715221,0.01571913,-0.82796519,-0.77725886,-0.82400698,-0.78121707,0.00000000
0.78587426,-0.03041953,-0.02848848,-0.27370297,0.39717814,-0.00140831,-1.85462129,0.01605086,-0.90928279,-0.84457466,-0.90156500,-0.85229245,0.00000000
0.78612980,-0.03307873,-0.03077778,-0.28424260,0.40198151,-0.00140430,-1.86178079,0.01635437,-0.99056725,-0.91061463,-0.97870701,-0.92247487,0.00000000
0.78640776,-0.03572647,-0.03302952,-0.29459592,0.40652990,-0.00140133,-1.86864838,0.01663119,-1.07170942,-0.97533383,-1.05534336,-0.99169989,0.00000000
0.78670688,-0.03835969,-0.03524227,-0.30476608,0.41083850,-0.00139933,-1.87524014,0.01688279,-1.15260881,-1.03869845,-1.13139381,-1.05991345,0.00000000
0.78702589,-0.04097560,-0.03741491,-0.31475607,0.41492112,-0.00139821,-1.88157079,0.01711058,-1.23317271,-1.10068420,-1.20678640,-1.12707051,0.00000000
0.78736348,-0.04357167,-0.03954657,-0.32456879,0.41879037,-0.00139794,-1.88765385,0.01731588,-1.31331539,-1.16127497,-1.28145652,-1.19313384,0.00000000
0.78771835,-0.04614558,-0.04163664,-0.33420701,0.42245778,-0.00139848,-1.89350176,0.01749996,-1.39295757,-1.22046171,-1.35534618,-1.25807309,0.00000000
0.78808916,-0.04869522,-0.04368466,-0.34367341,0.42593395,-0.00139978,-1.89912600,0.01766401,-1.47202578,-1.27824140,-1.42840328,-1.32186390,0.00000000
0.78847461,-0.05121865,-0.04569038,-0.35297057,0.42922862,-0.00140184,-1.90453722,0.01780920,-1.55045192,-1.33461626,-1.50058103,-1.38448715,0.00000000
0.78887340,-0.05371413,-0.04765366,-0.36210102,0.43235079,-0.00140464,-1.90974528,0.01793660,-1.62817287,-1.38959299,-1.57183746,-1.44592839,0.00000000
0.78928422,-0.05618004,-0.04957452,-0.37106719,0.43530876,-0.00140816,-1.91475938,0.01804724,-1.70513006,-1.44318212,-1.64213495,-1.50617723,0.00000000
0.78970582,-0.05861492,-0.05145307,-0.37987145,0.43811020,-0.00141241,-1.91958806,0.01814211,-1.78126919,-1.49539753,-1.71143986,-1.56522685,0.00000000
0.79013692,-0.06101744,-0.05328953,-0.38851612,0.44076225,-0.00141740,-1.92423932,0.01822215,-1.85653991,-1.54625587,-1.77972215,-1.62307363,0.00000000
0.79057631,-0.06338637,-0.05508418,-0.39700345,0.44327152,-0.00142311,-1.92872065,0.01828824,-1.93089556,-1.59577622,-1.84695506,-1.67971671,0.00000000
0.79102278,-0.06572063,-0.05683740,-0.40533564,0.44564416,-0.00142957,-1.93303905,0.01834121,-2.00429292,-1.64397967,-1.91311487,-1.73515772,0.00000000
0.79147516,-0.06801921,-0.05854960,-0.41351487,0.44788591,-0.00143678,-1.93720109,0.01838186,-2.07669200,-1.69088904,-1.97818062,-1.78940042,0.00000000
0.79193231,-0.07028120,-0.06022127,-0.42154324,0.45000212,-0.00144476,-1.94121296,0.01841096,-2.14805584,-1.73652854,-2.04213387,-1.84245050,0.00000000
0.79239311,-0.07250579,-0.06185292,-0.42942283,0.45199777,-0.00145353,-1.94508047,0.01842920,-2.21835027,-1.78092356,-2.10495853,-1.89431530,0.00000000
0.79285648,-0.07469223,-0.06344512,-0.43715568,0.45387752,-0.00146311,-1.94880910,0.01843729,-2.28754383,-1.82410044,-2.16664063,-1.94500364,0.00000000
0.79332137,-0.07683989,-0.06499844,-0.44474379,0.45564574,-0.00147352,-1.95240402,0.01843584,-2.35560752,-1.86608625,-2.22716817,-1.99452560,0.00000000
0.79378677,-0.07894815,-0.06651351,-0.45218914,0.45730653,-0.00148479,-1.95587010,0.01842548,-2.42251471,-1.90690865,-2.28653097,-2.04289238,0.00000000
0.79425170,-0.08101651,-0.06799096,-0.45949366,0.45886371,-0.00149696,-1.95921197,0.01840679,-2.48824096,-1.94659569,-2.34472052,-2.09011614,0.00000000
0.79471520,-0.08304449,-0.06943144,-0.46665926,0.46032088,-0.00151005,-1.96243399,0.01838029,-2.55276393,-1.98517574,-2.40172983,-2.13620985,0.00000000
0.79517637,-0.08503170,-0.07083561,-0.47368783,0.46168143,-0.00152410,-1.96554030,0.01834652,-2.61606322,-2.02267731,-2.45755333,-2.18118720,0.00000000
0.79563432,-0.08697777,-0.07220414,-0.48058122,0.46294853,-0.00153914,-1.96853480,0.01830595,-2.67812027,-2.05912897,-2.51218676,-2.22506248,0.00000000
0.79608820,-0.08888242,-0.07353773,-0.48734127,0.46412518,-0.00155523,-1.97142123,0.01825905,-2.73891826,-2.09455928,-2.56562706,-2.26785047,0.00000000
0.79653721,-0.09074537,-0.07483704,-0.49396978,0.46521419,-0.00157240,-1.97420312,0.01820626,-2.79844198,-2.12899664,-2.61787226,-2.30956637,0.00000000
0.79698054,-0.09256642,-0.07610276,-0.50046853,0.46621823,-0.00159071,-1.97688382,0.01814797,-2.85667779,-2.16246930,-2.66892140,-2.35022569,0.00000000
0.79741745,-0.09434538,-0.07733559,-0.50683928,0.46713981,-0.00161021,-1.97946651,0.01808459,-2.91361346,-2.19500525,-2.71877447,-2.38984424,0.00000000
0.79784722,-0.09608212,-0.07853620,-0.51308379,0.46798129,-0.00163095,-1.98195424,0.01801648,-2.96923812,-2.22663217,-2.76743230,-2.42843799,0.00000000
0.79826916,-0.09777653,-0.07970527,-0.51920375,0.46874493,-0.00165300,-1.98434991,0.01794398,-3.02354221,-2.25737739,-2.81489652,-2.46602308,0.00000000
0.79868261,-0.09942854,-0.08084347,-0.52520087,0.46943283,-0.00167642,-1.98665625,0.01786742,-3.07651733,-2.28726785,-2.86116946,-2.50261571,0.00000000
0.79908693,-0.10103810,-0.08195148,-0.53107683,0.47004702,-0.00170129,-1.98887590,0.01778710,-3.12815622,-2.31633006,-2.90625413,-2.53823215,0.00000000
0.79948152,-0.10260519,-0.08302995,-0.53683328,0.47058940,-0.00172768,-1.99101137,0.01770331,-3.17845268,-2.34459009,-2.95015411,-2.57288866,0.00000000
0.79986580,-0.10412982,-0.08407954,-0.54247187,0.47106178,-0.00175567,-1.99306505,0.01761633,-3.22740152,-2.37207350,-2.99287356,-2.60660146,0.00000000
0.80023922,-0.10561202,-0.08510088,-0.54799420,0.47146589,-0.00178536,-1.99503922,0.01752641,-3.27499845,-2.39880536,-3.03441712,-2.63938669,0.00000000
0.80060126,-0.10705183,-0.08609462,-0.55340189,0.47180336,-0.00181684,-1.99693606,0.01743379,-3.32124008,-2.42481023,-3.07478988,-2.67126042,0.00000000
0.80095142,-0.10844934,-0.08706138,-0.55869650,0.47207577,-0.00185022,-1.99875765,0.01733871,-3.36612381,-2.45011211,-3.11399735,-2.70223857,0.00000000
0.80128922,-0.10980463,-0.08800178,-0.56387961,0.47228459,-0.00188561,-2.00050600,0.01724136,-3.40964782,-2.47473449,-3.15204540,-2.73233691,0.00000000
0.80161422,-0.11111780,-0.08891640,-0.56895275,0.47243127,-0.00192314,-2.00218301,0.01714195,-3.45181101,-2.49870028,-3.18894023,-2.76157106,0.00000000
0.80192598,-0.11238897,-0.08980585,-0.57391746,0.47251717,-0.00196293,-2.00379050,0.01704068,-3.49261295,-2.52203183,-3.22468834,-2.78995644,0.00000000
0.80222410,-0.11361829,-0.09067071,-0.57877524,0.47254360,-0.00200513,-2.00533022,0.01693770,-3.53205380,-2.54475096,-3.25929650,-2.81750825,0.00000000
0.80250819,-0.11480588,-0.09151155,-0.58352759,0.47251182,-0.00204991,-2.00680384,0.01683320,-3.57013432,-2.56687888,-3.29277171,-2.84424150,0.00000000
0.80277790,-0.11595192,-0.09232892,-0.58817596,0.47242305,-0.00209742,-2.00821296,0.01672732,-3.60685582,-2.58843628,-3.32512116,-2.87017095,0.00000000
0.80303287,-0.11705657,-0.09312336,-0.59272183,0.47227847,-0.00214787,-2.00955911,0.01662021,-3.64222010,-2.60944325,-3.35635223,-2.89531112,0.00000000
0.80327278,-0.11812001,-0.09389542,-0.59716662,0.47207920,-0.00220145,-2.01084375,0.01651200,-3.67622941,-2.62991935,-3.38647247,-2.91967629,0.00000000
0.80349732,-0.11914242,-0.09464561,-0.60151176,0.47182635,-0.00225838,-2.01206829,0.01640282,-3.70888644,-2.64988357,-3.41548954,-2.94328047,0.00000000
0.80370621,-0.12012401,-0.09537444,-0.60575864,0.47152100,-0.00231892,-2.01323407,0.01629280,-3.74019427,-2.66935435,-3.44341120,-2.96613742,0.00000000
0.80389917,-0.12106496,-0.09608241,-0.60990866,0.47116419,-0.00238333,-2.01434235,0.01618203,-3.77015636,-2.68834958,-3.47024534,-2.98826061,0.00000000
0.80407594,-0.12196549,-0.09677001,-0.61396318,0.47075694,-0.00245190,-2.01539436,0.01607063,-3.79877648,-2.70688664,-3.49599988,-3.00966325,0.00000000
0.80423629,-0.12282581,-0.09743770,-0.61792355,0.47030028,-0.00252496,-2.01639127,0.01595868,-3.82605873,-2.72498234,-3.52068280,-3.03035827,0.00000000
0.80437999,-0.12364614,-0.09808597,-0.62179110,0.46979519,-0.00260287,-2.01733418,0.01584629,-3.85200747,-2.74265301,-3.54430215,-3.05035833,0.00000000
0.80450682,-0.12442668,-0.09871524,-0.62556714,0.46924265,-0.00268602,-2.01822413,0.01573353,-3.87662733,-2.75991442,-3.56686596,-3.06967579,0.00000000
0.80461659,-0.12516768,-0.09932597,-0.62925299,0.46864366,-0.00277485,-2.01906211,0.01562048,-3.89992315,-2.77678188,-3.58838229,-3.08832274,0.00000000
0.80470912,-0.12586936,-0.09991859,-0.63284991,0.46799919,-0.00286983,-2.01984906,0.01550721,-3.92190000,-2.79327018,-3.60885920,-3.10631098,0.00000000
0.80478423,-0.12653193,-0.10049352,-0.63635918,0.46731022,-0.00297151,-2.02058586,0.01539380,-3.94256312,-2.80939363,-3.62830471,-3.12365205,0.00000000
0.80484177,-0.12715564,-0.10105115,-0.63978203,0.46657776,-0.00308049,-2.02127331,0.01528030,-3.96191793,-2.82516606,-3.64672683,-3.14035717,0.00000000
0.80488158,-0.12774072,-0.10159189,-0.64311970,0.46580281,-0.00319742,-2.02191216,0.01516676,-3.97996998,-2.84060084,-3.66413352,-3.15643731,0.00000000
0.80490353,-0.12828739,-0.10211614,-0.64637341,0.46498639,-0.00332305,-2.02250310,0.01505325,-3.99672497,-2.85571089,-3.68053271,-3.17190315,0.00000000
0.80490749,-0.12879588,-0.10262425,-0.64954434,0.46412957,-0.00345821,-2.02304674,0.01493982,-4.01218867,-2.87050868,-3.69593226,-3.18676509,0.00000000
0.80489334,-0.12926644,-0.10311661,-0.65263369,0.46323345,-0.00360383,-2.02354362,0.01482650,-4.02636700,-2.88500623,-3.71033995,-3.20103328,0.00000000
0.80486097,-0.12969928,-0.10359356,-0.65564260,0.46229914,-0.00376095,-2.02399419,0.01471335,-4.03926591,-2.89921515,-3.72376351,-3.21471755,0.00000000
0.80481030,-0.13009465,-0.10405546,-0.65857224,0.46132785,-0.00393075,-2.02439882,0.01460039,-4.05089145,-2.91314664,-3.73621058,-3.22782751,0.00000000
0.80474121,-0.13045277,-0.10450264,-0.66142373,0.46032081,-0.00411457,-2.02475778,0.01448767,-4.06124970,-2.92681149,-3.74768872,-3.24037248,0.00000000
0.80465364,-0.13077387,-0.10493544,-0.66419818,0.45927935,-0.00431390,-2.02507122,0.01437522,-4.07034680,-2.94022010,-3.75820538,-3.25236152,0.00000000
0.80454751,-0.13105817,-0.10535418,-0.66689668,0.45820488,-0.00453045,-2.02533918,0.01426306,-4.07818890,-2.95338247,-3.76776794,-3.26380343,0.00000000
0.80442275,-0.13130590,-0.10575916,-0.66952034,0.45709892,-0.00476615,-2.02556156,0.01415124,-4.08478219,-2.96630824,-3.77638367,-3.27470676,0.00000000
0.80427930,-0.13151729,-0.10615070,-0.67207019,0.45596308,-0.00502322,-2.02573810,0.01403976,-4.09013284,-2.97900670,-3.78405973,-3.28507981,0.00000000
0.80411710,-0.13169255,-0.10652908,-0.67454731,0.45479916,-0.00530418,-2.02586835,0.01392865,-4.09424707,-2.99148675,-3.79080319,-3.29493063,0.00000000
0.80393612,-0.13183190,-0.10689459,-0.67695272,0.45360909,-0.00561191,-2.02595167,0.01381795,-4.09713107,-3.00375697,-3.79662100,-3.30426703,0.00000000
0.80373631,-0.13193556,-0.10724752,-0.67928743,0.45239501,-0.00594974,-2.02598716,0.01370765,-4.09879104,-3.01582559,-3.80152003,-3.31309660,0.00000000
0.80351763,-0.13200374,-0.10758814,-0.68155246,0.45115929,-0.00632148,-2.02597364,0.01359779,-4.09923317,-3.02770054,-3.80550703,-3.32142669,0.00000000
0.80328006,-0.13203666,-0.10791671,-0.68374880,0.44990456,-0.00673155,-2.02590963,0.01348837,-4.09846368,-3.03938940,-3.80858866,-3.32926442,0.00000000
0.80302358,-0.13203453,-0.10823350,-0.68587740,0.44863380,-0.00718506,-2.02579324,0.01337941,-4.09648876,-3.05089946,-3.81077150,-3.33661672,0.00000000
0.80274816,-0.13199756,-0.10853874,-0.68793925,0.44735034,-0.00768795,-2.02562211,0.01327092,-4.09331468,-3.06223770,-3.81206207,-3.34349031,0.00000000
0.80245380,-0.13192595,-0.10883270,-0.68993528,0.44605795,-0.00824711,-2.02539339,0.01316292,-4.08894772,-3.07341080,-3.81246682,-3.34989171,0.00000000
0.80214050,-0.13181992,-0.10911560,-0.69186643,0.44476095,-0.00887063,-2.02510354,0.01305541,-4.08339428,-3.08442518,-3.81199218,-3.35582728,0.00000000
0.80180826,-0.13167968,-0.10938768,-0.69373363,0.44346428,-0.00956796,-2.02474830,0.01294841,-4.07666087,-3.09528694,-3.81064459,-3.36130322,0.00000000
0.80145709,-0.13150545,-0.10964918,-0.69553778,0.44217361,-0.01035018,-2.02432247,0.01284191,-4.06875422,-3.10600195,-3.80843055,-3.36632561,0.00000000
0.80108702,-0.13129744,-0.10990031,-0.69727981,0.44089552,-0.01123039,-2.02381975,0.01273594,-4.05968133,-3.11657578,-3.80535668,-3.37090043,0.00000000
0.80069809,-0.13105591,-0.11014130,-0.69896060,0.43963763,-0.01222400,-2.02323257,0.01263048,-4.04944967,-3.12701374,-3.80142983,-3.37503358,0.00000000
0.80029034,-0.13078108,-0.11037237,-0.70058107,0.43840881,-0.01334932,-2.02255172,0.01252555,-4.03806726,-3.13732089,-3.79665716,-3.37873099,0.00000000
0.79986386,-0.13047324,-0.11059373,-0.70214211,0.43721947,-0.01462801,-2.02176610,0.01242116,-4.02554301,-3.14750202,-3.79104639,-3.38199864,0.00000000
0.79941875,-0.13013270,-0.11080561,-0.70364465,0.43608177,-0.01608588,-2.02086230,0.01231730,-4.01188698,-3.15756165,-3.78460594,-3.38484269,0.00000000
0.79895513,-0.12975979,-0.11100821,-0.70508961,0.43501003,-0.01775363,-2.01982409,0.01221398,-3.99711091,-3.16750403,-3.77734533,-3.38726961,0.00000000
0.79847320,-0.12935493,-0.11120177,-0.70647797,0.43402107,-0.01966791,-2.01863185,0.01211120,-3.98122881,-3.17733314,-3.76927560,-3.38928635,0.00000000
0.79797320,-0.12891863,-0.11138653,-0.70781074,0.43313469,-0.02187238,-2.01726189,0.01200897,-3.96425789,-3.18705264,-3.76040991,-3.39090062,0.00000000
0.79745547,-0.12845151,-0.11156273,-0.70908901,0.43237415,-0.02441908,-2.01568559,0.01190728,-3.94621977,-3.19666585,-3.75076440,-3.39212122,0.00000000
0.79692048,-0.12795438,-0.11173065,-0.71031398,0.43176667,-0.02736983,-2.01386850,0.01180614,-3.92714218,-3.20617572,-3.74035940,-3.39295850,0.00000000
0.79636883,-0.12742825,-0.11189059,-0.71148698,0.43134390,-0.03079776,-2.01176931,0.01170554,-3.90706126,-3.21558474,-3.72922095,-3.39342505,0.00000000
0.79580139,-0.12687451,-0.11204291,-0.71260958,0.43114223,-0.03478862,-2.00933880,0.01160549,-3.88602471,-3.22489485,-3.71738301,-3.39353655,0.00000000
0.79521929,-0.12629494,-0.11218801,-0.71368361,0.43120284,-0.03944175,-2.00651898,0.01150599,-3.86409585,-3.23410733,-3.70489029,-3.39331289,0.00000000
0.79462409,-0.12569195,-0.11232640,-0.71471132,0.43157115,-0.04486998,-2.00324255,0.01140703,-3.84135893,-3.24322259,-3.69180185,-3.39277968,0.00000000
0.79401787,-0.12506871,-0.11245868,-0.71569543,0.43229529,-0.05119775,-1.99943335,0.01130862,-3.81792542,-3.25223997,-3.67819546,-3.39196993,0.00000000
0.79340337,-0.12442934,-0.11258560,-0.71663935,0.43342318,-0.05855631,-1.99500817,0.01121076,-3.79394100,-3.26115745,-3.66417242,-3.39092603,0.00000000
0.79278411,-0.12377914,-0.11270805,-0.71754724,0.43499771,-0.06707467,-1.98988099,0.01111343,-3.76959190,-3.26997141,-3.64986189,-3.38970141,0.00000000
0.79216445,-0.12312463,-0.11282711,-0.71842409,0.43704971,-0.07686545,-1.98397017,0.01101666,-3.74510837,-3.27867637,-3.63542327,-3.38836147,0.00000000
0.79154958,-0.12247351,-0.11294399,-0.71927569,0.43958941,-0.08800590,-1.97720878,0.01092042,-3.72076195,-3.28726496,-3.62104424,-3.38698267,0.00000000
0.79094523,-0.12183430,-0.11305998,-0.72010838,0.44259797,-0.10051721,-1.96955689,0.01082473,-3.69685291,-3.29572813,-3.60693207,-3.38564896,0.00000000
0.79035724,-0.12121565,-0.11317636,-0.72092859,0.44602200,-0.11434793,-1.96101269,0.01072957,-3.67368643,-3.30405574,-3.59329716,-3.38444501,0.00000000
0.78979097,-0.12062543,-0.11329425,-0.72174226,0.44977439,-0.12936898,-1.95161822,0.01063496,-3.65154071,-3.31223756,-3.58033098,-3.38344729,0.00000000
0.78925066,-0.12006986,-0.11341447,-0.72255420,0.45374266,-0.14538502,-1.94145642,0.01054088,-3.63063536,-3.32026435,-3.56818434,-3.38271536,0.00000000
0.78873905,-0.11955290,-0.11353748,-0.72336769,0.45780292,-0.16216004,-1.93063952,0.01044733,-3.61111053,-3.32812872,-3.55695307,-3.38228619,0.00000000
0.78825727,-0.11907615,-0.11366337,-0.72418443,0.46183492,-0.17944862,-1.91929276,0.01035432,-3.59302289,-3.33582565,-3.54667528,-3.38217326,0.00000000
0.78780510,-0.11863914,-0.11379192,-0.72500472,0.46573352,-0.19702288,-1.90753896,0.01026184,-3.57635711,-3.34335240,-3.53733947,-3.38237004,0.00000000
0.78738129,-0.11823996,-0.11392274,-0.72582783,0.46941452,-0.21468906,-1.89548774,0.01016989,-3.56104591,-3.35070822,-3.52889839,-3.38285574,0.00000000
0.78698402,-0.11787581,-0.11405528,-0.72665245,0.47281535,-0.23229335,-1.88323041,0.01007846,-3.54699118,-3.35789375,-3.52128364,-3.38360129,0.00000000
0.78661118,-0.11754351,-0.11418899,-0.72747699,0.47589253,-0.24972002,-1.87083928,0.00998757,-3.53408128,-3.36491062,-3.51441766,-3.38457423,0.00000000
0.78626063,-0.11723985,-0.11432334,-0.72829978,0.47861788,-0.26688569,-1.85836961,0.00989720,-3.52220301,-3.37176103,-3.50822199,-3.38574205,0.00000000
0.78593032,-0.11696175,-0.11445780,-0.72911927,0.48097457,-0.28373244,-1.84586254,0.00980735,-3.51124877,-3.37844750,-3.50262216,-3.38707411,0.00000000
0.78561839,-0.11670642,-0.11459195,-0.72993406,0.48295383,-0.30022143,-1.83334819,0.00971802,-3.50112017,-3.38497268,-3.49755018,-3.38854267,0.00000000
0.78532314,-0.11647137,-0.11472540,-0.73074292,0.48455235,-0.31632758,-1.82084837,0.00962921,-3.49172929,-3.39133927,-3.49294541,-3.39012315,0.00000000
0.78504310,-0.11625440,-0.11485781,-0.73154483,0.48577037,-0.33203549,-1.80837875,0.00954092,-3.48299867,-3.39754996,-3.48875450,-3.39179413,0.00000000
0.78477694,-0.11605358,-0.11498890,-0.73233892,0.48661029,-0.34733638,-1.79595056,0.00945315,-3.47486056,-3.40360739,-3.48493090,-3.39353705,0.00000000
0.78452353,-0.11586724,-0.11511845,-0.73312449,0.48707583,-0.36222589,-1.78357190,0.00936589,-3.46725591,-3.40951415,-3.48143411,-3.39533594,0.00000000
0.78428187,-0.11569393,-0.11524625,-0.73390095,0.48717130,-0.37670249,-1.77124865,0.00927915,-3.46013330,-3.41527278,-3.47822896,-3.39717712,0.00000000
0.78405108,-0.11553237,-0.11537215,-0.73466785,0.48690126,-0.39076641,-1.75898516,0.00919291,-3.45344791,-3.42088576,-3.47528487,-3.39904880,0.00000000
0.78383038,-0.11538145,-0.11549600,-0.73542482,0.48627023,-0.40441883,-1.74678477,0.00910719,-3.44716054,-3.42635553,-3.47257518,-3.40094090,0.00000000
0.78361909,-0.11524021,-0.11561770,-0.73617160,0.48528252,-0.41766141,-1.73465016,0.00902198,-3.44123683,-3.43168450,-3.47007659,-3.40284473,0.00000000
0.78341660,-0.11510780,-0.11573716,-0.73690795,0.48394214,-0.43049588,-1.72258363,0.00893728,-3.43564652,-3.43687502,-3.46776869,-3.40475285,0.00000000
0.78322238,-0.11498345,-0.11585431,-0.73763374,0.48225277,-0.44292380,-1.71058728,0.00885308,-3.43036286,-3.44192941,-3.46563347,-3.40665880,0.00000000
0.78303594,-0.11486650,-0.11596909,-0.73834885,0.48021768,-0.45494645,-1.69866313,0.00876939,-3.42536209,-3.44684999,-3.46365504,-3.40855704,0.00000000
0.78285684,-0.11475636,-0.11608146,-0.73905321,0.47783978,-0.46656465,-1.68681324,0.00868621,-3.42062300,-3.45163904,-3.46181926,-3.41044278,0.00000000
0.78268468,-0.11465249,-0.11619137,-0.73974681,0.47512161,-0.47777877,-1.67503981,0.00860353,-3.41612656,-3.45629880,-3.46011352,-3.41231184,0.00000000
0.78251911,-0.11455441,-0.11629882,-0.74042963,0.47206536,-0.48858864,-1.66334518,0.00852135,-3.41185564,-3.46083153,-3.45852653,-3.41416064,0.00000000
0.78235980,-0.11446170,-0.11640377,-0.74110169,0.46867288,-0.49899355,-1.65173188,0.00843968,-3.40779470,-3.46523944,-3.45704811,-3.41598603,0.00000000
0.78220644,-0.11437395,-0.11650623,-0.74176303,0.46494568,-0.50899222,-1.64020271,0.00835850,-3.40392960,-3.46952475,-3.45566905,-3.41778530,0.00000000
0.78205875,-0.11429080,-0.11660619,-0.74241370,0.46088501,-0.51858284,-1.62876070,0.00827783,-3.40024742,-3.47368964,-3.45438099,-3.41955607,0.00000000
0.78191647,-0.11421194,-0.11670364,-0.74305378,0.45649184,-0.52776306,-1.61740915,0.00819766,-3.39673624,-3.47773631,-3.45317626,-3.42129629,0.00000000
0.78177936,-0.11413704,-0.11679860,-0.74368333,0.45176685,-0.53652994,-1.60615166,0.00811798,-3.39338507,-3.48166691,-3.45204785,-3.42300414,0.00000000
0.78164717,-0.11406584,-0.11689107,-0.74430245,0.44671052,-0.54488005,-1.59499210,0.00803881,-3.39018367,-3.48548362,-3.45098925,-3.42467804,0.00000000
0.78151970,-0.11399807,-0.11698107,-0.74491122,0.44132309,-0.55280941,-1.58393467,0.00796013,-3.38712248,-3.48918858,-3.44999444,-3.42631661,0.00000000
0.78139673,-0.11393348,-0.11706860,-0.74550974,0.43560459,-0.56031351,-1.57298388,0.00788195,-3.38419251,-3.49278392,-3.44905780,-3.42791863,0.00000000
0.78127808,-0.11387184,-0.11715370,-0.74609811,0.42955486,-0.56738732,-1.56214455,0.00780426,-3.38138528,-3.49627178,-3.44817404,-3.42948302,0.00000000
0.78116354,-0.11381293,-0.11723638,-0.74667644,0.42317355,-0.57402529,-1.55142184,0.00772707,-3.37869270,-3.49965429,-3.44733816,-3.43100882,0.00000000
0.78105294,-0.11375654,-0.11731665,-0.74724482,0.41646012,-0.58022135,-1.54082125,0.00765038,-3.37610706,-3.50293354,-3.44654542,-3.43249518,0.00000000
0.78094610,-0.11370246,-0.11739455,-0.74780335,0.40941388,-0.58596891,-1.53034861,0.00757418,-3.37362094,-3.50611164,-3.44579127,-3.43394132,0.00000000
0.78084284,-0.11365051,-0.11747009,-0.74835215,0.40203393,-0.59126082,-1.52001015,0.00749847,-3.37122716,-3.50919070,-3.44507133,-3.43534653,0.00000000
0.78074300,-0.11360049,-0.11754330,-0.74889130,0.39431924,-0.59608940,-1.50981243,0.00742326,-3.36891873,-3.51217280,-3.44438134,-3.43671018,0.00000000
0.78064641,-0.11355222,-0.11761421,-0.74942090,0.38626858,-0.60044642,-1.49976242,0.00734854,-3.36668879,-3.51506002,-3.44371717,-3.43803164,0.00000000
0.78055291,-0.11350552,-0.11768284,-0.74994105,0.37788055,-0.60432306,-1.48986750,0.00727431,-3.36453059,-3.51785445,-3.44307472,-3.43931032,0.00000000
0.78046233,-0.11346020,-0.11774921,-0.75045184,0.36915359,-0.60770990,-1.48013543,0.00720058,-3.36243743,-3.52055816,-3.44244994,-3.44054565,0.00000000
0.78037450,-0.11341608,-0.11781336,-0.75095335,0.36008591,-0.61059687,-1.47057445,0.00712734,-3.36040261,-3.52317322,-3.44183878,-3.44173705,0.00000000
0.78028927,-0.11337298,-0.11787530,-0.75144566,0.35067556,-0.61297326,-1.46119324,0.00705459,-3.35841939,-3.52570171,-3.44123716,-3.44288394,0.00000000
0.78020648,-0.11333072,-0.11793507,-0.75192884,0.34092033,-0.61482764,-1.45200096,0.00698233,-3.35648096,-3.52814571,-3.44064096,-3.44398571,0.00000000
0.78012594,-0.11328911,-0.11799268,-0.75240296,0.33081781,-0.61614782,-1.44300731,0.00691057,-3.35458037,-3.53050728,-3.44004594,-3.44504171,0.00000000
0.78004749,-0.11324796,-0.11804816,-0.75286807,0.32036529,-0.61692080,-1.43422252,0.00683929,-3.35271047,-3.53278851,-3.43944775,-3.44605123,0.00000000
0.77997095,-0.11320706,-0.11810154,-0.75332423,0.30955980,-0.61713270,-1.42565742,0.00676850,-3.35086389,-3.53499149,-3.43884186,-3.44701352,0.00000000
0.77989615,-0.11316621,-0.11815284,-0.75377146,0.29839805,-0.61676868,-1.41732347,0.00669821,-3.34903297,-3.53711833,-3.43822357,-3.44792773,0.00000000
0.77982288,-0.11312518,-0.11820207,-0.75420980,0.28687636,-0.61581284,-1.40923281,0.00662840,-3.34720965,-3.53917114,-3.43758788,-3.44879291,0.00000000
0.77975096,-0.11308376,-0.11824926,-0.75463925,0.27499067,-0.61424813,-1.40139835,0.00655909,-3.34538546,-3.54115206,-3.43692953,-3.44960799,0.00000000
0.77968018,-0.11304168,-0.11829442,-0.75505983,0.26273645,-0.61205623,-1.39383380,0.00649026,-3.34355138,-3.54306326,-3.43624286,-3.45037178,0.00000000
0.77961032,-0.11299869,-0.11833757,-0.75547150,0.25010866,-0.60921738,-1.38655378,0.00642192,-3.34169777,-3.54490694,-3.43552181,-3.45108290,0.00000000
0.77954113,-0.11295450,-0.11837873,-0.75587423,0.23710166,-0.60571024,-1.37957391,0.00635407,-3.33981423,-3.54668533,-3.43475979,-3.45173977,0.00000000
0.77947238,-0.11290880,-0.11841790,-0.75626797,0.22370913,-0.60151164,-1.37291092,0.00628671,-3.33788950,-3.54840072,-3.43394960,-3.45234061,0.00000000
0.77940378,-0.11286125,-0.11845508,-0.75665263,0.20992396,-0.59659641,-1.36658281,0.00621983,-3.33591123,-3.55005546,-3.43308335,-3.45288335,0.00000000
0.77933504,-0.11281148,-0.11849029,-0.75702810,0.19573817,-0.59093705,-1.36060898,0.00615344,-3.33386587,-3.55165199,-3.43215228,-3.45336558,0.00000000
0.77926583,-0.11275906,-0.11852353,-0.75739424,0.18114273,-0.58450343,-1.35501045,0.00608754,-3.33173834,-3.55319281,-3.43114662,-3.45378453,0.00000000
0.77919580,-0.11270353,-0.11855477,-0.75775086,0.16612741,-0.57726234,-1.34981007,0.00602212,-3.32951179,-3.55468056,-3.43005539,-3.45413696,0.00000000
0.77912453,-0.11264437,-0.11858402,-0.75809773,0.15068059,-0.56917706,-1.34503285,0.00595719,-3.32716725,-3.55611802,-3.42886616,-3.45441911,0.00000000
0.77905157,-0.11258097,-0.11861125,-0.75843458,0.13478902,-0.56020677,-1.34070625,0.00589275,-3.32468310,-3.55750812,-3.42756470,-3.45462651,0.00000000
0.77897640,-0.11251263,-0.11863643,-0.75876104,0.11843752,-0.55030579,-1.33686066,0.00582878,-3.32203457,-3.55885402,-3.42613465,-3.45475393,0.00000000
0.77889843,-0.11243856,-0.11865952,-0.75907670,0.10160866,-0.53942277,-1.33352991,0.00576531,-3.31919296,-3.56015914,-3.42455699,-3.45479512,0.00000000
0.77881697,-0.11235782,-0.11868046,-0.75938102,0.08428232,-0.52749955,-1.33075191,0.00570231,-3.31612469,-3.56142725,-3.42280935,-3.45474259,0.00000000
0.77873119,-0.11226929,-0.11869919,-0.75967333,0.06643519,-0.51446983,-1.32856953,0.00563980,-3.31279003,-3.56266251,-3.42086523,-3.45458732,0.00000000
0.77864012,-0.11217164,-0.11871560,-0.75995284,0.04804009,-0.50025745,-1.32703166,0.00557777,-3.30914144,-3.56386967,-3.41869280,-3.45431831,0.00000000
0.77854261,-0.11206325,-0.11872957,-0.76021851,0.02906517,-0.48477416,-1.32619455,0.00551623,-3.30512123,-3.56505415,-3.41625338,-3.45392200,0.00000000
0.77843720,-0.11194213,-0.11874095,-0.76046906,0.00947292,-0.46791686,-1.32612369,0.00545516,-3.30065845,-3.56622231,-3.41349926,-3.45338150,0.00000000
0.77832212,-0.11180578,-0.11874952,-0.76070285,-0.01078118,-0.44956385,-1.32689611,0.00539457,-3.29566438,-3.56738177,-3.41037070,-3.45267545,0.00000000
0.77819510,-0.11165102,-0.11875501,-0.76091776,-0.03175028,-0.42957002,-1.32860369,0.00533446,-3.29002610,-3.56854184,-3.40679155,-3.45177640,0.00000000
0.77805319,-0.11147372,-0.11875704,-0.76111099,-0.05349827,-0.40776034,-1.33135742,0.00527484,-3.28359688,-3.56971421,-3.40266271,-3.45064838,0.00000000
0.77789250,-0.11126838,-0.11875512,-0.76127876,-0.07610237,-0.38392125,-1.33529352,0.00521568,-3.27618153,-3.57091398,-3.39785226,-3.44924326,0.00000000
0.77770770,-0.11102749,-0.11874853,-0.76141591,-0.09965634,-0.35778911,-1.34058174,0.00515701,-3.26751333,-3.57216125,-3.39217972,-3.44749487,0.00000000
0.77749131,-0.11074043,-0.11873628,-0.76151505,-0.12427377,-0.32903511,-1.34743716,0.00509881,-3.25721605,-3.57348380,-3.38539037,-3.44530949,0.00000000
0.77723235,-0.11039169,-0.11871688,-0.76156537,-0.15009033,-0.29724708,-1.35613616,0.00504109,-3.24473906,-3.57492153,-3.37711116,-3.44254942,0.00000000
0.77691412,-0.10995753,-0.11868803,-0.76155028,-0.17726014,-0.26191287,-1.36703664,0.00498384,-3.22924104,-3.57653450,-3.36677187,-3.43900367,0.00000000
0.77650980,-0.10939987,-0.11864606,-0.76144308,-0.20593156,-0.22242691,-1.38059566,0.00492706,-3.20937223,-3.57841779,-3.35345722,-3.43433280,0.00000000
0.77597421,-0.10865443,-0.11858473,-0.76119871,-0.23615285,-0.17820493,-1.39734910,0.00487076,-3.18285486,-3.58072984,-3.33562208,-3.42796262,0.00000000
0.77522852,-0.10760897,-0.11849318,-0.76073847,-0.26754622,-0.12922259,-1.41769897,0.00481492,-3.14571267,-3.58374331,-3.31056795,-3.41888803,0.00000000
0.77414265,-0.10607793,-0.11835355,-0.75993239,-0.29829663,-0.07800108,-1.44093896,0.00475956,-3.09137517,-3.58789932,-3.27383292,-3.40544158,0.00000000
0.77258281,-0.10386942,-0.11814778,-0.75864679,-0.32325156,-0.03419818,-1.46256367,0.00470466,-3.01305672,-3.59362486,-3.22080034,-3.38588123,0.00000000
0.77065396,-0.10113032,-0.11789095,-0.75698675,-0.33676838,-0.01108215,-1.47494733,0.00465023,-2.91598520,-3.60048930,-3.15499648,-3.36147802,0.00000000
0.76863707,-0.09825936,-0.11762201,-0.75523334,-0.34247338,-0.00388645,-1.47923006,0.00459627,-2.81429763,-3.60748415,-3.08600371,-3.33577807,0.00000000
0.76662351,-0.09538660,-0.11735353,-0.75347805,-0.34578380,-0.00195551,-1.48065002,0.00454277,-2.71260232,-3.61429279,-3.01694931,-3.30994580,0.00000000
0.76462248,-0.09252525,-0.11708676,-0.75173017,-0.34853836,-0.00143702,-1.48122068,0.00448974,-2.61136615,-3.62088606,-2.94815099,-3.28410123,0.00000000
0.76263463,-0.08967631,-0.11682177,-0.74999047,-0.35121971,-0.00129965,-1.48149056,0.00443717,-2.51062474,-3.62726398,-2.87963366,-3.25825506,0.00000000
0.76065990,-0.08683978,-0.11655853,-0.74825899,-0.35395497,-0.00126806,-1.48160771,0.00438506,-2.41037728,-3.63342893,-2.81139748,-3.23240873,0.00000000
0.75869816,-0.08401552,-0.11629702,-0.74653568,-0.35677776,-0.00126684,-1.48161381,0.00433341,-2.31061846,-3.63938358,-2.74343955,-3.20656249,0.00000000
0.75674923,-0.08120336,-0.11603719,-0.74482047,-0.35969636,-0.00127474,-1.48152166,0.00428221,-2.21134177,-3.64513061,-2.67575612,-3.18071626,0.00000000
0.75481292,-0.07840311,-0.11577901,-0.74311327,-0.36271194,-0.00128561,-1.48133609,0.00423148,-2.11254000,-3.65067272,-2.60834297,-3.15486975,0.00000000
0.75288904,-0.07561456,-0.11552245,-0.74141397,-0.36582363,-0.00129759,-1.48105967,0.00418119,-2.01420545,-3.65601258,-2.54119552,-3.12902251,0.00000000
0.75097739,-0.07283750,-0.11526745,-0.73972248,-0.36902991,-0.00131014,-1.48069430,0.00413136,-1.91632999,-3.66115285,-2.47430889,-3.10317395,0.00000000
0.74907776,-0.07007169,-0.11501399,-0.73803867,-0.37232908,-0.00132306,-1.48024175,0.00408199,-1.81890515,-3.66609615,-2.40767795,-3.07732336,0.00000000
0.74718995,-0.06731690,-0.11476202,-0.73636241,-0.37571932,-0.00133629,-1.47970372,0.00403306,-1.72192216,-3.67084508,-2.34129734,-3.05146990,0.00000000
0.74531374,-0.06457288,-0.11451151,-0.73469359,-0.37919880,-0.00134979,-1.47908193,0.00398458,-1.62537200,-3.67540217,-2.27516153,-3.02561264,0.00000000
0.74344892,-0.06183938,-0.11426241,-0.73303207,-0.38276565,-0.00136355,-1.47837810,0.00393655,-1.52924548,-3.67976992,-2.20926484,-2.99975056,0.00000000
0.74159525,-0.05911615,-0.11401470,-0.73137771,-0.38641799,-0.00137756,-1.47759395,0.00388896,-1.43353324,-3.68395079,-2.14360149,-2.97388254,0.00000000
0.73975253,-0.05640294,-0.11376834,-0.72973036,-0.39015394,-0.00139181,-1.47673124,0.00384182,-1.33822585,-3.68794716,-2.07816558,-2.94800743,0.00000000
0.73792053,-0.05369947,-0.11352328,-0.72808990,-0.39397161,-0.00140627,-1.47579168,0.00379512,-1.24331381,-3.69176138,-2.01295119,-2.92212401,0.00000000
0.73609904,-0.05100550,-0.11327949,-0.72645618,-0.39786912,-0.00142096,-1.47477703,0.00374885,-1.14878762,-3.69539573,-1.94795235,-2.89623099,0.00000000
0.73428783,-0.04832075,-0.11303694,-0.72482906,-0.40184457,-0.00143584,-1.47368900,0.00370303,-1.05463777,-3.69885242,-1.88316311,-2.87032709,0.00000000
0.73248670,-0.04564498,-0.11279560,-0.72320839,-0.40589609,-0.00145091,-1.47252933,0.00365764,-0.96085483,-3.70213363,-1.81857750,-2.84441096,0.00000000
0.73069542,-0.04297792,-0.11255542,-0.72159404,-0.41002182,-0.00146617,-1.47129972,0.00361268,-0.86742943,-3.70524145,-1.75418962,-2.81848126,0.00000000
0.72891380,-0.04031932,-0.11231638,-0.71998587,-0.41421991,-0.00148160,-1.47000186,0.00356816,-0.77435232,-3.70817791,-1.68999361,-2.79253663,0.00000000
0.72714162,-0.03766893,-0.11207845,-0.71838374,-0.41848853,-0.00149719,-1.46863744,0.00352407,-0.68161439,-3.71094501,-1.62598370,-2.76657570,0.00000000
0.72537867,-0.03502650,-0.11184159,-0.71678752,-0.42282585,-0.00151292,-1.46720811,0.00348040,-0.58920667,-3.71354466,-1.56215419,-2.74059713,0.00000000
0.72362477,-0.03239178,-0.11160578,-0.71519707,-0.42723008,-0.00152880,-1.46571551,0.00343716,-0.49712037,-3.71597871,-1.49849951,-2.71459956,0.00000000
0.72187973,-0.02976455,-0.11137098,-0.71361228,-0.43169945,-0.00154480,-1.46416125,0.00339434,-0.40534689,-3.71824897,-1.43501419,-2.68858166,0.00000000
0.72014334,-0.02714456,-0.11113718,-0.71203301,-0.43623221,-0.00156093,-1.46254693,0.00335194,-0.31387785,-3.72035717,-1.37169288,-2.66254214,0.00000000
0.71841543,-0.02453159,-0.11090433,-0.71045915,-0.44082663,-0.00157717,-1.46087411,0.00330997,-0.22270506,-3.72230501,-1.30853038,-2.63647969,0.00000000
0.71669583,-0.02192543,-0.11067243,-0.70889058,-0.44548101,-0.00159351,-1.45914433,0.00326841,-0.13182059,-3.72409412,-1.24552163,-2.61039309,0.00000000
0.71498435,-0.01932585,-0.11044143,-0.70732718,-0.45019368,-0.00160994,-1.45735909,0.00322726,-0.04121674,-3.72572608,-1.18266172,-2.58428110,0.00000000
0.71328083,-0.01673265,-0.11021133,-0.70576886,-0.45496299,-0.00162645,-1.45551988,0.00318653,0.04911396,-3.72720240,-1.11994589,-2.55814255,0.00000000
0.71158512,-0.01414563,-0.10998208,-0.70421551,-0.45978732,-0.00164304,-1.45362816,0.00314621,0.13917871,-3.72852458,-1.05736956,-2.53197631,0.00000000
0.70989705,-0.01156460,-0.10975369,-0.70266702,-0.46466509,-0.00165969,-1.45168534,0.00310630,0.22898445,-3.72969404,-0.99492830,-2.50578129,0.00000000
0.70821648,-0.00898938,-0.10952611,-0.70112331,-0.46959473,-0.00167639,-1.44969283,0.00306679,0.31853788,-3.73071216,-0.93261785,-2.47955644,0.00000000
0.70654326,-0.00641978,-0.10929934,-0.69958429,-0.47457472,-0.00169315,-1.44765199,0.00302768,0.40784541,-3.73158029,-0.87043412,-2.45330076,0.00000000
0.70487725,-0.00385563,-0.10907336,-0.69804986,-0.47960354,-0.00170995,-1.44556415,0.00298898,0.49691320,-3.73229973,-0.80837322,-2.42701331,0.00000000
0.70321832,-0.00129677,-0.10884814,-0.69651996,-0.48467972,-0.00172677,-1.44343063,0.00295068,0.58574715,-3.73287173,-0.74643138,-2.40069320,0.00000000
0.70156634,0.00125696,-0.10862367,-0.69499449,-0.48980182,-0.00174363,-1.44125270,0.00291277,0.67435290,-3.73329752,-0.68460505,-2.37433958,0.00000000
0.69992120,0.00380570,-0.10839994,-0.69347340,-0.49496842,-0.00176049,-1.43903161,0.00287525,0.76273580,-3.73357830,-0.62289083,-2.34795167,0.00000000
0.69828276,0.00634960,-0.10817692,-0.69195662,-0.50017813,-0.00177737,-1.43676857,0.00283813,0.85090097,-3.73371520,-0.56128549,-2.32152874,0.00000000
0.69665094,0.00888880,-0.10795461,-0.69044408,-0.50542960,-0.00179425,-1.43446479,0.00280140,0.93885325,-3.73370936,-0.49978600,-2.29507011,0.00000000
0.69502561,0.01142341,-0.10773299,-0.68893572,-0.51072147,-0.00181112,-1.43212141,0.00276505,1.02659724,-3.73356186,-0.43838945,-2.26857517,0.00000000
0.69340668,0.01395357,-0.10751205,-0.68743149,-0.51605246,-0.00182798,-1.42973959,0.00272909,1.11413729,-3.73327378,-0.37709315,-2.24204334,0.00000000
0.69179405,0.01647937,-0.10729178,-0.68593135,-0.52142127,-0.00184482,-1.42732042,0.00269351,1.20147748,-3.73284615,-0.31589453,-2.21547413,0.00000000
0.69018763,0.01900094,-0.10707216,-0.68443523,-0.52682666,-0.00186164,-1.42486499,0.00265830,1.28862168,-3.73227998,-0.25479122,-2.18886708,0.00000000
0.68858733,0.02151837,-0.10685319,-0.68294311,-0.53226740,-0.00187842,-1.42237436,0.00262348,1.37557349,-3.73157628,-0.19378099,-2.16222179,0.00000000
0.68699309,0.02403175,-0.10663485,-0.68145494,-0.53774228,-0.00189517,-1.41984954,0.00258903,1.46233630,-3.73073601,-0.13286176,-2.13553794,0.00000000
0.68540481,0.02654117,-0.10641714,-0.67997070,-0.54325012,-0.00191187,-1.41729156,0.00255495,1.54891325,-3.72976012,-0.07203163,-2.10881524,0.00000000
0.68382243,0.02904671,-0.10620005,-0.67849034,-0.54878978,-0.00192851,-1.41470139,0.00252124,1.63530726,-3.72864956,-0.01128884,-2.08205346,0.00000000
0.68224588,0.03154845,-0.10598357,-0.67701384,-0.55436012,-0.00194511,-1.41207998,0.00248789,1.72152105,-3.72740525,0.04936824,-2.05525244,0.00000000
0.68067510,0.03404644,-0.10576769,-0.67554118,-0.55996003,-0.00196163,-1.40942828,0.00245491,1.80755710,-3.72602809,0.10994106,-2.02841205,0.00000000
0.67911002,0.03654076,-0.10555242,-0.67407233,-0.56558843,-0.00197810,-1.40674719,0.00242229,1.89341769,-3.72451897,0.17043095,-2.00153223,0.00000000
0.67755060,0.03903146,-0.10533773,-0.67260728,-0.57124424,-0.00199448,-1.40403760,0.00239003,1.97910492,-3.72287879,0.23083911,-1.97461298,0.00000000
0.67599678,0.04151859,-0.10512363,-0.67114602,-0.57692644,-0.00201079,-1.40130038,0.00235813,2.06462065,-3.72110842,0.29116657,-1.94765434,0.00000000
0.67444851,0.04400219,-0.10491012,-0.66968854,-0.58263399,-0.00202702,-1.39853638,0.00232658,2.14996657,-3.71920872,0.35141426,-1.92065640,0.00000000
0.67290575,0.04648231,-0.10469718,-0.66823481,-0.58836589,-0.00204315,-1.39574643,0.00229537,2.23514419,-3.71718054,0.41158296,-1.89361932,0.00000000
0.67136846,0.04895897,-0.10448481,-0.66678485,-0.59412116,-0.00205919,-1.39293133,0.00226452,2.32015481,-3.71502475,0.47167335,-1.86654329,0.00000000
0.66983661,0.05143222,-0.10427302,-0.66533865,-0.59989883,-0.00207514,-1.39009187,0.00223401,2.40499959,-3.71274220,0.53168595,-1.83942856,0.00000000
0.66831015,0.05390206,-0.10406180,-0.66389620,-0.60569795,-0.00209098,-1.38722883,0.00220385,2.48967948,-3.71033371,0.59162119,-1.81227543,0.00000000
0.66678907,0.05636852,-0.10385114,-0.66245750,-0.61151761,-0.00210671,-1.38434296,0.00217403,2.57419529,-3.70780015,0.65147938,-1.78508424,0.00000000
0.66527332,0.05883161,-0.10364105,-0.66102258,-0.61735687,-0.00212233,-1.38143499,0.00214454,2.65854765,-3.70514234,0.71126071,-1.75785539,0.00000000
0.66376289,0.06129135,-0.10343153,-0.65959142,-0.62321486,-0.00213784,-1.37850565,0.00211539,2.74273705,-3.70236112,0.77096525,-1.73058933,0.00000000
0.66225776,0.06374774,-0.10322256,-0.65816404,-0.62909068,-0.00215322,-1.37555564,0.00208657,2.82676380,-3.69945735,0.83059299,-1.70328654,0.00000000
0.66075790,0.06620078,-0.10301416,-0.65674045,-0.63498348,-0.00216849,-1.37258564,0.00205808,2.91062808,-3.69643185,0.89014378,-1.67594755,0.00000000
0.65926330,0.06865046,-0.10280632,-0.65532066,-0.64089239,-0.00218362,-1.36959634,0.00202992,2.99432994,-3.69328548,0.94961741,-1.64857294,0.00000000
0.65777395,0.07109678,-0.10259905,-0.65390469,-0.64681660,-0.00219862,-1.36658839,0.00200208,3.07786926,-3.69001907,1.00901353,-1.62116335,0.00000000
0.65628983,0.07353973,-0.10239233,-0.65249255,-0.65275527,-0.00221349,-1.36356243,0.00197456,3.16124580,-3.68663349,1.06833173,-1.59371942,0.00000000
0.65481093,0.07597928,-0.10218618,-0.65108427,-0.65870761,-0.00222821,-1.36051909,0.00194736,3.24445919,-3.68312958,1.12757148,-1.56624188,0.00000000
0.65333726,0.07841543,-0.10198060,-0.64967986,-0.66467280,-0.00224280,-1.35745901,0.00192048,3.32750893,-3.67950822,1.18673217,-1.53873146,0.00000000
0.65186880,0.08084815,-0.10177558,-0.64827935,-0.67065008,-0.00225724,-1.35438277,0.00189391,3.41039439,-3.67577025,1.24581311,-1.51118898,0.00000000
0.65040555,0.08327741,-0.10157113,-0.64688275,-0.67663868,-0.00227153,-1.35129099,0.00186765,3.49311483,-3.67191657,1.30481352,-1.48361525,0.00000000
0.64894751,0.08570318,-0.10136725,-0.64549010,-0.68263783,-0.00228567,-1.34818423,0.00184170,3.57566941,-3.66794804,1.36373252,-1.45601116,0.00000000
0.64749469,0.08812543,-0.10116395,-0.64410143,-0.68864678,-0.00229965,-1.34506307,0.00181606,3.65805713,-3.66386557,1.42256918,-1.42837761,0.00000000
0.64604708,0.09054411,-0.10096122,-0.64271674,-0.69466481,-0.00231348,-1.34192807,0.00179072,3.74027693,-3.65967004,1.48132245,-1.40071556,0.00000000
0.64460469,0.09295920,-0.10075906,-0.64133609,-0.70069119,-0.00232715,-1.33877978,0.00176568,3.82232763,-3.65536236,1.53999126,-1.37302599,0.00000000
0.64316752,0.09537065,-0.10055749,-0.63995949,-0.70672520,-0.00234065,-1.33561875,0.00174094,3.90420793,-3.65094346,1.59857441,-1.34530993,0.00000000
0.64173560,0.09777841,-0.10035650,-0.63858699,-0.71276614,-0.00235399,-1.33244550,0.00171649,3.98591645,-3.64641425,1.65707066,-1.31756845,0.00000000
0.64030892,0.10018243,-0.10015611,-0.63721860,-0.71881332,-0.00236716,-1.32926055,0.00169233,4.06745172,-3.64177567,1.71547869,-1.28980264,0.00000000
0.63888750,0.10258267,-0.09995630,-0.63585437,-0.72486604,-0.00238016,-1.32606441,0.00166847,4.14881216,-3.63702868,1.77379712,-1.26201364,0.00000000
0.63747134,0.10497905,-0.09975709,-0.63449433,-0.73092363,-0.00239299,-1.32285760,0.00164489,4.22999611,-3.63217423,1.83202450,-1.23420262,0.00000000
0.63606048,0.10737154,-0.09955848,-0.63313851,-0.73698543,-0.00240565,-1.31964060,0.00162160,4.31100182,-3.62721329,1.89015931,-1.20637078,0.00000000
0.63465491,0.10976006,-0.09936047,-0.63178696,-0.74305077,-0.00241812,-1.31641390,0.00159858,4.39182746,-3.62214685,1.94819997,-1.17851936,0.00000000
0.63325466,0.11214456,-0.09916307,-0.63043971,-0.74911900,-0.00243042,-1.31317798,0.00157585,4.47247111,-3.61697590,2.00614484,-1.15064964,0.00000000
0.63185975,0.11452497,-0.09896628,-0.62909679,-0.75518948,-0.00244254,-1.30993332,0.00155339,4.55293078,-3.61170145,2.06399223,-1.12276291,0.00000000
0.63047019,0.11690122,-0.09877011,-0.62775825,-0.76126156,-0.00245448,-1.30668038,0.00153121,4.63320440,-3.60632453,2.12174038,-1.09486051,0.00000000
0.62908601,0.11927324,-0.09857457,-0.62642412,-0.76733463,-0.00246623,-1.30341961,0.00150930,4.71328983,-3.60084616,2.17938748,-1.06694381,0.00000000
0.62770722,0.12164097,-0.09837965,-0.62509445,-0.77340806,-0.00247780,-1.30015148,0.00148766,4.79318485,-3.59526740,2.23693166,-1.03901421,0.00000000
0.62633385,0.12400432,-0.09818536,-0.62376928,-0.77948124,-0.00248919,-1.29687642,0.00146629,4.87288719,-3.58958931,2.29437101,-1.01107314,0.00000000
0.62496593,0.12636321,-0.09799171,-0.62244865,-0.78555355,-0.00250038,-1.29359488,0.00144518,4.95239447,-3.58381297,2.35170356,-0.98312206,0.00000000
0.62360348,0.12871758,-0.09779871,-0.62113260,-0.79162439,-0.00251138,-1.29030729,0.00142433,5.03170431,-3.57793948,2.40892728,-0.95516245,0.00000000
0.62224652,0.13106734,-0.09760635,-0.61982117,-0.79769317,-0.00252220,-1.28701407,0.00140373,5.11081420,-3.57196992,2.46604012,-0.92719584,0.00000000
0.62089507,0.13341240,-0.09741465,-0.61851440,-0.80375929,-0.00253282,-1.28371566,0.00138340,5.18972161,-3.56590544,2.52303995,-0.89922378,0.00000000
0.61954918,0.13575268,-0.09722361,-0.61721235,-0.80982218,-0.00254325,-1.28041246,0.00136332,5.26842394,-3.55974716,2.57992461,-0.87124783,0.00000000
0.61820886,0.13808810,-0.09703324,-0.61591506,-0.81588125,-0.00255349,-1.27710489,0.00134349,5.34691854,-3.55349623,2.63669191,-0.84326960,0.00000000
0.61687414,0.14041856,-0.09684354,-0.61462256,-0.82193592,-0.00256353,-1.27379337,0.00132391,5.42520269,-3.54715383,2.69333959,-0.81529073,0.00000000
0.61554506,0.14274398,-0.09665452,-0.61333490,-0.82798564,-0.00257338,-1.27047829,0.00130458,5.50327363,-3.54072113,2.74986537,-0.78731287,0.00000000
0.61422163,0.14506426,-0.09646618,-0.61205214,-0.83402984,-0.00258304,-1.26716005,0.00128549,5.58112853,-3.53419933,2.80626691,-0.75933771,0.00000000
0.61290391,0.14737932,-0.09627853,-0.61077431,-0.84006795,-0.00259249,-1.26383904,0.00126664,5.65876454,-3.52758965,2.86254183,-0.73136694,0.00000000
0.61159190,0.14968904,-0.09609158,-0.60950146,-0.84609943,-0.00260176,-1.26051567,0.00124803,5.73617874,-3.52089331,2.91868775,-0.70340232,0.00000000
0.61028565,0.15199335,-0.09590534,-0.60823364,-0.85212373,-0.00261082,-1.25719031,0.00122965,5.81336816,-3.51411156,2.97470220,-0.67544560,0.00000000
0.60898519,0.15429213,-0.09571980,-0.60697089,-0.85814030,-0.00261969,-1.25386334,0.00121152,5.89032979,-3.50724565,3.03058270,-0.64749856,0.00000000
0.60769056,0.15658529,-0.09553498,-0.60571327,-0.86414860,-0.00262836,-1.25053516,0.00119361,5.96706059,-3.50029687,3.08632674,-0.61956302,0.00000000
0.60640177,0.15887272,-0.09535088,-0.60446081,-0.87014809,-0.00263683,-1.24720613,0.00117593,6.04355746,-3.49326650,3.14193176,-0.59164080,0.00000000
0.60511888,0.16115433,-0.09516752,-0.60321356,-0.87613825,-0.00264510,-1.24387663,0.00115848,6.11981726,-3.48615586,3.19739517,-0.56373377,0.00000000
0.60384191,0.16343001,-0.09498488,-0.60197158,-0.88211854,-0.00265318,-1.24054703,0.00114125,6.19583682,-3.47896626,3.25271437,-0.53584380,0.00000000
0.60257090,0.16569965,-0.09480300,-0.60073490,-0.88808845,-0.00266106,-1.23721770,0.00112425,6.27161293,-3.47169905,3.30788669,-0.50797280,0.00000000
0.60130588,0.16796314,-0.09462186,-0.59950358,-0.89404745,-0.00266875,-1.23388899,0.00110747,6.34714235,-3.46435557,3.36290947,-0.48012269,0.00000000
0.60004688,0.17022039,-0.09444148,-0.59827767,-0.89999502,-0.00267623,-1.23056127,0.00109090,6.42242178,-3.45693721,3.41777998,-0.45229542,0.00000000
0.59879396,0.17247127,-0.09426186,-0.59705721,-0.90593066,-0.00268352,-1.22723491,0.00107455,6.49744791,-3.44944535,3.47249550,-0.42449294,0.00000000
0.59754713,0.17471568,-0.09408301,-0.59584225,-0.91185384,-0.00269062,-1.22391024,0.00105842,6.57221739,-3.44188139,3.52705325,-0.39671726,0.00000000
0.59630644,0.17695350,-0.09390494,-0.59463283,-0.91776408,-0.00269751,-1.22058764,0.00104249,6.64672683,-3.43424675,3.58145045,-0.36897037,0.00000000
0.59507192,0.17918462,-0.09372765,-0.59342901,-0.92366085,-0.00270422,-1.21726745,0.00102677,6.72097283,-3.42654286,3.63568429,-0.34125431,0.00000000
0.59384362,0.18140893,-0.09355116,-0.59223084,-0.92954368,-0.00271073,-1.21395002,0.00101126,6.79495195,-3.41877117,3.68975190,-0.31357112,0.00000000
0.59262156,0.18362631,-0.09337546,-0.59103836,-0.93541205,-0.00271704,-1.21063570,0.00099595,6.86866071,-3.41093314,3.74365045,-0.28592287,0.00000000
0.59140578,0.18583664,-0.09320057,-0.58985161,-0.94126548,-0.00272316,-1.20732482,0.00098085,6.94209563,-3.40303026,3.79737702,-0.25831165,0.00000000
0.59019633,0.18803982,-0.09302649,-0.58867066,-0.94710347,-0.00272909,-1.20401774,0.00096594,7.01525318,-3.39506401,3.85092872,-0.23073955,0.00000000
0.58899324,0.19023571,-0.09285323,-0.58749554,-0.95292554,-0.00273483,-1.20071480,0.00095124,7.08812983,-3.38703592,3.90430260,-0.20320869,0.00000000
0.58779654,0.19242420,-0.09268080,-0.58632630,-0.95873121,-0.00274038,-1.19741633,0.00093672,7.16072199,-3.37894749,3.95749573,-0.17572122,0.00000000
0.58660628,0.19460517,-0.09250920,-0.58516300,-0.96451999,-0.00274574,-1.19412267,0.00092241,7.23302610,-3.37080027,4.01050512,-0.14827929,0.00000000
0.58542250,0.19677851,-0.09233845,-0.58400567,-0.97029141,-0.00275092,-1.19083416,0.00090828,7.30503854,-3.36259582,4.06332779,-0.12088507,0.00000000
0.58424523,0.19894407,-0.09216854,-0.58285437,-0.97604499,-0.00275590,-1.18755112,0.00089434,7.37675567,-3.35433570,4.11596072,-0.09354075,0.00000000
0.58307451,0.20110176,-0.09199948,-0.58170915,-0.98178025,-0.00276070,-1.18427390,0.00088059,7.44817387,-3.34602148,4.16840090,-0.06624852,0.00000000
0.58191037,0.20325143,-0.09183129,-0.58057004,-0.98749674,-0.00276532,-1.18100283,0.00086702,7.51928946,-3.33765478,4.22064528,-0.03901060,0.00000000
0.58075287,0.20539297,-0.09166397,-0.57943710,-0.99319398,-0.00276975,-1.17773822,0.00085364,7.59009877,-3.32923718,4.27269081,-0.01182922,0.00000000
0.57960203,0.20752626,-0.09149752,-0.57831038,-0.99887151,-0.00277400,-1.17448041,0.00084043,7.66059810,-3.32077032,4.32453442,0.01529336,0.00000000
0.57845789,0.20965116,-0.09133196,-0.57718992,-1.00452887,-0.00277808,-1.17122973,0.00082741,7.73078375,-3.31225583,4.37617301,0.04235491,0.00000000
0.57732050,0.21176755,-0.09116728,-0.57607577,-1.01016560,-0.00278197,-1.16798650,0.00081456,7.80065201,-3.30369536,4.42760351,0.06935313,0.00000000
0.57618988,0.21387531,-0.09100351,-0.57496798,-1.01578124,-0.00278569,-1.16475103,0.00080189,7.87019913,-3.29509057,4.47882279,0.09628577,0.00000000
0.57506609,0.21597431,-0.09084064,-0.57386659,-1.02137534,-0.00278923,-1.16152367,0.00078939,7.93942138,-3.28644313,4.52982774,0.12315051,0.00000000
0.57394915,0.21806442,-0.09067868,-0.57277165,-1.02694745,-0.00279260,-1.15830472,0.00077706,8.00831502,-3.27775473,4.58061524,0.14994505,0.00000000
0.57283911,0.22014551,-0.09051765,-0.57168320,-1.03249713,-0.00279580,-1.15509450,0.00076490,8.07687628,-3.26902705,4.63118214,0.17666709,0.00000000
0.57173600,0.22221746,-0.09035753,-0.57060129,-1.03802392,-0.00279883,-1.15189333,0.00075291,8.14510140,-3.26026182,4.68152530,0.20331428,0.00000000
0.57063986,0.22428013,-0.09019835,-0.56952596,-1.04352740,-0.00280169,-1.14870153,0.00074108,8.21298662,-3.25146074,4.73164157,0.22988431,0.00000000
0.56955074,0.22633340,-0.09004012,-0.56845727,-1.04900710,-0.00280439,-1.14551941,0.00072941,8.28052816,-3.24262555,4.78152779,0.25637482,0.00000000
0.56846866,0.22837714,-0.08988283,-0.56739525,-1.05446261,-0.00280692,-1.14234730,0.00071791,8.34772225,-3.23375799,4.83118079,0.28278347,0.00000000
0.56739366,0.23041121,-0.08972649,-0.56633995,-1.05989348,-0.00280929,-1.13918549,0.00070656,8.41456510,-3.22485980,4.88059741,0.30910789,0.00000000
0.56632579,0.23243550,-0.08957111,-0.56529141,-1.06529929,-0.00281150,-1.13603430,0.00069538,8.48105294,-3.21593275,4.92977447,0.33534572,0.00000000
0.56526508,0.23444986,-0.08941670,-0.56424968,-1.07067960,-0.00281355,-1.13289404,0.00068435,8.54718199,-3.20697860,4.97870880,0.36149459,0.00000000
0.56421156,0.23645417,-0.08926327,-0.56321480,-1.07603400,-0.00281544,-1.12976502,0.00067347,8.61294847,-3.19799913,5.02739723,0.38755211,0.00000000
0.56316528,0.23844830,-0.08911082,-0.56218682,-1.08136205,-0.00281719,-1.12664755,0.00066274,8.67834862,-3.18899613,5.07583658,0.41351591,0.00000000
0.56212627,0.24043212,-0.08895936,-0.56116578,-1.08666334,-0.00281878,-1.12354194,0.00065217,8.74337865,-3.17997139,5.12402367,0.43938359,0.00000000
0.56109456,0.24240550,-0.08880889,-0.56015171,-1.09193745,-0.00282022,-1.12044848,0.00064174,8.80803480,-3.17092671,5.17195533,0.46515277,0.00000000
0.56007020,0.24436830,-0.08865942,-0.55914467,-1.09718397,-0.00282152,-1.11736749,0.00063146,8.87231333,-3.16186390,5.21962838,0.49082104,0.00000000
0.55905321,0.24632040,-0.08851096,-0.55814469,-1.10240248,-0.00282267,-1.11429926,0.00062132,8.93621046,-3.15278478,5.26703966,0.51638603,0.00000000
0.55804364,0.24826167,-0.08836352,-0.55715182,-1.10759259,-0.00282368,-1.11124410,0.00061133,8.99972248,-3.14369116,5.31418601,0.54184531,0.00000000
0.55704152,0.25019198,-0.08821710,-0.55616610,-1.11275387,-0.00282455,-1.10820230,0.00060148,9.06284563,-3.13458488,5.36106425,0.56719650,0.00000000
0.55604688,0.25211120,-0.08807171,-0.55518756,-1.11788594,-0.00282528,-1.10517417,0.00059177,9.12557621,-3.12546776,5.40767125,0.59243719,0.00000000
0.55505977,0.25401919,-0.08792735,-0.55421625,-1.12298838,-0.00282588,-1.10215999,0.00058220,9.18791050,-3.11634165,5.45400385,0.61756499,0.00000000
0.55408020,0.25591583,-0.08778403,-0.55325221,-1.12806082,-0.00282635,-1.09916008,0.00057276,9.24984481,-3.10720839,5.50005892,0.64257750,0.00000000
0.55310823,0.25780100,-0.08764177,-0.55229547,-1.13310285,-0.00282668,-1.09617471,0.00056346,9.31137547,-3.09806981,5.54583334,0.66747232,0.00000000
0.55214387,0.25967455,-0.08750055,-0.55134608,-1.13811408,-0.00282689,-1.09320419,0.00055429,9.37249881,-3.08892778,5.59132398,0.69224706,0.00000000
0.55118717,0.26153637,-0.08736039,-0.55040407,-1.14309413,-0.00282698,-1.09024879,0.00054525,9.43321119,-3.07978414,5.63652774,0.71689932,0.00000000
0.55023816,0.26338633,-0.08722131,-0.54946949,-1.14804262,-0.00282694,-1.08730882,0.00053635,9.49350899,-3.07064074,5.68144153,0.74142672,0.00000000
0.54929686,0.26522429,-0.08708329,-0.54854236,-1.15295917,-0.00282678,-1.08438456,0.00052757,9.55338861,-3.06149944,5.72606227,0.76582689,0.00000000
0.54836332,0.26705014,-0.08694635,-0.54762273,-1.15784341,-0.00282651,-1.08147629,0.00051892,9.61284646,-3.05236210,5.77038691,0.79009744,0.00000000
0.54743756,0.26886375,-0.08681049,-0.54671063,-1.16269495,-0.00282612,-1.07858431,0.00051039,9.67187898,-3.04323058,5.81441239,0.81423602,0.00000000
0.54651962,0.27066498,-0.08667573,-0.54580610,-1.16751344,-0.00282562,-1.07570888,0.00050199,9.73048265,-3.03410672,5.85813569,0.83824025,0.00000000
0.54560952,0.27245373,-0.08654206,-0.54490916,-1.17229852,-0.00282501,-1.07285029,0.00049371,9.78865397,-3.02499239,5.90155379,0.86210778,0.00000000
0.54470729,0.27422986,-0.08640949,-0.54401987,-1.17704981,-0.00282430,-1.07000883,0.00048555,9.84638944,-3.01588945,5.94466371,0.88583629,0.00000000
0.54381297,0.27599324,-0.08627803,-0.54313825,-1.18176697,-0.00282348,-1.06718475,0.00047751,9.90368563,-3.00679973,5.98746248,0.90942342,0.00000000
0.54292658,0.27774377,-0.08614768,-0.54226433,-1.18644964,-0.00282256,-1.06437835,0.00046959,9.96053912,-2.99772510,6.02994715,0.93286686,0.00000000
0.54204816,0.27948131,-0.08601845,-0.54139815,-1.19109748,-0.00282154,-1.06158989,0.00046178,10.01694651,-2.98866741,6.07211480,0.95616431,0.00000000
0.54117772,0.28120575,-0.08589035,-0.54053973,-1.19571013,-0.00282042,-1.05881964,0.00045409,10.07290447,-2.97962848,6.11396253,0.97931345,0.00000000
0.54031530,0.28291697,-0.08576337,-0.53968912,-1.20028727,-0.00281922,-1.05606788,0.00044652,10.12840967,-2.97061018,6.15548747,1.00231202,0.00000000
0.53946093,0.28461484,-0.08563753,-0.53884634,-1.20482856,-0.00281792,-1.05333485,0.00043905,10.18345883,-2.96161432,6.19668677,1.02515774,0.00000000
0.53861462,0.28629926,-0.08551282,-0.53801142,-1.20933367,-0.00281653,-1.05062083,0.00043169,10.23804871,-2.95264274,6.23755762,1.04784836,0.00000000
0.53777641,0.28797011,-0.08538926,-0.53718439,-1.21380226,-0.00281506,-1.04792609,0.00042445,10.29217611,-2.94369725,6.27809723,1.07038163,0.00000000
0.53694633,0.28962726,-0.08526685,-0.53636528,-1.21823403,-0.00281351,-1.04525086,0.00041731,10.34583787,-2.93477968,6.31830283,1.09275535,0.00000000
0.53612438,0.29127062,-0.08514559,-0.53555411,-1.22262864,-0.00281188,-1.04259542,0.00041028,10.39903087,-2.92589183,6.35817172,1.11496732,0.00000000
0.53531061,0.29290006,-0.08502549,-0.53475092,-1.22698580,-0.00281017,-1.03996001,0.00040335,10.45175203,-2.91703550,6.39770119,1.13701534,0.00000000
0.53450503,0.29451547,-0.08490655,-0.53395574,-1.23130520,-0.00280839,-1.03734488,0.00039653,10.50399833,-2.90821248,6.43688860,1.15889726,0.00000000
0.53370766,0.29611675,-0.08478879,-0.53316857,-1.23558653,-0.00280654,-1.03475029,0.00038981,10.55576679,-2.89942455,6.47573132,1.18061093,0.00000000
0.53291853,0.29770379,-0.08467219,-0.53238946,-1.23982949,-0.00280461,-1.03217647,0.00038319,10.60705448,-2.89067347,6.51422677,1.20215424,0.00000000
0.53213766,0.29927649,-0.08455677,-0.53161843,-1.24403380,-0.00280263,-1.02962366,0.00037667,10.65785852,-2.88196101,6.55237241,1.22352510,0.00000000
0.53136506,0.30083473,-0.08444253,-0.53085549,-1.24819918,-0.00280057,-1.02709210,0.00037025,10.70817607,-2.87328891,6.59016574,1.24472143,0.00000000
0.53060076,0.30237841,-0.08432947,-0.53010068,-1.25232533,-0.00279846,-1.02458203,0.00036393,10.75800437,-2.86465890,6.62760429,1.26574119,0.00000000
0.52984477,0.30390744,-0.08421760,-0.52935401,-1.25641199,-0.00279629,-1.02209368,0.00035770,10.80734070,-2.85607271,6.66468565,1.28658235,0.00000000
0.52909711,0.30542171,-0.08410692,-0.52861550,-1.26045889,-0.00279407,-1.01962728,0.00035157,10.85618239,-2.84753203,6.70140744,1.30724292,0.00000000
0.52835780,0.30692113,-0.08399744,-0.52788518,-1.26446576,-0.00279179,-1.01718304,0.00034553,10.90452685,-2.83903857,6.73776733,1.32772095,0.00000000
0.52762686,0.30840560,-0.08388916,-0.52716306,-1.26843235,-0.00278946,-1.01476119,0.00033958,10.95237153,-2.83059399,6.77376305,1.34801448,0.00000000
0.52690430,0.30987503,-0.08378208,-0.52644916,-1.27235841,-0.00278708,-1.01236195,0.00033373,10.99971395,-2.82219996,6.80939236,1.36812163,0.00000000
0.52619013,0.31132933,-0.08367620,-0.52574349,-1.27624369,-0.00278466,-1.00998553,0.00032796,11.04655169,-2.81385811,6.84465308,1.38804051,0.00000000
0.52548437,0.31276840,-0.08357153,-0.52504609,-1.28008795,-0.00278219,-1.00763213,0.00032229,11.09288242,-2.80557007,6.87954307,1.40776927,0.00000000
0.52478703,0.31419216,-0.08346808,-0.52435695,-1.28389097,-0.00277969,-1.00530197,0.00031670,11.13870383,-2.79733745,6.91406026,1.42730612,0.00000000
0.52409813,0.31560053,-0.08336583,-0.52367609,-1.28765251,-0.00277715,-1.00299524,0.00031119,11.18401373,-2.78916183,6.94820262,1.44664928,0.00000000
0.52341766,0.31699341,-0.08326481,-0.52300354,-1.29137237,-0.00277457,-1.00071215,0.00030578,11.22880996,-2.78104478,6.98196818,1.46579700,0.00000000
0.52274565,0.31837074,-0.08316500,-0.52233929,-1.29505032,-0.00277196,-0.99845287,0.00030044,11.27309046,-2.77298785,7.01535502,1.48474759,0.00000000
0.52208210,0.31973243,-0.08306642,-0.52168336,-1.29868616,-0.00276932,-0.99621761,0.00029519,11.31685322,-2.76499255,7.04836130,1.50349937,0.00000000
0.52142702,0.32107840,-0.08296905,-0.52103577,-1.30227970,-0.00276665,-0.99400654,0.00029003,11.36009633,-2.75706039,7.08098521,1.52205072,0.00000000
0.52078042,0.32240859,-0.08287292,-0.52039652,-1.30583075,-0.00276396,-0.99181985,0.00028494,11.40281793,-2.74919285,7.11322502,1.54040005,0.00000000
0.52014230,0.32372292,-0.08277801,-0.51976561,-1.30933912,-0.00276124,-0.98965770,0.00027993,11.44501626,-2.74139139,7.14507906,1.55854581,0.00000000
0.51951266,0.32502132,-0.08268433,-0.51914306,-1.31280463,-0.00275851,-0.98752026,0.00027500,11.48668965,-2.73365743,7.17654572,1.57648650,0.00000000
0.51889152,0.32630373,-0.08259188,-0.51852887,-1.31622712,-0.00275575,-0.98540771,0.00027015,11.52783647,-2.72599238,7.20762345,1.59422064,0.00000000
0.51827886,0.32757009,-0.08250066,-0.51792305,-1.31960643,-0.00275298,-0.98332019,0.00026538,11.56845522,-2.71839762,7.23831078,1.61174682,0.00000000
0.51767471,0.32882034,-0.08241068,-0.51732560,-1.32294240,-0.00275019,-0.98125787,0.00026068,11.60854445,-2.71087450,7.26860629,1.62906366,0.00000000
0.51707904,0.33005441,-0.08232193,-0.51673652,-1.32623490,-0.00274740,-0.97922089,0.00025606,11.64810283,-2.70342436,7.29850865,1.64616982,0.00000000
0.51649187,0.33127225,-0.08223441,-0.51615582,-1.32948378,-0.00274459,-0.97720939,0.00025151,11.68712908,-2.69604848,7.32801658,1.66306402,0.00000000
0.51591320,0.33247382,-0.08214813,-0.51558349,-1.33268891,-0.00274177,-0.97522351,0.00024703,11.72562205,-2.68874815,7.35712888,1.67974502,0.00000000
0.51534301,0.33365907,-0.08206309,-0.51501954,-1.33585018,-0.00273895,-0.97326339,0.00024262,11.76358066,-2.68152459,7.38584443,1.69621163,0.00000000
0.51478130,0.33482794,-0.08197928,-0.51446395,-1.33896748,-0.00273613,-0.97132915,0.00023829,11.80100391,-2.67437902,7.41416218,1.71246271,0.00000000
0.51422808,0.33598040,-0.08189671,-0.51391674,-1.34204069,-0.00273330,-0.96942091,0.00023402,11.83789094,-2.66731262,7.44208115,1.72849717,0.00000000
0.51368333,0.33711641,-0.08181537,-0.51337789,-1.34506974,-0.00273048,-0.96753878,0.00022983,11.87424093,-2.66032654,7.46960044,1.74431395,0.00000000
0.51314704,0.33823594,-0.08173527,-0.51284739,-1.34805452,-0.00272766,-0.96568288,0.00022570,11.91005321,-2.65342189,7.49671923,1.75991209,0.00000000
0.51261921,0.33933894,-0.08165641,-0.51232525,-1.35099497,-0.00272484,-0.96385330,0.00022164,11.94532717,-2.64659976,7.52343679,1.77529063,0.00000000
0.51209983,0.34042539,-0.08157878,-0.51181145,-1.35389102,-0.00272203,-0.96205015,0.00021764,11.98006233,-2.63986120,7.54975244,1.79044869,0.00000000
0.51158887,0.34149528,-0.08150238,-0.51130597,-1.35674260,-0.00271922,-0.96027351,0.00021371,12.01425829,-2.63320722,7.57566561,1.80538546,0.00000000
0.51108634,0.34254856,-0.08142721,-0.51080882,-1.35954968,-0.00271643,-0.95852347,0.00020984,12.04791478,-2.62663881,7.60117582,1.82010015,0.00000000
0.51059222,0.34358523,-0.08135328,-0.51031998,-1.36231221,-0.00271365,-0.95680009,0.00020604,12.08103160,-2.62015692,7.62628263,1.83459205,0.00000000
0.51010649,0.34460527,-0.08128057,-0.50983944,-1.36503016,-0.00271088,-0.95510347,0.00020230,12.11360870,-2.61376245,7.65098575,1.84886050,0.00000000
0.50962913,0.34560867,-0.08120910,-0.50936717,-1.36770350,-0.00270812,-0.95343365,0.00019862,12.14564610,-2.60745629,7.67528491,1.86290490,0.00000000
0.50916013,0.34659541,-0.08113885,-0.50890316,-1.37033224,-0.00270539,-0.95179069,0.00019500,12.17714396,-2.60123927,7.69917998,1.87672471,0.00000000
0.50869946,0.34756551,-0.08106982,-0.50844740,-1.37291637,-0.00270267,-0.95017465,0.00019144,12.20810253,-2.59511219,7.72267090,1.89031944,0.00000000
0.50824711,0.34851895,-0.08100201,-0.50799987,-1.37545589,-0.00269997,-0.94858556,0.00018794,12.23852218,-2.58907582,7.74575769,1.90368867,0.00000000
0.50780305,0.34945574,-0.08093542,-0.50756054,-1.37795084,-0.00269729,-0.94702347,0.00018449,12.26840340,-2.58313088,7.76844048,1.91683204,0.00000000
0.50736726,0.35037588,-0.08087005,-0.50712939,-1.38040123,-0.00269463,-0.94548840,0.00018111,12.29774679,-2.57727806,7.79071948,1.92974925,0.00000000
0.50693971,0.35127939,-0.08080588,-0.50670640,-1.38280710,-0.00269200,-0.94398037,0.00017778,12.32655308,-2.57151801,7.81259500,1.94244006,0.00000000
0.50652038,0.35216629,-0.08074293,-0.50629154,-1.38516851,-0.00268940,-0.94249940,0.00017451,12.35482308,-2.56585134,7.83406744,1.95490431,0.00000000
0.50610924,0.35303658,-0.08068119,-0.50588479,-1.38748552,-0.00268682,-0.94104549,0.00017129,12.38255777,-2.56027860,7.85513729,1.96714188,0.00000000
0.50570625,0.35389030,-0.08062064,-0.50548611,-1.38975820,-0.00268427,-0.93961865,0.00016812,12.40975822,-2.55480034,7.87580516,1.97915272,0.00000000
0.50531140,0.35472747,-0.08056129,-0.50509548,-1.39198663,-0.00268174,-0.93821886,0.00016501,12.43642562,-2.54941703,7.89607173,1.99093686,0.00000000
0.50492464,0.35554813,-0.08050314,-0.50471287,-1.39417090,-0.00267925,-0.93684611,0.00016195,12.46256130,-2.54412912,7.91593779,2.00249439,0.00000000
0.50454593,0.35635230,-0.08044617,-0.50433825,-1.39631112,-0.00267679,-0.93550037,0.00015895,12.48816671,-2.53893702,7.93540424,2.01382545,0.00000000
0.50417526,0.35714003,-0.08039039,-0.50397157,-1.39840741,-0.00267436,-0.93418162,0.00015599,12.51324340,-2.53384108,7.95447206,2.02493027,0.00000000
0.50381257,0.35791136,-0.08033579,-0.50361280,-1.40045988,-0.00267197,-0.93288981,0.00015308,12.53779310,-2.52884162,7.97314234,2.03580913,0.00000000
0.50345782,0.35866634,-0.08028236,-0.50326191,-1.40246867,-0.00266961,-0.93162490,0.00015023,12.56181760,-2.52393893,7.99141629,2.04646239,0.00000000
0.50311099,0.35940502,-0.08023010,-0.50291886,-1.40443394,-0.00266728,-0.93038682,0.00014742,12.58531888,-2.51913322,8.00929519,2.05689048,0.00000000
0.50277202,0.36012745,-0.08017900,-0.50258360,-1.40635583,-0.00266499,-0.92917553,0.00014466,12.60829902,-2.51442469,8.02678044,2.06709389,0.00000000
0.50244087,0.36083371,-0.08012906,-0.50225610,-1.40823453,-0.00266274,-0.92799094,0.00014195,12.63076021,-2.50981349,8.04387355,2.07707318,0.00000000
0.50211750,0.36152385,-0.08008027,-0.50193630,-1.41007022,-0.00266053,-0.92683298,0.00013928,12.65270482,-2.50529972,8.06057612,2.08682899,0.00000000
0.50180185,0.36219794,-0.08003262,-0.50162416,-1.41186308,-0.00265836,-0.92570155,0.00013666,12.67413532,-2.50088343,8.07688988,2.09636202,0.00000000
0.50149389,0.36285605,-0.07998611,-0.50131964,-1.41361332,-0.00265622,-0.92459657,0.00013409,12.69505432,-2.49656464,8.09281663,2.10567304,0.00000000
0.50119356,0.36349828,-0.07994073,-0.50102269,-1.41532117,-0.00265413,-0.92351793,0.00013156,12.71546456,-2.49234333,8.10835832,2.11476291,0.00000000
0.50090080,0.36412469,-0.07989647,-0.50073325,-1.41698684,-0.00265207,-0.92246551,0.00012907,12.73536892,-2.48821940,8.12351697,2.12363255,0.00000000
0.50061557,0.36473537,-0.07985332,-0.50045127,-1.41861058,-0.00265006,-0.92143920,0.00012663,12.75477042,-2.48419275,8.13829474,2.13228293,0.00000000
0.50033781,0.36533043,-0.07981129,-0.50017671,-1.42019265,-0.00264809,-0.92043886,0.00012423,12.77367221,-2.48026321,8.15269387,2.14071513,0.00000000
0.50006746,0.36590995,-0.07977035,-0.49990949,-1.42173330,-0.00264616,-0.91946435,0.00012187,12.79207757,-2.47643057,8.16671672,2.14893029,0.00000000
0.49980446,0.36647403,-0.07973051,-0.49964957,-1.42323281,-0.00264428,-0.91851553,0.00011956,12.80998994,-2.47269457,8.18036577,2.15692960,0.00000000
0.49954876,0.36702279,-0.07969174,-0.49939688,-1.42469147,-0.00264244,-0.91759225,0.00011728,12.82741286,-2.46905492,8.19364359,2.16471435,0.00000000
0.49930029,0.36755632,-0.07965405,-0.49915137,-1.42610958,-0.00264064,-0.91669434,0.00011505,12.84435006,-2.46551127,8.20655289,2.17228590,0.00000000
0.49905898,0.36807475,-0.07961742,-0.49891296,-1.42748746,-0.00263888,-0.91582163,0.00011285,12.86080537,-2.46206323,8.21909647,2.17964566,0.00000000
0.49882477,0.36857820,-0.07958185,-0.49868161,-1.42882541,-0.00263717,-0.91497393,0.00011069,12.87678277,-2.45871037,8.23127724,2.18679516,0.00000000
0.49859759,0.36906679,-0.07954732,-0.49845723,-1.43012380,-0.00263551,-0.91415106,0.00010857,12.89228639,-2.45545221,8.24309823,2.19373595,0.00000000
0.49837738,0.36954065,-0.07951383,-0.49823976,-1.43138295,-0.00263389,-0.91335281,0.00010649,12.90732049,-2.45228822,8.25456258,2.20046970,0.00000000
0.49816406,0.36999991,-0.07948136,-0.49802913,-1.43260323,-0.00263231,-0.91257899,0.00010445,12.92188948,-2.44921783,8.26567354,2.20699811,0.00000000
0.49795756,0.37044471,-0.07944991,-0.49782527,-1.43378502,-0.00263078,-0.91182937,0.00010244,12.93599791,-2.44624043,8.27643448,2.21332300,0.00000000
0.49775781,0.37087519,-0.07941946,-0.49762811,-1.43492871,-0.00262929,-0.91110374,0.00010047,12.94965046,-2.44335536,8.28684887,2.21944622,0.00000000
0.49756472,0.37129151,-0.07939000,-0.49743756,-1.43603468,-0.00262785,-0.91040185,0.00009853,12.96285197,-2.44056192,8.29692031,2.22536974,0.00000000
0.49737822,0.37169381,-0.07936152,-0.49725356,-1.43710334,-0.00262645,-0.90972347,0.00009663,12.97560741,-2.43785936,8.30665250,2.23109556,0.00000000
0.49719823,0.37208225,-0.07933402,-0.49707601,-1.43813513,-0.00262510,-0.90906835,0.00009477,12.98792192,-2.43524688,8.31604926,2.23662578,0.00000000
0.49702466,0.37245699,-0.07930746,-0.49690485,-1.43913048,-0.00262379,-0.90843622,0.00009293,12.99980074,-2.43272365,8.32511452,2.24196257,0.00000000
0.49685744,0.37281821,-0.07928186,-0.49673998,-1.44008982,-0.00262253,-0.90782682,0.00009113,13.01124929,-2.43028880,8.33385233,2.24710816,0.00000000
0.49669648,0.37316606,-0.07925718,-0.49658133,-1.44101363,-0.00262131,-0.90723987,0.00008937,13.02227312,-2.42794139,8.34226685,2.25206489,0.00000000
0.49654168,0.37350074,-0.07923343,-0.49642880,-1.44190238,-0.00262014,-0.90667508,0.00008763,13.03287792,-2.42568045,8.35036235,2.25683513,0.00000000
0.49639297,0.37382241,-0.07921058,-0.49628231,-1.44275654,-0.00261901,-0.90613217,0.00008593,13.04306954,-2.42350498,8.35814322,2.26142134,0.00000000
0.49625024,0.37413126,-0.07918862,-0.49614176,-1.44357662,-0.00261792,-0.90561083,0.00008425,13.05285397,-2.42141393,8.36561396,2.26582608,0.00000000
0.49611341,0.37442749,-0.07916755,-0.49600707,-1.44436312,-0.00261687,-0.90511075,0.00008261,13.06223733,-2.41940619,8.37277920,2.27005194,0.00000000
0.49598238,0.37471128,-0.07914733,-0.49587813,-1.44511657,-0.00261587,-0.90463160,0.00008100,13.07122589,-2.41748063,8.37964365,2.27410161,0.00000000
0.49585705,0.37498285,-0.07912797,-0.49575486,-1.44583750,-0.00261491,-0.90417307,0.00007942,13.07982609,-2.41563607,8.38621218,2.27797784,0.00000000
0.49573732,0.37524239,-0.07910945,-0.49563715,-1.44652646,-0.00261400,-0.90373480,0.00007787,13.08804448,-2.41387128,8.39248972,2.28168348,0.00000000
0.49562309,0.37549011,-0.07909175,-0.49552491,-1.44718400,-0.00261312,-0.90331646,0.00007634,13.09588778,-2.41218499,8.39848137,2.28522141,0.00000000
0.49551427,0.37572623,-0.07907485,-0.49541802,-1.44781070,-0.00261228,-0.90291770,0.00007485,13.10336284,-2.41057591,8.40419231,2.28859462,0.00000000
0.49541073,0.37595097,-0.07905875,-0.49531639,-1.44840714,-0.00261149,-0.90253814,0.00007338,13.11047668,-2.40904269,8.40962783,2.29180616,0.00000000
0.49531239,0.37616454,-0.07904342,-0.49521992,-1.44897392,-0.00261073,-0.90217741,0.00007194,13.11723643,-2.40758393,8.41479336,2.29485914,0.00000000
0.49521912,0.37636718,-0.07902885,-0.49512848,-1.44951164,-0.00261001,-0.90183515,0.00007053,13.12364938,-2.40619820,8.41969443,2.29775675,0.00000000
0.49513083,0.37655913,-0.07901502,-0.49504198,-1.45002093,-0.00260934,-0.90151095,0.00006914,13.12972299,-2.40488405,8.42433667,2.30050226,0.00000000
0.49504738,0.37674061,-0.07900192,-0.49496030,-1.45050243,-0.00260870,-0.90120443,0.00006778,13.13546482,-2.40363997,8.42872585,2.30309901,0.00000000
0.49496868,0.37691187,-0.07898953,-0.49488332,-1.45095677,-0.00260809,-0.90091517,0.00006644,13.14088262,-2.40246440,8.43286783,2.30555039,0.00000000
0.49489460,0.37707316,-0.07897783,-0.49481094,-1.45138461,-0.00260752,-0.90064276,0.00006513,13.14598425,-2.40135576,8.43676860,2.30785990,0.00000000
0.49482503,0.37722474,-0.07896680,-0.49474303,-1.45178663,-0.00260699,-0.90038678,0.00006385,13.15077775,-2.40031243,8.44043425,2.31003107,0.00000000
0.49475984,0.37736684,-0.07895643,-0.49467946,-1.45216350,-0.00260649,-0.90014680,0.00006259,13.15527126,-2.39933274,8.44387100,2.31206752,0.00000000
0.49469891,0.37749975,-0.07894670,-0.49462013,-1.45251593,-0.00260603,-0.89992238,0.00006135,13.15947311,-2.39841500,8.44708517,2.31397294,0.00000000
0.49464212,0.37762372,-0.07893759,-0.49456491,-1.45284462,-0.00260560,-0.89971307,0.00006014,13.16339175,-2.39755746,8.45008320,2.31575109,0.00000000
0.49458934,0.37773903,-0.07892909,-0.49451366,-1.45315030,-0.00260520,-0.89951842,0.00005895,13.16703578,-2.39675836,8.45287162,2.31740580,0.00000000
0.49454044,0.37784594,-0.07892116,-0.49446627,-1.45343368,-0.00260483,-0.89933796,0.00005778,13.17041396,-2.39601588,8.45545711,2.31894096,0.00000000
0.49449529,0.37794475,-0.07891380,-0.49442260,-1.45369552,-0.00260449,-0.89917123,0.00005663,13.17353516,-2.39532818,8.45784644,2.32036055,0.00000000
0.49445376,0.37803573,-0.07890698,-0.49438251,-1.45393658,-0.00260418,-0.89901774,0.00005551,13.17640843,-2.39469336,8.46004649,2.32166858,0.00000000
0.49441571,0.37811917,-0.07890069,-0.49434589,-1.45415762,-0.00260390,-0.89887700,0.00005441,13.17904295,-2.39410952,8.46206426,2.32286918,0.00000000
0.49438101,0.37819537,-0.07889490,-0.49431258,-1.45435942,-0.00260364,-0.89874852,0.00005333,13.18144805,-2.39357469,8.46390686,2.32396650,0.00000000
0.49434952,0.37826462,-0.07888959,-0.49428245,-1.45454278,-0.00260341,-0.89863179,0.00005227,13.18363320,-2.39308689,8.46558152,2.32496479,0.00000000
0.49432110,0.37832724,-0.07888474,-0.49425536,-1.45470851,-0.00260321,-0.89852630,0.00005123,13.18560801,-2.39264410,8.46709556,2.32586836,0.00000000
0.49429560,0.37838352,-0.07888034,-0.49423118,-1.45485741,-0.00260303,-0.89843153,0.00005021,13.18738226,-2.39224426,8.46845643,2.32668157,0.00000000
0.49427288,0.37843378,-0.07887635,-0.49420974,-1.45499033,-0.00260287,-0.89834696,0.00004921,13.18896583,-2.39188527,8.46967169,2.32740888,0.00000000
0.49425279,0.37847834,-0.07887277,-0.49419091,-1.45510811,-0.00260273,-0.89827204,0.00004823,13.19036880,-2.39156500,8.47074900,2.32805479,0.00000000
0.49423518,0.37851752,-0.07886956,-0.49417454,-1.45521159,-0.00260262,-0.89820623,0.00004726,13.19160135,-2.39128131,8.47169616,2.32862388,0.00000000
0.49421991,0.37855164,-0.07886670,-0.49416048,-1.45530165,-0.00260252,-0.89814898,0.00004632,13.19267384,-2.39103200,8.47252104,2.32912080,0.00000000
0.49420681,0.37858103,-0.07886417,-0.49414857,-1.45537917,-0.00260244,-0.89809973,0.00004540,13.19359673,-2.39081484,8.47323165,2.32955024,0.00000000
0.49419574,0.37860604,-0.07886195,-0.49413866,-1.45544503,-0.00260238,-0.89805791,0.00004449,13.19438068,-2.39062758,8.47383611,2.32991699,0.00000000
0.49418653,0.37862700,-0.07886002,-0.49413059,-1.45550014,-0.00260233,-0.89802294,0.00004360,13.19503645,-2.39046792,8.47434264,2.33022589,0.00000000
0.49417903,0.37864425,-0.07885835,-0.49412421,-1.45554543,-0.00260229,-0.89799424,0.00004273,13.19557498,-2.39033355,8.47475958,2.33048185,0.00000000
0.49417308,0.37865815,-0.07885691,-0.49411935,-1.45558180,-0.00260227,-0.89797122,0.00004188,13.19600733,-2.39022210,8.47509538,2.33068985,0.00000000
0.49416850,0.37866904,-0.07885569,-0.49411585,-1.45561021,-0.00260226,-0.89795328,0.00004104,13.19634473,-2.39013120,8.47535860,2.33085492,0.00000000
0.49416514,0.37867730,-0.07885466,-0.49411354,-1.45563161,-0.00260226,-0.89793981,0.00004022,13.19659852,-2.39005843,8.47555792,2.33098218,0.00000000
0.49416282,0.37868327,-0.07885379,-0.49411226,-1.45564696,-0.00260226,-0.89793019,0.00003942,13.19678023,-2.39000133,8.47570211,2.33107679,0.00000000
0.49416139,0.37868733,-0.07885306,-0.49411183,-1.45565725,-0.00260228,-0.89792380,0.00003863,13.19690151,-2.38995743,8.47580008,2.33114401,0.00000000
0.49416065,0.37868986,-0.07885244,-0.49411209,-1.45566345,-0.00260230,-0.89792002,0.00003786,13.19697417,-2.38992421,8.47586083,2.33118913,0.00000000
0.49416045,0.37869122,-0.07885191,-0.49411285,-1.45566658,-0.00260232,-0.89791819,0.00003710,13.19701015,-2.38989913,8.47589349,2.33121753,0.00000000
0.49416060,0.37869180,-0.07885145,-0.49411395,-1.45566764,-0.00260234,-0.89791767,0.00003636,13.19702155,-2.38987962,8.47590729,2.33123464,0.00000000
0.49416092,0.37869199,-0.07885101,-0.49411521,-1.45566767,-0.00260237,-0.89791782,0.00003563,13.19702063,-2.38986307,8.47591159,2.33124598,0.00000000
0.49416131,0.37869200,-0.07885060,-0.49411652,-1.45567101,-0.00260226,-0.89791472,0.00003492,13.19701425,-2.38984800,8.47591162,2.33125464,0.00000000
0.49416200,0.37869137,-0.07885024,-0.49411810,-1.45569481,-0.00260138,-0.89789193,0.00003422,13.19698767,-2.38983756,8.47589613,2.33125398,0.00000000
0.49416325,0.37868950,-0.07884997,-0.49412023,-1.45575841,-0.00259898,-0.89783086,0.00003354,13.19692175,-2.38983579,8.47585053,2.33123543,0.00000000
0.49416533,0.37868581,-0.07884984,-0.49412317,-1.45587990,-0.00259438,-0.89771410,0.00003287,13.19679864,-2.38984648,8.47576119,2.33119097,0.00000000
0.49416849,0.37867980,-0.07884986,-0.49412717,-1.45607619,-0.00258693,-0.89752538,0.00003221,13.19660177,-2.38987313,8.47561547,2.33111317,0.00000000
0.49417294,0.37867097,-0.07885009,-0.49413245,-1.45636301,-0.00257602,-0.89724959,0.00003156,13.19631595,-2.38991898,8.47540178,2.33099519,0.00000000
0.49417888,0.37865890,-0.07885055,-0.49413920,-1.45675496,-0.00256109,-0.89687269,0.00003093,13.19592742,-2.38998692,8.47510963,2.33083088,0.00000000
0.49418650,0.37864320,-0.07885125,-0.49414762,-1.45726549,-0.00254161,-0.89638175,0.00003031,13.19542394,-2.39007955,8.47472966,2.33061472,0.00000000
0.49419595,0.37862354,-0.07885224,-0.49415784,-1.45790699,-0.00251707,-0.89576490,0.00002971,13.19479486,-2.39019913,8.47425377,2.33034196,0.00000000
0.49420736,0.37859962,-0.07885352,-0.49417002,-1.45869076,-0.00248700,-0.89501131,0.00002911,13.19403123,-2.39034754,8.47367512,2.33000857,0.00000000
0.49422084,0.37857123,-0.07885510,-0.49418424,-1.45962704,-0.00245096,-0.89411117,0.00002853,13.19312588,-2.39052629,8.47298824,2.32961135,0.00000000
0.49423646,0.37853819,-0.07885702,-0.49420060,-1.46072508,-0.00240853,-0.89305567,0.00002796,13.19207346,-2.39073651,8.47218906,2.32914789,0.00000000
0.49425428,0.37850041,-0.07885926,-0.49421913,-1.46199311,-0.00235932,-0.89183696,0.00002740,13.19087054,-2.39097891,8.47127496,2.32861666,0.00000000
0.49427431,0.37845782,-0.07886183,-0.49423987,-1.46343840,-0.00230294,-0.89044816,0.00002685,13.18951562,-2.39125380,8.47024480,2.32801702,0.00000000
0.49429656,0.37841046,-0.07886473,-0.49426280,-1.46506727,-0.00223904,-0.88888329,0.00002632,13.18800923,-2.39156105,8.46909899,2.32734919,0.00000000
0.49432098,0.37835839,-0.07886796,-0.49428789,-1.46688513,-0.00216728,-0.88713729,0.00002579,13.18635387,-2.39190010,8.46783945,2.32661431,0.00000000
0.49434750,0.37830176,-0.07887150,-0.49431508,-1.46889648,-0.00208734,-0.88520597,0.00002527,13.18455407,-2.39226999,8.46646963,2.32581444,0.00000000
0.49437604,0.37824078,-0.07887534,-0.49434426,-1.47110497,-0.00199893,-0.88308598,0.00002477,13.18261635,-2.39266931,8.46499452,2.32495252,0.00000000
0.49440646,0.37817571,-0.07887947,-0.49437533,-1.47351339,-0.00190177,-0.88077481,0.00002427,13.18054920,-2.39309625,8.46342060,2.32403236,0.00000000
0.49443863,0.37810689,-0.07888386,-0.49440811,-1.47612373,-0.00179560,-0.87827074,0.00002379,13.17836304,-2.39354857,8.46175582,2.32305866,0.00000000
0.49447235,0.37803469,-0.07888848,-0.49444244,-1.47893718,-0.00168018,-0.87557279,0.00002331,13.17607011,-2.39402366,8.46000953,2.32203692,0.00000000
0.49450742,0.37795957,-0.07889331,-0.49447812,-1.48195416,-0.00155533,-0.87268075,0.00002285,13.17368443,-2.39451854,8.45819243,2.32097346,0.00000000
0.49454362,0.37788202,-0.07889831,-0.49451490,-1.48517436,-0.00142087,-0.86959510,0.00002239,13.17122168,-2.39502987,8.45631650,2.31987532,0.00000000
0.49458070,0.37780258,-0.07890344,-0.49455255,-1.48859674,-0.00127666,-0.86631700,0.00002194,13.16869909,-2.39555398,8.45439488,2.31875024,0.00000000
0.49461837,0.37772183,-0.07890866,-0.49459079,-1.49221961,-0.00112260,-0.86284828,0.00002150,13.16613529,-2.39608691,8.45244178,2.31760659,0.00000000
0.49465635,0.37764041,-0.07891394,-0.49462932,-1.49604056,-0.00095865,-0.85919135,0.00002107,13.16355019,-2.39662445,8.45047241,2.31645333,0.00000000
0.49469434,0.37755899,-0.07891922,-0.49466785,-1.50005661,-0.00078480,-0.85534924,0.00002065,13.16096482,-2.39716212,8.44850281,2.31529989,0.00000000
0.49473201,0.37747825,-0.07892446,-0.49470604,-1.50426410,-0.00060110,-0.85132552,0.00002024,13.15840114,-2.39769528,8.44654974,2.31415613,0.00000000
0.49476902,0.37739890,-0.07892961,-0.49474358,-1.50865885,-0.00040764,-0.84712430,0.00001983,13.15588191,-2.39821911,8.44463055,2.31303225,0.00000000
0.49480504,0.37732170,-0.07893462,-0.49478011,-1.51323608,-0.00020462,-0.84275017,0.00001944,13.15343044,-2.39872867,8.44276304,2.31193873,0.00000000
0.49483973,0.37724738,-0.07893944,-0.49481529,-1.51799048,0.00000775,-0.83820821,0.00001905,13.15107047,-2.39921896,8.44096531,2.31088620,0.00000000
0.49487272,0.37717670,-0.07894401,-0.49484878,-1.52291626,0.00022916,-0.83350392,0.00001867,13.14882594,-2.39968491,8.43925562,2.30988541,0.00000000
0.49490367,0.37711042,-0.07894830,-0.49488021,-1.52800710,0.00045922,-0.82864320,0.00001829,13.14672081,-2.40012147,8.43765225,2.30894709,0.00000000
0.49493224,0.37704928,-0.07895223,-0.49490924,-1.53325627,0.00069749,-0.82363237,0.00001793,13.14477884,-2.40052363,8.43617332,2.30808190,0.00000000
0.49495807,0.37699402,-0.07895578,-0.49493553,-1.53865658,0.00094344,-0.81847808,0.00001757,13.14302343,-2.40088645,8.43483667,2.30730031,0.00000000
0.49498084,0.37694537,-0.07895888,-0.49495875,-1.54420044,0.00119646,-0.81318731,0.00001722,13.14147739,-2.40120512,8.43365972,2.30661256,0.00000000
0.49500022,0.37690401,-0.07896148,-0.49497857,-1.54987989,0.00145588,-0.80776734,0.00001687,13.14016280,-2.40147499,8.43265928,2.30602853,0.00000000
0.49501590,0.37687062,-0.07896355,-0.49499469,-1.55568661,0.00172094,-0.80222575,0.00001654,13.13910077,-2.40169162,8.43185146,2.30555769,0.00000000
0.49502759,0.37684582,-0.07896505,-0.49500680,-1.56161194,0.00199084,-0.79657037,0.00001621,13.13831130,-2.40185079,8.43125152,2.30520899,0.00000000
0.49503502,0.37683021,-0.07896592,-0.49501465,-1.56764695,0.00226468,-0.79080927,0.00001588,13.13781310,-2.40194855,8.43087373,2.30499083,0.00000000
0.49503793,0.37682432,-0.07896613,-0.49501797,-1.57378240,0.00254154,-0.78495074,0.00001556,13.13762345,-2.40198127,8.43073125,2.30491093,0.00000000
0.49503609,0.37682866,-0.07896566,-0.49501653,-1.58000883,0.00282044,-0.77900325,0.00001525,13.13775799,-2.40194563,8.43083603,2.30497633,0.00000000
0.49502931,0.37684365,-0.07896446,-0.49501013,-1.58631655,0.00310034,-0.77297550,0.00001495,13.13823066,-2.40183870,8.43119870,2.30519327,0.00000000
0.49501740,0.37686970,-0.07896252,-0.49499861,-1.59269567,0.00338020,-0.76687630,0.00001465,13.13905353,-2.40165790,8.43182846,2.30556716,0.00000000
0.49500021,0.37690710,-0.07895981,-0.49498180,-1.59913613,0.00365896,-0.76071465,0.00001436,13.14023668,-2.40140110,8.43273302,2.30610256,0.00000000
0.49497763,0.37695611,-0.07895632,-0.49495959,-1.60562774,0.00393554,-0.75449967,0.00001407,13.14178814,-2.40106658,8.43391850,2.30680305,0.00000000
0.49494958,0.37701693,-0.07895203,-0.49493190,-1.61216021,0.00420889,-0.74824060,0.00001379,13.14371374,-2.40065308,8.43538936,2.30767130,0.00000000
0.49491600,0.37708966,-0.07894694,-0.49489867,-1.61872313,0.00447795,-0.74194680,0.00001351,13.14601714,-2.40015979,8.43714840,2.30870895,0.00000000
0.49487687,0.37717434,-0.07894103,-0.49485989,-1.62530605,0.00474172,-0.73562770,0.00001324,13.14869966,-2.39958637,8.43919664,2.30991664,0.00000000
0.49483221,0.37727096,-0.07893433,-0.49481557,-1.63189849,0.00499923,-0.72929282,0.00001298,13.15176033,-2.39893300,8.44153337,2.31129396,0.00000000
0.49478207,0.37737939,-0.07892682,-0.49476576,-1.63848995,0.00524957,-0.72295175,0.00001272,13.15519584,-2.39820031,8.44415606,2.31283947,0.00000000
0.49472653,0.37749948,-0.07891853,-0.49471055,-1.64506996,0.00549191,-0.71661412,0.00001246,13.15900052,-2.39738943,8.44706042,2.31455067,0.00000000
0.49466571,0.37763095,-0.07890947,-0.49465005,-1.65162808,0.00572547,-0.71028961,0.00001221,13.16316639,-2.39650199,8.45024036,2.31642403,0.00000000
0.49459977,0.37777350,-0.07889967,-0.49458441,-1.65815395,0.00594957,-0.70398789,0.00001197,13.16768313,-2.39554009,8.45368806,2.31845497,0.00000000
0.49452888,0.37792672,-0.07888914,-0.49451383,-1.66463729,0.00616364,-0.69771866,0.00001173,13.17253818,-2.39450632,8.45739395,2.32063791,0.00000000
0.49445326,0.37809016,-0.07887793,-0.49443852,-1.67106794,0.00636716,-0.69149157,0.00001149,13.17771680,-2.39340371,8.46134680,2.32296629,0.00000000
0.49437317,0.37826328,-0.07886606,-0.49435872,-1.67743588,0.00655976,-0.68531627,0.00001126,13.18320210,-2.39223575,8.46553376,2.32543259,0.00000000
0.49428888,0.37844548,-0.07885358,-0.49427471,-1.68373125,0.00674114,-0.67920232,0.00001104,13.18897519,-2.39100638,8.46994043,2.32802838,0.00000000
0.49420069,0.37863611,-0.07884054,-0.49418681,-1.68994438,0.00691112,-0.67315922,0.00001082,13.19501526,-2.38971992,8.47455096,2.33074438,0.00000000
0.49410894,0.37883446,-0.07882698,-0.49409534,-1.69606578,0.00706960,-0.66719634,0.00001060,13.20129970,-2.38838108,8.47934812,2.33357050,0.00000000
0.49401399,0.37903976,-0.07881295,-0.49400066,-1.70208622,0.00721660,-0.66132294,0.00001039,13.20780427,-2.38699494,8.48431344,2.33649589,0.00000000
0.49391621,0.37925121,-0.07879851,-0.49390314,-1.70799669,0.00735222,-0.65554812,0.00001018,13.21450323,-2.38556689,8.48942730,2.33950904,0.00000000
0.49381599,0.37946794,-0.07878372,-0.49380319,-1.71378847,0.00747664,-0.64988079,0.00000998,13.22136951,-2.38410261,8.49466905,2.34259785,0.00000000
0.49371376,0.37968908,-0.07876863,-0.49370121,-1.71945314,0.00759013,-0.64432966,0.00000978,13.22837490,-2.38260806,8.50001719,2.34574966,0.00000000
0.49360993,0.37991370,-0.07875331,-0.49359764,-1.72498256,0.00769302,-0.63890317,0.00000958,13.23549023,-2.38108938,8.50544946,2.34895140,0.00000000
0.49350495,0.38014085,-0.07873783,-0.49349291,-1.73036895,0.00778573,-0.63360952,0.00000939,13.24268557,-2.37955290,8.51094303,2.35218964,0.00000000
0.49339927,0.38036958,-0.07872224,-0.49338746,-1.73560490,0.00786871,-0.62845658,0.00000920,13.24993045,-2.37800510,8.51647464,2.35545071,0.00000000
0.49329332,0.38059892,-0.07870662,-0.49328175,-1.74068337,0.00794244,-0.62345189,0.00000902,13.25719405,-2.37645250,8.52202079,2.35872075,0.00000000
0.49318757,0.38082788,-0.07869103,-0.49317623,-1.74559771,0.00800748,-0.61860261,0.00000884,13.26444547,-2.37490171,8.52755788,2.36198587,0.00000000
0.49308245,0.38105550,-0.07867553,-0.49307134,-1.75034174,0.00806438,-0.61391552,0.00000866,13.27165390,-2.37335930,8.53306240,2.36523221,0.00000000
0.49297843,0.38128080,-0.07866019,-0.49296754,-1.75490970,0.00811372,-0.60939693,0.00000849,13.27878890,-2.37183177,8.53851108,2.36844605,0.00000000
0.49287592,0.38150286,-0.07864508,-0.49286525,-1.75929634,0.00815610,-0.60505270,0.00000832,13.28582059,-2.37032554,8.54388112,2.37161393,0.00000000
0.49277536,0.38172076,-0.07863025,-0.49276490,-1.76349689,0.00819210,-0.60088818,0.00000815,13.29271991,-2.36884686,8.54915031,2.37472274,0.00000000
0.49267716,0.38193359,-0.07861577,-0.49266691,-1.76750715,0.00822232,-0.59690817,0.00000799,13.29945884,-2.36740176,8.55429725,2.37775984,0.00000000
0.49258169,0.38214053,-0.07860169,-0.49257165,-1.77132344,0.00824732,-0.59311691,0.00000783,13.30601061,-2.36599602,8.55930147,2.38071312,0.00000000
0.49248933,0.38234077,-0.07858806,-0.49247949,-1.77494272,0.00826768,-0.58951802,0.00000767,13.31234995,-2.36463512,8.56414366,2.38357117,0.00000000
0.49240043,0.38253356,-0.07857494,-0.49239078,-1.77836252,0.00828393,-0.58611449,0.00000752,13.31845324,-2.36332417,8.56880577,2.38632330,0.00000000
0.49231529,0.38271823,-0.07856238,-0.49230584,-1.78158106,0.00829657,-0.58290863,0.00000737,13.32429881,-2.36206791,8.57327121,2.38895969,0.00000000
0.49223421,0.38289414,-0.07855041,-0.49222494,-1.78459721,0.00830610,-0.57990204,0.00000722,13.32986702,-2.36087060,8.57752497,2.39147144,0.00000000
0.49215742,0.38306075,-0.07853907,-0.49214834,-1.78741055,0.00831297,-0.57709560,0.00000708,13.33514052,-2.35973606,8.58155378,2.39385068,0.00000000
0.49208516,0.38321758,-0.07852839,-0.49207626,-1.79002140,0.00831760,-0.57448939,0.00000694,13.34010436,-2.35866757,8.58534618,2.39609061,0.00000000
0.49201759,0.38336425,-0.07851840,-0.49200887,-1.79243084,0.00832036,-0.57208274,0.00000680,13.34474617,-2.35766785,8.58889272,2.39818560,0.00000000
0.49195487,0.38350044,-0.07850912,-0.49194632,-1.79464075,0.00832160,-0.56987410,0.00000666,13.34905628,-2.35673907,8.59218598,2.40013124,0.00000000
0.49189707,0.38362594,-0.07850057,-0.49188870,-1.79665382,0.00832164,-0.56786110,0.00000653,13.35302784,-2.35588276,8.59522069,2.40192438,0.00000000
0.49184427,0.38374063,-0.07849274,-0.49183607,-1.79847358,0.00832075,-0.56604047,0.00000640,13.35665687,-2.35509985,8.59799382,2.40356320,0.00000000
0.49179648,0.38384446,-0.07848566,-0.49178844,-1.80010446,0.00831917,-0.56440804,0.00000627,13.35994239,-2.35439061,8.60050458,2.40504720,0.00000000
0.49175366,0.38393751,-0.07847930,-0.49174578,-1.80155178,0.00831711,-0.56295868,0.00000614,13.36288647,-2.35375466,8.60275454,2.40637726,0.00000000
0.49171574,0.38401994,-0.07847366,-0.49170802,-1.80282179,0.00831474,-0.56168632,0.00000602,13.36549423,-2.35319095,8.60474760,2.40755568,0.00000000
0.49168260,0.38409200,-0.07846872,-0.49167503,-1.80392170,0.00831220,-0.56058389,0.00000590,13.36777386,-2.35269775,8.60649000,2.40858611,0.00000000
0.49165407,0.38415405,-0.07846446,-0.49164665,-1.80485970,0.00830961,-0.55964332,0.00000578,13.36973667,-2.35227268,8.60799037,2.40947362,0.00000000
0.49162995,0.38420655,-0.07846085,-0.49162268,-1.80564499,0.00830705,-0.55885549,0.00000567,13.37139702,-2.35191268,8.60925967,2.41022468,0.00000000
0.49160998,0.38425003,-0.07845784,-0.49160285,-1.80628782,0.00830459,-0.55821023,0.00000555,13.37277231,-2.35161402,8.61031118,2.41084711,0.00000000
0.49159386,0.38428516,-0.07845540,-0.49158687,-1.80679946,0.00830226,-0.55769629,0.00000544,13.37388292,-2.35137234,8.61116047,2.41135010,0.00000000
0.49158125,0.38431266,-0.07845348,-0.49157441,-1.80719228,0.00830010,-0.55730132,0.00000533,13.37475218,-2.35118264,8.61182537,2.41174417,0.00000000
0.49157177,0.38433336,-0.07845202,-0.49156507,-1.80747978,0.00829812,-0.55701185,0.00000523,13.37540628,-2.35103929,8.61232587,2.41204112,0.00000000
0.49156501,0.38434818,-0.07845096,-0.49155844,-1.80767656,0.00829629,-0.55681327,0.00000512,13.37587423,-2.35093605,8.61268413,2.41225405,0.00000000
0.49156049,0.38435812,-0.07845022,-0.49155405,-1.80779838,0.00829462,-0.55668980,0.00000502,13.37618777,-2.35086609,8.61292442,2.41239726,0.00000000
0.49155772,0.38436427,-0.07844975,-0.49155140,-1.80786217,0.00829307,-0.55662447,0.00000492,13.37638134,-2.35082200,8.61307303,2.41248631,0.00000000
0.49155615,0.38436779,-0.07844945,-0.49154996,-1.80788610,0.00829161,-0.55659911,0.00000482,13.37649199,-2.35079582,8.61315827,2.41253790,0.00000000
0.49155521,0.38436995,-0.07844925,-0.49154915,-1.80788951,0.00829022,-0.55659433,0.00000473,13.37655938,-2.35077898,8.61321046,2.41256994,0.00000000
0.49155439,0.38437185,-0.07844906,-0.49154845,-1.80788943,0.00828887,-0.55659306,0.00000463,13.37661843,-2.35076400,8.61325625,2.41259819,1.00000000
0.49155359,0.38437371,-0.07844888,-0.49154777,-1.80788936,0.00828754,-0.55659182,0.00000454,13.37667630,-2.35074931,8.61330112,2.41262586,1.00000000
0.49155281,0.38437553,-0.07844870,-0.49154710,-1.80788929,0.00828624,-0.55659061,0.00000445,13.37673301,-2.35073491,8.61334510,2.41265299,1.00000000
0.49155204,0.38437731,-0.07844853,-0.49154644,-1.80788922,0.00828496,-0.55658942,0.00000436,13.37678858,-2.35072081,8.61338820,2.41267957,1.00000000
0.49155128,0.38437906,-0.07844836,-0.49154580,-1.80788915,0.00828371,-0.55658826,0.00000427,13.37684304,-2.35070698,8.61343044,2.41270562,1.00000000
0.49155054,0.38438077,-0.07844819,-0.49154517,-1.80788908,0.00828249,-0.55658712,0.00000419,13.37689642,-2.35069344,8.61347183,2.41273115,1.00000000
0.49154982,0.38438245,-0.07844803,-0.49154456,-1.80788901,0.00828128,-0.55658600,0.00000410,13.37694872,-2.35068016,8.61351240,2.41275617,1.00000000
0.49154911,0.38438410,-0.07844787,-0.49154395,-1.80788895,0.00828011,-0.55658490,0.00000402,13.37699998,-2.35066715,8.61355215,2.41278069,1.00000000
0.49154841,0.38438571,-0.07844771,-0.49154336,-1.80788889,0.00827896,-0.55658383,0.00000394,13.37705022,-2.35065440,8.61359111,2.41280471,1.00000000
0.49154773,0.38438729,-0.07844755,-0.49154278,-1.80788882,0.00827783,-0.55658277,0.00000386,13.37709945,-2.35064190,8.61362929,2.41282826,1.00000000
0.49154706,0.38438884,-0.07844740,-0.49154221,-1.80788876,0.00827672,-0.55658174,0.00000378,13.37714769,-2.35062966,8.61366670,2.41285134,1.00000000
0.49154641,0.38439036,-0.07844726,-0.49154165,-1.80788870,0.00827564,-0.55658073,0.00000371,13.37719497,-2.35061765,8.61370337,2.41287395,1.00000000
0.49154577,0.38439184,-0.07844711,-0.49154111,-1.80788865,0.00827457,-0.55657974,0.00000363,13.37724131,-2.35060589,8.61373930,2.41289611,1.00000000
0.49154514,0.38439330,-0.07844697,-0.49154057,-1.80788859,0.00827353,-0.55657877,0.00000356,13.37728672,-2.35059437,8.61377452,2.41291783,1.00000000
0.49154452,0.38439473,-0.07844683,-0.49154004,-1.80788853,0.00827251,-0.55657782,0.00000349,13.37733122,-2.35058307,8.61380903,2.41293912,1.00000000
0.49154392,0.38439613,-0.07844669,-0.49153953,-1.80788848,0.00827151,-0.55657689,0.00000342,13.37737483,-2.35057200,8.61384285,2.41295998,1.00000000
0.49154333,0.38439750,-0.07844656,-0.49153903,-1.80788843,0.00827053,-0.55657597,0.00000335,13.37741756,-2.35056115,8.61387599,2.41298042,1.00000000
0.49154275,0.38439885,-0.07844643,-0.49153853,-1.80788837,0.00826957,-0.55657508,0.00000328,13.37745945,-2.35055052,8.61390847,2.41300045,1.00000000
0.49154218,0.38440016,-0.07844630,-0.49153805,-1.80788832,0.00826863,-0.55657420,0.00000322,13.37750049,-2.35054010,8.61394030,2.41302009,1.00000000
0.49154162,0.38440145,-0.07844617,-0.49153757,-1.80788827,0.00826771,-0.55657334,0.00000315,13.37754072,-2.35052989,8.61397150,2.41303933,1.00000000
0.49154107,0.38440272,-0.07844605,-0.49153711,-1.80788822,0.00826681,-0.55657250,0.00000309,13.37758014,-2.35051989,8.61400207,2.41305818,1.00000000
0.49154054,0.38440396,-0.07844593,-0.49153665,-1.80788818,0.00826592,-0.55657167,0.00000303,13.37761877,-2.35051008,8.61403203,2.41307666,1.00000000
0.49154002,0.38440518,-0.07844581,-0.49153621,-1.80788813,0.00826506,-0.55657087,0.00000297,13.37765663,-2.35050047,8.61406139,2.41309477,1.00000000
0.49153950,0.38440637,-0.07844569,-0.49153577,-1.80788808,0.00826421,-0.55657007,0.00000291,13.37769373,-2.35049105,8.61409016,2.41311251,1.00000000
0.49153900,0.38440753,-0.07844558,-0.49153534,-1.80788804,0.00826338,-0.55656930,0.00000285,13.37773009,-2.35048182,8.61411836,2.41312991,1.00000000
0.49153850,0.38440868,-0.07844547,-0.49153492,-1.80788799,0.00826256,-0.55656853,0.00000279,13.37776572,-2.35047278,8.61414600,2.41314695,1.00000000
0.49153802,0.38440980,-0.07844536,-0.49153451,-1.80788795,0.00826176,-0.55656779,0.00000274,13.37780064,-2.35046391,8.61417308,2.41316365,1.00000000
0.49153755,0.38441090,-0.07844525,-0.49153410,-1.80788791,0.00826098,-0.55656706,0.00000268,13.37783486,-2.35045523,8.61419962,2.41318002,1.00000000
0.49153708,0.38441197,-0.07844515,-0.49153371,-1.80788787,0.00826021,-0.55656634,0.00000263,13.37786840,-2.35044671,8.61422563,2.41319606,1.00000000
0.49153663,0.38441303,-0.07844504,-0.49153332,-1.80788783,0.00825946,-0.55656564,0.00000258,13.37790127,-2.35043837,8.61425111,2.41321178,1.00000000
0.49153618,0.38441406,-0.07844494,-0.49153294,-1.80788779,0.00825872,-0.55656495,0.00000253,13.37793348,-2.35043019,8.61427609,2.41322719,1.00000000
0.49153574,0.38441508,-0.07844484,-0.49153257,-1.80788775,0.00825800,-0.55656428,0.00000248,13.37796504,-2.35042218,8.61430057,2.41324229,1.00000000
0.49153532,0.38441607,-0.07844475,-0.49153220,-1.80788771,0.00825729,-0.55656362,0.00000243,13.37799597,-2.35041433,8.61432456,2.41325708,1.00000000
0.49153490,0.38441704,-0.07844465,-0.49153185,-1.80788767,0.00825660,-0.55656297,0.00000238,13.37802629,-2.35040663,8.61434807,2.41327158,1.00000000
0.49153449,0.38441800,-0.07844456,-0.49153150,-1.80788764,0.00825592,-0.55656234,0.00000233,13.37805600,-2.35039909,8.61437111,2.41328579,1.00000000
0.49153408,0.38441893,-0.07844447,-0.49153115,-1.80788760,0.00825525,-0.55656171,0.00000228,13.37808511,-2.35039170,8.61439369,2.41329972,1.00000000
0.49153369,0.38441985,-0.07844438,-0.49153082,-1.80788757,0.00825460,-0.55656111,0.00000224,13.37811364,-2.35038446,8.61441582,2.41331337,1.00000000
0.49153330,0.38442074,-0.07844429,-0.49153049,-1.80788753,0.00825396,-0.55656051,0.00000219,13.37814160,-2.35037736,8.61443750,2.41332674,1.00000000
0.49153292,0.38442162,-0.07844420,-0.49153016,-1.80788750,0.00825333,-0.55655992,0.00000215,13.37816901,-2.35037041,8.61445875,2.41333985,1.00000000
0.49153255,0.38442248,-0.07844412,-0.49152985,-1.80788747,0.00825272,-0.55655935,0.00000211,13.37819586,-2.35036359,8.61447958,2.41335269,1.00000000
0.49153218,0.38442333,-0.07844404,-0.49152954,-1.80788743,0.00825212,-0.55655879,0.00000206,13.37822218,-2.35035691,8.61449999,2.41336528,1.00000000
0.49153183,0.38442416,-0.07844396,-0.49152923,-1.80788740,0.00825153,-0.55655824,0.00000202,13.37824797,-2.35035036,8.61451999,2.41337762,1.00000000
0.49153148,0.38442497,-0.07844388,-0.49152893,-1.80788737,0.00825095,-0.55655770,0.00000198,13.37827324,-2.35034395,8.61453959,2.41338971,1.00000000
0.49153113,0.38442576,-0.07844380,-0.49152864,-1.80788734,0.00825038,-0.55655717,0.00000194,13.37829801,-2.35033766,8.61455880,2.41340155,1.00000000
0.49153080,0.38442654,-0.07844372,-0.49152836,-1.80788731,0.00824983,-0.55655665,0.00000190,13.37832229,-2.35033150,8.61457763,2.41341317,1.00000000
0.49153047,0.38442731,-0.07844365,-0.49152808,-1.80788728,0.00824928,-0.55655614,0.00000187,13.37834608,-2.35032546,8.61459607,2.41342454,1.00000000
0.49153015,0.38442806,-0.07844358,-0.49152780,-1.80788725,0.00824875,-0.55655565,0.00000183,13.37836939,-2.35031954,8.61461415,2.41343570,1.00000000
0.49152983,0.38442879,-0.07844351,-0.49152753,-1.80788723,0.00824823,-0.55655516,0.00000179,13.37839224,-2.35031374,8.61463187,2.41344662,1.00000000
0.49152952,0.38442951,-0.07844344,-0.49152727,-1.80788720,0.00824772,-0.55655468,0.00000176,13.37841462,-2.35030806,8.61464924,2.41345733,1.00000000
0.49152922,0.38443021,-0.07844337,-0.49152701,-1.80788717,0.00824722,-0.55655421,0.00000172,13.37843657,-2.35030249,8.61466625,2.41346783,1.00000000
0.49152892,0.38443090,-0.07844330,-0.49152675,-1.80788715,0.00824672,-0.55655376,0.00000169,13.37845807,-2.35029703,8.61468293,2.41347811,1.00000000
0.49152863,0.38443158,-0.07844323,-0.49152651,-1.80788712,0.00824624,-0.55655331,0.00000165,13.37847914,-2.35029168,8.61469927,2.41348819,1.00000000
0.49152834,0.38443224,-0.07844317,-0.49152626,-1.80788710,0.00824577,-0.55655286,0.00000162,13.37849979,-2.35028644,8.61471529,2.41349807,1.00000000
0.49152806,0.38443289,-0.07844311,-0.49152602,-1.80788707,0.00824531,-0.55655243,0.00000159,13.37852003,-2.35028130,8.61473098,2.41350775,1.00000000
0.49152779,0.38443353,-0.07844304,-0.49152579,-1.80788705,0.00824486,-0.55655201,0.00000156,13.37853987,-2.35027626,8.61474636,2.41351724,1.00000000
0.49152752,0.38443415,-0.07844298,-0.49152556,-1.80788702,0.00824441,-0.55655160,0.00000152,13.37855930,-2.35027133,8.61476144,2.41352654,1.00000000
0.49152725,0.38443476,-0.07844292,-0.49152534,-1.80788700,0.00824398,-0.55655119,0.00000149,13.37857835,-2.35026649,8.61477621,2.41353565,1.00000000
0.49152699,0.38443536,-0.07844286,-0.49152512,-1.80788698,0.00824355,-0.55655079,0.00000146,13.37859702,-2.35026175,8.61479069,2.41354458,1.00000000
0.49152674,0.38443595,-0.07844281,-0.49152490,-1.80788696,0.00824313,-0.55655040,0.00000143,13.37861531,-2.35025711,8.61480487,2.41355333,1.00000000
0.49152649,0.38443653,-0.07844275,-0.49152469,-1.80788693,0.00824272,-0.55655002,0.00000141,13.37863324,-2.35025256,8.61481878,2.41356190,1.00000000
0.49152625,0.38443709,-0.07844270,-0.49152448,-1.80788691,0.00824232,-0.55654964,0.00000138,13.37865081,-2.35024810,8.61483240,2.41357031,1.00000000
0.49152601,0.38443764,-0.07844264,-0.49152428,-1.80788689,0.00824193,-0.55654928,0.00000135,13.37866803,-2.35024373,8.61484576,2.41357854,1.00000000
0.49152578,0.38443818,-0.07844259,-0.49152408,-1.80788687,0.00824154,-0.55654892,0.00000132,13.37868490,-2.35023944,8.61485884,2.41358661,1.00000000
0.49152565,0.38443849,-0.07844255,-0.49152399,-1.80788336,0.00824117,-0.55655206,0.00000130,13.37869429,-2.35023679,8.61486621,2.41359130,1.00000000
0.49152614,0.38443746,-0.07844261,-0.49152451,-1.80785934,0.00824083,-0.55657575,0.00000127,13.37866132,-2.35024326,8.61484120,2.41357686,1.00000000
0.49152783,0.38443383,-0.07844284,-0.49152623,-1.80779543,0.00824056,-0.55663939,0.00000125,13.37854632,-2.35026740,8.61475353,2.41352539,1.00000000
0.49153125,0.38442644,-0.07844332,-0.49152968,-1.80767349,0.00824037,-0.55676114,0.00000122,13.37831220,-2.35031721,8.61457483,2.41342016,1.00000000
0.49153690,0.38441420,-0.07844413,-0.49153537,-1.80747658,0.00824029,-0.55695798,0.00000120,13.37792443,-2.35040010,8.61427874,2.41324559,1.00000000
0.49154526,0.38439609,-0.07844534,-0.49154376,-1.80718892,0.00824033,-0.55724568,0.00000117,13.37735111,-2.35052294,8.61384089,2.41298727,1.00000000
0.49155674,0.38437119,-0.07844701,-0.49155527,-1.80679590,0.00824048,-0.55763887,0.00000115,13.37656301,-2.35069203,8.61323894,2.41263204,1.00000000
0.49157174,0.38433868,-0.07844919,-0.49157030,-1.80628403,0.00824076,-0.55815101,0.00000113,13.37553363,-2.35091305,8.61245266,2.41216792,1.00000000
0.49159059,0.38429779,-0.07845194,-0.49158918,-1.80564092,0.00824112,-0.55879448,0.00000110,13.37423928,-2.35119110,8.61146393,2.41158425,1.00000000
0.49161361,0.38424787,-0.07845529,-0.49161222,-1.80485529,0.00824153,-0.55958053,0.00000108,13.37265912,-2.35153063,8.61025686,2.41087163,1.00000000
0.49164105,0.38418835,-0.07845930,-0.49163969,-1.80391687,0.00824194,-0.56051936,0.00000106,13.37077523,-2.35193550,8.60881775,2.41002199,1.00000000
0.49167312,0.38411877,-0.07846399,-0.49167179,-1.80281647,0.00824226,-0.56162009,0.00000104,13.36857267,-2.35240888,8.60713519,2.40902860,1.00000000
0.49171002,0.38403874,-0.07846938,-0.49170871,-1.80154588,0.00824239,-0.56289082,0.00000102,13.36603951,-2.35295330,8.60520009,2.40788611,1.00000000
0.49175186,0.38394799,-0.07847550,-0.49175058,-1.80009787,0.00824220,-0.56433864,0.00000100,13.36316684,-2.35357065,8.60300565,2.40659054,1.00000000
0.49179873,0.38384633,-0.07848235,-0.49179747,-1.79846618,0.00824153,-0.56596966,0.00000100,13.35994882,-2.35426213,8.60054743,2.40513927,1.00000000
0.49185067,0.38373367,-0.07848995,-0.49184944,-1.79664549,0.00824019,-0.56778901,0.00000100,13.35638263,-2.35502829,8.59782327,2.40353107,1.00000000
0.49190769,0.38361002,-0.07849829,-0.49190648,-1.79463136,0.00823795,-0.56980091,0.00000100,13.35246848,-2.35586903,8.59483337,2.40176608,1.00000000
0.49196973,0.38347549,-0.07850737,-0.49196855,-1.79242025,0.00823457,-0.57200864,0.00000100,13.34820953,-2.35678360,8.59158016,2.39984578,1.00000000
0.49203671,0.38333026,-0.07851718,-0.49203555,-1.79000945,0.00822974,-0.57441461,0.00000100,13.34361186,-2.35777062,8.58806830,2.39777295,1.00000000
0.49210850,0.38317461,-0.07852769,-0.49210737,-1.78739710,0.00822316,-0.57702038,0.00000100,13.33868438,-2.35882810,8.58430462,2.39555166,1.00000000
0.49218494,0.38300892,-0.07853888,-0.49218383,-1.78458212,0.00821446,-0.57982667,0.00000100,13.33343869,-2.35995348,8.58029801,2.39318720,1.00000000
0.49226581,0.38283364,-0.07855072,-0.49226473,-1.78156418,0.00820326,-0.58283341,0.00000100,13.32788903,-2.36114362,8.57605936,2.39068605,1.00000000
0.49235088,0.38264929,-0.07856317,-0.49234982,-1.77834372,0.00818913,-0.58603974,0.00000100,13.32205207,-2.36239485,8.57160145,2.38805578,1.00000000
0.49243988,0.38245648,-0.07857620,-0.49243883,-1.77492187,0.00817162,-0.58944409,0.00000100,13.31594682,-2.36370302,8.56693879,2.38530501,1.00000000
0.49253248,0.38225586,-0.07858976,-0.49253146,-1.77130043,0.00815025,-0.59304415,0.00000100,13.30959441,-2.36506352,8.56208757,2.38244332,1.00000000
0.49262837,0.38204819,-0.07860380,-0.49262736,-1.76748188,0.00812450,-0.59683697,0.00000100,13.30301793,-2.36647134,8.55706543,2.37948116,1.00000000
0.49272717,0.38183423,-0.07861827,-0.49272619,-1.76346929,0.00809387,-0.60081893,0.00000100,13.29624224,-2.36792106,8.55189139,2.37642978,1.00000000
0.49282851,0.38161483,-0.07863311,-0.49282754,-1.75926634,0.00805779,-0.60498580,0.00000100,13.28929374,-2.36940699,8.54658562,2.37330113,1.00000000
0.49293197,0.38139086,-0.07864826,-0.49293103,-1.75487728,0.00801570,-0.60933278,0.00000100,13.28220021,-2.37092312,8.54116935,2.37010774,1.00000000
0.49303715,0.38116323,-0.07866366,-0.49303623,-1.75030688,0.00796705,-0.61385453,0.00000100,13.27499051,-2.37246323,8.53566463,2.36686264,1.00000000
0.49314361,0.38093289,-0.07867924,-0.49314270,-1.74556044,0.00791127,-0.61854519,0.00000100,13.26769442,-2.37402092,8.53009422,2.36357928,1.00000000
0.49325089,0.38070080,-0.07869495,-0.49325000,-1.74064373,0.00784779,-0.62339842,0.00000100,13.26034239,-2.37558966,8.52448137,2.36027136,1.00000000
0.49335856,0.38046793,-0.07871071,-0.49335769,-1.73556297,0.00777607,-0.62840746,0.00000100,13.25296529,-2.37716285,8.51884965,2.35695279,1.00000000
0.49346616,0.38023527,-0.07872646,-0.49346531,-1.73032483,0.00769558,-0.63356511,0.00000100,13.24559422,-2.37873384,8.51322280,2.35363758,1.00000000
0.49357323,0.38000379,-0.07874213,-0.49357240,-1.72493637,0.00760582,-0.63886382,0.00000100,13.23826023,-2.38029602,8.50762454,2.35033967,1.00000000
0.49367933,0.37977446,-0.07875766,-0.49367851,-1.71940504,0.00750634,-0.64429567,0.00000100,13.23099415,-2.38184284,8.50207838,2.34707293,1.00000000
0.49378401,0.37954825,-0.07877298,-0.49378321,-1.71373864,0.00739672,-0.64985245,0.00000100,13.22382633,-2.38336787,8.49660749,2.34385097,1.00000000
0.49388684,0.37932609,-0.07878803,-0.49388605,-1.70794530,0.00727660,-0.65552567,0.00000100,13.21678645,-2.38486483,8.49123450,2.34068712,1.00000000
0.49398740,0.37910889,-0.07880274,-0.49398662,-1.70203349,0.00714570,-0.66130659,0.00000100,13.20990330,-2.38632764,8.48598138,2.33759428,1.00000000
0.49408527,0.37889752,-0.07881706,-0.49408451,-1.69601193,0.00700378,-0.66718624,0.00000100,13.20320460,-2.38775047,8.48086926,2.33458487,1.00000000
0.49418007,0.37869281,-0.07883093,-0.49417933,-1.68988963,0.00685072,-0.67315547,0.00000100,13.19671681,-2.38912776,8.47591832,2.33167073,1.00000000
0.49427145,0.37849556,-0.07884430,-0.49427072,-1.68367583,0.00668644,-0.67920499,0.00000100,13.19046495,-2.39045427,8.47114763,2.32886304,1.00000000
0.49435904,0.37830650,-0.07885711,-0.49435833,-1.67738002,0.00651098,-0.68532535,0.00000100,13.18447246,-2.39172511,8.46657506,2.32617229,1.00000000
0.49444253,0.37812632,-0.07886932,-0.49444184,-1.67101187,0.00632447,-0.69150699,0.00000100,13.17876103,-2.39293576,8.46221712,2.32360814,1.00000000
0.49452164,0.37795564,-0.07888089,-0.49452096,-1.66458122,0.00612713,-0.69774031,0.00000100,13.17335048,-2.39408209,8.45808893,2.32117946,1.00000000
0.49459609,0.37779502,-0.07889178,-0.49459542,-1.65809808,0.00591929,-0.70401560,0.00000100,13.16825866,-2.39516041,8.45420407,2.31889418,1.00000000
0.49466567,0.37764496,-0.07890195,-0.49466501,-1.65157261,0.00570137,-0.71032315,0.00000100,13.16350130,-2.39616747,8.45057452,2.31675931,1.00000000
0.49473016,0.37750588,-0.07891137,-0.49472951,-1.64501506,0.00547388,-0.71665321,0.00000100,13.15909199,-2.39710048,8.44721061,2.31478089,1.00000000
0.49478940,0.37737814,-0.07892003,-0.49478877,-1.63843578,0.00523744,-0.72299606,0.00000100,13.15504205,-2.39795712,8.44412098,2.31296395,1.00000000
0.49484325,0.37726203,-0.07892790,-0.49484263,-1.63184518,0.00499276,-0.72934197,0.00000100,13.15136052,-2.39873555,8.44131248,2.31131249,1.00000000
0.49489162,0.37715775,-0.07893497,-0.49489102,-1.62525372,0.00474060,-0.73568128,0.00000100,13.14805411,-2.39943443,8.43879021,2.30982946,1.00000000
0.49493445,0.37706544,-0.07894122,-0.49493386,-1.61867188,0.00448183,-0.74200436,0.00000100,13.14512716,-2.40005290,8.43655748,2.30851677,1.00000000
0.49497170,0.37698516,-0.07894666,-0.49497111,-1.61211011,0.00421737,-0.74830167,0.00000100,13.14258167,-2.40059060,8.43461579,2.30737529,1.00000000
0.49500337,0.37691691,-0.07895128,-0.49500280,-1.60557885,0.00394819,-0.75456375,0.00000100,13.14041732,-2.40104764,8.43296487,2.30640481,1.00000000
0.49502951,0.37686059,-0.07895509,-0.49502895,-1.59908848,0.00367530,-0.76078123,0.00000100,13.13863146,-2.40142464,8.43160268,2.30560414,1.00000000
0.49505018,0.37681606,-0.07895811,-0.49504963,-1.59264929,0.00339975,-0.76694487,0.00000100,13.13721918,-2.40172266,8.43052549,2.30497103,1.00000000
0.49506548,0.37678308,-0.07896034,-0.49506495,-1.58627145,0.00312259,-0.77304555,0.00000100,13.13617339,-2.40194323,8.42972786,2.30450230,1.00000000
0.49507557,0.37676137,-0.07896180,-0.49507504,-1.57996502,0.00284489,-0.77907429,0.00000100,13.13548486,-2.40208832,8.42920276,2.30419378,1.00000000
0.49508058,0.37675057,-0.07896252,-0.49508007,-1.57373985,0.00256771,-0.78502227,0.00000100,13.13514236,-2.40216033,8.42894160,2.30404043,1.00000000
0.49508073,0.37675027,-0.07896254,-0.49508023,-1.56760565,0.00229209,-0.79088086,0.00000100,13.13513272,-2.40216203,8.42893435,2.30403634,1.00000000
0.49507623,0.37676000,-0.07896187,-0.49507573,-1.56157187,0.00201903,-0.79664158,0.00000100,13.13544099,-2.40209659,8.42916959,2.30417481,1.00000000
0.49506731,0.37677923,-0.07896056,-0.49506683,-1.55564773,0.00174950,-0.80229619,0.00000100,13.13605055,-2.40196752,8.42963465,2.30444838,1.00000000
0.49505426,0.37680738,-0.07895864,-0.49505378,-1.54984218,0.00148442,-0.80783666,0.00000100,13.13694325,-2.40177863,8.43031570,2.30484892,1.00000000
0.49503734,0.37684386,-0.07895615,-0.49503688,-1.54416386,0.00122464,-0.81325520,0.00000100,13.13809961,-2.40153404,8.43119787,2.30536770,1.00000000
0.49501687,0.37688799,-0.07895315,-0.49501642,-1.53862110,0.00097096,-0.81854428,0.00000100,13.13949892,-2.40123811,8.43226537,2.30599544,1.00000000
0.49499317,0.37693910,-0.07894968,-0.49499272,-1.53322187,0.00072411,-0.82369666,0.00000100,13.14111947,-2.40089541,8.43350163,2.30672242,1.00000000
0.49496656,0.37699648,-0.07894578,-0.49496612,-1.52797374,0.00048472,-0.82870541,0.00000100,13.14293869,-2.40051068,8.43488947,2.30753854,1.00000000
0.49493738,0.37705939,-0.07894150,-0.49493695,-1.52288391,0.00025339,-0.83356391,0.00000100,13.14493338,-2.40008882,8.43641117,2.30843339,1.00000000
0.49490598,0.37712709,-0.07893690,-0.49490556,-1.51795913,0.00003060,-0.83826590,0.00000100,13.14707986,-2.39963481,8.43804868,2.30939636,1.00000000
0.49487271,0.37719883,-0.07893203,-0.49487230,-1.51320568,-0.00018323,-0.84280552,0.00000100,13.14935418,-2.39915370,8.43978374,2.31041674,1.00000000
0.49483793,0.37727384,-0.07892694,-0.49483753,-1.50862939,-0.00038774,-0.84717731,0.00000100,13.15173234,-2.39865056,8.44159803,2.31148375,1.00000000
0.49480198,0.37735137,-0.07892167,-0.49480158,-1.50423555,-0.00058267,-0.85137621,0.00000100,13.15419044,-2.39813041,8.44347335,2.31258668,1.00000000
0.49476520,0.37743068,-0.07891629,-0.49476482,-1.50002893,-0.00076782,-0.85539768,0.00000100,13.15670493,-2.39759824,8.44539170,2.31371498,1.00000000
0.49472794,0.37751105,-0.07891083,-0.49472756,-1.49601375,-0.00094305,-0.85923763,0.00000100,13.15925273,-2.39705893,8.44733550,2.31485830,1.00000000
0.49469053,0.37759176,-0.07890535,-0.49469015,-1.49219363,-0.00110830,-0.86289251,0.00000100,13.16181149,-2.39651718,8.44928770,2.31600661,1.00000000
0.49465326,0.37767214,-0.07889990,-0.49465290,-1.48857158,-0.00126354,-0.86635932,0.00000100,13.16435974,-2.39597756,8.45123190,2.31715028,1.00000000
0.49461646,0.37775155,-0.07889451,-0.49461610,-1.48514998,-0.00140881,-0.86963565,0.00000100,13.16687703,-2.39544439,8.45315252,2.31828013,1.00000000
0.49458038,0.37782938,-0.07888923,-0.49458003,-1.48193054,-0.00154421,-0.87271969,0.00000100,13.16934416,-2.39492173,8.45503489,2.31938753,1.00000000
0.49454531,0.37790506,-0.07888409,-0.49454496,-1.47891429,-0.00166986,-0.87561029,0.00000100,13.17174326,-2.39441339,8.45686539,2.32046447,1.00000000
0.49451147,0.37797808,-0.07887913,-0.49451113,-1.47610154,-0.00178593,-0.87830697,0.00000100,13.17405798,-2.39392283,8.45863154,2.32150360,1.00000000
0.49447908,0.37804798,-0.07887439,-0.49447875,-1.47349188,-0.00189263,-0.88080994,0.00000100,13.17627359,-2.39345318,8.46032211,2.32249831,1.00000000
0.49444833,0.37811434,-0.07886989,-0.49444800,-1.47108410,-0.00199019,-0.88312016,0.00000100,13.17837712,-2.39300720,8.46192716,2.32344275,1.00000000
0.49441938,0.37817682,-0.07886565,-0.49441906,-1.46887623,-0.00207886,-0.88523935,0.00000100,13.18035739,-2.39258728,8.46343820,2.32433191,1.00000000
0.49439237,0.37823511,-0.07886169,-0.49439206,-1.46686547,-0.00215894,-0.88717003,0.00000100,13.18220516,-2.39219538,8.46484816,2.32516163,1.00000000
0.49436741,0.37828900,-0.07885803,-0.49436711,-1.46504818,-0.00223074,-0.88891552,0.00000100,13.18391315,-2.39183306,8.46615147,2.32592862,1.00000000
0.49434457,0.37833831,-0.07885468,-0.49434427,-1.46341985,-0.00229458,-0.89048001,0.00000100,13.18547609,-2.39150146,8.46734411,2.32663052,1.00000000
0.49432389,0.37838294,-0.07885165,-0.49432360,-1.46197508,-0.00235082,-0.89186855,0.00000100,13.18689073,-2.39120126,8.46842361,2.32726586,1.00000000
0.49430540,0.37842286,-0.07884894,-0.49430512,-1.46070755,-0.00239982,-0.89308708,0.00000100,13.18815588,-2.39093274,8.46938905,2.32783409,1.00000000
0.49428909,0.37845809,-0.07884655,-0.49428881,-1.45960999,-0.00244196,-0.89414250,0.00000100,13.18927237,-2.39069573,8.47024107,2.32833558,1.00000000
0.49427491,0.37848871,-0.07884447,-0.49427463,-1.45867416,-0.00247767,-0.89504262,0.00000100,13.19024304,-2.39048963,8.47098181,2.32877161,1.00000000
0.49426278,0.37851489,-0.07884269,-0.49426251,-1.45789083,-0.00250737,-0.89579625,0.00000100,13.19107268,-2.39031344,8.47161494,2.32914430,1.00000000
0.49425262,0.37853683,-0.07884120,-0.49425236,-1.45724975,-0.00253151,-0.89641319,0.00000100,13.19176798,-2.39016574,8.47214556,2.32945668,1.00000000
0.49424430,0.37855480,-0.07883998,-0.49424405,-1.45673962,-0.00255057,-0.89690426,0.00000100,13.19233747,-2.39004473,8.47258018,2.32971256,1.00000000
0.49423767,0.37856912,-0.07883900,-0.49423742,-1.45634807,-0.00256507,-0.89728132,0.00000100,13.19279144,-2.38994822,8.47292665,2.32991656,1.00000000
0.49423256,0.37858018,-0.07883825,-0.49423231,-1.45606162,-0.00257554,-0.89755729,0.00000100,13.19314186,-2.38987369,8.47319411,2.33007406,1.00000000
0.49422875,0.37858840,-0.07883769,-0.49422851,-1.45586570,-0.00258255,-0.89774620,0.00000100,13.19340227,-2.38981826,8.47339288,2.33019114,1.00000000
0.49422605,0.37859426,-0.07883729,-0.49422581,-1.45574457,-0.00258671,-0.89786317,0.00000100,13.19358774,-2.38977874,8.47353445,2.33027455,1.00000000
0.49422419,0.37859826,-0.07883701,-0.49422396,-1.45568132,-0.00258868,-0.89792446,0.00000100,13.19371473,-2.38975162,8.47363141,2.33033170,1.00000000
0.49422293,0.37860099,-0.07883682,-0.49422270,-1.45565785,-0.00258914,-0.89794747,0.00000100,13.19380107,-2.38973314,8.47369735,2.33037059,1.00000000
0.49422199,0.37860304,-0.07883668,-0.49422176,-1.45565483,-0.00258883,-0.89795080,0.00000100,13.19386590,-2.38971922,8.47374686,2.33039982,1.00000000
0.49422101,0.37860493,-0.07883666,-0.49422079,-1.45565528,-0.00258840,-0.89795078,0.00000100,13.19392760,-2.38971035,8.47379268,2.33042458,1.00000000
0.49421943,0.37860673,-0.07883729,-0.49421921,-1.45565572,-0.00258799,-0.89795075,0.00000100,13.19399736,-2.38972595,8.47383676,2.33043464,1.00000000
0.49421794,0.37860851,-0.07883784,-0.49422109,-1.45565615,-0.00258759,-0.89795072,0.00000100,13.19406465,-2.38973835,8.47387994,2.33044635,1.00000000
0.49421510,0.37861014,-0.07883982,-0.49422284,-1.45565656,-0.00258721,-0.89795068,0.00000100,13.19415109,-2.38980407,8.47392043,2.33042659,1.00000000
0.49421099,0.37861163,-0.07884317,-0.49422626,-1.45565695,-0.00258687,-0.89795063,0.00000100,13.19425555,-2.38992004,8.47395827,2.33037723,1.00000000
0.49420530,0.37861296,-0.07884820,-0.49423175,-1.45565732,-0.00258657,-0.89795057,0.00000100,13.19438269,-2.39009839,8.47399307,2.33029123,1.00000000
0.49419770,0.37861411,-0.07885525,-0.49423971,-1.45565767,-0.00258630,-0.89795049,0.00000100,13.19453712,-2.39035107,8.47402440,2.33016165,1.00000000
0.49418791,0.37861504,-0.07886463,-0.49425052,-1.45565799,-0.00258609,-0.89795039,0.00000100,13.19472340,-2.39068992,8.47405187,2.32998160,1.00000000
0.49417561,0.37861575,-0.07887665,-0.49426457,-1.45565828,-0.00258592,-0.89795026,0.00000100,13.19494600,-2.39112660,8.47407508,2.32974431,1.00000000
0.49416050,0.37861620,-0.07889164,-0.49428224,-1.45565854,-0.00258581,-0.89795011,0.00000100,13.19520937,-2.39167265,8.47409363,2.32944309,1.00000000
0.49414231,0.37861637,-0.07890990,-0.49430391,-1.45565877,-0.00258576,-0.89794993,0.00000100,13.19551786,-2.39233942,8.47410713,2.32907131,1.00000000
0.49412072,0.37861624,-0.07893174,-0.49432995,-1.45565897,-0.00258578,-0.89794972,0.00000100,13.19587581,-2.39313817,8.47411518,2.32862246,1.00000000
0.49409547,0.37861579,-0.07895745,-0.49436072,-1.45565912,-0.00258587,-0.89794947,0.00000100,13.19628746,-2.39407996,8.47411741,2.32809009,1.00000000
0.49406625,0.37861499,-0.07898733,-0.49439659,-1.45565924,-0.00258604,-0.89794919,0.00000100,13.19675700,-2.39517573,8.47411343,2.32746785,1.00000000
0.49403281,0.37861382,-0.07902167,-0.49443790,-1.45565931,-0.00258628,-0.89794887,0.00000100,13.19728857,-2.39643628,8.47410285,2.32674945,1.00000000
0.49399486,0.37861227,-0.07906077,-0.49448502,-1.45565935,-0.00258662,-0.89794850,0.00000100,13.19788626,-2.39787225,8.47408531,2.32592870,1.00000000
0.49395213,0.37861030,-0.07910491,-0.49453829,-1.45565933,-0.00258704,-0.89794809,0.00000100,13.19855406,-2.39949415,8.47406041,2.32499949,1.00000000
0.49390435,0.37860790,-0.07915437,-0.49459806,-1.45565927,-0.00258756,-0.89794764,0.00000100,13.19929594,-2.40131235,8.47402779,2.32395579,1.00000000
0.49385126,0.37860504,-0.07920942,-0.49466465,-1.45565916,-0.00258818,-0.89794713,0.00000100,13.20011579,-2.40333706,8.47398707,2.32279166,1.00000000
0.49379261,0.37860170,-0.07927035,-0.49473841,-1.45565899,-0.00258890,-0.89794658,0.00000100,13.20101744,-2.40557836,8.47393787,2.32150121,1.00000000
0.49372812,0.37859786,-0.07933741,-0.49481966,-1.45565878,-0.00258973,-0.89794597,0.00000100,13.20200467,-2.40804618,8.47387982,2.32007867,1.00000000
0.49365756,0.37859350,-0.07941088,-0.49490873,-1.45565850,-0.00259067,-0.89794530,0.00000100,13.20308118,-2.41075034,8.47381253,2.31851831,1.00000000
0.49358068,0.37858859,-0.07949101,-0.49500593,-1.45565817,-0.00259173,-0.89794457,0.00000100,13.20425062,-2.41370048,8.47373563,2.31681451,1.00000000
0.49349723,0.37858311,-0.07957806,-0.49511159,-1.45565778,-0.00259291,-0.89794378,0.00000100,13.20551658,-2.41690613,8.47364873,2.31496171,1.00000000
0.49340696,0.37857704,-0.07967230,-0.49522600,-1.45565733,-0.00259422,-0.89794293,0.00000100,13.20688257,-2.42037668,8.47355146,2.31295442,1.00000000
0.49330964,0.37857035,-0.07977396,-0.49534948,-1.45565681,-0.00259566,-0.89794200,0.00000100,13.20835205,-2.42412137,8.47344343,2.31078726,1.00000000
0.49320505,0.37856302,-0.07988329,-0.49548234,-1.45565623,-0.00259723,-0.89794102,0.00000100,13.20992842,-2.42814930,8.47332424,2.30845487,1.00000000
0.49309294,0.37855503,-0.08000055,-0.49562485,-1.45565558,-0.00259894,-0.89793996,0.00000100,13.21161500,-2.43246947,8.47319350,2.30595203,1.00000000
0.49297310,0.37854635,-0.08012596,-0.49577733,-1.45565486,-0.00260079,-0.89793882,0.00000100,13.21341505,-2.43709070,8.47305082,2.30327354,1.00000000
0.49284529,0.37853695,-0.08025976,-0.49594006,-1.45565406,-0.00260280,-0.89793761,0.00000100,13.21533179,-2.44202171,8.47289578,2.30041430,1.00000000
0.49270931,0.37852682,-0.08040218,-0.49611331,-1.45565320,-0.00260495,-0.89793632,0.00000100,13.21736832,-2.44727107,8.47272798,2.29736927,1.00000000
0.49256494,0.37851593,-0.08055346,-0.49629738,-1.45565226,-0.00260726,-0.89793495,0.00000100,13.21952773,-2.45284723,8.47254699,2.29413350,1.00000000
0.49241196,0.37850424,-0.08071382,-0.49649254,-1.45565124,-0.00260973,-0.89793350,0.00000100,13.22181300,-2.45875849,8.47235241,2.29070210,1.00000000
0.49225017,0.37849173,-0.08088347,-0.49669906,-1.45565015,-0.00261236,-0.89793197,0.00000100,13.22422708,-2.46501304,8.47214379,2.28707025,1.00000000
0.49207936,0.37847838,-0.08106263,-0.49691720,-1.45564897,-0.00261516,-0.89793034,0.00000100,13.22677281,-2.47161892,8.47192069,2.28323320,1.00000000
0.49189934,0.37846415,-0.08125152,-0.49714724,-1.45564771,-0.00261814,-0.89792863,0.00000100,13.22945300,-2.47858406,8.47168267,2.27918627,1.00000000
0.49170991,0.37844903,-0.08145035,-0.49738942,-1.45564636,-0.00262129,-0.89792682,0.00000100,13.23227036,-2.48591625,8.47142926,2.27492485,1.00000000
0.49151088,0.37843296,-0.08165933,-0.49764401,-1.45564493,-0.00262462,-0.89792492,0.00000100,13.23522756,-2.49362316,8.47116001,2.27044439,1.00000000
0.49130205,0.37841594,-0.08187865,-0.49791126,-1.45564341,-0.00262814,-0.89792293,0.00000100,13.23832717,-2.50171231,8.47087442,2.26574043,1.00000000
0.49108325,0.37839792,-0.08210852,-0.49819141,-1.45564180,-0.00263184,-0.89792083,0.00000100,13.24157171,-2.51019114,8.47057202,2.26080856,1.00000000
0.49085428,0.37837887,-0.08234913,-0.49848471,-1.45564010,-0.00263574,-0.89791864,0.00000100,13.24496362,-2.51906691,8.47025229,2.25564442,1.00000000
0.49061498,0.37835876,-0.08260067,-0.49879139,-1.45563830,-0.00263984,-0.89791634,0.00000100,13.24850528,-2.52834680,8.46991473,2.25024375,1.00000000
0.49036517,0.37833755,-0.08286334,-0.49911169,-1.45563641,-0.00264414,-0.89791393,0.00000100,13.25219897,-2.53803784,8.46955880,2.24460233,1.00000000
0.49010467,0.37831521,-0.08313731,-0.49944585,-1.45563441,-0.00264864,-0.89791142,0.00000100,13.25604693,-2.54814695,8.46918398,2.23871601,1.00000000
0.48983332,0.37829171,-0.08342277,-0.49979409,-1.45563232,-0.00265336,-0.89790879,0.00000100,13.26005132,-2.55868091,8.46878970,2.23258071,1.00000000
0.48955096,0.37826700,-0.08371991,-0.50015663,-1.45563013,-0.00265829,-0.89790606,0.00000100,13.26421420,-2.56964640,8.46837539,2.22619241,1.00000000
0.48925743,0.37824105,-0.08402888,-0.50053370,-1.45562783,-0.00266344,-0.89790320,0.00000100,13.26853758,-2.58104997,8.46794047,2.21954714,1.00000000
0.48895257,0.37821381,-0.08434987,-0.50092551,-1.45562543,-0.00266882,-0.89790024,0.00000100,13.27302339,-2.59289804,8.46748434,2.21264100,1.00000000
0.48863623,0.37818526,-0.08468304,-0.50133227,-1.45562291,-0.00267442,-0.89789715,0.00000100,13.27767349,-2.60519693,8.46700639,2.20547017,1.00000000
0.48830826,0.37815533,-0.08502856,-0.50175420,-1.45562029,-0.00268026,-0.89789393,0.00000100,13.28248966,-2.61795283,8.46650598,2.19803085,1.00000000
0.48796852,0.37812400,-0.08538659,-0.50219149,-1.45561755,-0.00268633,-0.89789060,0.00000100,13.28747361,-2.63117180,8.46598247,2.19031933,1.00000000
0.48761685,0.37809121,-0.08575728,-0.50264435,-1.45561470,-0.00269264,-0.89788713,0.00000100,13.29262694,-2.64485981,8.46543518,2.18233196,1.00000000
0.48725314,0.37805692,-0.08614079,-0.50311298,-1.45561174,-0.00269920,-0.89788354,0.00000100,13.29795123,-2.65902268,8.46486343,2.17406512,1.00000000
0.48687723,0.37802109,-0.08653728,-0.50359757,-1.45560865,-0.00270602,-0.89787981,0.00000100,13.30344794,-2.67366615,8.46426651,2.16551528,1.00000000
0.48648901,0.37798366,-0.08694688,-0.50409831,-1.45560545,-0.00271309,-0.89787595,0.00000100,13.30911847,-2.68879581,8.46364371,2.15667895,1.00000000
0.48608833,0.37794458,-0.08736975,-0.50461540,-1.45560212,-0.00272042,-0.89787195,0.00000100,13.31496413,-2.70441715,8.46299428,2.14755271,1.00000000
0.48567509,0.37790381,-0.08780602,-0.50514901,-1.45559866,-0.00272801,-0.89786781,0.00000100,13.32098617,-2.72053556,8.46231745,2.13813316,1.00000000
0.48524916,0.37786128,-0.08825583,-0.50569932,-1.45559508,-0.00273588,-0.89786352,0.00000100,13.32718575,-2.73715630,8.46161244,2.12841701,1.00000000
0.48481042,0.37781695,-0.08871932,-0.50626652,-1.45559137,-0.00274402,-0.89785910,0.00000100,13.33356394,-2.75428451,8.46087845,2.11840098,1.00000000
0.48435876,0.37777076,-0.08919662,-0.50685077,-1.45558752,-0.00275244,-0.89785452,0.00000100,13.34012175,-2.77192524,8.46011465,2.10808187,1.00000000
0.48389408,0.37772265,-0.08968785,-0.50745225,-1.45558354,-0.00276115,-0.89784979,0.00000100,13.34686011,-2.79008341,8.45932019,2.09745651,1.00000000
0.48341626,0.37767256,-0.09019314,-0.50807112,-1.45557942,-0.00277015,-0.89784490,0.00000100,13.35377986,-2.80876383,8.45849421,2.08652182,1.00000000
0.48292520,0.37762043,-0.09071262,-0.50870755,-1.45557517,-0.00277945,-0.89783986,0.00000100,13.36088176,-2.82797122,8.45763581,2.07527474,1.00000000
0.48242081,0.37756619,-0.09124639,-0.50936170,-1.45557077,-0.00278905,-0.89783466,0.00000100,13.36816649,-2.84771016,8.45674407,2.06371227,1.00000000
0.48190298,0.37750979,-0.09179458,-0.51003373,-1.45556622,-0.00279896,-0.89782930,0.00000100,13.37563466,-2.86798514,8.45581806,2.05183146,1.00000000
0.48137164,0.37745116,-0.09235729,-0.51072378,-1.45556153,-0.00280919,-0.89782377,0.00000100,13.38328679,-2.88880054,8.45485681,2.03962944,1.00000000
0.48082668,0.37739023,-0.09293464,-0.51143201,-1.45555669,-0.00281973,-0.89781806,0.00000100,13.39112331,-2.91016063,8.45385934,2.02710334,1.00000000
0.48026804,0.37732693,-0.09352672,-0.51215858,-1.45555169,-0.00283060,-0.89781219,0.00000100,13.39914459,-2.93206956,8.45282464,2.01425039,1.00000000
0.47969561,0.37726118,-0.09413364,-0.51290361,-1.45554654,-0.00284180,-0.89780614,0.00000100,13.40735090,-2.95453140,8.45175167,2.00106784,1.00000000
0.47910934,0.37719293,-0.09475550,-0.51366726,-1.45554123,-0.00285334,-0.89779991,0.00000100,13.41574245,-2.97755009,8.45063937,1.98755299,1.00000000
0.47850913,0.37712208,-0.09539240,-0.51444967,-1.45553576,-0.00286522,-0.89779350,0.00000100,13.42431934,-3.00112948,8.44948666,1.97370320,1.00000000
0.47789493,0.37704857,-0.09604442,-0.51525096,-1.45553012,-0.00287745,-0.89778690,0.00000100,13.43308161,-3.02527329,8.44829243,1.95951589,1.00000000
0.47726667,0.37697232,-0.09671166,-0.51607128,-1.45552432,-0.00289004,-0.89778012,0.00000100,13.44202920,-3.04998517,8.44705554,1.94498849,1.00000000
0.47662428,0.37689325,-0.09739419,-0.51691074,-1.45551835,-0.00290300,-0.89777314,0.00000100,13.45116200,-3.07526864,8.44577484,1.93011852,1.00000000
0.47596770,0.37681127,-0.09809211,-0.51776949,-1.45551220,-0.00291632,-0.89776596,0.00000100,13.46047977,-3.10112712,8.44444913,1.91490352,1.00000000
0.47529688,0.37672631,-0.09880549,-0.51864763,-1.45550587,-0.00293003,-0.89775858,0.00000100,13.46998224,-3.12756394,8.44307720,1.89934109,1.00000000
0.47461176,0.37663827,-0.09953441,-0.51954530,-1.45549937,-0.00294412,-0.89775100,0.00000100,13.47966901,-3.15458232,8.44165782,1.88342888,1.00000000
0.47391229,0.37654707,-0.10027893,-0.52046261,-1.45549268,-0.00295860,-0.89774321,0.00000100,13.48953964,-3.18218536,8.44018971,1.86716457,1.00000000
0.47319843,0.37645262,-0.10103914,-0.52139968,-1.45548580,-0.00297348,-0.89773520,0.00000100,13.49959358,-3.21037609,8.43867158,1.85054590,1.00000000
0.47247013,0.37635484,-0.10181509,-0.52235661,-1.45547874,-0.00298877,-0.89772698,0.00000100,13.50983020,-3.23915742,8.43710213,1.83357065,1.00000000
0.47172736,0.37625362,-0.10260685,-0.52333352,-1.45547148,-0.00300447,-0.89771854,0.00000100,13.52024880,-3.26853216,8.43547999,1.81623665,1.00000000
0.47097008,0.37614887,-0.10341448,-0.52433052,-1.45546402,-0.00302060,-0.89770987,0.00000100,13.53084859,-3.29850301,8.43380381,1.79854178,1.00000000
0.47019825,0.37604049,-0.10423804,-0.52534770,-1.45545635,-0.00303716,-0.89770097,0.00000100,13.54162871,-3.32907260,8.43207217,1.78048394,1.00000000
0.46941184,0.37592840,-0.10507758,-0.52638517,-1.45544849,-0.00305416,-0.89769184,0.00000100,13.55258820,-3.36024342,8.43028366,1.76206112,1.00000000
0.46861084,0.37581248,-0.10593314,-0.52744304,-1.45544041,-0.00307160,-0.89768247,0.00000100,13.56372603,-3.39201791,8.42843681,1.74327131,1.00000000
0.46779522,0.37569263,-0.10680478,-0.52852138,-1.45543212,-0.00308951,-0.89767286,0.00000100,13.57504108,-3.42439836,8.42653016,1.72411256,1.00000000
0.46696495,0.37556876,-0.10769254,-0.52962031,-1.45542361,-0.00310788,-0.89766299,0.00000100,13.58653216,-3.45738699,8.42456219,1.70458298,1.00000000
0.46612003,0.37544076,-0.10859647,-0.53073991,-1.45541487,-0.00312673,-0.89765288,0.00000100,13.59819800,-3.49098592,8.42253138,1.68468070,1.00000000
0.46526043,0.37530851,-0.10951659,-0.53188026,-1.45540592,-0.00314606,-0.89764251,0.00000100,13.61003723,-3.52519718,8.42043615,1.66440390,1.00000000
0.46438616,0.37517191,-0.11045294,-0.53304146,-1.45539673,-0.00316589,-0.89763187,0.00000100,13.62204842,-3.56002267,8.41827493,1.64375082,1.00000000
0.46349720,0.37503085,-0.11140556,-0.53422358,-1.45538730,-0.00318623,-0.89762096,0.00000100,13.63423005,-3.59546423,8.41604609,1.62271973,1.00000000
0.46259356,0.37488522,-0.11237447,-0.53542671,-1.45537763,-0.00320707,-0.89760978,0.00000100,13.64658053,-3.63152358,8.41374800,1.60130894,1.00000000
0.46167523,0.37473490,-0.11335970,-0.53665092,-1.45536772,-0.00322845,-0.89759832,0.00000100,13.65909817,-3.66820236,8.41137900,1.57951681,1.00000000
0.46074221,0.37457977,-0.11436127,-0.53789630,-1.45535756,-0.00325036,-0.89758657,0.00000100,13.67178122,-3.70550211,8.40893738,1.55734174,1.00000000
0.45979452,0.37441972,-0.11537919,-0.53916291,-1.45534714,-0.00327282,-0.89757453,0.00000100,13.68462784,-3.74342425,8.40642142,1.53478216,1.00000000
0.45883216,0.37425463,-0.11641348,-0.54045083,-1.45533646,-0.00329584,-0.89756219,0.00000100,13.69763612,-3.78197015,8.40382939,1.51183658,1.00000000
0.45785516,0.37408437,-0.11746416,-0.54176012,-1.45532551,-0.00331942,-0.89754955,0.00000100,13.71080406,-3.82114104,8.40115951,1.48850352,1.00000000
0.45686351,0.37390882,-0.11853122,-0.54309086,-1.45531429,-0.00334359,-0.89753660,0.00000100,13.72412960,-3.86093808,8.39840998,1.46478154,1.00000000
0.45585725,0.37372787,-0.11961469,-0.54444309,-1.45530280,-0.00336836,-0.89752333,0.00000100,13.73761059,-3.90136234,8.39557897,1.44066927,1.00000000
0.45483640,0.37354137,-0.12071455,-0.54581690,-1.45529102,-0.00339373,-0.89750974,0.00000100,13.75124479,-3.94241478,8.39266465,1.41616536,1.00000000
0.45380099,0.37334921,-0.12183081,-0.54721232,-1.45527895,-0.00341972,-0.89749582,0.00000100,13.76502991,-3.98409627,8.38966514,1.39126850,1.00000000
0.45275103,0.37315126,-0.12296346,-0.54862943,-1.45526659,-0.00344634,-0.89748156,0.00000100,13.77896358,-4.02640760,8.38657853,1.36597745,1.00000000
0.45168658,0.37294737,-0.12411250,-0.55006828,-1.45525392,-0.00347361,-0.89746696,0.00000100,13.79304333,-4.06934945,8.38340290,1.34029097,1.00000000
0.45060766,0.37273743,-0.12527791,-0.55152892,-1.45524095,-0.00350153,-0.89745200,0.00000100,13.80726664,-4.11292241,8.38013632,1.31420791,1.00000000
0.44951431,0.37252130,-0.12645968,-0.55301140,-1.45522766,-0.00353014,-0.89743669,0.00000100,13.82163090,-4.15712698,8.37677680,1.28772712,1.00000000
0.44840657,0.37229884,-0.12765780,-0.55451576,-1.45521406,-0.00355943,-0.89742100,0.00000100,13.83613345,-4.20196356,8.37332236,1.26084753,1.00000000
0.44728449,0.37206991,-0.12887224,-0.55604206,-1.45520012,-0.00358942,-0.89740495,0.00000100,13.85077152,-4.24743249,8.36977097,1.23356807,1.00000000
0.44614812,0.37183438,-0.13010297,-0.55759034,-1.45518585,-0.00362013,-0.89738850,0.00000100,13.86554231,-4.29353397,8.36612060,1.20588775,1.00000000
0.44499751,0.37159210,-0.13134998,-0.55916064,-1.45517124,-0.00365158,-0.89737167,0.00000100,13.88044290,-4.34026813,8.36236917,1.17780560,1.00000000
0.44383271,0.37134295,-0.13261323,-0.56075300,-1.45515627,-0.00368377,-0.89735444,0.00000100,13.89547034,-4.38763502,8.35851462,1.14932070,1.00000000
0.44265378,0.37108676,-0.13389268,-0.56236745,-1.45514095,-0.00371674,-0.89733680,0.00000100,13.91062160,-4.43563459,8.35455482,1.12043218,1.00000000
0.44146079,0.37082341,-0.13518830,-0.56400404,-1.45512527,-0.00375048,-0.89731874,0.00000100,13.92589355,-4.48426668,8.35048766,1.09113921,1.00000000
0.44025378,0.37055275,-0.13650005,-0.56566279,-1.45510921,-0.00378503,-0.89730025,0.00000100,13.94128303,-4.53353107,8.34631098,1.06144098,1.00000000
0.43903284,0.37027463,-0.13782789,-0.56734374,-1.45509277,-0.00382039,-0.89728133,0.00000100,13.95678679,-4.58342742,8.34202261,1.03133676,1.00000000
0.43779803,0.36998890,-0.13917176,-0.56904692,-1.45507593,-0.00385660,-0.89726196,0.00000100,13.97240153,-4.63395533,8.33762037,1.00082583,1.00000000
0.43654942,0.36969541,-0.14053163,-0.57077236,-1.45505870,-0.00389365,-0.89724213,0.00000100,13.98812385,-4.68511428,8.33310204,0.96990753,1.00000000
0.43528708,0.36939403,-0.14190742,-0.57252007,-1.45504107,-0.00393159,-0.89722183,0.00000100,14.00395032,-4.73690368,8.32846540,0.93858124,1.00000000
0.43401110,0.36908459,-0.14329910,-0.57429009,-1.45502301,-0.00397041,-0.89720106,0.00000100,14.01987742,-4.78932283,8.32370821,0.90684639,1.00000000
0.43272156,0.36876696,-0.14470659,-0.57608243,-1.45500453,-0.00401015,-0.89717980,0.00000100,14.03590158,-4.84237097,8.31882819,0.87470243,1.00000000
0.43141853,0.36844097,-0.14612983,-0.57789712,-1.45498561,-0.00405083,-0.89715804,0.00000100,14.05201916,-4.89604721,8.31382306,0.84214888,1.00000000
0.43010212,0.36810647,-0.14756876,-0.57973417,-1.45496625,-0.00409246,-0.89713577,0.00000100,14.06822645,-4.95035061,8.30869054,0.80918530,1.00000000
0.42877240,0.36776331,-0.14902330,-0.58159360,-1.45494643,-0.00413508,-0.89711298,0.00000100,14.08451970,-5.00528011,8.30342830,0.77581128,1.00000000
0.42742946,0.36741134,-0.15049339,-0.58347542,-1.45492614,-0.00417869,-0.89708966,0.00000100,14.10089507,-5.06083459,8.29803402,0.74202646,1.00000000
0.42607341,0.36705041,-0.15197895,-0.58537964,-1.45490538,-0.00422332,-0.89706578,0.00000100,14.11734868,-5.11701280,8.29250535,0.70783053,1.00000000
0.42470434,0.36668035,-0.15347989,-0.58730629,-1.45488413,-0.00426901,-0.89704135,0.00000100,14.13387659,-5.17381343,8.28683993,0.67322322,1.00000000
0.42332236,0.36630102,-0.15499613,-0.58925535,-1.45486238,-0.00431576,-0.89701635,0.00000100,14.15047478,-5.23123509,8.28103539,0.63820430,1.00000000
0.42192755,0.36591225,-0.15652759,-0.59122685,-1.45484012,-0.00436361,-0.89699076,0.00000100,14.16713921,-5.28927628,8.27508934,0.60277360,1.00000000
0.42052004,0.36551390,-0.15807418,-0.59322079,-1.45481733,-0.00441258,-0.89696457,0.00000100,14.18386575,-5.34793541,8.26899938,0.56693097,1.00000000
0.41909993,0.36510580,-0.15963579,-0.59523716,-1.45479402,-0.00446270,-0.89693777,0.00000100,14.20065024,-5.40721081,8.26276310,0.53067632,1.00000000
0.41766733,0.36468779,-0.16121235,-0.59727597,-1.45477015,-0.00451400,-0.89691034,0.00000100,14.21748844,-5.46710073,8.25637809,0.49400962,1.00000000
0.41622235,0.36425973,-0.16280373,-0.59933723,-1.45474572,-0.00456649,-0.89688227,0.00000100,14.23437608,-5.52760333,8.24984191,0.45693085,1.00000000
0.41476512,0.36382145,-0.16440985,-0.60142092,-1.45472072,-0.00462022,-0.89685355,0.00000100,14.25130883,-5.58871666,8.24315211,0.41944006,1.00000000
0.41329575,0.36337279,-0.16603060,-0.60352705,-1.45469514,-0.00467520,-0.89682415,0.00000100,14.26828230,-5.65043870,8.23630625,0.38153735,1.00000000
0.41181435,0.36291360,-0.16766586,-0.60565560,-1.45466895,-0.00473147,-0.89679406,0.00000100,14.28529205,-5.71276733,8.22930187,0.34322285,1.00000000
0.41032107,0.36244372,-0.16931553,-0.60780658,-1.45464215,-0.00478906,-0.89676327,0.00000100,14.30233362,-5.77570038,8.22213649,0.30449675,1.00000000
0.40881602,0.36196300,-0.17097948,-0.60997997,-1.45461472,-0.00484800,-0.89673176,0.00000100,14.31940247,-5.83923554,8.21480766,0.26535927,1.00000000
0.40729933,0.36147127,-0.17265760,-0.61217577,-1.45458665,-0.00490833,-0.89669951,0.00000100,14.33649403,-5.90337045,8.20731288,0.22581070,1.00000000
0.40577113,0.36096837,-0.17434977,-0.61439395,-1.45455792,-0.00497006,-0.89666651,0.00000100,14.35360367,-5.96810264,8.19964967,0.18585136,1.00000000
0.40423156,0.36045416,-0.17605585,-0.61663451,-1.45452851,-0.00503325,-0.89663273,0.00000100,14.37072673,-6.03342956,8.19181554,0.14548162,1.00000000
0.40268076,0.35992848,-0.17777572,-0.61889744,-1.45449841,-0.00509791,-0.89659816,0.00000100,14.38785850,-6.09934859,8.18380801,0.10470191,1.00000000
0.40111887,0.35939116,-0.17950924,-0.62118270,-1.45446761,-0.00516410,-0.89656278,0.00000100,14.40499423,-6.16585699,8.17562456,0.06351268,1.00000000
0.39954601,0.35884206,-0.18125629,-0.62349030,-1.45443608,-0.00523184,-0.89652657,0.00000100,14.42212914,-6.23295197,8.16726271,0.02191446,1.00000000
0.39796235,0.35828102,-0.18301672,-0.62582020,-1.45440381,-0.00530117,-0.89648951,0.00000100,14.43925840,-6.30063063,8.15871996,-0.02009219,1.00000000
0.39636802,0.35770788,-0.18479038,-0.62817238,-1.45437078,-0.00537213,-0.89645158,0.00000100,14.45637713,-6.36888999,8.14999380,-0.06250667,1.00000000
0.39476318,0.35712250,-0.18657714,-0.63054682,-1.45433697,-0.00544475,-0.89641276,0.00000100,14.47348043,-6.43772698,8.14108174,-0.10532829,1.00000000
0.39314797,0.35652471,-0.18837685,-0.63294350,-1.45430237,-0.00551909,-0.89637303,0.00000100,14.49056336,-6.50713845,8.13198127,-0.14855636,1.00000000
0.39152255,0.35591436,-0.19018935,-0.63536239,-1.45426696,-0.00559517,-0.89633236,0.00000100,14.50762096,-6.57712118,8.12268990,-0.19219012,1.00000000
0.38988706,0.35529132,-0.19201448,-0.63780345,-1.45423070,-0.00567304,-0.89629074,0.00000100,14.52464822,-6.64767183,8.11320514,-0.23622876,1.00000000
0.38824168,0.35465541,-0.19385210,-0.64026667,-1.45419360,-0.00575275,-0.89624814,0.00000100,14.54164009,-6.71878701,8.10352450,-0.28067141,1.00000000
0.38658656,0.35400651,-0.19570204,-0.64275201,-1.45415562,-0.00583434,-0.89620453,0.00000100,14.55859152,-6.79046320,8.09364548,-0.32551717,1.00000000
0.38492185,0.35334445,-0.19756413,-0.64525943,-1.45411674,-0.00591784,-0.89615990,0.00000100,14.57549740,-6.86269685,8.08356562,-0.37076507,1.00000000
0.38324773,0.35266909,-0.19943821,-0.64778890,-1.45407695,-0.00600332,-0.89611422,0.00000100,14.59235262,-6.93548429,8.07328244,-0.41641411,1.00000000
0.38156436,0.35198029,-0.20132411,-0.65034040,-1.45403622,-0.00609081,-0.89606746,0.00000100,14.60915202,-7.00882177,8.06279348,-0.46246323,1.00000000
0.37987190,0.35127790,-0.20322166,-0.65291387,-1.45399452,-0.00618037,-0.89601960,0.00000100,14.62589043,-7.08270546,8.05209627,-0.50891130,1.00000000
0.37817053,0.35056178,-0.20513068,-0.65550928,-1.45395184,-0.00627204,-0.89597060,0.00000100,14.64256265,-7.15713146,8.04118836,-0.55575718,1.00000000
0.37646041,0.34983179,-0.20705098,-0.65812659,-1.45390815,-0.00636588,-0.89592046,0.00000100,14.65916348,-7.23209577,8.03006733,-0.60299963,1.00000000
0.37474173,0.34908779,-0.20898240,-0.66076575,-1.45386343,-0.00646193,-0.89586912,0.00000100,14.67568766,-7.30759431,8.01873075,-0.65063740,1.00000000
0.37301465,0.34832964,-0.21092473,-0.66342673,-1.45381765,-0.00656026,-0.89581658,0.00000100,14.69212994,-7.38362292,8.00717619,-0.69866916,1.00000000
0.37127936,0.34755720,-0.21287781,-0.66610948,-1.45377079,-0.00666091,-0.89576279,0.00000100,14.70848506,-7.46017735,7.99540126,-0.74709354,1.00000000
0.36953602,0.34677034,-0.21484143,-0.66881396,-1.45372282,-0.00676394,-0.89570773,0.00000100,14.72474772,-7.53725327,7.98340356,-0.79590912,1.00000000
0.36778483,0.34596893,-0.21681540,-0.67154010,-1.45367371,-0.00686941,-0.89565137,0.00000100,14.74091261,-7.61484629,7.97118074,-0.84511442,1.00000000
0.36602597,0.34515284,-0.21879953,-0.67428788,-1.45362344,-0.00697737,-0.89559368,0.00000100,14.75697442,-7.69295190,7.95873042,-0.89470791,1.00000000
0.36425961,0.34432193,-0.22079362,-0.67705722,-1.45357198,-0.00708789,-0.89553462,0.00000100,14.77292782,-7.77156555,7.94605027,-0.94468799,1.00000000
0.36248595,0.34347609,-0.22279746,-0.67984809,-1.45351930,-0.00720103,-0.89547416,0.00000100,14.78876748,-7.85068257,7.93313796,-0.99505305,1.00000000
0.36070518,0.34261518,-0.22481086,-0.68266042,-1.45346537,-0.00731685,-0.89541227,0.00000100,14.80448805,-7.93029823,7.91999120,-1.04580138,1.00000000
0.35891747,0.34173909,-0.22683360,-0.68549417,-1.45341016,-0.00743541,-0.89534892,0.00000100,14.82008417,-8.01040772,7.90660769,-1.09693124,1.00000000
0.35712303,0.34084769,-0.22886547,-0.68834927,-1.45335364,-0.00755679,-0.89528406,0.00000100,14.83555050,-8.09100616,7.89298517,-1.14844083,1.00000000
0.35532204,0.33994087,-0.23090628,-0.69122567,-1.45329578,-0.00768103,-0.89521767,0.00000100,14.85088167,-8.17208857,7.87912140,-1.20032829,1.00000000
0.35351471,0.33901852,-0.23295579,-0.69412330,-1.45323655,-0.00780823,-0.89514971,0.00000100,14.86607232,-8.25364990,7.86501415,-1.25259173,1.00000000
0.35170121,0.33808051,-0.23501380,-0.69704211,-1.45317592,-0.00793843,-0.89508014,0.00000100,14.88111709,-8.33568502,7.85066124,-1.30522918,1.00000000
0.34988176,0.33712674,-0.23708008,-0.69998203,-1.45311385,-0.00807172,-0.89500892,0.00000100,14.89601061,-8.41818873,7.83606050,-1.35823861,1.00000000
0.34805655,0.33615711,-0.23915442,-0.70294300,-1.45305030,-0.00820818,-0.89493601,0.00000100,14.91074753,-8.50115574,7.82120976,-1.41161797,1.00000000
0.34622577,0.33517151,-0.24123658,-0.70592495,-1.45298525,-0.00834786,-0.89486138,0.00000100,14.92532250,-8.58458070,7.80610692,-1.46536512,1.00000000
0.34438964,0.33416983,-0.24332635,-0.70892781,-1.45291866,-0.00849085,-0.89478497,0.00000100,14.93973016,-8.66845815,7.79074988,-1.51947787,1.00000000
0.34254835,0.33315198,-0.24542350,-0.71195152,-1.45285049,-0.00863723,-0.89470677,0.00000100,14.95396519,-8.75278260,7.77513657,-1.57395399,1.00000000
0.34070210,0.33211787,-0.24752779,-0.71499600,-1.45278071,-0.00878708,-0.89462671,0.00000100,14.96802224,-8.83754846,7.75926497,-1.62879120,1.00000000
0.33885110,0.33106739,-0.24963899,-0.71806119,-1.45270927,-0.00894047,-0.89454475,0.00000100,14.98189600,-8.92275007,7.74313307,-1.68398713,1.00000000
0.33699556,0.33000046,-0.25175688,-0.72114700,-1.45263614,-0.00909749,-0.89446086,0.00000100,14.99558117,-9.00838167,7.72673889,-1.73953939,1.00000000
0.33513567,0.32891699,-0.25388120,-0.72425337,-1.45256128,-0.00925822,-0.89437499,0.00000100,15.00907245,-9.09443747,7.71008049,-1.79544551,1.00000000
0.33327166,0.32781690,-0.25601173,-0.72738021,-1.45248465,-0.00942275,-0.89428708,0.00000100,15.02236456,-9.18091157,7.69315597,-1.85170298,1.00000000
0.33140372,0.32670011,-0.25814822,-0.73052745,-1.45240622,-0.00959117,-0.89419711,0.00000100,15.03545226,-9.26779803,7.67596346,-1.90830923,1.00000000
0.32953208,0.32556654,-0.26029043,-0.73369501,-1.45232592,-0.00976356,-0.89410501,0.00000100,15.04833029,-9.35509081,7.65850111,-1.96526163,1.00000000
0.32765693,0.32441612,-0.26243813,-0.73688281,-1.45224374,-0.00994001,-0.89401074,0.00000100,15.06099345,-9.44278381,7.64076713,-2.02255749,1.00000000
0.32577849,0.32324878,-0.26459105,-0.74009076,-1.45215961,-0.01012063,-0.89391425,0.00000100,15.07343653,-9.53087086,7.62275975,-2.08019408,1.00000000
0.32389698,0.32206444,-0.26674896,-0.74331878,-1.45207351,-0.01030550,-0.89381548,0.00000100,15.08565438,-9.61934573,7.60447724,-2.13816859,1.00000000
0.32201260,0.32086306,-0.26891160,-0.74656679,-1.45198537,-0.01049471,-0.89371440,0.00000100,15.09764184,-9.70820210,7.58591792,-2.19647818,1.00000000
0.32012557,0.31964456,-0.27107873,-0.74983469,-1.45189517,-0.01068837,-0.89361095,0.00000100,15.10939379,-9.79743359,7.56708014,-2.25511994,1.00000000
0.31823610,0.31840889,-0.27325009,-0.75312240,-1.45180285,-0.01088658,-0.89350506,0.00000100,15.12090516,-9.88703376,7.54796230,-2.31409090,1.00000000
0.31634442,0.31715600,-0.27542544,-0.75642982,-1.45170836,-0.01108943,-0.89339670,0.00000100,15.13217088,-9.97699609,7.52856283,-2.37338804,1.00000000
0.31445073,0.31588584,-0.27760451,-0.75975687,-1.45161166,-0.01129703,-0.89328580,0.00000100,15.14318593,-10.06731401,7.50888021,-2.43300829,1.00000000
0.31255526,0.31459836,-0.27978705,-0.76310345,-1.45151270,-0.01150948,-0.89317231,0.00000100,15.15394533,-10.15798087,7.48891296,-2.49294850,1.00000000
0.31065821,0.31329353,-0.28197281,-0.76646946,-1.45141143,-0.01172688,-0.89305618,0.00000100,15.16444411,-10.24898996,7.46865966,-2.55320550,1.00000000
0.30875982,0.31197131,-0.28416152,-0.76985480,-1.45130779,-0.01194936,-0.89293734,0.00000100,15.17467738,-10.34033451,7.44811891,-2.61377604,1.00000000
0.30686029,0.31063166,-0.28635293,-0.77325939,-1.45120175,-0.01217700,-0.89281574,0.00000100,15.18464024,-10.43200768,7.42728938,-2.67465682,1.00000000
0.30495984,0.30927456,-0.28854678,-0.77668311,-1.45109324,-0.01240993,-0.89269132,0.00000100,15.19432787,-10.52400258,7.40616977,-2.73584448,1.00000000
0.30305870,0.30789998,-0.29074280,-0.78012586,-1.45098221,-0.01264826,-0.89256402,0.00000100,15.20373548,-10.61631224,7.38475885,-2.79733560,1.00000000
0.30115707,0.30650790,-0.29294074,-0.78358755,-1.45086862,-0.01289210,-0.89243377,0.00000100,15.21285833,-10.70892965,7.36305541,-2.85912673,1.00000000
0.29925520,0.30509830,-0.29514033,-0.78706806,-1.45075240,-0.01314156,-0.89230052,0.00000100,15.22169170,-10.80184773,7.34105832,-2.92121435,1.00000000
0.29735328,0.30367117,-0.29734131,-0.79056728,-1.45063351,-0.01339677,-0.89216421,0.00000100,15.23023096,-10.89505934,7.31876648,-2.98359486,1.00000000
0.29545154,0.30222651,-0.29954342,-0.79408511,-1.45051188,-0.01365784,-0.89202477,0.00000100,15.23847149,-10.98855729,7.29617885,-3.04626465,1.00000000
0.29355020,0.30076430,-0.30174639,-0.79762144,-1.45038747,-0.01392489,-0.89188214,0.00000100,15.24640876,-11.08233433,7.27329444,-3.10922002,1.00000000
0.29164949,0.29928455,-0.30394995,-0.80117615,-1.45026021,-0.01419804,-0.89173625,0.00000100,15.25403825,-11.17638316,7.25011232,-3.17245723,1.00000000
0.28974961,0.29778726,-0.30615385,-0.80474913,-1.45013004,-0.01447741,-0.89158703,0.00000100,15.26135553,-11.27069641,7.22663161,-3.23597249,1.00000000
0.28785079,0.29627244,-0.30835781,-0.80834026,-1.44999692,-0.01476313,-0.89143443,0.00000100,15.26835622,-11.36526667,7.20285149,-3.29976194,1.00000000
0.28595326,0.29474011,-0.31056158,-0.81194943,-1.44986079,-0.01505532,-0.89127838,0.00000100,15.27503598,-11.46008648,7.17877119,-3.36382169,1.00000000
0.28405722,0.29319028,-0.31276488,-0.81557651,-1.44972157,-0.01535411,-0.89111881,0.00000100,15.28139054,-11.55514833,7.15438999,-3.42814778,1.00000000
0.28216290,0.29162297,-0.31496745,-0.81922138,-1.44957922,-0.01565962,-0.89095565,0.00000100,15.28741570,-11.65044464,7.12970725,-3.49273619,1.00000000
0.28027052,0.29003821,-0.31716902,-0.82288392,-1.44943367,-0.01597199,-0.89078883,0.00000100,15.29310731,-11.74596781,7.10472237,-3.55758287,1.00000000
0.27838030,0.28843603,-0.31936934,-0.82656400,-1.44928487,-0.01629133,-0.89061829,0.00000100,15.29846130,-11.84171017,7.07943482,-3.62268370,1.00000000
0.27649245,0.28681647,-0.32156813,-0.83026150,-1.44913275,-0.01661779,-0.89044395,0.00000100,15.30347364,-11.93766402,7.05384412,-3.68803450,1.00000000
0.27460719,0.28517956,-0.32376512,-0.83397629,-1.44897726,-0.01695148,-0.89026575,0.00000100,15.30814039,-12.03382161,7.02794986,-3.75363107,1.00000000
0.27272474,0.28352535,-0.32596006,-0.83770823,-1.44881833,-0.01729255,-0.89008362,0.00000100,15.31245768,-12.13017513,7.00175169,-3.81946914,1.00000000
0.27084532,0.28185389,-0.32815269,-0.84145719,-1.44865589,-0.01764111,-0.88989748,0.00000100,15.31642169,-12.22671676,6.97524931,-3.88554437,1.00000000
0.26896914,0.28016523,-0.33034272,-0.84522304,-1.44848990,-0.01799732,-0.88970727,0.00000100,15.32002870,-12.32343860,6.94844250,-3.95185240,1.00000000
0.26709643,0.27845944,-0.33252991,-0.84900563,-1.44832029,-0.01836128,-0.88951292,0.00000100,15.32327505,-12.42033275,6.92133111,-4.01838881,1.00000000
0.26522738,0.27673656,-0.33471400,-0.85280484,-1.44814699,-0.01873315,-0.88931435,0.00000100,15.32615714,-12.51739125,6.89391502,-4.08514913,1.00000000
0.26336223,0.27499667,-0.33689471,-0.85662052,-1.44796994,-0.01911304,-0.88911151,0.00000100,15.32867147,-12.61460609,6.86619421,-4.15212883,1.00000000
0.26150118,0.27323985,-0.33907179,-0.86045252,-1.44778908,-0.01950110,-0.88890430,0.00000100,15.33081462,-12.71196926,6.83816871,-4.21932334,1.00000000
0.25964444,0.27146616,-0.34124498,-0.86430070,-1.44760436,-0.01989745,-0.88869268,0.00000100,15.33258323,-12.80947268,6.80983861,-4.28672806,1.00000000
0.25779222,0.26967569,-0.34341402,-0.86816492,-1.44741570,-0.02030223,-0.88847655,0.00000100,15.33397404,-12.90710827,6.78120409,-4.35433832,1.00000000
0.25594475,0.26786852,-0.34557866,-0.87204502,-1.44722305,-0.02071557,-0.88825587,0.00000100,15.33498386,-13.00486788,6.75226538,-4.42214940,1.00000000
0.25410222,0.26604474,-0.34773863,-0.87594085,-1.44702635,-0.02113759,-0.88803055,0.00000100,15.33560960,-13.10274336,6.72302277,-4.49015654,1.00000000
0.25226485,0.26420446,-0.34989368,-0.87985227,-1.44682553,-0.02156843,-0.88780053,0.00000100,15.33584822,-13.20072653,6.69347664,-4.55835495,1.00000000
0.25043284,0.26234775,-0.35204356,-0.88377910,-1.44662054,-0.02200821,-0.88756574,0.00000100,15.33569682,-13.29880916,6.66362743,-4.62673977,1.00000000
0.24860641,0.26047474,-0.35418801,-0.88772120,-1.44641131,-0.02245706,-0.88732612,0.00000100,15.33515256,-13.39698303,6.63347565,-4.69530612,1.00000000
0.24678574,0.25858553,-0.35632679,-0.89167841,-1.44619779,-0.02291511,-0.88708158,0.00000100,15.33421267,-13.49523985,6.60302186,-4.76404905,1.00000000
0.24497106,0.25668022,-0.35845964,-0.89565056,-1.44597992,-0.02338249,-0.88683208,0.00000100,15.33287451,-13.59357135,6.57226674,-4.83296358,1.00000000
0.24316256,0.25475895,-0.36058632,-0.89963749,-1.44575764,-0.02385930,-0.88657755,0.00000100,15.33113550,-13.69196922,6.54121098,-4.90204470,1.00000000
0.24136044,0.25282182,-0.36270659,-0.90363904,-1.44553089,-0.02434568,-0.88631791,0.00000100,15.32899319,-13.79042514,6.50985539,-4.97128734,1.00000000
0.23956491,0.25086897,-0.36482019,-0.90765502,-1.44529963,-0.02484175,-0.88605311,0.00000100,15.32644519,-13.88893075,6.47820083,-5.04068640,1.00000000
0.23777615,0.24890052,-0.36692688,-0.91168528,-1.44506379,-0.02534761,-0.88578309,0.00000100,15.32348922,-13.98747770,6.44624824,-5.11023672,1.00000000
0.23599438,0.24691661,-0.36902644,-0.91572964,-1.44482332,-0.02586338,-0.88550779,0.00000100,15.32012310,-14.08605762,6.41399862,-5.17993314,1.00000000
0.23421978,0.24491739,-0.37111861,-0.91978793,-1.44457817,-0.02638917,-0.88522714,0.00000100,15.31634475,-14.18466211,6.38145305,-5.24977041,1.00000000
0.23245255,0.24290298,-0.37320316,-0.92385996,-1.44432829,-0.02692510,-0.88494110,0.00000100,15.31215218,-14.28328278,6.34861269,-5.31974329,1.00000000
0.23069287,0.24087355,-0.37527986,-0.92794556,-1.44407363,-0.02747125,-0.88464961,0.00000100,15.30754351,-14.38191122,6.31547877,-5.38984648,1.00000000
0.22894095,0.23882924,-0.37734848,-0.93204454,-1.44381415,-0.02802773,-0.88435261,0.00000100,15.30251696,-14.48053902,6.28205259,-5.46007465,1.00000000
0.22719696,0.23677021,-0.37940878,-0.93615672,-1.44354979,-0.02859464,-0.88405005,0.00000100,15.29707085,-14.57915774,6.24833552,-5.53042241,1.00000000
0.22546109,0.23469662,-0.38146055,-0.94028191,-1.44328052,-0.02917207,-0.88374189,0.00000100,15.29120361,-14.67775898,6.21432901,-5.60088439,1.00000000
0.22373354,0.23260864,-0.38350356,-0.94441992,-1.44300630,-0.02976011,-0.88342808,0.00000100,15.28491377,-14.77633430,6.18003459,-5.67145513,1.00000000
0.22201447,0.23050643,-0.38553758,-0.94857056,-1.44272708,-0.03035884,-0.88310857,0.00000100,15.27819997,-14.87487528,6.14545386,-5.74212917,1.00000000
0.22030408,0.22839017,-0.38756240,-0.95273364,-1.44244283,-0.03096833,-0.88278333,0.00000100,15.27106096,-14.97337348,6.11058848,-5.81290101,1.00000000
0.21860254,0.22626003,-0.38957781,-0.95690896,-1.44215351,-0.03158866,-0.88245232,0.00000100,15.26349558,-15.07182049,6.07544021,-5.88376512,1.00000000
0.21691002,0.22411620,-0.39158358,-0.96109632,-1.44185910,-0.03221990,-0.88211549,0.00000100,15.25550280,-15.17020787,6.04001087,-5.95471594,1.00000000
0.21522671,0.22195886,-0.39357951,-0.96529551,-1.44155956,-0.03286211,-0.88177283,0.00000100,15.24708170,-15.26852724,6.00430235,-6.02574789,1.00000000
0.21355277,0.21978821,-0.39556539,-0.96950634,-1.44125486,-0.03351533,-0.88142429,0.00000100,15.23823144,-15.36677016,5.96831663,-6.09685536,1.00000000
0.21188837,0.21760442,-0.39754102,-0.97372860,-1.44094499,-0.03417963,-0.88106986,0.00000100,15.22895134,-15.46492827,5.93205576,-6.16803269,1.00000000
0.21023368,0.21540771,-0.39950620,-0.97796207,-1.44062992,-0.03485505,-0.88070952,0.00000100,15.21924079,-15.56299316,5.89552184,-6.23927422,1.00000000
0.20858887,0.21319826,-0.40146072,-0.98220655,-1.44030964,-0.03554161,-0.88034324,0.00000100,15.20909930,-15.66095648,5.85871709,-6.31057426,1.00000000
0.20695410,0.21097630,-0.40340440,-0.98646183,-1.43998413,-0.03623935,-0.87997101,0.00000100,15.19852652,-15.75880986,5.82164377,-6.38192711,1.00000000
0.20532952,0.20874201,-0.40533703,-0.99072767,-1.43965339,-0.03694828,-0.87959282,0.00000100,15.18752219,-15.85654499,5.78430422,-6.45332701,1.00000000
0.20371530,0.20649562,-0.40725844,-0.99500388,-1.43931740,-0.03766843,-0.87920866,0.00000100,15.17608617,-15.95415353,5.74670086,-6.52476823,1.00000000
0.20211160,0.20423734,-0.40916844,-0.99929022,-1.43897616,-0.03839978,-0.87881854,0.00000100,15.16421842,-16.05162720,5.70883619,-6.59624497,1.00000000
0.20051856,0.20196739,-0.41106684,-1.00358647,-1.43862968,-0.03914235,-0.87842246,0.00000100,15.15191905,-16.14895773,5.67071277,-6.66775146,1.00000000
0.19893633,0.19968599,-0.41295348,-1.00789240,-1.43827796,-0.03989612,-0.87802041,0.00000100,15.13918826,-16.24613687,5.63233325,-6.73928186,1.00000000
0.19736506,0.19739336,-0.41482816,-1.01220779,-1.43792100,-0.04066106,-0.87761243,0.00000100,15.12602636,-16.34315641,5.59370033,-6.81083037,1.00000000
0.19580491,0.19508974,-0.41669072,-1.01653241,-1.43755883,-0.04143715,-0.87719851,0.00000100,15.11243381,-16.44000814,5.55481680,-6.88239113,1.00000000
0.19425600,0.19277535,-0.41854100,-1.02086601,-1.43719146,-0.04222434,-0.87677869,0.00000100,15.09841114,-16.53668391,5.51568552,-6.95395829,1.00000000
0.19271848,0.19045044,-0.42037883,-1.02520836,-1.43681891,-0.04302259,-0.87635299,0.00000100,15.08395905,-16.63317560,5.47630941,-7.02552597,1.00000000
0.19119248,0.18811523,-0.42220405,-1.02955922,-1.43644121,-0.04383184,-0.87592144,0.00000100,15.06907831,-16.72947511,5.43669149,-7.09708830,1.00000000
0.18967815,0.18576997,-0.42401651,-1.03391836,-1.43605839,-0.04465202,-0.87548408,0.00000100,15.05376983,-16.82557439,5.39683483,-7.16863939,1.00000000
0.18817560,0.18341490,-0.42581604,-1.03828552,-1.43567049,-0.04548304,-0.87504095,0.00000100,15.03803463,-16.92146541,5.35674257,-7.24017334,1.00000000
0.18668497,0.18105028,-0.42760251,-1.04266046,-1.43527755,-0.04632483,-0.87459211,0.00000100,15.02187387,-17.01714019,5.31641791,-7.31168424,1.00000000
0.18520638,0.17867634,-0.42937576,-1.04704293,-1.43487961,-0.04717727,-0.87413761,0.00000100,15.00528880,-17.11259081,5.27586416,-7.38316617,1.00000000
0.18373996,0.17629334,-0.43113565,-1.05143267,-1.43447673,-0.04804026,-0.87367750,0.00000100,14.98828079,-17.20780936,5.23508465,-7.45461323,1.00000000
0.18228582,0.17390154,-0.43288206,-1.05582944,-1.43406896,-0.04891367,-0.87321186,0.00000100,14.97085134,-17.30278800,5.19408282,-7.52601948,1.00000000
0.18084408,0.17150119,-0.43461484,-1.06023297,-1.43365636,-0.04979737,-0.87274075,0.00000100,14.95300207,-17.39751892,5.15286215,-7.59737901,1.00000000
0.17941485,0.16909255,-0.43633387,-1.06464300,-1.43323901,-0.05069122,-0.87226426,0.00000100,14.93473470,-17.49199438,5.11142620,-7.66868588,1.00000000
0.17799824,0.16667589,-0.43803901,-1.06905928,-1.43281697,-0.05159506,-0.87178246,0.00000100,14.91605108,-17.58620666,5.06977859,-7.73993417,1.00000000
0.17659436,0.16425147,-0.43973015,-1.07348153,-1.43239032,-0.05250872,-0.87129545,0.00000100,14.89695317,-17.68014812,5.02792302,-7.81111797,1.00000000
0.17520330,0.16181955,-0.44140718,-1.07790949,-1.43195914,-0.05343203,-0.87080332,0.00000100,14.87744306,-17.77381117,4.98586323,-7.88223134,1.00000000
0.17382518,0.15938040,-0.44306997,-1.08234289,-1.43152353,-0.05436478,-0.87030618,0.00000100,14.85752293,-17.86718826,4.94360304,-7.95326837,1.00000000
0.17246009,0.15693430,-0.44471842,-1.08678146,-1.43108357,-0.05530679,-0.86980413,0.00000100,14.83719511,-17.96027190,4.90114635,-8.02422314,1.00000000
0.17110812,0.15448151,-0.44635242,-1.09122492,-1.43063937,-0.05625783,-0.86929730,0.00000100,14.81646201,-18.05305469,4.85849708,-8.09508976,1.00000000
0.16976936,0.15202231,-0.44797187,-1.09567300,-1.43019102,-0.05721768,-0.86878579,0.00000100,14.79532618,-18.14552925,4.81565926,-8.16586233,1.00000000
0.16844390,0.14955698,-0.44957668,-1.10012541,-1.42973865,-0.05818610,-0.86826974,0.00000100,14.77379027,-18.23768828,4.77263694,-8.23653496,1.00000000
0.16713182,0.14708580,-0.45116675,-1.10458187,-1.42928236,-0.05916285,-0.86774928,0.00000100,14.75185705,-18.32952456,4.72943426,-8.30710177,1.00000000
0.16583321,0.14460904,-0.45274199,-1.10904210,-1.42882227,-0.06014767,-0.86722454,0.00000100,14.72952941,-18.42103090,4.68605540,-8.37755689,1.00000000
0.16454813,0.14212698,-0.45430232,-1.11350581,-1.42835852,-0.06114028,-0.86669569,0.00000100,14.70681034,-18.51220022,4.64250461,-8.44789449,1.00000000
0.16327668,0.13963991,-0.45584766,-1.11797271,-1.42789123,-0.06214041,-0.86616285,0.00000100,14.68370294,-18.60302547,4.59878619,-8.51810872,1.00000000
0.16201890,0.13714812,-0.45737793,-1.12244251,-1.42742054,-0.06314775,-0.86562620,0.00000100,14.66021044,-18.69349969,4.55490450,-8.58819375,1.00000000
0.16077488,0.13465188,-0.45889306,-1.12691491,-1.42694659,-0.06416201,-0.86508589,0.00000100,14.63633615,-18.78361599,4.51086395,-8.65814379,1.00000000
0.15954467,0.13215148,-0.46039298,-1.13138963,-1.42646952,-0.06518288,-0.86454209,0.00000100,14.61208352,-18.87336756,4.46666902,-8.72795306,1.00000000
0.15832834,0.12964721,-0.46187763,-1.13586635,-1.42598949,-0.06621002,-0.86399498,0.00000100,14.58745609,-18.96274765,4.42232422,-8.79761578,1.00000000
0.15712594,0.12713936,-0.46334694,-1.14034479,-1.42550666,-0.06724310,-0.86344473,0.00000100,14.56245752,-19.05174961,4.37783413,-8.86712622,1.00000000
0.15593753,0.12462821,-0.46480087,-1.14482462,-1.42502118,-0.06828178,-0.86289153,0.00000100,14.53709155,-19.14036684,4.33320337,-8.93647865,1.00000000
0.15476315,0.12211406,-0.46623935,-1.14930556,-1.42453322,-0.06932570,-0.86233557,0.00000100,14.51136207,-19.22859284,4.28843661,-9.00566738,1.00000000
0.15360286,0.11959720,-0.46766235,-1.15378729,-1.42404295,-0.07037451,-0.86177703,0.00000100,14.48527303,-19.31642118,4.24353858,-9.07468673,1.00000000
0.15245669,0.11707792,-0.46906981,-1.15826950,-1.42355054,-0.07142783,-0.86121613,0.00000100,14.45882850,-19.40384552,4.19851406,-9.14353107,1.00000000
0.15132468,0.11455651,-0.47046171,-1.16275189,-1.42305616,-0.07248527,-0.86065305,0.00000100,14.43203267,-19.49085960,4.15336785,-9.21219477,1.00000000
0.15020688,0.11203326,-0.47183800,-1.16723413,-1.42256001,-0.07354646,-0.86008802,0.00000100,14.40488982,-19.57745725,4.10810481,-9.28067225,1.00000000
0.14910331,0.10950847,-0.47319865,-1.17171591,-1.42206226,-0.07461099,-0.85952123,0.00000100,14.37740430,-19.66363238,4.06272987,-9.34895794,1.00000000
0.14801401,0.10698243,-0.47454364,-1.17619691,-1.42156311,-0.07567847,-0.85895291,0.00000100,14.34958061,-19.74937899,4.01724795,-9.41704633,1.00000000
0.14693899,0.10445543,-0.47587294,-1.18067681,-1.42106273,-0.07674848,-0.85838327,0.00000100,14.32142332,-19.83469117,3.97166406,-9.48493192,1.00000000
0.14587828,0.10192776,-0.47718653,-1.18515530,-1.42056134,-0.07782061,-0.85781253,0.00000100,14.29293709,-19.91956310,3.92598322,-9.55260924,1.00000000
0.14483191,0.09939973,-0.47848440,-1.18963204,-1.42005912,-0.07889444,-0.85724093,0.00000100,14.26412669,-20.00398905,3.88021051,-9.62007288,1.00000000
0.14379987,0.09687162,-0.47976654,-1.19410671,-1.41955627,-0.07996954,-0.85666867,0.00000100,14.23499698,-20.08796339,3.83435103,-9.68731744,1.00000000
0.14278220,0.09434373,-0.48103294,-1.19857898,-1.41905300,-0.08104549,-0.85609600,0.00000100,14.20555292,-20.17148057,3.78840993,-9.75433758,1.00000000
0.14177889,0.09181634,-0.48228359,-1.20304853,-1.41854951,-0.08212183,-0.85552314,0.00000100,14.17579954,-20.25453515,3.74239238,-9.82112799,1.00000000
0.14078995,0.08928976,-0.48351850,-1.20751502,-1.41804600,-0.08319815,-0.85495034,0.00000100,14.14574198,-20.33712178,3.69630359,-9.88768340,1.00000000
0.13981538,0.08676428,-0.48473767,-1.21197811,-1.41754268,-0.08427400,-0.85437781,0.00000100,14.11538546,-20.41923521,3.65014882,-9.95399857,1.00000000
0.13885519,0.08424018,-0.48594110,-1.21643749,-1.41703976,-0.08534892,-0.85380581,0.00000100,14.08473529,-20.50087027,3.60393334,-10.02006832,1.00000000
0.13790935,0.08171776,-0.48712882,-1.22089279,-1.41653744,-0.08642249,-0.85323456,0.00000100,14.05379686,-20.58202192,3.55766245,-10.08588751,1.00000000
0.13697787,0.07919731,-0.48830083,-1.22534370,-1.41603593,-0.08749425,-0.85266430,0.00000100,14.02257565,-20.66268520,3.51134150,-10.15145105,1.00000000
0.13606074,0.07667913,-0.48945716,-1.22978987,-1.41553545,-0.08856376,-0.85209528,0.00000100,13.99107723,-20.74285526,3.46497583,-10.21675387,1.00000000
0.13515793,0.07416349,-0.49059782,-1.23423097,-1.41503620,-0.08963057,-0.85152772,0.00000100,13.95930723,-20.82252735,3.41857085,-10.28179097,1.00000000
0.13426943,0.07165070,-0.49172285,-1.23866663,-1.41453839,-0.09069423,-0.85096186,0.00000100,13.92727138,-20.90169682,3.37213196,-10.34655740,1.00000000
0.13339522,0.06914104,-0.49283228,-1.24309653,-1.41404224,-0.09175430,-0.85039795,0.00000100,13.89497547,-20.98035913,3.32566460,-10.41104826,1.00000000
0.13253527,0.06663479,-0.49392613,-1.24752033,-1.41354793,-0.09281034,-0.84983621,0.00000100,13.86242538,-21.05850984,3.27917422,-10.47525867,1.00000000
0.13168954,0.06413224,-0.49500444,-1.25193766,-1.41305570,-0.09386191,-0.84927688,0.00000100,13.82962707,-21.13614462,3.23266630,-10.53918385,1.00000000
0.13085802,0.06163367,-0.49606727,-1.25634819,-1.41256573,-0.09490857,-0.84872019,0.00000100,13.79658654,-21.21325924,3.18614634,-10.60281904,1.00000000
0.13004066,0.05913938,-0.49711464,-1.26075156,-1.41207823,-0.09594988,-0.84816638,0.00000100,13.76330990,-21.28984959,3.13961985,-10.66615953,1.00000000
0.12923742,0.05664964,-0.49814661,-1.26514743,-1.41159340,-0.09698543,-0.84761566,0.00000100,13.72980331,-21.36591166,3.09309236,-10.72920070,1.00000000
0.12844827,0.05416474,-0.49916323,-1.26953545,-1.41111145,-0.09801478,-0.84706826,0.00000100,13.69607300,-21.44144155,3.04656940,-10.79193795,1.00000000
0.12767314,0.05168495,-0.50016455,-1.27391526,-1.41063256,-0.09903752,-0.84652441,0.00000100,13.66212527,-21.51643546,3.00005654,-10.85436674,1.00000000
0.12691201,0.04921055,-0.50115063,-1.27828651,-1.41015694,-0.10005323,-0.84598433,0.00000100,13.62796647,-21.59088973,2.95355935,-10.91648261,1.00000000
0.12616481,0.04674182,-0.50212153,-1.28264884,-1.40968476,-0.10106151,-0.84544822,0.00000100,13.59360304,-21.66480078,2.90708340,-10.97828115,1.00000000
0.12543149,0.04427904,-0.50307732,-1.28700191,-1.40921623,-0.10206195,-0.84491631,0.00000100,13.55904144,-21.73816516,2.86063427,-11.03975799,1.00000000
0.12471199,0.04182247,-0.50401806,-1.29134535,-1.40875152,-0.10305418,-0.84438879,0.00000100,13.52428823,-21.81097952,2.81421756,-11.10090885,1.00000000
0.12400624,0.03937240,-0.50494382,-1.29567882,-1.40829081,-0.10403781,-0.84386587,0.00000100,13.48935000,-21.88324063,2.76783887,-11.16172950,1.00000000
0.12331419,0.03692908,-0.50585467,-1.30000195,-1.40783429,-0.10501245,-0.84334775,0.00000100,13.45423341,-21.95494536,2.72150380,-11.22221576,1.00000000
0.12263577,0.03449280,-0.50675070,-1.30431438,-1.40738211,-0.10597775,-0.84283463,0.00000100,13.41894515,-22.02609073,2.67521796,-11.28236353,1.00000000
0.12197090,0.03206381,-0.50763198,-1.30861576,-1.40693445,-0.10693335,-0.84232668,0.00000100,13.38349199,-22.09667383,2.62898694,-11.34216878,1.00000000
0.12131952,0.02964238,-0.50849859,-1.31290573,-1.40649148,-0.10787891,-0.84182411,0.00000100,13.34788072,-22.16669188,2.58281636,-11.40162752,1.00000000
0.12068154,0.02722877,-0.50935062,-1.31718393,-1.40605334,-0.10881408,-0.84132707,0.00000100,13.31211821,-22.23614223,2.53671181,-11.46073584,1.00000000
0.12005688,0.02482324,-0.51018815,-1.32145000,-1.40562020,-0.10973854,-0.84083575,0.00000100,13.27621133,-22.30502234,2.49067890,-11.51948991,1.00000000
0.11944546,0.02242606,-0.51101128,-1.32570359,-1.40519220,-0.11065199,-0.84035030,0.00000100,13.24016703,-22.37332975,2.44472322,-11.57788595,1.00000000
0.11884720,0.02003747,-0.51182010,-1.32994433,-1.40476948,-0.11155410,-0.83987090,0.00000100,13.20399229,-22.44106217,2.39885036,-11.63592025,1.00000000
0.11826201,0.01765773,-0.51261470,-1.33417186,-1.40435219,-0.11244461,-0.83939769,0.00000100,13.16769411,-22.50821739,2.35306589,-11.69358917,1.00000000
0.11768979,0.01528709,-0.51339518,-1.33838582,-1.40394045,-0.11332322,-0.83893083,0.00000100,13.13127956,-22.57479332,2.30737539,-11.75088915,1.00000000
0.11713045,0.01292580,-0.51416165,-1.34258586,-1.40353438,-0.11418966,-0.83847044,0.00000100,13.09475570,-22.64078799,2.26178441,-11.80781670,1.00000000
0.11658390,0.01057411,-0.51491421,-1.34677161,-1.40313412,-0.11504369,-0.83801668,0.00000100,13.05812966,-22.70619956,2.21629849,-11.86436839,1.00000000
0.11605004,0.00823226,-0.51565295,-1.35094271,-1.40273977,-0.11588507,-0.83756966,0.00000100,13.02140857,-22.77102627,2.17092316,-11.92054085,1.00000000
0.11552875,0.00590050,-0.51637800,-1.35509881,-1.40235144,-0.11671355,-0.83712950,0.00000100,12.98459962,-22.83526650,2.12566394,-11.97633082,1.00000000
0.11501995,0.00357905,-0.51708945,-1.35923955,-1.40196923,-0.11752893,-0.83669633,0.00000100,12.94770999,-22.89891876,2.08052632,-12.03173509,1.00000000
0.11452352,0.00126816,-0.51778743,-1.36336457,-1.40159325,-0.11833100,-0.83627024,0.00000100,12.91074689,-22.96198164,2.03551578,-12.08675052,1.00000000
0.11403934,-0.00103193,-0.51847204,-1.36747351,-1.40122357,-0.11911957,-0.83585135,0.00000100,12.87371756,-23.02445386,1.99063776,-12.14137406,1.00000000
0.11356732,-0.00332101,-0.51914341,-1.37156601,-1.40086029,-0.11989447,-0.83543973,0.00000100,12.83662926,-23.08633426,1.94589771,-12.19560271,1.00000000
0.11310733,-0.00559883,-0.51980165,-1.37564173,-1.40050349,-0.12065552,-0.83503548,0.00000100,12.79948925,-23.14762179,1.90130103,-12.24943357,1.00000000
0.11265926,-0.00786518,-0.52044689,-1.37970029,-1.40015322,-0.12140259,-0.83463867,0.00000100,12.76230480,-23.20831551,1.85685310,-12.30286381,1.00000000
0.11222299,-0.01011983,-0.52107924,-1.38374135,-1.39980957,-0.12213553,-0.83424939,0.00000100,12.72508322,-23.26841461,1.81255928,-12.35589067,1.00000000
0.11179839,-0.01236257,-0.52169883,-1.38776456,-1.39947258,-0.12285422,-0.83386769,0.00000100,12.68783178,-23.32791836,1.76842488,-12.40851146,1.00000000
0.11138534,-0.01459317,-0.52230578,-1.39176956,-1.39914231,-0.12355855,-0.83349362,0.00000100,12.65055779,-23.38682617,1.72445521,-12.46072359,1.00000000
0.11098372,-0.01681142,-0.52290024,-1.39575600,-1.39881881,-0.12424843,-0.83312725,0.00000100,12.61326856,-23.44513756,1.68065553,-12.51252453,1.00000000
0.11059340,-0.01901712,-0.52348231,-1.39972353,-1.39850212,-0.12492376,-0.83276862,0.00000100,12.57597139,-23.50285214,1.63703107,-12.56391182,1.00000000
0.11021425,-0.02121005,-0.52405214,-1.40367181,-1.39819226,-0.12558448,-0.83241775,0.00000100,12.53867356,-23.55996964,1.59358701,-12.61488309,1.00000000
0.10984614,-0.02339001,-0.52460986,-1.40760047,-1.39788928,-0.12623052,-0.83207469,0.00000100,12.50138239,-23.61648993,1.55032852,-12.66543606,1.00000000
0.10948893,-0.02555681,-0.52515560,-1.41150919,-1.39759318,-0.12686186,-0.83173945,0.00000100,12.46410514,-23.67241294,1.50726072,-12.71556851,1.00000000
0.10914249,-0.02771023,-0.52568950,-1.41539761,-1.39730399,-0.12747844,-0.83141206,0.00000100,12.42684911,-23.72773873,1.46438867,-12.76527829,1.00000000
0.10880668,-0.02985009,-0.52621169,-1.41926540,-1.39702171,-0.12808026,-0.83109251,0.00000100,12.38962154,-23.78246747,1.42171743,-12.81456336,1.00000000
0.10848136,-0.03197620,-0.52672231,-1.42311221,-1.39674636,-0.12866731,-0.83078082,0.00000100,12.35242968,-23.83659944,1.37925197,-12.86342173,1.00000000
0.10816639,-0.03408837,-0.52722151,-1.42693770,-1.39647793,-0.12923958,-0.83047698,0.00000100,12.31528076,-23.89013501,1.33699725,-12.91185149,1.00000000
0.10786163,-0.03618641,-0.52770942,-1.43074154,-1.39621640,-0.12979710,-0.83018098,0.00000100,12.27818199,-23.94307465,1.29495818,-12.95985084,1.00000000
0.10756694,-0.03827014,-0.52818618,-1.43452340,-1.39596178,-0.13033990,-0.82989281,0.00000100,12.24114055,-23.99541896,1.25313960,-13.00741801,1.00000000
0.10728216,-0.04033939,-0.52865194,-1.43828293,-1.39571403,-0.13086801,-0.82961244,0.00000100,12.20416359,-24.04716861,1.21154633,-13.05455135,1.00000000
0.10700717,-0.04239398,-0.52910684,-1.44201982,-1.39547315,-0.13138149,-0.82933985,0.00000100,12.16725824,-24.09832439,1.17018312,-13.10124928,1.00000000
0.10674179,-0.04443373,-0.52955103,-1.44573374,-1.39523909,-0.13188039,-0.82907500,0.00000100,12.13043160,-24.14888719,1.12905468,-13.14751027,1.00000000
0.10648590,-0.04645849,-0.52998464,-1.44942436,-1.39501183,-0.13236480,-0.82881786,0.00000100,12.09369072,-24.19885799,1.08816564,-13.19333291,1.00000000
0.10623934,-0.04846808,-0.53040783,-1.45309135,-1.39479133,-0.13283479,-0.82856837,0.00000100,12.05704264,-24.24823786,1.04752062,-13.23871583,1.00000000
0.10600195,-0.05046235,-0.53082073,-1.45673441,-1.39457754,-0.13329046,-0.82832649,0.00000100,12.02049434,-24.29702797,1.00712415,-13.28365778,1.00000000
0.10577359,-0.05244114,-0.53122351,-1.46035321,-1.39437041,-0.13373191,-0.82809217,0.00000100,11.98405276,-24.34522959,0.96698071,-13.32815754,1.00000000
0.10555410,-0.05440430,-0.53161630,-1.46394745,-1.39416990,-0.13415925,-0.82786534,0.00000100,11.94772481,-24.39284409,0.92709472,-13.37221401,1.00000000
0.10534333,-0.05635167,-0.53199926,-1.46751681,-1.39397595,-0.13457260,-0.82764594,0.00000100,11.91151733,-24.43987291,0.88747056,-13.41582613,1.00000000
0.10514113,-0.05828311,-0.53237252,-1.47106098,-1.39378849,-0.13497210,-0.82743389,0.00000100,11.87543713,-24.48631758,0.84811251,-13.45899296,1.00000000
0.10494733,-0.06019848,-0.53273625,-1.47457967,-1.39360747,-0.13535789,-0.82722913,0.00000100,11.83949096,-24.53217974,0.80902482,-13.50171360,1.00000000
0.10476179,-0.06209764,-0.53309059,-1.47807257,-1.39343281,-0.13573010,-0.82703158,0.00000100,11.80368553,-24.57746110,0.77021166,-13.54398724,1.00000000
0.10458435,-0.06398045,-0.53343568,-1.48153940,-1.39326444,-0.13608890,-0.82684115,0.00000100,11.76802746,-24.62216344,0.73167715,-13.58581314,1.00000000
0.10441484,-0.06584678,-0.53377168,-1.48497984,-1.39310228,-0.13643445,-0.82665776,0.00000100,11.73252334,-24.66628867,0.69342532,-13.62719065,1.00000000
0.10425313,-0.06769650,-0.53409874,-1.48839363,-1.39294626,-0.13676692,-0.82648131,0.00000100,11.69717969,-24.70983872,0.65546016,-13.66811918,1.00000000
0.10409904,-0.06952949,-0.53441701,-1.49178046,-1.39279630,-0.13708648,-0.82631172,0.00000100,11.66200297,-24.75281565,0.61778555,-13.70859823,1.00000000
0.10395242,-0.07134563,-0.53472663,-1.49514007,-1.39265230,-0.13739332,-0.82614888,0.00000100,11.62699957,-24.79522157,0.58040536,-13.74862736,1.00000000
0.10381311,-0.07314480,-0.53502775,-1.49847218,-1.39251418,-0.13768762,-0.82599269,0.00000100,11.59217580,-24.83705868,0.54332332,-13.78820620,1.00000000
0.10368095,-0.07492688,-0.53532052,-1.50177651,-1.39238185,-0.13796959,-0.82584305,0.00000100,11.55753792,-24.87832925,0.50654315,-13.82733448,1.00000000
0.10355580,-0.07669178,-0.53560510,-1.50505280,-1.39225521,-0.13823941,-0.82569986,0.00000100,11.52309210,-24.91903561,0.47006846,-13.86601197,1.00000000
0.10343748,-0.07843938,-0.53588163,-1.50830078,-1.39213417,-0.13849731,-0.82556301,0.00000100,11.48884444,-24.95918018,0.43390279,-13.90423854,1.00000000
0.10332584,-0.08016958,-0.53615025,-1.51152019,-1.39201863,-0.13874348,-0.82543237,0.00000100,11.45480097,-24.99876545,0.39804962,-13.94201410,1.00000000
0.10322073,-0.08188228,-0.53641112,-1.51471079,-1.39190850,-0.13897815,-0.82530784,0.00000100,11.42096763,-25.03779396,0.36251233,-13.97933867,1.00000000
0.10312198,-0.08357739,-0.53666438,-1.51787232,-1.39180365,-0.13920153,-0.82518931,0.00000100,11.38735027,-25.07626833,0.32729425,-14.01621231,1.00000000
0.10302944,-0.08525482,-0.53691018,-1.52100454,-1.39170400,-0.13941384,-0.82507665,0.00000100,11.35395468,-25.11419123,0.29239860,-14.05263516,1.00000000
0.10294296,-0.08691447,-0.53714866,-1.52410721,-1.39160944,-0.13961531,-0.82496974,0.00000100,11.32078654,-25.15156541,0.25782856,-14.08860743,1.00000000
0.10286238,-0.08855628,-0.53737997,-1.52718010,-1.39151986,-0.13980616,-0.82486847,0.00000100,11.28785145,-25.18839367,0.22358718,-14.12412940,1.00000000
0.10278754,-0.09018015,-0.53760425,-1.53022297,-1.39143514,-0.13998664,-0.82477270,0.00000100,11.25515494,-25.22467888,0.18967748,-14.15920142,1.00000000
0.10271829,-0.09178601,-0.53782165,-1.53323560,-1.39135519,-0.14015698,-0.82468232,0.00000100,11.22270240,-25.26042394,0.15610236,-14.19382390,1.00000000
0.10265448,-0.09337380,-0.53803231,-1.53621778,-1.39127989,-0.14031740,-0.82459720,0.00000100,11.19049917,-25.29563183,0.12286466,-14.22799732,1.00000000
0.10259594,-0.09494343,-0.53823637,-1.53916930,-1.39120913,-0.14046816,-0.82451721,0.00000100,11.15855048,-25.33030558,0.08996712,-14.26172222,1.00000000
0.10254254,-0.09649486,-0.53843398,-1.54208994,-1.39114279,-0.14060948,-0.82444222,0.00000100,11.12686146,-25.36444826,0.05741242,-14.29499922,1.00000000
0.10249412,-0.09802801,-0.53862526,-1.54497951,-1.39108076,-0.14074162,-0.82437211,0.00000100,11.09543713,-25.39806300,0.02520312,-14.32782900,1.00000000
0.10245052,-0.09954283,-0.53881037,-1.54783781,-1.39102294,-0.14086481,-0.82430675,0.00000100,11.06428243,-25.43115298,-0.00665827,-14.36021228,1.00000000
0.10241161,-0.10103927,-0.53898943,-1.55066465,-1.39096919,-0.14097929,-0.82424600,0.00000100,11.03340217,-25.46372141,-0.03816936,-14.39214989,1.00000000
0.10237723,-0.10251728,-0.53916259,-1.55345985,-1.39091942,-0.14108532,-0.82418975,0.00000100,11.00280108,-25.49577157,-0.06932781,-14.42364268,1.00000000
0.10234723,-0.10397681,-0.53932998,-1.55622324,-1.39087351,-0.14118313,-0.82413785,0.00000100,10.97248377,-25.52730676,-0.10013141,-14.45469158,1.00000000
0.10232147,-0.10541782,-0.53949174,-1.55895463,-1.39083133,-0.14127297,-0.82409019,0.00000100,10.94245475,-25.55833034,-0.13057800,-14.48529758,1.00000000
0.10229980,-0.10684028,-0.53964800,-1.56165388,-1.39079279,-0.14135507,-0.82404663,0.00000100,10.91271841,-25.58884568,-0.16066554,-14.51546174,1.00000000
0.10228209,-0.10824415,-0.53979888,-1.56432081,-1.39075776,-0.14142970,-0.82400704,0.00000100,10.88327903,-25.61885623,-0.19039205,-14.54518515,1.00000000
0.10226819,-0.10962939,-0.53994453,-1.56695529,-1.39072613,-0.14149707,-0.82397129,0.00000100,10.85414079,-25.64836545,-0.21975566,-14.57446900,1.00000000
0.10225795,-0.11099599,-0.54008507,-1.56955716,-1.39069778,-0.14155745,-0.82393926,0.00000100,10.82530774,-25.67737683,-0.24875459,-14.60331450,1.00000000
0.10225125,-0.11234392,-0.54022063,-1.57212628,-1.39067261,-0.14161106,-0.82391082,0.00000100,10.79678382,-25.70589392,-0.27738715,-14.63172295,1.00000000
0.10224795,-0.11367316,-0.54035133,-1.57466253,-1.39065051,-0.14165814,-0.82388584,0.00000100,10.76857286,-25.73392027,-0.30565173,-14.65969568,1.00000000
0.10224790,-0.11498369,-0.54047730,-1.57716579,-1.39063135,-0.14169894,-0.82386419,0.00000100,10.74067856,-25.76145948,-0.33354682,-14.68723410,1.00000000
0.10225097,-0.11627551,-0.54059867,-1.57963592,-1.39061504,-0.14173368,-0.82384576,0.00000100,10.71310450,-25.78851519,-0.36107102,-14.71433967,1.00000000
0.10225704,-0.11754860,-0.54071555,-1.58207284,-1.39060146,-0.14176261,-0.82383042,0.00000100,10.68585416,-25.81509103,-0.38822298,-14.74101389,1.00000000
0.10226597,-0.11880296,-0.54082806,-1.58447642,-1.39059051,-0.14178594,-0.82381804,0.00000100,10.65893087,-25.84119069,-0.41500149,-14.76725833,1.00000000
0.10227764,-0.12003859,-0.54093633,-1.58684658,-1.39058207,-0.14180391,-0.82380851,0.00000100,10.63233786,-25.86681788,-0.44140541,-14.79307461,1.00000000
0.10229191,-0.12125550,-0.54104047,-1.58918323,-1.39057604,-0.14181675,-0.82380171,0.00000100,10.60607822,-25.89197632,-0.46743369,-14.81846441,1.00000000
0.10230866,-0.12245368,-0.54114060,-1.59148628,-1.39057231,-0.14182467,-0.82379751,0.00000100,10.58015493,-25.91666977,-0.49308539,-14.84342945,1.00000000
0.10232778,-0.12363316,-0.54123682,-1.59375567,-1.39057079,-0.14182790,-0.82379580,0.00000100,10.55457082,-25.94090199,-0.51835965,-14.86797151,1.00000000
0.10234913,-0.12479395,-0.54132926,-1.59599132,-1.39057137,-0.14182665,-0.82379646,0.00000100,10.52932862,-25.96467678,-0.54325572,-14.89209243,1.00000000
0.10237260,-0.12593605,-0.54141802,-1.59819319,-1.39057396,-0.14182115,-0.82379939,0.00000100,10.50443092,-25.98799795,-0.56777294,-14.91579409,1.00000000
0.10239808,-0.12705950,-0.54150321,-1.60036121,-1.39057844,-0.14181159,-0.82380446,0.00000100,10.47988017,-26.01086933,-0.59191073,-14.93907842,1.00000000
0.10242544,-0.12816433,-0.54158495,-1.60249535,-1.39058472,-0.14179820,-0.82381157,0.00000100,10.45567871,-26.03329476,-0.61566863,-14.96194742,1.00000000
0.10245458,-0.12925055,-0.54166332,-1.60459556,-1.39059272,-0.14178116,-0.82382061,0.00000100,10.43182875,-26.05527812,-0.63904626,-14.98440311,1.00000000
0.10248538,-0.13031820,-0.54173844,-1.60666183,-1.39060232,-0.14176069,-0.82383148,0.00000100,10.40833234,-26.07682327,-0.66204335,-15.00644758,1.00000000
0.10251774,-0.13136732,-0.54181041,-1.60869414,-1.39061345,-0.14173698,-0.82384406,0.00000100,10.38519144,-26.09793411,-0.68465971,-15.02808296,1.00000000
0.10255154,-0.13239795,-0.54187933,-1.61069246,-1.39062601,-0.14171022,-0.82385827,0.00000100,10.36240784,-26.11861455,-0.70689526,-15.04931145,1.00000000
0.10258670,-0.13341013,-0.54194529,-1.61265681,-1.39063990,-0.14168060,-0.82387398,0.00000100,10.33998322,-26.13886849,-0.72875001,-15.07013527,1.00000000
0.10262310,-0.13440391,-0.54200840,-1.61458718,-1.39065506,-0.14164831,-0.82389112,0.00000100,10.31791911,-26.15869989,-0.75022407,-15.09055670,1.00000000
0.10266064,-0.13537934,-0.54206874,-1.61648359,-1.39067138,-0.14161353,-0.82390958,0.00000100,10.29621694,-26.17811266,-0.77131765,-15.11057807,1.00000000
0.10269923,-0.13633648,-0.54212642,-1.61834606,-1.39068879,-0.14157644,-0.82392926,0.00000100,10.27487795,-26.19711077,-0.79203106,-15.13020177,1.00000000
0.10273877,-0.13727538,-0.54218151,-1.62017461,-1.39070720,-0.14153721,-0.82395008,0.00000100,10.25390329,-26.21569819,-0.81236470,-15.14943020,1.00000000
0.10277918,-0.13819610,-0.54223411,-1.62196929,-1.39072654,-0.14149601,-0.82397194,0.00000100,10.23329395,-26.23387887,-0.83231906,-15.16826586,1.00000000
0.10282035,-0.13909872,-0.54228430,-1.62373015,-1.39074672,-0.14145300,-0.82399477,0.00000100,10.21305081,-26.25165681,-0.85189476,-15.18671124,1.00000000
0.10286221,-0.13998329,-0.54233217,-1.62545724,-1.39076768,-0.14140835,-0.82401846,0.00000100,10.19317458,-26.26903600,-0.87109248,-15.20476893,1.00000000
0.10290466,-0.14084990,-0.54237781,-1.62715061,-1.39078933,-0.14136221,-0.82404294,0.00000100,10.17366587,-26.28602042,-0.88991303,-15.22244153,1.00000000
0.10294763,-0.14169862,-0.54242129,-1.62881035,-1.39081161,-0.14131474,-0.82406814,0.00000100,10.15452511,-26.30261410,-0.90835729,-15.23973169,1.00000000
0.10299102,-0.14252952,-0.54246269,-1.63043654,-1.39083445,-0.14126608,-0.82409396,0.00000100,10.13575264,-26.31882104,-0.92642627,-15.25664213,1.00000000
0.10303478,-0.14334270,-0.54250209,-1.63202926,-1.39085778,-0.14121638,-0.82412034,0.00000100,10.11734862,-26.33464526,-0.94412104,-15.27317560,1.00000000
0.10307881,-0.14413824,-0.54253957,-1.63358861,-1.39088153,-0.14116577,-0.82414719,0.00000100,10.09931311,-26.35009081,-0.96144281,-15.28933489,1.00000000
0.10312304,-0.14491624,-0.54257520,-1.63511470,-1.39090564,-0.14111439,-0.82417446,0.00000100,10.08164600,-26.36516170,-0.97839285,-15.30512285,1.00000000
0.10316741,-0.14567678,-0.54260905,-1.63660765,-1.39093006,-0.14106237,-0.82420206,0.00000100,10.06434705,-26.37986200,-0.99497257,-15.32054238,1.00000000
0.10321184,-0.14641996,-0.54264119,-1.63806757,-1.39095471,-0.14100984,-0.82422994,0.00000100,10.04741591,-26.39419575,-1.01118344,-15.33559640,1.00000000
0.10325627,-0.14714589,-0.54267170,-1.63949461,-1.39097955,-0.14095692,-0.82425802,0.00000100,10.03085206,-26.40816701,-1.02702705,-15.35028790,1.00000000
0.10330063,-0.14785467,-0.54270062,-1.64088890,-1.39100451,-0.14090373,-0.82428625,0.00000100,10.01465485,-26.42177985,-1.04250509,-15.36461991,1.00000000
0.10334487,-0.14854642,-0.54272804,-1.64225059,-1.39102955,-0.14085038,-0.82431456,0.00000100,9.99882349,-26.43503835,-1.05761934,-15.37859552,1.00000000
0.10338892,-0.14922124,-0.54275401,-1.64357985,-1.39105462,-0.14079697,-0.82434290,0.00000100,9.98335707,-26.44794660,-1.07237169,-15.39221784,1.00000000
0.10343273,-0.14987925,-0.54277860,-1.64487685,-1.39107966,-0.14074362,-0.82437121,0.00000100,9.96825452,-26.46050868,-1.08676411,-15.40549005,1.00000000
0.10347624,-0.15052058,-0.54280186,-1.64614175,-1.39110462,-0.14069042,-0.82439944,0.00000100,9.95351465,-26.47272869,-1.10079868,-15.41841536,1.00000000
0.10351940,-0.15114534,-0.54282385,-1.64737476,-1.39112948,-0.14063747,-0.82442754,0.00000100,9.93913612,-26.48461076,-1.11447760,-15.43099704,1.00000000
0.10356215,-0.15175366,-0.54284462,-1.64857605,-1.39115417,-0.14058486,-0.82445546,0.00000100,9.92511745,-26.49615900,-1.12780313,-15.44323841,1.00000000
0.10360446,-0.15234568,-0.54286423,-1.64974585,-1.39117866,-0.14053268,-0.82448315,0.00000100,9.91145704,-26.50737753,-1.14077766,-15.45514283,1.00000000
0.10364628,-0.15292153,-0.54288274,-1.65088436,-1.39120291,-0.14048101,-0.82451057,0.00000100,9.89815314,-26.51827052,-1.15340367,-15.46671370,1.00000000
0.10368756,-0.15348135,-0.54290019,-1.65199181,-1.39122688,-0.14042993,-0.82453768,0.00000100,9.88520386,-26.52884210,-1.16568374,-15.47795450,1.00000000
0.10372827,-0.15402528,-0.54291663,-1.65306843,-1.39125054,-0.14037952,-0.82456443,0.00000100,9.87260719,-26.53909645,-1.17762053,-15.48886873,1.00000000
0.10376836,-0.15455348,-0.54293210,-1.65411445,-1.39127385,-0.14032984,-0.82459079,0.00000100,9.86036096,-26.54903775,-1.18921684,-15.49945995,1.00000000
0.10380781,-0.15506607,-0.54294667,-1.65513014,-1.39129679,-0.14028097,-0.82461673,0.00000100,9.84846289,-26.55867018,-1.20047553,-15.50973176,1.00000000
0.10384656,-0.15556324,-0.54296035,-1.65611575,-1.39131932,-0.14023296,-0.82464220,0.00000100,9.83691055,-26.56799796,-1.21139958,-15.51968783,1.00000000
0.10388461,-0.15604512,-0.54297321,-1.65707154,-1.39134142,-0.14018588,-0.82466719,0.00000100,9.82570137,-26.57702531,-1.22199207,-15.52933187,1.00000000
0.10392190,-0.15651188,-0.54298528,-1.65799781,-1.39136305,-0.14013978,-0.82469165,0.00000100,9.81483266,-26.58575646,-1.23225617,-15.53866764,1.00000000
0.10395843,-0.15696369,-0.54299660,-1.65889483,-1.39138421,-0.14009471,-0.82471557,0.00000100,9.80430158,-26.59419569,-1.24219515,-15.54769895,1.00000000
0.10399416,-0.15740071,-0.54300720,-1.65976290,-1.39140485,-0.14005072,-0.82473892,0.00000100,9.79410517,-26.60234725,-1.25181239,-15.55642968,1.00000000
0.10402907,-0.15782312,-0.54301713,-1.66060233,-1.39142497,-0.14000785,-0.82476167,0.00000100,9.78424033,-26.61021544,-1.26111136,-15.56486375,1.00000000
0.10406313,-0.15823110,-0.54302642,-1.66141343,-1.39144454,-0.13996615,-0.82478380,0.00000100,9.77470383,-26.61780459,-1.27009564,-15.57300512,1.00000000
0.10409634,-0.15862482,-0.54303510,-1.66219653,-1.39146355,-0.13992565,-0.82480529,0.00000100,9.76549230,-26.62511902,-1.27876889,-15.58085782,1.00000000
0.10412866,-0.15900447,-0.54304320,-1.66295196,-1.39148198,-0.13988638,-0.82482613,0.00000100,9.75660225,-26.63216309,-1.28713489,-15.58842595,1.00000000
0.10416010,-0.15937023,-0.54305076,-1.66368006,-1.39149982,-0.13984837,-0.82484630,0.00000100,9.74803004,-26.63894119,-1.29519750,-15.59571365,1.00000000
0.10419063,-0.15972231,-0.54305780,-1.66438119,-1.39151705,-0.13981165,-0.82486579,0.00000100,9.73977192,-26.64545772,-1.30296070,-15.60272510,1.00000000
0.10422025,-0.16006089,-0.54306435,-1.66505571,-1.39153367,-0.13977624,-0.82488458,0.00000100,9.73182400,-26.65171711,-1.31042855,-15.60946456,1.00000000
0.10424894,-0.16038617,-0.54307045,-1.66570398,-1.39154966,-0.13974217,-0.82490266,0.00000100,9.72418225,-26.65772383,-1.31760523,-15.61593635,1.00000000
0.10427669,-0.16069836,-0.54307610,-1.66632639,-1.39156502,-0.13970944,-0.82492003,0.00000100,9.71684253,-26.66348238,-1.32449501,-15.62214484,1.00000000
0.10430351,-0.16099767,-0.54308134,-1.66692332,-1.39157974,-0.13967807,-0.82493668,0.00000100,9.70980056,-26.66899725,-1.33110224,-15.62809445,1.00000000
0.10432939,-0.16128430,-0.54308620,-1.66749518,-1.39159382,-0.13964808,-0.82495260,0.00000100,9.70305194,-26.67427302,-1.33743141,-15.63378968,1.00000000
0.10435432,-0.16155847,-0.54309069,-1.66804237,-1.39160725,-0.13961946,-0.82496778,0.00000100,9.69659212,-26.67931427,-1.34348707,-15.63923508,1.00000000
0.10437830,-0.16182041,-0.54309483,-1.66856531,-1.39162003,-0.13959222,-0.82498224,0.00000100,9.69041646,-26.68412561,-1.34927389,-15.64443527,1.00000000
0.10440135,-0.16207033,-0.54309865,-1.66906443,-1.39163216,-0.13956637,-0.82499596,0.00000100,9.68452015,-26.68871170,-1.35479664,-15.64939491,1.00000000
0.10442345,-0.16230846,-0.54310216,-1.66954016,-1.39164365,-0.13954190,-0.82500895,0.00000100,9.67889830,-26.69307723,-1.36006018,-15.65411876,1.00000000
0.10444462,-0.16253503,-0.54310538,-1.66999294,-1.39165448,-0.13951880,-0.82502120,0.00000100,9.67354585,-26.69722694,-1.36506948,-15.65861161,1.00000000
0.10446486,-0.16275029,-0.54310833,-1.67042323,-1.39166468,-0.13949708,-0.82503273,0.00000100,9.66845766,-26.70116560,-1.36982960,-15.66287834,1.00000000
0.10448417,-0.16295446,-0.54311102,-1.67083149,-1.39167424,-0.13947671,-0.82504354,0.00000100,9.66362843,-26.70489801,-1.37434571,-15.66692388,1.00000000
0.10450258,-0.16314779,-0.54311347,-1.67121820,-1.39168316,-0.13945770,-0.82505363,0.00000100,9.65905275,-26.70842905,-1.37862306,-15.67075324,1.00000000
0.10452008,-0.16333053,-0.54311570,-1.67158383,-1.39169146,-0.13944002,-0.82506302,0.00000100,9.65472509,-26.71176360,-1.38266703,-15.67437148,1.00000000
0.10453669,-0.16350294,-0.54311772,-1.67192888,-1.39169914,-0.13942365,-0.82507170,0.00000100,9.65063979,-26.71490663,-1.38648308,-15.67778376,1.00000000
0.10455242,-0.16366526,-0.54311953,-1.67225385,-1.39170621,-0.13940858,-0.82507970,0.00000100,9.64679109,-26.71786312,-1.39007676,-15.68099527,1.00000000
0.10456729,-0.16381775,-0.54312116,-1.67255925,-1.39171268,-0.13939479,-0.82508702,0.00000100,9.64317309,-26.72063813,-1.39345374,-15.68401130,1.00000000
0.10458131,-0.16396069,-0.54312261,-1.67284559,-1.39171856,-0.13938225,-0.82509368,0.00000100,9.63977976,-26.72323675,-1.39661978,-15.68683721,1.00000000
0.10459450,-0.16409434,-0.54312390,-1.67311340,-1.39172387,-0.13937093,-0.82509968,0.00000100,9.63660498,-26.72566413,-1.39958074,-15.68947841,1.00000000
0.10460688,-0.16421897,-0.54312503,-1.67336322,-1.39172862,-0.13936082,-0.82510505,0.00000100,9.63364248,-26.72792548,-1.40234259,-15.69194041,1.00000000
0.10461846,-0.16433486,-0.54312602,-1.67359560,-1.39173282,-0.13935187,-0.82510980,0.00000100,9.63088591,-26.73002606,-1.40491138,-15.69422878,1.00000000
0.10462927,-0.16444229,-0.54312687,-1.67381109,-1.39173649,-0.13934406,-0.82511395,0.00000100,9.62832876,-26.73197119,-1.40729328,-15.69634916,1.00000000
0.10463933,-0.16454154,-0.54312759,-1.67401026,-1.39173963,-0.13933735,-0.82511751,0.00000100,9.62596443,-26.73376625,-1.40949454,-15.69830728,1.00000000
0.10464866,-0.16463291,-0.54312819,-1.67419367,-1.39174228,-0.13933170,-0.82512050,0.00000100,9.62378619,-26.73541667,-1.41152153,-15.70010895,1.00000000
0.10465729,-0.16471668,-0.54312869,-1.67436192,-1.39174445,-0.13932709,-0.82512295,0.00000100,9.62178722,-26.73692796,-1.41338070,-15.70176004,1.00000000
0.10466523,-0.16479316,-0.54312907,-1.67451559,-1.39174615,-0.13932347,-0.82512488,0.00000100,9.61996054,-26.73830568,-1.41507863,-15.70326651,1.00000000
0.10467251,-0.16486266,-0.54312936,-1.67465529,-1.39174740,-0.13932080,-0.82512629,0.00000100,9.61829910,-26.73955546,-1.41662196,-15.70463439,1.00000000
0.10467917,-0.16492546,-0.54312956,-1.67478162,-1.39174823,-0.13931903,-0.82512723,0.00000100,9.61679570,-26.74068299,-1.41801747,-15.70586982,1.00000000
0.10468522,-0.16498190,-0.54312968,-1.67489521,-1.39174865,-0.13931813,-0.82512771,0.00000100,9.61544306,-26.74169405,-1.41927201,-15.70697897,1.00000000
0.10469070,-0.16503227,-0.54312971,-1.67499669,-1.39174869,-0.13931805,-0.82512775,0.00000100,9.61423376,-26.74259445,-1.42039255,-15.70796815,1.00000000
0.10469562,-0.16507692,-0.54312968,-1.67508669,-1.39174836,-0.13931874,-0.82512739,0.00000100,9.61316027,-26.74339012,-1.42138615,-15.70884371,1.00000000
0.10470004,-0.16511614,-0.54312958,-1.67516585,-1.39174769,-0.13932016,-0.82512664,0.00000100,9.61221496,-26.74408702,-1.42225997,-15.70961210,1.00000000
0.10470396,-0.16515029,-0.54312941,-1.67523485,-1.39174671,-0.13932225,-0.82512552,0.00000100,9.61139007,-26.74469120,-1.42302128,-15.71027985,1.00000000
0.10470742,-0.16517968,-0.54312919,-1.67529434,-1.39174543,-0.13932498,-0.82512408,0.00000100,9.61067776,-26.74520880,-1.42367744,-15.71085360,1.00000000
0.10471046,-0.16520466,-0.54312892,-1.67534499,-1.39174388,-0.13932827,-0.82512233,0.00000100,9.61007004,-26.74564600,-1.42423593,-15.71134004,1.00000000
0.10471310,-0.16522558,-0.54312860,-1.67538750,-1.39174209,-0.13933209,-0.82512031,0.00000100,9.60955883,-26.74600910,-1.42470431,-15.71174596,1.00000000
0.10471538,-0.16524277,-0.54312825,-1.67542255,-1.39174008,-0.13933638,-0.82511803,0.00000100,9.60913593,-26.74630443,-1.42509025,-15.71207825,1.00000000
0.10471733,-0.16525658,-0.54312785,-1.67545084,-1.39173787,-0.13934108,-0.82511554,0.00000100,9.60879305,-26.74653845,-1.42540153,-15.71234387,1.00000000
0.10471898,-0.16526739,-0.54312743,-1.67547310,-1.39173549,-0.13934614,-0.82511285,0.00000100,9.60852175,-26.74671767,-1.42564602,-15.71254989,1.00000000
0.10472037,-0.16527554,-0.54312698,-1.67549004,-1.39173298,-0.13935151,-0.82511001,0.00000100,9.60831352,-26.74684868,-1.42583170,-15.71270346,1.00000000
0.10472154,-0.16528140,-0.54312651,-1.67550238,-1.39173034,-0.13935711,-0.82510703,0.00000100,9.60815972,-26.74693817,-1.42596664,-15.71281181,1.00000000
0.10472251,-0.16528534,-0.54312603,-1.67551088,-1.39172762,-0.13936291,-0.82510396,0.00000100,9.60805159,-26.74699289,-1.42605903,-15.71288227,1.00000000
0.10472332,-0.16528773,-0.54312553,-1.67551628,-1.39172484,-0.13936883,-0.82510081,0.00000100,9.60798028,-26.74701970,-1.42611716,-15.71292226,1.00000000
0.10472401,-0.16528896,-0.54312503,-1.67551933,-1.39172203,-0.13937482,-0.82509764,0.00000100,9.60793681,-26.74702553,-1.42614941,-15.71293931,1.00000000
0.10472462,-0.16528941,-0.54312453,-1.67552081,-1.39171922,-0.13938082,-0.82509446,0.00000100,9.60791210,-26.74701740,-1.42616428,-15.71294102,1.00000000
0.10472518,-0.16528947,-0.54312403,-1.67552150,-1.39171643,-0.13938676,-0.82509130,0.00000100,9.60789696,-26.74700241,-1.42617037,-15.71293508,1.00000000
0.10472582,-0.16528945,-0.54312345,-1.67552214,-1.39171669,-0.13939349,-0.82508430,0.00000100,9.60788126,-26.74698369,-1.42617572,-15.71292672,1.00000000
0.10472702,-0.16528943,-0.54312237,-1.67552334,-1.39173466,-0.13940545,-0.82505438,0.00000100,9.60785175,-26.74694853,-1.42618578,-15.71291100,1.00000000
0.10472932,-0.16528939,-0.54312030,-1.67552564,-1.39178699,-0.13942767,-0.82497983,0.00000100,9.60779516,-26.74688112,-1.42620508,-15.71288088,1.00000000
0.10473322,-0.16528932,-0.54311677,-1.67552954,-1.39188930,-0.13946485,-0.82484034,0.00000100,9.60769908,-26.74676668,-1.42623785,-15.71282975,1.00000000
0.10473920,-0.16528922,-0.54311138,-1.67553552,-1.39205619,-0.13952137,-0.82461693,0.00000100,9.60755201,-26.74659152,-1.42628802,-15.71275149,1.00000000
0.10474768,-0.16528907,-0.54310373,-1.67554400,-1.39230127,-0.13960122,-0.82429200,0.00000100,9.60734342,-26.74634308,-1.42635917,-15.71264049,1.00000000
0.10475905,-0.16528887,-0.54309348,-1.67555537,-1.39263719,-0.13970805,-0.82384925,0.00000100,9.60706375,-26.74600998,-1.42645456,-15.71249167,1.00000000
0.10477365,-0.16528862,-0.54308031,-1.67556997,-1.39307569,-0.13984510,-0.82327371,0.00000100,9.60670452,-26.74558213,-1.42657710,-15.71230051,1.00000000
0.10479178,-0.16528831,-0.54306395,-1.67558810,-1.39362761,-0.14001518,-0.82255170,0.00000100,9.60625837,-26.74505074,-1.42672928,-15.71206309,1.00000000
0.10481370,-0.16528792,-0.54304418,-1.67561002,-1.39430296,-0.14022067,-0.82167086,0.00000100,9.60571912,-26.74440844,-1.42691321,-15.71177611,1.00000000
0.10483961,-0.16528747,-0.54302081,-1.67563593,-1.39511091,-0.14046349,-0.82062009,0.00000100,9.60508182,-26.74364933,-1.42713057,-15.71143694,1.00000000
0.10486965,-0.16528695,-0.54299372,-1.67566597,-1.39605986,-0.14074507,-0.81938956,0.00000100,9.60434282,-26.74276905,-1.42738262,-15.71104362,1.00000000
0.10490392,-0.16528636,-0.54296281,-1.67570024,-1.39715746,-0.14106632,-0.81797071,0.00000100,9.60349979,-26.74176480,-1.42767012,-15.71059489,1.00000000
0.10494245,-0.16528569,-0.54292804,-1.67573877,-1.39841064,-0.14142765,-0.81635620,0.00000100,9.60255176,-26.74063541,-1.42799342,-15.71009023,1.00000000
0.10498525,-0.16528494,-0.54288944,-1.67578156,-1.39982565,-0.14182892,-0.81453992,0.00000100,9.60149917,-26.73938137,-1.42835235,-15.70952985,1.00000000
0.10503222,-0.16528412,-0.54284708,-1.67582853,-1.40140809,-0.14226943,-0.81251697,0.00000100,9.60034381,-26.73800480,-1.42874629,-15.70891469,1.00000000
0.10508323,-0.16528324,-0.54280105,-1.67587955,-1.40316294,-0.14274791,-0.81028364,0.00000100,9.59908891,-26.73650951,-1.42917415,-15.70824645,1.00000000
0.10513812,-0.16528228,-0.54275155,-1.67593444,-1.40509458,-0.14326256,-0.80783735,0.00000100,9.59773905,-26.73490092,-1.42963433,-15.70752755,1.00000000
0.10519662,-0.16528126,-0.54269877,-1.67599294,-1.40720683,-0.14381095,-0.80517671,0.00000100,9.59630015,-26.73318608,-1.43012482,-15.70676111,1.00000000
0.10525846,-0.16528018,-0.54264299,-1.67605478,-1.40950298,-0.14439012,-0.80230139,0.00000100,9.59477946,-26.73137359,-1.43064314,-15.70595099,1.00000000
0.10532328,-0.16527905,-0.54258452,-1.67611960,-1.41198578,-0.14499653,-0.79921218,0.00000100,9.59318548,-26.72947353,-1.43118638,-15.70510167,1.00000000
0.10539069,-0.16527788,-0.54252371,-1.67618701,-1.41465751,-0.14562608,-0.79591090,0.00000100,9.59152787,-26.72749741,-1.43175124,-15.70421831,1.00000000
0.10546025,-0.16527666,-0.54246096,-1.67625657,-1.41751997,-0.14627412,-0.79240039,0.00000100,9.58981743,-26.72545808,-1.43233403,-15.70330662,1.00000000
0.10553148,-0.16527542,-0.54239670,-1.67632780,-1.42057450,-0.14693551,-0.78868447,0.00000100,9.58806596,-26.72336958,-1.43293073,-15.70237290,1.00000000
0.10560388,-0.16527415,-0.54233140,-1.67640020,-1.42382201,-0.14760459,-0.78476789,0.00000100,9.58628619,-26.72124708,-1.43353699,-15.70142391,1.00000000
0.10567687,-0.16527287,-0.54226554,-1.67647319,-1.42726295,-0.14827525,-0.78065629,0.00000100,9.58449168,-26.71910674,-1.43414819,-15.70046687,1.00000000
0.10574989,-0.16527160,-0.54219967,-1.67654621,-1.43089739,-0.14894096,-0.77635614,0.00000100,9.58269668,-26.71696555,-1.43475948,-15.69950939,1.00000000
0.10582234,-0.16527033,-0.54213432,-1.67661866,-1.43472495,-0.14959480,-0.77187474,0.00000100,9.58091605,-26.71484123,-1.43536580,-15.69855938,1.00000000
0.10589357,-0.16526908,-0.54207005,-1.67668989,-1.43874485,-0.15022956,-0.76722008,0.00000100,9.57916509,-26.71275205,-1.43596193,-15.69762503,1.00000000
0.10596297,-0.16526786,-0.54200744,-1.67675929,-1.44295592,-0.15083771,-0.76240086,0.00000100,9.57745948,-26.71071674,-1.43654255,-15.69671470,1.00000000
0.10602988,-0.16526668,-0.54194708,-1.67682620,-1.44735653,-0.15141158,-0.75742639,0.00000100,9.57581510,-26.70875426,-1.43710226,-15.69583690,1.00000000
0.10609366,-0.16526556,-0.54188954,-1.67688998,-1.45194465,-0.15194331,-0.75230652,0.00000100,9.57424794,-26.70688371,-1.43763562,-15.69500015,1.00000000
0.10615364,-0.16526451,-0.54183542,-1.67694996,-1.45671784,-0.15242503,-0.74705162,0.00000100,9.57277394,-26.70512417,-1.43813722,-15.69421302,1.00000000
0.10620920,-0.16526353,-0.54178530,-1.67700552,-1.46167319,-0.15284885,-0.74167245,0.00000100,9.57140891,-26.70349455,-1.43860168,-15.69348396,1.00000000
0.10625969,-0.16526264,-0.54173975,-1.67705601,-1.46680735,-0.15320700,-0.73618014,0.00000100,9.57016838,-26.70201341,-1.43902373,-15.69282130,1.00000000
0.10630450,-0.16526185,-0.54169933,-1.67710082,-1.47211649,-0.15349191,-0.73058609,0.00000100,9.56906752,-26.70069891,-1.43939824,-15.69223315,1.00000000
0.10634303,-0.16526117,-0.54166457,-1.67713935,-1.47759632,-0.15369625,-0.72490193,0.00000100,9.56812096,-26.69956857,-1.43972022,-15.69172739,1.00000000
0.10637470,-0.16526061,-0.54163599,-1.67717102,-1.48324202,-0.15381307,-0.71913940,0.00000100,9.56734276,-26.69863921,-1.43998491,-15.69131153,1.00000000
0.10639898,-0.16526018,-0.54161408,-1.67719530,-1.48904830,-0.15383586,-0.71331033,0.00000100,9.56674628,-26.69792681,-1.44018778,-15.69099275,1.00000000
0.10641536,-0.16525989,-0.54159931,-1.67721168,-1.49500930,-0.15375866,-0.70742653,0.00000100,9.56634406,-26.69744640,-1.44032457,-15.69077776,1.00000000
0.10642335,-0.16525975,-0.54159210,-1.67721967,-1.50111865,-0.15357608,-0.70149976,0.00000100,9.56614777,-26.69721192,-1.44039132,-15.69067283,1.00000000
0.10642252,-0.16525977,-0.54159284,-1.67721884,-1.50736941,-0.15328343,-0.69554165,0.00000100,9.56616811,-26.69723617,-1.44038439,-15.69068367,1.00000000
0.10641248,-0.16525994,-0.54160190,-1.67720880,-1.51375408,-0.15287680,-0.68956360,0.00000100,9.56641471,-26.69753065,-1.44030051,-15.69081543,1.00000000
0.10639289,-0.16526029,-0.54161958,-1.67718921,-1.52026462,-0.15235307,-0.68357680,0.00000100,9.56689609,-26.69810554,-1.44013677,-15.69107268,1.00000000
0.10636344,-0.16526081,-0.54164615,-1.67715976,-1.52689239,-0.15170998,-0.67759212,0.00000100,9.56761958,-26.69896956,-1.43989069,-15.69145929,1.00000000
0.10632389,-0.16526150,-0.54168183,-1.67712021,-1.53362819,-0.15094621,-0.67162008,0.00000100,9.56859126,-26.70012993,-1.43956017,-15.69197850,1.00000000
0.10627404,-0.16526238,-0.54172680,-1.67707036,-1.54046230,-0.15006138,-0.66567081,0.00000100,9.56981589,-26.70159228,-1.43914358,-15.69263281,1.00000000
0.10621376,-0.16526345,-0.54178119,-1.67701008,-1.54738440,-0.14905608,-0.65975401,0.00000100,9.57129687,-26.70336061,-1.43863975,-15.69342400,1.00000000
0.10614297,-0.16526470,-0.54184505,-1.67693929,-1.55438369,-0.14793186,-0.65387893,0.00000100,9.57303621,-26.70543723,-1.43804796,-15.69435306,1.00000000
0.10606165,-0.16526613,-0.54191842,-1.67685797,-1.56144885,-0.14669129,-0.64805435,0.00000100,9.57503447,-26.70782268,-1.43736799,-15.69542022,1.00000000
0.10596983,-0.16526775,-0.54200126,-1.67676615,-1.56856807,-0.14533786,-0.64228855,0.00000100,9.57729072,-26.71051575,-1.43660012,-15.69662491,1.00000000
0.10586762,-0.16526955,-0.54209346,-1.67666394,-1.57572914,-0.14387603,-0.63658933,0.00000100,9.57980255,-26.71351341,-1.43574513,-15.69796573,1.00000000
0.10575519,-0.16527153,-0.54219490,-1.67655151,-1.58291941,-0.14231112,-0.63096396,0.00000100,9.58256601,-26.71681080,-1.43480432,-15.69944048,1.00000000
0.10563275,-0.16527368,-0.54230535,-1.67642907,-1.59012590,-0.14064932,-0.62541926,0.00000100,9.58557562,-26.72040123,-1.43377950,-15.70104611,1.00000000
0.10550060,-0.16527600,-0.54242457,-1.67629692,-1.59733534,-0.13889760,-0.61996155,0.00000100,9.58882439,-26.72427617,-1.43267300,-15.70277877,1.00000000
0.10535908,-0.16527849,-0.54255223,-1.67615540,-1.60453420,-0.13706361,-0.61459668,0.00000100,9.59230379,-26.72842524,-1.43148768,-15.70463378,1.00000000
0.10520861,-0.16528113,-0.54268797,-1.67600493,-1.61170877,-0.13515565,-0.60933008,0.00000100,9.59600377,-26.73283631,-1.43022689,-15.70660565,1.00000000
0.10504966,-0.16528391,-0.54283135,-1.67584598,-1.61884521,-0.13318252,-0.60416676,0.00000100,9.59991282,-26.73749543,-1.42889450,-15.70868812,1.00000000
0.10488276,-0.16528683,-0.54298190,-1.67567908,-1.62592965,-0.13115348,-0.59911136,0.00000100,9.60401801,-26.74238700,-1.42749486,-15.71087414,1.00000000
0.10470849,-0.16528987,-0.54313909,-1.67550481,-1.63294822,-0.12907812,-0.59416815,0.00000100,9.60830499,-26.74749376,-1.42603280,-15.71315596,1.00000000
0.10452750,-0.16529303,-0.54330234,-1.67532382,-1.63988714,-0.12696623,-0.58934112,0.00000100,9.61275815,-26.75279688,-1.42451360,-15.71552513,1.00000000
0.10434048,-0.16529628,-0.54347104,-1.67513680,-1.64673280,-0.12482776,-0.58463393,0.00000100,9.61736059,-26.75827610,-1.42294296,-15.71797255,1.00000000
0.10414815,-0.16529963,-0.54364451,-1.67494447,-1.65347180,-0.12267265,-0.58005004,0.00000100,9.62209433,-26.76390984,-1.42132698,-15.72048853,1.00000000
0.10395129,-0.16530304,-0.54382205,-1.67474761,-1.66009106,-0.12051078,-0.57559265,0.00000100,9.62694032,-26.76967529,-1.41967211,-15.72306286,1.00000000
0.10375072,-0.16530652,-0.54400294,-1.67454704,-1.66657785,-0.11835184,-0.57126480,0.00000100,9.63187862,-26.77554860,-1.41798512,-15.72568485,1.00000000
0.10354729,-0.16531003,-0.54418642,-1.67434361,-1.67291989,-0.11620527,-0.56706933,0.00000100,9.63688852,-26.78150502,-1.41627307,-15.72834343,1.00000000
0.10334185,-0.16531357,-0.54437169,-1.67413817,-1.67910540,-0.11408014,-0.56300894,0.00000100,9.64194866,-26.78751911,-1.41454322,-15.73102723,1.00000000
0.10313529,-0.16531713,-0.54455797,-1.67393161,-1.68512315,-0.11198513,-0.55908621,0.00000100,9.64703724,-26.79356488,-1.41280301,-15.73372462,1.00000000
0.10292852,-0.16532068,-0.54474443,-1.67372484,-1.69096251,-0.10992842,-0.55530356,0.00000100,9.65213212,-26.79961601,-1.41106001,-15.73642388,1.00000000
0.10272243,-0.16532421,-0.54493027,-1.67351875,-1.69661355,-0.10791764,-0.55166329,0.00000100,9.65721106,-26.80564608,-1.40932183,-15.73911319,1.00000000
0.10251794,-0.16532771,-0.54511468,-1.67331426,-1.70206704,-0.10595988,-0.54816757,0.00000100,9.66225183,-26.81162874,-1.40759607,-15.74178084,1.00000000
0.10231592,-0.16533116,-0.54529684,-1.67311224,-1.70731449,-0.10406159,-0.54481841,0.00000100,9.66723245,-26.81753795,-1.40589029,-15.74441521,1.00000000
0.10211725,-0.16533454,-0.54547598,-1.67291357,-1.71234824,-0.10222859,-0.54161766,0.00000100,9.67213136,-26.82334822,-1.40421189,-15.74700496,1.00000000
0.10192278,-0.16533785,-0.54565132,-1.67271910,-1.71716144,-0.10046605,-0.53856699,0.00000100,9.67692759,-26.82903478,-1.40256810,-15.74953909,1.00000000
0.10173333,-0.16534106,-0.54582214,-1.67252965,-1.72174813,-0.09877850,-0.53566786,0.00000100,9.68160097,-26.83457384,-1.40096585,-15.75200701,1.00000000
0.10154967,-0.16534417,-0.54598773,-1.67234599,-1.72610323,-0.09716978,-0.53292148,0.00000100,9.68613229,-26.83994278,-1.39941178,-15.75439871,1.00000000
0.10137252,-0.16534716,-0.54614744,-1.67216884,-1.73022259,-0.09564313,-0.53032877,0.00000100,9.69050349,-26.84512039,-1.39791214,-15.75670475,1.00000000
0.10120258,-0.16535002,-0.54630066,-1.67199890,-1.73410301,-0.09420111,-0.52789036,0.00000100,9.69469783,-26.85008699,-1.39647273,-15.75891644,1.00000000
0.10104044,-0.16535275,-0.54644683,-1.67183676,-1.73774228,-0.09284569,-0.52560651,0.00000100,9.69870004,-26.85482472,-1.39509883,-15.76102585,1.00000000
0.10088666,-0.16535533,-0.54658546,-1.67168298,-1.74113916,-0.09157823,-0.52347710,0.00000100,9.70249649,-26.85931761,-1.39379519,-15.76302593,1.00000000
0.10074172,-0.16535776,-0.54671613,-1.67153804,-1.74429343,-0.09039951,-0.52150155,0.00000100,9.70607531,-26.86355183,-1.39256594,-15.76491057,1.00000000
0.10060602,-0.16536003,-0.54683846,-1.67140234,-1.74720592,-0.08930974,-0.51967883,0.00000100,9.70942652,-26.86751575,-1.39141458,-15.76667465,1.00000000
0.10047987,-0.16536213,-0.54695218,-1.67127619,-1.74987850,-0.08830859,-0.51800739,0.00000100,9.71254213,-26.87120012,-1.39034389,-15.76831411,1.00000000
0.10036351,-0.16536407,-0.54705707,-1.67115983,-1.75231414,-0.08739524,-0.51648511,0.00000100,9.71541626,-26.87459819,-1.38935596,-15.76982597,1.00000000
0.10025709,-0.16536584,-0.54715300,-1.67105341,-1.75451687,-0.08656833,-0.51510929,0.00000100,9.71804521,-26.87770574,-1.38845212,-15.77120841,1.00000000
0.10016067,-0.16536744,-0.54723992,-1.67095699,-1.75649186,-0.08582603,-0.51387660,0.00000100,9.72042750,-26.88052119,-1.38763291,-15.77246077,1.00000000
0.10007420,-0.16536887,-0.54731786,-1.67087052,-1.75824543,-0.08516602,-0.51278304,0.00000100,9.72256396,-26.88304565,-1.38689811,-15.77358358,1.00000000
0.09999757,-0.16537014,-0.54738694,-1.67079389,-1.75978502,-0.08458553,-0.51182394,0.00000100,9.72445771,-26.88528297,-1.38624667,-15.77457858,1.00000000
0.09993054,-0.16537124,-0.54744736,-1.67072686,-1.76111930,-0.08408130,-0.51099389,0.00000100,9.72611421,-26.88723969,-1.38567676,-15.77544872,1.00000000
0.09987280,-0.16537219,-0.54749941,-1.67066912,-1.76225811,-0.08364965,-0.51028672,0.00000100,9.72754124,-26.88892512,-1.38518572,-15.77619816,1.00000000
0.09982394,-0.16537300,-0.54754345,-1.67062026,-1.76321255,-0.08328642,-0.50969552,0.00000100,9.72874890,-26.89035127,-1.38477011,-15.77683226,1.00000000
0.09978346,-0.16537366,-0.54757994,-1.67057978,-1.76399495,-0.08298698,-0.50921256,0.00000100,9.72974957,-26.89153283,-1.38442569,-15.77735757,1.00000000
0.09975076,-0.16537419,-0.54760941,-1.67054708,-1.76461894,-0.08274626,-0.50882929,0.00000100,9.73055787,-26.89248711,-1.38414744,-15.77778180,1.00000000
0.09972516,-0.16537461,-0.54763248,-1.67052148,-1.76509946,-0.08255869,-0.50853634,0.00000100,9.73119062,-26.89323403,-1.38392960,-15.77811382,1.00000000
0.09970590,-0.16537492,-0.54764984,-1.67050222,-1.76545276,-0.08241825,-0.50832347,0.00000100,9.73166678,-26.89379601,-1.38376563,-15.77836360,1.00000000
0.09969213,-0.16537514,-0.54766225,-1.67048845,-1.76569649,-0.08231841,-0.50817959,0.00000100,9.73200741,-26.89419793,-1.38364830,-15.77854222,1.00000000
0.09968290,-0.16537529,-0.54767057,-1.67047922,-1.76584967,-0.08225212,-0.50809269,0.00000100,9.73223558,-26.89446704,-1.38356968,-15.77866178,1.00000000
0.09967721,-0.16537538,-0.54767570,-1.67047353,-1.76593274,-0.08221186,-0.50804989,0.00000100,9.73237635,-26.89463295,-1.38352113,-15.77873547,1.00000000
0.09967397,-0.16537542,-0.54767862,-1.67047029,-1.76596758,-0.08218954,-0.50803736,0.00000100,9.73245671,-26.89472754,-1.38349338,-15.77877744,1.00000000
0.09967200,-0.16537545,-0.54768040,-1.67046832,-1.76597757,-0.08217657,-0.50804035,0.00000100,9.73250556,-26.89478492,-1.38347648,-15.77880288,1.00000000
0.09967027,-0.16537547,-0.54768195,-1.67046659,-1.76598323,-0.08216537,-0.50804589,0.00000100,9.73254834,-26.89483513,-1.38346167,-15.77882513,0.00000000
0.09966858,-0.16537549,-0.54768347,-1.67046490,-1.76598878,-0.08215440,-0.50805131,0.00000100,9.73259025,-26.89488434,-1.38344715,-15.77884693,0.00000000
0.09966693,-0.16537551,-0.54768497,-1.67046325,-1.76599421,-0.08214365,-0.50805662,0.00000100,9.73263133,-26.89493256,-1.38343293,-15.77886830,0.00000000
0.09966530,-0.16537554,-0.54768643,-1.67046162,-1.76599954,-0.08213312,-0.50806183,0.00000100,9.73267159,-26.89497982,-1.38341899,-15.77888924,0.00000000
0.09966371,-0.16537556,-0.54768786,-1.67046003,-1.76600476,-0.08212280,-0.50806693,0.00000100,9.73271105,-26.89502613,-1.38340533,-15.77890976,0.00000000
0.09966215,-0.16537558,-0.54768927,-1.67045847,-1.76600987,-0.08211269,-0.50807193,0.00000100,9.73274971,-26.89507152,-1.38339194,-15.77892987,0.00000000
0.09966062,-0.16537560,-0.54769064,-1.67045694,-1.76601488,-0.08210278,-0.50807683,0.00000100,9.73278760,-26.89511600,-1.38337882,-15.77894958,0.00000000
0.09965913,-0.16537561,-0.54769199,-1.67045545,-1.76601980,-0.08209307,-0.50808163,0.00000100,9.73282474,-26.89515959,-1.38336596,-15.77896889,0.00000000
0.09965766,-0.16537563,-0.54769332,-1.67045398,-1.76602461,-0.08208355,-0.50808633,0.00000100,9.73286113,-26.89520231,-1.38335336,-15.77898782,0.00000000
0.09965622,-0.16537565,-0.54769461,-1.67045254,-1.76602932,-0.08207423,-0.50809094,0.00000100,9.73289680,-26.89524418,-1.38334101,-15.77900637,0.00000000
0.09965481,-0.16537567,-0.54769588,-1.67045113,-1.76603394,-0.08206509,-0.50809546,0.00000100,9.73293175,-26.89528521,-1.38332891,-15.77902455,0.00000000
0.09965343,-0.16537569,-0.54769713,-1.67044975,-1.76603847,-0.08205614,-0.50809988,0.00000100,9.73296600,-26.89532542,-1.38331704,-15.77904237,0.00000000
0.09965208,-0.16537571,-0.54769835,-1.67044840,-1.76604291,-0.08204736,-0.50810422,0.00000100,9.73299957,-26.89536482,-1.38330542,-15.77905983,0.00000000
0.09965075,-0.16537572,-0.54769954,-1.67044707,-1.76604726,-0.08203877,-0.50810847,0.00000100,9.73303247,-26.89540344,-1.38329403,-15.77907694,0.00000000
0.09964945,-0.16537574,-0.54770071,-1.67044577,-1.76605152,-0.08203034,-0.50811263,0.00000100,9.73306471,-26.89544128,-1.38328287,-15.77909371,0.00000000
0.09964818,-0.16537576,-0.54770186,-1.67044450,-1.76605569,-0.08202209,-0.50811671,0.00000100,9.73309630,-26.89547837,-1.38327193,-15.77911014,0.00000000
0.09964693,-0.16537577,-0.54770299,-1.67044325,-1.76605978,-0.08201400,-0.50812071,0.00000100,9.73312727,-26.89551472,-1.38326120,-15.77912625,0.00000000
0.09964570,-0.16537579,-0.54770409,-1.67044202,-1.76606379,-0.08200607,-0.50812463,0.00000100,9.73315761,-26.89555034,-1.38325070,-15.77914203,0.00000000
0.09964450,-0.16537580,-0.54770517,-1.67044082,-1.76606772,-0.08199830,-0.50812846,0.00000100,9.73318735,-26.89558524,-1.38324040,-15.77915750,0.00000000
0.09964333,-0.16537582,-0.54770623,-1.67043965,-1.76607157,-0.08199069,-0.50813223,0.00000100,9.73321649,-26.89561945,-1.38323031,-15.77917265,0.00000000
0.09964218,-0.16537583,-0.54770727,-1.67043850,-1.76607534,-0.08198323,-0.50813591,0.00000100,9.73324505,-26.89565298,-1.38322042,-15.77918751,0.00000000
0.09964105,-0.16537585,-0.54770828,-1.67043737,-1.76607904,-0.08197592,-0.50813952,0.00000100,9.73327304,-26.89568583,-1.38321073,-15.77920207,0.00000000
0.09963994,-0.16537586,-0.54770928,-1.67043626,-1.76608266,-0.08196876,-0.50814306,0.00000100,9.73330047,-26.89571803,-1.38320123,-15.77921633,0.00000000
0.09963886,-0.16537587,-0.54771026,-1.67043518,-1.76608621,-0.08196174,-0.50814653,0.00000100,9.73332735,-26.89574959,-1.38319192,-15.77923031,0.00000000
0.09963780,-0.16537589,-0.54771121,-1.67043412,-1.76608969,-0.08195487,-0.50814993,0.00000100,9.73335370,-26.89578051,-1.38318280,-15.77924402,0.00000000
0.09963675,-0.16537590,-0.54771215,-1.67043307,-1.76609310,-0.08194813,-0.50815326,0.00000100,9.73337952,-26.89581082,-1.38317386,-15.77925744,0.00000000
0.09963573,-0.16537591,-0.54771307,-1.67043205,-1.76609644,-0.08194152,-0.50815653,0.00000100,9.73340482,-26.89584051,-1.38316509,-15.77927060,0.00000000
0.09963473,-0.16537593,-0.54771397,-1.67043105,-1.76609971,-0.08193505,-0.50815972,0.00000100,9.73342961,-26.89586962,-1.38315651,-15.77928350,0.00000000
0.09963375,-0.16537594,-0.54771485,-1.67043007,-1.76610292,-0.08192871,-0.50816286,0.00000100,9.73345391,-26.89589814,-1.38314809,-15.77929614,0.00000000
0.09963279,-0.16537595,-0.54771572,-1.67042911,-1.76610606,-0.08192250,-0.50816593,0.00000100,9.73347773,-26.89592610,-1.38313985,-15.77930852,0.00000000
0.09963185,-0.16537596,-0.54771657,-1.67042817,-1.76610914,-0.08191641,-0.50816894,0.00000100,9.73350106,-26.89595349,-1.38313177,-15.77932066,0.00000000
0.09963093,-0.16537598,-0.54771740,-1.67042725,-1.76611216,-0.08191044,-0.50817189,0.00000100,9.73352394,-26.89598034,-1.38312385,-15.77933256,0.00000000
0.09963003,-0.16537599,-0.54771821,-1.67042635,-1.76611512,-0.08190459,-0.50817478,0.00000100,9.73354635,-26.89600665,-1.38311609,-15.77934421,0.00000000
0.09962914,-0.16537600,-0.54771901,-1.67042546,-1.76611802,-0.08189886,-0.50817761,0.00000100,9.73356831,-26.89603243,-1.38310848,-15.77935564,0.00000000
0.09962827,-0.16537601,-0.54771979,-1.67042459,-1.76612086,-0.08189325,-0.50818038,0.00000100,9.73358984,-26.89605770,-1.38310102,-15.77936683,0.00000000
0.09962742,-0.16537602,-0.54772056,-1.67042374,-1.76612364,-0.08188775,-0.50818310,0.00000100,9.73361094,-26.89608246,-1.38309372,-15.77937781,0.00000000
0.09962659,-0.16537603,-0.54772131,-1.67042291,-1.76612637,-0.08188235,-0.50818577,0.00000100,9.73363161,-26.89610673,-1.38308656,-15.77938856,0.00000000
0.09962577,-0.16537604,-0.54772205,-1.67042209,-1.76612904,-0.08187707,-0.50818838,0.00000100,9.73365187,-26.89613051,-1.38307954,-15.77939910,0.00000000
0.09962497,-0.16537605,-0.54772277,-1.67042129,-1.76613166,-0.08187189,-0.50819094,0.00000100,9.73367173,-26.89615382,-1.38307267,-15.77940942,0.00000000
0.09962419,-0.16537606,-0.54772348,-1.67042051,-1.76613423,-0.08186682,-0.50819344,0.00000100,9.73369119,-26.89617666,-1.38306593,-15.77941954,0.00000000
0.09962342,-0.16537607,-0.54772417,-1.67041974,-1.76613674,-0.08186184,-0.50819590,0.00000100,9.73371026,-26.89619904,-1.38305933,-15.77942946,0.00000000
0.09962266,-0.16537608,-0.54772485,-1.67041898,-1.76613921,-0.08185697,-0.50819831,0.00000100,9.73372895,-26.89622098,-1.38305286,-15.77943918,0.00000000
0.09962192,-0.16537609,-0.54772551,-1.67041824,-1.76614162,-0.08185220,-0.50820067,0.00000100,9.73374726,-26.89624248,-1.38304651,-15.77944871,0.00000000
0.09962120,-0.16537610,-0.54772617,-1.67041752,-1.76614399,-0.08184752,-0.50820298,0.00000100,9.73376521,-26.89626355,-1.38304030,-15.77945804,0.00000000
0.09962049,-0.16537611,-0.54772680,-1.67041681,-1.76614631,-0.08184293,-0.50820525,0.00000100,9.73378280,-26.89628419,-1.38303421,-15.77946719,0.00000000
0.09961980,-0.16537612,-0.54772743,-1.67041612,-1.76614858,-0.08183844,-0.50820747,0.00000100,9.73380004,-26.89630443,-1.38302824,-15.77947615,0.00000000
0.09961911,-0.16537613,-0.54772804,-1.67041543,-1.76615081,-0.08183404,-0.50820964,0.00000100,9.73381693,-26.89632426,-1.38302239,-15.77948494,0.00000000
0.09961845,-0.16537614,-0.54772865,-1.67041477,-1.76615299,-0.08182972,-0.50821177,0.00000100,9.73383349,-26.89634369,-1.38301665,-15.77949355,0.00000000
0.09961779,-0.16537614,-0.54772924,-1.67041411,-1.76615513,-0.08182549,-0.50821386,0.00000100,9.73384971,-26.89636273,-1.38301104,-15.77950199,0.00000000
0.09961715,-0.16537615,-0.54772981,-1.67041347,-1.76615723,-0.08182135,-0.50821591,0.00000100,9.73386561,-26.89638140,-1.38300553,-15.77951026,0.00000000
0.09961652,-0.16537616,-0.54773038,-1.67041284,-1.76615928,-0.08181729,-0.50821792,0.00000100,9.73388119,-26.89639969,-1.38300013,-15.77951836,0.00000000
0.09961591,-0.16537617,-0.54773093,-1.67041223,-1.76616130,-0.08181331,-0.50821988,0.00000100,9.73389646,-26.89641761,-1.38299485,-15.77952630,0.00000000
0.09961530,-0.16537618,-0.54773148,-1.67041162,-1.76616327,-0.08180941,-0.50822181,0.00000100,9.73391143,-26.89643518,-1.38298966,-15.77953409,0.00000000
0.09961471,-0.16537618,-0.54773201,-1.67041103,-1.76616520,-0.08180559,-0.50822370,0.00000100,9.73392609,-26.89645239,-1.38298459,-15.77954171,0.00000000
0.09961413,-0.16537619,-0.54773253,-1.67041045,-1.76616710,-0.08180184,-0.50822555,0.00000100,9.73394047,-26.89646926,-1.38297961,-15.77954919,0.00000000
0.09961356,-0.16537620,-0.54773304,-1.67040988,-1.76616895,-0.08179817,-0.50822736,0.00000100,9.73395455,-26.89648579,-1.38297473,-15.77955651,0.00000000
0.09961301,-0.16537621,-0.54773355,-1.67040933,-1.76617077,-0.08179458,-0.50822914,0.00000100,9.73396836,-26.89650200,-1.38296995,-15.77956369,0.00000000
0.09961246,-0.16537621,-0.54773404,-1.67040878,-1.76617256,-0.08179105,-0.50823088,0.00000100,9.73398188,-26.89651788,-1.38296527,-15.77957073,0.00000000
0.09961193,-0.16537622,-0.54773452,-1.67040825,-1.76617430,-0.08178760,-0.50823259,0.00000100,9.73399514,-26.89653344,-1.38296068,-15.77957762,0.00000000
0.09961140,-0.16537623,-0.54773499,-1.67040772,-1.76617602,-0.08178421,-0.50823426,0.00000100,9.73400813,-26.89654869,-1.38295618,-15.77958438,0.00000000
0.09961089,-0.16537623,-0.54773545,-1.67040721,-1.76617769,-0.08178090,-0.50823590,0.00000100,9.73402086,-26.89656363,-1.38295177,-15.77959100,0.00000000
0.09961039,-0.16537624,-0.54773591,-1.67040671,-1.76617934,-0.08177765,-0.50823750,0.00000100,9.73403334,-26.89657828,-1.38294745,-15.77959749,0.00000000
0.09960989,-0.16537625,-0.54773635,-1.67040621,-1.76618095,-0.08177446,-0.50823908,0.00000100,9.73404557,-26.89659263,-1.38294321,-15.77960385,0.00000000
0.09960962,-0.16537625,-0.54773660,-1.67040594,-1.76617832,-0.08177288,-0.50824328,0.00000100,9.73405234,-26.89660054,-1.38294086,-15.77960735,0.00000000
0.09961060,-0.16537623,-0.54773572,-1.67040692,-1.76615094,-0.08178043,-0.50826311,0.00000100,9.73402824,-26.89657200,-1.38294913,-15.77959463,0.00000000
0.09961399,-0.16537617,-0.54773266,-1.67041031,-1.76607547,-0.08180567,-0.50831335,0.00000100,9.73394433,-26.89647286,-1.38297799,-15.77955054,0.00000000
0.09962090,-0.16537606,-0.54772643,-1.67041722,-1.76593003,-0.08185661,-0.50840784,0.00000100,9.73377359,-26.89627118,-1.38303673,-15.77946086,0.00000000
0.09963234,-0.16537587,-0.54771612,-1.67042866,-1.76569422,-0.08194075,-0.50855953,0.00000100,9.73349086,-26.89593728,-1.38313403,-15.77931239,0.00000000
0.09964925,-0.16537558,-0.54770088,-1.67044557,-1.76534902,-0.08206505,-0.50878042,0.00000100,9.73307291,-26.89544372,-1.38327786,-15.77909294,0.00000000
0.09967249,-0.16537520,-0.54767993,-1.67046881,-1.76487683,-0.08223598,-0.50908168,0.00000100,9.73249849,-26.89476538,-1.38347555,-15.77879135,0.00000000
0.09970284,-0.16537470,-0.54765257,-1.67049916,-1.76426141,-0.08245951,-0.50947357,0.00000100,9.73174837,-26.89387956,-1.38373370,-15.77839749,0.00000000
0.09974099,-0.16537406,-0.54761818,-1.67053731,-1.76348783,-0.08274115,-0.50996551,0.00000100,9.73080541,-26.89276596,-1.38405820,-15.77790235,0.00000000
0.09978756,-0.16537329,-0.54757621,-1.67058387,-1.76254250,-0.08308590,-0.51056609,0.00000100,9.72965459,-26.89140683,-1.38445422,-15.77729802,0.00000000
0.09984305,-0.16537237,-0.54752619,-1.67063937,-1.76141307,-0.08349833,-0.51128309,0.00000100,9.72828311,-26.88978697,-1.38492613,-15.77657773,0.00000000
0.09990790,-0.16537130,-0.54746774,-1.67070422,-1.76008848,-0.08398254,-0.51212347,0.00000100,9.72668036,-26.88789381,-1.38547757,-15.77573588,0.00000000
0.09998245,-0.16537007,-0.54740053,-1.67077877,-1.75855888,-0.08454218,-0.51309343,0.00000100,9.72483803,-26.88571742,-1.38611137,-15.77476802,0.00000000
0.10006695,-0.16536867,-0.54732437,-1.67086327,-1.75681562,-0.08518045,-0.51419842,0.00000100,9.72275009,-26.88325058,-1.38682958,-15.77367091,0.00000000
0.10016154,-0.16536710,-0.54723910,-1.67095786,-1.75485124,-0.08590010,-0.51544315,0.00000100,9.72041279,-26.88048875,-1.38763344,-15.77244251,0.00000000
0.10026630,-0.16536536,-0.54714467,-1.67106262,-1.75265941,-0.08670344,-0.51683164,0.00000100,9.71782470,-26.87743008,-1.38852342,-15.77108197,0.00000000
0.10038118,-0.16536345,-0.54704111,-1.67117750,-1.75023496,-0.08759230,-0.51836722,0.00000100,9.71498664,-26.87407542,-1.38949917,-15.76958960,0.00000000
0.10050607,-0.16536138,-0.54692853,-1.67130239,-1.74757381,-0.08856807,-0.52005261,0.00000100,9.71190169,-26.87042820,-1.39055960,-15.76796692,0.00000000
0.10064076,-0.16535914,-0.54680711,-1.67143708,-1.74467297,-0.08963163,-0.52188989,0.00000100,9.70857508,-26.86649446,-1.39170284,-15.76621655,0.00000000
0.10078495,-0.16535674,-0.54667713,-1.67158127,-1.74153051,-0.09078339,-0.52388060,0.00000100,9.70501417,-26.86228272,-1.39292632,-15.76434223,0.00000000
0.10093827,-0.16535418,-0.54653891,-1.67173459,-1.73814554,-0.09202324,-0.52602571,0.00000100,9.70122837,-26.85780387,-1.39422674,-15.76234876,0.00000000
0.10110026,-0.16535148,-0.54639287,-1.67189658,-1.73451822,-0.09335055,-0.52832572,0.00000100,9.69722898,-26.85307112,-1.39560015,-15.76024198,0.00000000
0.10127040,-0.16534863,-0.54623949,-1.67206672,-1.73064967,-0.09476415,-0.53078067,0.00000100,9.69302914,-26.84809978,-1.39704200,-15.75802864,0.00000000
0.10144808,-0.16534566,-0.54607929,-1.67224440,-1.72654203,-0.09626227,-0.53339018,0.00000100,9.68864364,-26.84290719,-1.39854713,-15.75571642,0.00000000
0.10163266,-0.16534257,-0.54591288,-1.67242898,-1.72219838,-0.09784261,-0.53615349,0.00000100,9.68408884,-26.83751251,-1.40010988,-15.75331380,0.00000000
0.10182341,-0.16533936,-0.54574090,-1.67261973,-1.71762274,-0.09950224,-0.53906951,0.00000100,9.67938246,-26.83193657,-1.40172411,-15.75083000,0.00000000
0.10201957,-0.16533606,-0.54556404,-1.67281589,-1.71282003,-0.10123761,-0.54213684,0.00000100,9.67454346,-26.82620164,-1.40338327,-15.74827491,0.00000000
0.10222033,-0.16533268,-0.54538302,-1.67301665,-1.70779608,-0.10304457,-0.54535384,0.00000100,9.66959183,-26.82033127,-1.40508046,-15.74565899,0.00000000
0.10242485,-0.16532922,-0.54519861,-1.67322117,-1.70255756,-0.10491834,-0.54871860,0.00000100,9.66454844,-26.81435009,-1.40680849,-15.74299316,0.00000000
0.10263225,-0.16532571,-0.54501159,-1.67342857,-1.69711196,-0.10685349,-0.55222904,0.00000100,9.65943486,-26.80828355,-1.40855993,-15.74028876,0.00000000
0.10284165,-0.16532216,-0.54482277,-1.67363797,-1.69146760,-0.10884399,-0.55588289,0.00000100,9.65427312,-26.80215772,-1.41032722,-15.73755738,0.00000000
0.10305213,-0.16531858,-0.54463296,-1.67384845,-1.68563352,-0.11088323,-0.55967775,0.00000100,9.64908561,-26.79599912,-1.41210267,-15.73481083,0.00000000
0.10326279,-0.16531500,-0.54444300,-1.67405911,-1.67961948,-0.11296397,-0.56361104,0.00000100,9.64389482,-26.78983441,-1.41387858,-15.73206100,0.00000000
0.10347271,-0.16531141,-0.54425369,-1.67426903,-1.67343593,-0.11507848,-0.56768008,0.00000100,9.63872320,-26.78369027,-1.41564728,-15.72931979,0.00000000
0.10368099,-0.16530785,-0.54406585,-1.67447731,-1.66709393,-0.11721850,-0.57188206,0.00000100,9.63359296,-26.77759311,-1.41740116,-15.72659898,0.00000000
0.10388675,-0.16530432,-0.54388028,-1.67468307,-1.66060511,-0.11937533,-0.57621404,0.00000100,9.62852591,-26.77156891,-1.41913280,-15.72391019,0.00000000
0.10408912,-0.16530085,-0.54369777,-1.67488544,-1.65398162,-0.12153990,-0.58067297,0.00000100,9.62354329,-26.76564301,-1.42083496,-15.72126476,0.00000000
0.10428726,-0.16529744,-0.54351906,-1.67508358,-1.64723607,-0.12370280,-0.58525561,0.00000100,9.61866564,-26.75983995,-1.42250066,-15.71867365,0.00000000
0.10448037,-0.16529410,-0.54334489,-1.67527669,-1.64038146,-0.12585442,-0.58995861,0.00000100,9.61391262,-26.75418325,-1.42412322,-15.71614741,0.00000000
0.10466769,-0.16529086,-0.54317592,-1.67546401,-1.63343110,-0.12798499,-0.59477840,0.00000100,9.60930290,-26.74869529,-1.42569632,-15.71369607,0.00000000
0.10484851,-0.16528773,-0.54301283,-1.67564483,-1.62639859,-0.13008469,-0.59971121,0.00000100,9.60485407,-26.74339716,-1.42721400,-15.71132909,0.00000000
0.10502215,-0.16528472,-0.54285620,-1.67581847,-1.61929770,-0.13214376,-0.60475303,0.00000100,9.60058248,-26.73830854,-1.42867074,-15.70905532,0.00000000
0.10518801,-0.16528183,-0.54270659,-1.67598433,-1.61214234,-0.13415258,-0.60989957,0.00000100,9.59650319,-26.73344755,-1.43006147,-15.70688289,0.00000000
0.10534551,-0.16527908,-0.54256451,-1.67614183,-1.60494644,-0.13610178,-0.61514627,0.00000100,9.59262989,-26.72883070,-1.43138157,-15.70481924,0.00000000
0.10549416,-0.16527649,-0.54243042,-1.67629048,-1.59772395,-0.13798236,-0.62048818,0.00000100,9.58897484,-26.72447281,-1.43262693,-15.70287103,0.00000000
0.10563351,-0.16527405,-0.54230470,-1.67642983,-1.59048870,-0.13978575,-0.62592003,0.00000100,9.58554878,-26.72038689,-1.43379396,-15.70104415,0.00000000
0.10576320,-0.16527177,-0.54218771,-1.67655952,-1.58325440,-0.14150395,-0.63143614,0.00000100,9.58236097,-26.71658418,-1.43487954,-15.69934367,0.00000000
0.10588289,-0.16526967,-0.54207973,-1.67667921,-1.57603450,-0.14312959,-0.63703039,0.00000100,9.57941910,-26.71307405,-1.43588114,-15.69777381,0.00000000
0.10599234,-0.16526775,-0.54198099,-1.67678866,-1.56884223,-0.14465602,-0.64269624,0.00000100,9.57672931,-26.70986401,-1.43679671,-15.69633799,0.00000000
0.10609135,-0.16526600,-0.54189166,-1.67688767,-1.56169045,-0.14607736,-0.64842668,0.00000100,9.57429617,-26.70695969,-1.43762474,-15.69503877,0.00000000
0.10617981,-0.16526444,-0.54181186,-1.67697613,-1.55459165,-0.14738862,-0.65421422,0.00000100,9.57212273,-26.70436487,-1.43836425,-15.69387789,0.00000000
0.10625765,-0.16526306,-0.54174164,-1.67705397,-1.54755790,-0.14858568,-0.66005091,0.00000100,9.57021046,-26.70208148,-1.43901478,-15.69285624,0.00000000
0.10632485,-0.16526187,-0.54168100,-1.67712117,-1.54060082,-0.14966537,-0.66592831,0.00000100,9.56855938,-26.70010965,-1.43957637,-15.69197391,0.00000000
0.10638150,-0.16526086,-0.54162989,-1.67717782,-1.53373149,-0.15062548,-0.67183751,0.00000100,9.56716798,-26.69844771,-1.44004955,-15.69123019,0.00000000
0.10642769,-0.16526004,-0.54158822,-1.67722401,-1.52696051,-0.15146481,-0.67776917,0.00000100,9.56603335,-26.69709228,-1.44043535,-15.69062357,0.00000000
0.10646361,-0.16525940,-0.54155581,-1.67725993,-1.52029791,-0.15218308,-0.68371349,0.00000100,9.56515120,-26.69603829,-1.44073526,-15.69015183,0.00000000
0.10648948,-0.16525893,-0.54153247,-1.67728580,-1.51375315,-0.15278104,-0.68966030,0.00000100,9.56451587,-26.69527905,-1.44095121,-15.68981197,0.00000000
0.10650558,-0.16525864,-0.54151794,-1.67730190,-1.50733511,-0.15326033,-0.69559904,0.00000100,9.56412045,-26.69480635,-1.44108557,-15.68960034,0.00000000
0.10651225,-0.16525852,-0.54151192,-1.67730857,-1.50105211,-0.15362353,-0.70151885,0.00000100,9.56395679,-26.69461051,-1.44114111,-15.68951260,0.00000000
0.10650987,-0.16525855,-0.54151407,-1.67730619,-1.49491186,-0.15387406,-0.70740858,0.00000100,9.56401562,-26.69468043,-1.44112100,-15.68954381,0.00000000
0.10649884,-0.16525874,-0.54152402,-1.67729516,-1.48892148,-0.15401614,-0.71325686,0.00000100,9.56428658,-26.69500375,-1.44102875,-15.68968841,0.00000000
0.10647964,-0.16525907,-0.54154134,-1.67727596,-1.48308755,-0.15405476,-0.71905218,0.00000100,9.56475831,-26.69556689,-1.44086824,-15.68994034,0.00000000
0.10645277,-0.16525954,-0.54156558,-1.67724909,-1.47741606,-0.15399553,-0.72478291,0.00000100,9.56541854,-26.69635518,-1.44064361,-15.69029303,0.00000000
0.10641876,-0.16526013,-0.54159627,-1.67721508,-1.47191243,-0.15384468,-0.73043738,0.00000100,9.56625418,-26.69735295,-1.44035933,-15.69073945,0.00000000
0.10637817,-0.16526084,-0.54163289,-1.67717449,-1.46658156,-0.15360894,-0.73600399,0.00000100,9.56725139,-26.69854364,-1.44002007,-15.69127218,0.00000000
0.10633160,-0.16526166,-0.54167491,-1.67712792,-1.46142782,-0.15329546,-0.74147121,0.00000100,9.56839572,-26.69990995,-1.43963075,-15.69188348,0.00000000
0.10627964,-0.16526257,-0.54172178,-1.67707596,-1.45645506,-0.15291172,-0.74682771,0.00000100,9.56967218,-26.70143395,-1.43919646,-15.69256531,0.00000000
0.10622294,-0.16526356,-0.54177293,-1.67701926,-1.45166665,-0.15246545,-0.75206239,0.00000100,9.57106535,-26.70309719,-1.43872242,-15.69330941,0.00000000
0.10616214,-0.16526463,-0.54182779,-1.67695846,-1.44706547,-0.15196452,-0.75716449,0.00000100,9.57255953,-26.70488085,-1.43821398,-15.69410735,0.00000000
0.10609787,-0.16526576,-0.54188577,-1.67689419,-1.44265394,-0.15141691,-0.76212364,0.00000100,9.57413878,-26.70676591,-1.43767652,-15.69495061,0.00000000
0.10603079,-0.16526694,-0.54194629,-1.67682711,-1.43843403,-0.15083053,-0.76692992,0.00000100,9.57578714,-26.70873326,-1.43711550,-15.69583062,0.00000000
0.10596156,-0.16526815,-0.54200875,-1.67675788,-1.43440727,-0.15021326,-0.77157396,0.00000100,9.57748866,-26.71076384,-1.43653631,-15.69673886,0.00000000
0.10589081,-0.16526939,-0.54207258,-1.67668713,-1.43057475,-0.14957277,-0.77604697,0.00000100,9.57922758,-26.71283881,-1.43594432,-15.69766691,0.00000000
0.10581917,-0.16527064,-0.54213721,-1.67661549,-1.42693714,-0.14891651,-0.78034084,0.00000100,9.58098843,-26.71493972,-1.43534480,-15.69860649,0.00000000
0.10574725,-0.16527190,-0.54220208,-1.67654357,-1.42349468,-0.14825164,-0.78444817,0.00000100,9.58275617,-26.71704859,-1.43474285,-15.69954957,0.00000000
0.10567565,-0.16527315,-0.54226668,-1.67647197,-1.42024720,-0.14758494,-0.78836235,0.00000100,9.58451629,-26.71914811,-1.43414342,-15.70048840,0.00000000
0.10560493,-0.16527439,-0.54233048,-1.67640125,-1.41719409,-0.14692281,-0.79207759,0.00000100,9.58625494,-26.72122179,-1.43355123,-15.70141561,0.00000000
0.10553561,-0.16527560,-0.54239301,-1.67633193,-1.41433432,-0.14627118,-0.79558899,0.00000100,9.58795906,-26.72325403,-1.43297072,-15.70232424,0.00000000
0.10546820,-0.16527678,-0.54245381,-1.67626452,-1.41166641,-0.14563550,-0.79889258,0.00000100,9.58961646,-26.72523031,-1.43240606,-15.70320779,0.00000000
0.10540315,-0.16527791,-0.54251249,-1.67619947,-1.40918841,-0.14502071,-0.80198537,0.00000100,9.59121594,-26.72713730,-1.43186107,-15.70406030,0.00000000
0.10534088,-0.16527900,-0.54256867,-1.67613720,-1.40689793,-0.14443117,-0.80486539,0.00000100,9.59274736,-26.72896295,-1.43133920,-15.70487639,0.00000000
0.10528173,-0.16528003,-0.54262202,-1.67607805,-1.40479206,-0.14387072,-0.80753171,0.00000100,9.59420176,-26.73069658,-1.43084352,-15.70565130,0.00000000
0.10522604,-0.16528100,-0.54267226,-1.67602236,-1.40286741,-0.14334260,-0.80998448,0.00000100,9.59557140,-26.73232901,-1.43037668,-15.70638093,0.00000000
0.10517406,-0.16528190,-0.54271915,-1.67597038,-1.40112004,-0.14284946,-0.81222499,0.00000100,9.59684984,-26.73385258,-1.42994087,-15.70706187,0.00000000
0.10512600,-0.16528273,-0.54276250,-1.67592232,-1.39954545,-0.14239338,-0.81425566,0.00000100,9.59803197,-26.73526124,-1.42953785,-15.70769142,0.00000000
0.10508201,-0.16528350,-0.54280219,-1.67587833,-1.39813856,-0.14197584,-0.81608008,0.00000100,9.59911408,-26.73655058,-1.42916890,-15.70826761,0.00000000
0.10504218,-0.16528419,-0.54283812,-1.67583850,-1.39689369,-0.14159775,-0.81770305,0.00000100,9.60009384,-26.73771787,-1.42883481,-15.70878923,0.00000000
0.10500654,-0.16528480,-0.54287026,-1.67580286,-1.39580451,-0.14125942,-0.81913056,0.00000100,9.60097034,-26.73876205,-1.42853590,-15.70925581,0.00000000
0.10497509,-0.16528535,-0.54289863,-1.67577141,-1.39486399,-0.14096064,-0.82036985,0.00000100,9.60174408,-26.73968373,-1.42827202,-15.70966763,0.00000000
0.10494774,-0.16528582,-0.54292330,-1.67574406,-1.39406444,-0.14070064,-0.82142941,0.00000100,9.60241695,-26.74048518,-1.42804251,-15.71002572,0.00000000
0.10492436,-0.16528622,-0.54294439,-1.67572068,-1.39339739,-0.14047811,-0.82231898,0.00000100,9.60299221,-26.74117031,-1.42784628,-15.71033182,0.00000000
0.10490476,-0.16528656,-0.54296207,-1.67570108,-1.39285363,-0.14029126,-0.82304960,0.00000100,9.60347444,-26.74174459,-1.42768177,-15.71058838,0.00000000
0.10488870,-0.16528683,-0.54297655,-1.67568502,-1.39242311,-0.14013779,-0.82363359,0.00000100,9.60386951,-26.74221502,-1.42754698,-15.71079853,0.00000000
0.10487590,-0.16528705,-0.54298810,-1.67567222,-1.39209495,-0.14001496,-0.82408458,0.00000100,9.60418452,-26.74259007,-1.42743949,-15.71096606,0.00000000
0.10486602,-0.16528722,-0.54299701,-1.67566234,-1.39185740,-0.13991958,-0.82441750,0.00000100,9.60442774,-26.74287960,-1.42735648,-15.71109538,0.00000000
0.10485867,-0.16528734,-0.54300364,-1.67565499,-1.39169780,-0.13984806,-0.82464863,0.00000100,9.60460855,-26.74309478,-1.42729475,-15.71119148,0.00000000
0.10485344,-0.16528743,-0.54300836,-1.67564976,-1.39160251,-0.13979640,-0.82479558,0.00000100,9.60473738,-26.74324804,-1.42725075,-15.71125991,0.00000000
0.10484986,-0.16528749,-0.54301159,-1.67564618,-1.39155695,-0.13976024,-0.82487730,0.00000100,9.60482565,-26.74335299,-1.42722059,-15.71130675,0.00000000
0.10484742,-0.16528752,-0.54301379,-1.67564374,-1.39154551,-0.13973487,-0.82491412,0.00000100,9.60488572,-26.74342435,-1.42720005,-15.71133859,0.00000000
0.10484559,-0.16528755,-0.54301544,-1.67564191,-1.39155151,-0.13971523,-0.82492774,0.00000100,9.60493085,-26.74347793,-1.42718460,-15.71136248,0.00000000
