0.78344789,0.16191679,-0.06706813,0.03698419,-0.15348174,-0.37165848
0.76777431,0.15867843,-0.06575543,0.03607244,-0.15047795,-0.36421835
0.75241450,0.15550463,-0.06446780,0.03523036,-0.14752824,-0.35692510
0.73736217,0.15239413,-0.06320480,0.03442421,-0.14463299,-0.34977629
0.72261115,0.14934566,-0.06196598,0.03364202,-0.14179177,-0.34276976
0.70815540,0.14635802,-0.06075092,0.03287713,-0.13900397,-0.33590366
0.69398900,0.14343000,-0.05955917,0.03212450,-0.13626889,-0.32917647
0.68010614,0.14056043,-0.05839033,0.03137923,-0.13358576,-0.32258719
0.66650114,0.13774816,-0.05724397,0.03063565,-0.13095366,-0.31613565
0.65316843,0.13499204,-0.05611970,0.02988757,-0.12837116,-0.30982274
0.64010255,0.13229098,-0.05501710,0.02913536,-0.12583500,-0.30364908
0.62729816,0.12964387,-0.05393579,0.02842042,-0.12333641,-0.29760483
0.61475001,0.12704966,-0.05287537,0.02780866,-0.12086886,-0.29166661
0.60245297,0.12450729,-0.05183546,0.02723395,-0.11844557,-0.28584214
0.59040201,0.12201574,-0.05081568,0.02667259,-0.11606963,-0.28013408
0.57859219,0.11957399,-0.04981567,0.02612373,-0.11374034,-0.27454015
0.56701869,0.11718106,-0.04883505,0.02558697,-0.11145693,-0.26905801
0.55567677,0.11483598,-0.04787347,0.02506194,-0.10921859,-0.26368540
0.54456179,0.11253779,-0.04693057,0.02454831,-0.10702456,-0.25842009
0.53366920,0.11028556,-0.04600601,0.02404576,-0.10487402,-0.25325992
0.52299456,0.10807838,-0.04509944,0.02355398,-0.10276621,-0.24820276
0.51253349,0.10591536,-0.04421053,0.02307270,-0.10070032,-0.24324655
0.50228172,0.10379560,-0.04333895,0.02260165,-0.09867560,-0.23838925
0.49223506,0.10171825,-0.04248437,0.02214057,-0.09669126,-0.23362888
0.48238939,0.09968246,-0.04164648,0.02168922,-0.09474654,-0.22896350
0.47274071,0.09768741,-0.04082495,0.02124735,-0.09284070,-0.22439120
0.46328505,0.09573228,-0.04001948,0.02081475,-0.09097299,-0.21991012
0.45401857,0.09381628,-0.03922977,0.02039119,-0.08914267,-0.21551844
0.44493746,0.09193862,-0.03845551,0.01997647,-0.08734903,-0.21121438
0.43603802,0.09009853,-0.03769642,0.01957037,-0.08559135,-0.20699617
0.42731662,0.08829528,-0.03695221,0.01917271,-0.08386894,-0.20286211
0.41876968,0.08652812,-0.03622259,0.01878330,-0.08218110,-0.19881052
0.41039372,0.08479632,-0.03550729,0.01840194,-0.08052716,-0.19483975
0.40218532,0.08309920,-0.03480602,0.01802847,-0.07890645,-0.19094819
0.39414111,0.08143604,-0.03411853,0.01766269,-0.07731832,-0.18713427
0.38625782,0.07980617,-0.03344455,0.01730446,-0.07576212,-0.18339643
0.37853223,0.07820894,-0.03278382,0.01695359,-0.07423722,-0.17973315
0.37096117,0.07664367,-0.03213609,0.01660993,-0.07274300,-0.17614296
0.36354156,0.07510974,-0.03150110,0.01627333,-0.07127886,-0.17262440
0.35627036,0.07360652,-0.03087862,0.01594362,-0.06984419,-0.16917603
0.34914461,0.07213339,-0.03026839,0.01562067,-0.06843840,-0.16579646
0.34216139,0.07068975,-0.02967019,0.01530433,-0.06706093,-0.16248433
0.33531786,0.06927501,-0.02908378,0.01499446,-0.06571120,-0.15923828
0.32861121,0.06788859,-0.02850893,0.01469091,-0.06438865,-0.15605700
0.32203872,0.06652993,-0.02794543,0.01439357,-0.06309276,-0.15293920
0.31559768,0.06519847,-0.02739304,0.01410228,-0.06182298,-0.14988362
0.30928549,0.06389367,-0.02685156,0.01381694,-0.06057878,-0.14688901
0.30309955,0.06261499,-0.02632076,0.01353740,-0.05935966,-0.14395416
0.29703734,0.06136190,-0.02580046,0.01326356,-0.05816511,-0.14107789
0.29109638,0.06013391,-0.02529043,0.01299529,-0.05699464,-0.13825902
0.28527426,0.05893049,-0.02479048,0.01273247,-0.05584776,-0.13549642
0.27956859,0.05775117,-0.02430042,0.01247500,-0.05472399,-0.13278895
0.27397704,0.05659546,-0.02382005,0.01222275,-0.05362288,-0.13013553
0.26849733,0.05546288,-0.02334918,0.01197563,-0.05254397,-0.12753507
0.26312723,0.05435298,-0.02288762,0.01173352,-0.05148680,-0.12498652
0.25786453,0.05326530,-0.02243520,0.01149633,-0.05045095,-0.12248885
0.25270710,0.05219939,-0.02199174,0.01126394,-0.04943597,-0.12004104
0.24765282,0.05115482,-0.02155705,0.01103627,-0.04844146,-0.11764210
0.24269963,0.05013116,-0.02113097,0.01081321,-0.04746699,-0.11529106
0.23784552,0.04912799,-0.02071333,0.01059467,-0.04651216,-0.11298696
0.23308849,0.04814490,-0.02030396,0.01038055,-0.04557658,-0.11072886
0.22842661,0.04718149,-0.01990270,0.01017078,-0.04465985,-0.10851585
0.22385797,0.04623737,-0.01950940,0.00996525,-0.04376160,-0.10634703
0.21938071,0.04531215,-0.01912388,0.00976387,-0.04288146,-0.10422152
0.21499300,0.04440545,-0.01874601,0.00956658,-0.04201905,-0.10213845
0.21069305,0.04351690,-0.01837563,0.00937327,-0.04117401,-0.10009699
0.20647910,0.04264613,-0.01801259,0.00918388,-0.04034601,-0.09809629
0.20234944,0.04179279,-0.01765675,0.00899832,-0.03953468,-0.09613555
0.19830237,0.04095654,-0.01730797,0.00881651,-0.03873970,-0.09421398
0.19433625,0.04013702,-0.01696610,0.00863837,-0.03796074,-0.09233078
0.19044946,0.03933391,-0.01663101,0.00846384,-0.03719747,-0.09048520
0.18664040,0.03854687,-0.01630257,0.00829284,-0.03644957,-0.08867648
0.18290753,0.03777558,-0.01598065,0.00812529,-0.03571674,-0.08690389
0.17924932,0.03701973,-0.01566511,0.00796113,-0.03499866,-0.08516671
0.17566428,0.03627901,-0.01535583,0.00780029,-0.03429504,-0.08346423
0.17215095,0.03555312,-0.01505269,0.00764270,-0.03360559,-0.08179577
0.16870788,0.03484175,-0.01475556,0.00748830,-0.03293003,-0.08016063
0.16533368,0.03414462,-0.01446433,0.00733702,-0.03226806,-0.07855816
0.16202696,0.03346145,-0.01417888,0.00718879,-0.03161942,-0.07698771
0.15878639,0.03279194,-0.01389909,0.00704357,-0.03098383,-0.07544864
0.15561062,0.03213584,-0.01362485,0.00690128,-0.03036104,-0.07394031
0.15249838,0.03149287,-0.01335605,0.00676186,-0.02975078,-0.07246212
0.14944838,0.03086276,-0.01309259,0.00662527,-0.02915279,-0.07101347
0.14645939,0.03024527,-0.01283436,0.00649144,-0.02856685,-0.06959376
0.14353018,0.02964013,-0.01258125,0.00636032,-0.02799269,-0.06820242
0.14065955,0.02904710,-0.01233316,0.00623184,-0.02743007,-0.06683889
0.13784635,0.02846594,-0.01208999,0.00610597,-0.02687878,-0.06550260
0.13508940,0.02789642,-0.01185165,0.00598265,-0.02633857,-0.06419302
0.13238761,0.02733829,-0.01161804,0.00586182,-0.02580923,-0.06290960
0.12973984,0.02679132,-0.01138907,0.00574344,-0.02529053,-0.06165184
0.12714504,0.02625531,-0.01116463,0.00562745,-0.02478226,-0.06041921
0.12460214,0.02573002,-0.01094465,0.00551382,-0.02428421,-0.05921122
0.12211009,0.02521524,-0.01072904,0.00540248,-0.02379617,-0.05802736
0.11966789,0.02471076,-0.01051770,0.00529341,-0.02331794,-0.05686717
0.11727454,0.02421638,-0.01031055,0.00518654,-0.02284932,-0.05573017
0.11492906,0.02373189,-0.01010751,0.00508184,-0.02239012,-0.05461589
0.11263049,0.02325710,-0.00990850,0.00497926,-0.02194015,-0.05352389
0.11037789,0.02279180,-0.00971343,0.00487876,-0.02149921,-0.05245371
0.10817035,0.02233582,-0.00952223,0.00478030,-0.02106714,-0.05140493
0.10600696,0.02188896,-0.00933483,0.00468384,-0.02064374,-0.05037711
0.10388684,0.02145105,-0.00915114,0.00458933,-0.02022884,-0.04936983
0.10180913,0.02102189,-0.00897109,0.00449674,-0.01982228,-0.04838270
0.09977297,0.02060133,-0.00879461,0.00440602,-0.01942388,-0.04741530
0.09777754,0.02018917,-0.00862162,0.00431713,-0.01903347,-0.04646724
0.09582202,0.01978527,-0.00845207,0.00423004,-0.01865090,-0.04553814
0.09390561,0.01938945,-0.00828588,0.00414471,-0.01827602,-0.04462762
0.09202753,0.01900154,-0.00812298,0.00406108,-0.01790865,-0.04373532
0.09018702,0.01862140,-0.00796330,0.00397911,-0.01754865,-0.04286087
0.08838332,0.01824887,-0.00780679,0.00389877,-0.01719588,-0.04200394
0.08661570,0.01788379,-0.00765338,0.00381999,-0.01685018,-0.04116416
0.08488343,0.01752601,-0.00750301,0.00374271,-0.01651141,-0.04034123
0.08318581,0.01717539,-0.00735561,0.00366687,-0.01617943,-0.03953481
0.08152214,0.01683179,-0.00721114,0.00359239,-0.01585410,-0.03874460
0.07989175,0.01649506,-0.00706952,0.00351916,-0.01553529,-0.03797032
0.07829397,0.01616507,-0.00693071,0.00344706,-0.01522287,-0.03721168
0.07672815,0.01584168,-0.00679464,0.00337594,-0.01491669,-0.03646844
0.07519365,0.01552476,-0.00666127,0.00330563,-0.01461664,-0.03574035
0.07368984,0.01521419,-0.00653054,0.00323594,-0.01432258,-0.03502718
0.07221610,0.01490982,-0.00640239,0.00316667,-0.01403439,-0.03432872
0.07077185,0.01461155,-0.00627678,0.00309763,-0.01375195,-0.03364472
0.06935648,0.01431924,-0.00615365,0.00302871,-0.01347513,-0.03297493
0.06796942,0.01403279,-0.00603296,0.00295987,-0.01320381,-0.03231906
0.06661010,0.01375206,-0.00591465,0.00289119,-0.01293789,-0.03167674
0.06527797,0.01347695,-0.00579868,0.00282281,-0.01267724,-0.03104762
0.06397249,0.01320734,-0.00568500,0.00275495,-0.01242176,-0.03043129
0.06269312,0.01294313,-0.00557357,0.00268780,-0.01217134,-0.02982738
0.06143934,0.01268421,-0.00546434,0.00262157,-0.01192589,-0.02923553
0.06021063,0.01243046,-0.00535727,0.00255640,-0.01168532,-0.02865542
0.05900651,0.01218179,-0.00525232,0.00249241,-0.01144952,-0.02808674
0.05782646,0.01193810,-0.00514943,0.00242967,-0.01121841,-0.02752924
0.05667002,0.01169928,-0.00504858,0.00236822,-0.01099189,-0.02698266
0.05553671,0.01146524,-0.00494972,0.00230808,-0.01076989,-0.02644678
0.05442607,0.01123588,-0.00485281,0.00224924,-0.01055231,-0.02592137
0.05333764,0.01101111,-0.00475781,0.00219168,-0.01033907,-0.02540624
0.05227099,0.01079084,-0.00466469,0.00213540,-0.01013009,-0.02490118
0.05122566,0.01057497,-0.00457340,0.00208036,-0.00992528,-0.02440600
0.05020125,0.01036343,-0.00448392,0.00202653,-0.00972457,-0.02392051
0.04919733,0.01015611,-0.00439620,0.00197388,-0.00952786,-0.02344455
0.04821348,0.00995294,-0.00431021,0.00192238,-0.00933510,-0.02297791
0.04724932,0.00975384,-0.00422591,0.00187200,-0.00914619,-0.02252044
0.04630444,0.00955872,-0.00414327,0.00182271,-0.00896107,-0.02207197
0.04537846,0.00936751,-0.00406227,0.00177447,-0.00877966,-0.02163231
0.04447099,0.00918012,-0.00398286,0.00172727,-0.00860189,-0.02120132
0.04358169,0.00899647,-0.00390501,0.00168105,-0.00842768,-0.02077883
0.04271016,0.00881651,-0.00382870,0.00163581,-0.00825697,-0.02036468
0.04185607,0.00864014,-0.00375389,0.00159151,-0.00808969,-0.01995872
0.04101907,0.00846730,-0.00368055,0.00154812,-0.00792576,-0.01956080
0.04019880,0.00829792,-0.00360865,0.00150562,-0.00776513,-0.01917077
0.03939494,0.00813193,-0.00353818,0.00146398,-0.00760773,-0.01878847
0.03860716,0.00796925,-0.00346908,0.00142319,-0.00745349,-0.01841378
0.03783514,0.00780984,-0.00340135,0.00138321,-0.00730235,-0.01804655
0.03707856,0.00765361,-0.00333495,0.00134402,-0.00715426,-0.01768664
0.03633711,0.00750051,-0.00326985,0.00130560,-0.00700914,-0.01733392
0.03561049,0.00735047,-0.00320603,0.00126792,-0.00686695,-0.01698825
0.03489840,0.00720343,-0.00314347,0.00123097,-0.00672762,-0.01664951
0.03420056,0.00705933,-0.00308214,0.00119473,-0.00659110,-0.01631757
0.03351668,0.00691812,-0.00302201,0.00115917,-0.00645733,-0.01599230
0.03284647,0.00677973,-0.00296307,0.00112426,-0.00632625,-0.01567359
0.03218967,0.00664411,-0.00290528,0.00109000,-0.00619782,-0.01536132
0.03154600,0.00651120,-0.00284862,0.00105635,-0.00607198,-0.01505536
0.03091521,0.00638095,-0.00279308,0.00102330,-0.00594867,-0.01475560
0.03029704,0.00625331,-0.00273863,0.00099083,-0.00582786,-0.01446194
0.02969123,0.00612822,-0.00268525,0.00095891,-0.00570948,-0.01417425
0.02909754,0.00600563,-0.00263291,0.00092752,-0.00559350,-0.01389243
0.02851572,0.00588550,-0.00258160,0.00089664,-0.00547985,-0.01361638
0.02794554,0.00576776,-0.00253130,0.00086625,-0.00536850,-0.01334598
0.02738676,0.00565239,-0.00248199,0.00083633,-0.00525940,-0.01308114
0.02683916,0.00553932,-0.00243364,0.00080684,-0.00515251,-0.01282176
0.02630251,0.00542851,-0.00238624,0.00077777,-0.00504777,-0.01256772
0.02577660,0.00531992,-0.00233976,0.00074909,-0.00494516,-0.01231895
0.02526120,0.00521351,-0.00229420,0.00072078,-0.00484462,-0.01207533
0.02475612,0.00510922,-0.00224953,0.00069279,-0.00474611,-0.01183677
0.02426113,0.00500702,-0.00220574,0.00066512,-0.00464959,-0.01160319
0.02377605,0.00490686,-0.00216280,0.00063771,-0.00455503,-0.01137448
0.02330066,0.00480870,-0.00212070,0.00061055,-0.00446238,-0.01115054
0.02283479,0.00471251,-0.00207943,0.00058359,-0.00437161,-0.01093131
0.02237823,0.00461825,-0.00203897,0.00055679,-0.00428267,-0.01071666
0.02193081,0.00452587,-0.00199929,0.00053012,-0.00419554,-0.01050653
0.02149233,0.00443534,-0.00196040,0.00050352,-0.00411017,-0.01030082
0.02106262,0.00434661,-0.00192226,0.00047694,-0.00402652,-0.01009944
0.02064151,0.00425967,-0.00188487,0.00045033,-0.00394457,-0.00990229
0.02022882,0.00417446,-0.00184821,0.00042362,-0.00386428,-0.00970929
0.01982438,0.00409096,-0.00181227,0.00039673,-0.00378562,-0.00952034
0.01942803,0.00400913,-0.00177703,0.00036959,-0.00370855,-0.00933536
0.01903961,0.00392893,-0.00174248,0.00034209,-0.00363304,-0.00915425
0.01865896,0.00385034,-0.00170860,0.00031412,-0.00355905,-0.00897691
0.01828592,0.00377332,-0.00167539,0.00028555,-0.00348657,-0.00880324
0.01792034,0.00369784,-0.00164282,0.00025621,-0.00341555,-0.00863314
0.01756207,0.00362387,-0.00161089,0.00022590,-0.00334597,-0.00846649
0.01721097,0.00355138,-0.00157959,0.00019439,-0.00327779,-0.00830318
0.01686689,0.00348035,-0.00154889,0.00016138,-0.00321099,-0.00814307
0.01652969,0.00341073,-0.00151880,0.00012648,-0.00314553,-0.00798602
0.01619924,0.00334250,-0.00148929,0.00008919,-0.00308139,-0.00783187
0.01587539,0.00327564,-0.00146035,0.00004887,-0.00301854,-0.00768041
0.01555802,0.00321012,-0.00143199,0.00000465,-0.00295695,-0.00753140
0.01524700,0.00314591,-0.00140417,-0.00004465,-0.00289657,-0.00738453
0.01494220,0.00308298,-0.00137690,-0.00010061,-0.00283738,-0.00723941
0.01464349,0.00302131,-0.00135016,-0.00016534,-0.00277933,-0.00709548
0.01435076,0.00296088,-0.00132394,-0.00024115,-0.00272236,-0.00695207
0.01406388,0.00290165,-0.00129823,-0.00032860,-0.00266635,-0.00680853
0.01378274,0.00284361,-0.00127302,-0.00041853,-0.00261111,-0.00666516
0.01350722,0.00278673,-0.00124830,-0.00047737,-0.00255634,-0.00652529
0.01323721,0.00273099,-0.00122407,-0.00048330,-0.00250208,-0.00639209
0.01297260,0.00267636,-0.00120030,-0.00047143,-0.00244875,-0.00626300
0.01271328,0.00262283,-0.00117700,-0.00045806,-0.00239649,-0.00613663
0.01245915,0.00257036,-0.00115415,-0.00044488,-0.00234531,-0.00601278
0.01221010,0.00251895,-0.00113175,-0.00043198,-0.00229519,-0.00589140
0.01196603,0.00246856,-0.00110979,-0.00041939,-0.00224610,-0.00577243
0.01172684,0.00241919,-0.00108825,-0.00040710,-0.00219802,-0.00565583
0.01149243,0.00237080,-0.00106713,-0.00039509,-0.00215093,-0.00554155
0.01126271,0.00232337,-0.00104642,-0.00038338,-0.00210482,-0.00542954
0.01103759,0.00227690,-0.00102611,-0.00037196,-0.00205966,-0.00531977
0.01081697,0.00223136,-0.00100620,-0.00036081,-0.00201543,-0.00521217
0.01060076,0.00218672,-0.00098668,-0.00034994,-0.00197212,-0.00510671
0.01038887,0.00214298,-0.00096754,-0.00033935,-0.00192970,-0.00500335
0.01018122,0.00210012,-0.00094876,-0.00032903,-0.00188815,-0.00490205
0.00997772,0.00205811,-0.00093036,-0.00031897,-0.00184747,-0.00480275
0.00977829,0.00201694,-0.00091231,-0.00030917,-0.00180762,-0.00470543
0.00958285,0.00197660,-0.00089461,-0.00029963,-0.00176860,-0.00461004
0.00939132,0.00193706,-0.00087726,-0.00029034,-0.00173038,-0.00451655
0.00920361,0.00189832,-0.00086024,-0.00028129,-0.00169296,-0.00442491
0.00901966,0.00186035,-0.00084355,-0.00027249,-0.00165630,-0.00433509
0.00883939,0.00182314,-0.00082719,-0.00026393,-0.00162041,-0.00424705
0.00866273,0.00178667,-0.00081114,-0.00025560,-0.00158526,-0.00416076
0.00848959,0.00175093,-0.00079541,-0.00024750,-0.00155083,-0.00407617
0.00831992,0.00171591,-0.00077998,-0.00023962,-0.00151711,-0.00399327
0.00815364,0.00168159,-0.00076486,-0.00023196,-0.00148409,-0.00391201
0.00799068,0.00164795,-0.00075002,-0.00022452,-0.00145176,-0.00383235
0.00783099,0.00161499,-0.00073547,-0.00021729,-0.00142009,-0.00375428
0.00767448,0.00158269,-0.00072121,-0.00021026,-0.00138907,-0.00367775
0.00752111,0.00155103,-0.00070722,-0.00020343,-0.00135870,-0.00360273
0.00737080,0.00152000,-0.00069351,-0.00019681,-0.00132895,-0.00352920
0.00722349,0.00148960,-0.00068006,-0.00019037,-0.00129982,-0.00345712
0.00707914,0.00145981,-0.00066687,-0.00018412,-0.00127129,-0.00338647
0.00693766,0.00143061,-0.00065393,-0.00017806,-0.00124335,-0.00331721
0.00679902,0.00140199,-0.00064125,-0.00017217,-0.00121599,-0.00324933
0.00666315,0.00137395,-0.00062882,-0.00016646,-0.00118919,-0.00318278
0.00652999,0.00134647,-0.00061662,-0.00016092,-0.00116295,-0.00311755
0.00639950,0.00131954,-0.00060466,-0.00015555,-0.00113724,-0.00305360
0.00627162,0.00129314,-0.00059294,-0.00015034,-0.00111207,-0.00299091
0.00614629,0.00126728,-0.00058144,-0.00014529,-0.00108742,-0.00292946
0.00602347,0.00124193,-0.00057016,-0.00014039,-0.00106328,-0.00286923
0.00590310,0.00121709,-0.00055910,-0.00013564,-0.00103964,-0.00281017
0.00578514,0.00119274,-0.00054826,-0.00013104,-0.00101648,-0.00275229
0.00566954,0.00116889,-0.00053762,-0.00012659,-0.00099381,-0.00269554
0.00555625,0.00114551,-0.00052720,-0.00012227,-0.00097160,-0.00263990
0.00544522,0.00112259,-0.00051697,-0.00011809,-0.00094985,-0.00258537
0.00533642,0.00110014,-0.00050694,-0.00011405,-0.00092855,-0.00253190
0.00522979,0.00107814,-0.00049711,-0.00011013,-0.00090770,-0.00247949
0.00512529,0.00105657,-0.00048747,-0.00010633,-0.00088727,-0.00242810
0.00502288,0.00103544,-0.00047801,-0.00010266,-0.00086727,-0.00237772
0.00492251,0.00101473,-0.00046874,-0.00009911,-0.00084768,-0.00232834
0.00482416,0.00099443,-0.00045965,-0.00009568,-0.00082849,-0.00227992
0.00472776,0.00097454,-0.00045073,-0.00009236,-0.00080971,-0.00223245
0.00463330,0.00095505,-0.00044198,-0.00008914,-0.00079131,-0.00218591
0.00454072,0.00093595,-0.00043341,-0.00008604,-0.00077329,-0.00214029
0.00445000,0.00091722,-0.00042500,-0.00008304,-0.00075565,-0.00209555
0.00436109,0.00089888,-0.00041675,-0.00008014,-0.00073837,-0.00205170
0.00427395,0.00088090,-0.00040867,-0.00007733,-0.00072146,-0.00200870
0.00418856,0.00086328,-0.00040074,-0.00007463,-0.00070489,-0.00196654
0.00410487,0.00084601,-0.00039296,-0.00007201,-0.00068867,-0.00192521
0.00402286,0.00082909,-0.00038534,-0.00006949,-0.00067278,-0.00188469
0.00394249,0.00081251,-0.00037786,-0.00006706,-0.00065722,-0.00184496
0.00386372,0.00079626,-0.00037052,-0.00006471,-0.00064199,-0.00180600
0.00378652,0.00078033,-0.00036333,-0.00006244,-0.00062707,-0.00176781
0.00371087,0.00076472,-0.00035628,-0.00006025,-0.00061247,-0.00173036
0.00363674,0.00074943,-0.00034937,-0.00005815,-0.00059817,-0.00169365
0.00356408,0.00073444,-0.00034258,-0.00005612,-0.00058416,-0.00165765
0.00349287,0.00071975,-0.00033593,-0.00005416,-0.00057045,-0.00162235
0.00342309,0.00070535,-0.00032941,-0.00005227,-0.00055703,-0.00158774
0.00335471,0.00069124,-0.00032301,-0.00005046,-0.00054388,-0.00155381
0.00328769,0.00067742,-0.00031674,-0.00004871,-0.00053101,-0.00152054
0.00322201,0.00066387,-0.00031059,-0.00004703,-0.00051841,-0.00148791
0.00315764,0.00065059,-0.00030456,-0.00004541,-0.00050607,-0.00145593
0.00309456,0.00063758,-0.00029865,-0.00004386,-0.00049399,-0.00142456
0.00303274,0.00062483,-0.00029285,-0.00004236,-0.00048217,-0.00139381
0.00297215,0.00061233,-0.00028716,-0.00004092,-0.00047059,-0.00136366
0.00291278,0.00060008,-0.00028158,-0.00003954,-0.00045926,-0.00133409
0.00285459,0.00058808,-0.00027611,-0.00003822,-0.00044816,-0.00130510
0.00279756,0.00057632,-0.00027075,-0.00003695,-0.00043730,-0.00127668
0.00274168,0.00056479,-0.00026548,-0.00003573,-0.00042667,-0.00124881
0.00268691,0.00055349,-0.00026033,-0.00003456,-0.00041626,-0.00122148
0.00263323,0.00054242,-0.00025527,-0.00003344,-0.00040607,-0.00119468
0.00258063,0.00053157,-0.00025031,-0.00003236,-0.00039609,-0.00116841
0.00252908,0.00052094,-0.00024544,-0.00003134,-0.00038633,-0.00114265
0.00247856,0.00051052,-0.00024067,-0.00003035,-0.00037678,-0.00111739
0.00242905,0.00050031,-0.00023599,-0.00002941,-0.00036742,-0.00109262
0.00238053,0.00049030,-0.00023140,-0.00002851,-0.00035827,-0.00106834
0.00233298,0.00048050,-0.00022691,-0.00002766,-0.00034931,-0.00104452
0.00228637,0.00047089,-0.00022249,-0.00002684,-0.00034054,-0.00102118
0.00224070,0.00046147,-0.00021817,-0.00002605,-0.00033196,-0.00099829
0.00219595,0.00045224,-0.00021392,-0.00002531,-0.00032356,-0.00097584
0.00215208,0.00044319,-0.00020976,-0.00002460,-0.00031534,-0.00095384
0.00210909,0.00043433,-0.00020568,-0.00002392,-0.00030730,-0.00093226
0.00206697,0.00042564,-0.00020168,-0.00002328,-0.00029943,-0.00091111
0.00202568,0.00041713,-0.00019776,-0.00002267,-0.00029173,-0.00089037
0.00198522,0.00040879,-0.00019391,-0.00002209,-0.00028420,-0.00087004
0.00194556,0.00040061,-0.00019014,-0.00002154,-0.00027683,-0.00085010
0.00190670,0.00039260,-0.00018644,-0.00002102,-0.00026961,-0.00083055
0.00186862,0.00038474,-0.00018281,-0.00002053,-0.00026256,-0.00081139
0.00183129,0.00037705,-0.00017925,-0.00002006,-0.00025566,-0.00079261
0.00179472,0.00036951,-0.00017576,-0.00001962,-0.00024890,-0.00077419
0.00175887,0.00036212,-0.00017234,-0.00001920,-0.00024230,-0.00075613
0.00172374,0.00035487,-0.00016898,-0.00001881,-0.00023584,-0.00073843
0.00168931,0.00034778,-0.00016569,-0.00001845,-0.00022952,-0.00072108
0.00165557,0.00034082,-0.00016246,-0.00001810,-0.00022334,-0.00070408
0.00162250,0.00033400,-0.00015930,-0.00001778,-0.00021730,-0.00068740
0.00159009,0.00032732,-0.00015619,-0.00001747,-0.00021138,-0.00067106
0.00155833,0.00032078,-0.00015315,-0.00001719,-0.00020560,-0.00065504
0.00152721,0.00031436,-0.00015017,-0.00001692,-0.00019995,-0.00063934
0.00149670,0.00030807,-0.00014724,-0.00001668,-0.00019443,-0.00062395
0.00146681,0.00030191,-0.00014437,-0.00001645,-0.00018902,-0.00060886
0.00143751,0.00029587,-0.00014156,-0.00001624,-0.00018374,-0.00059408
0.00140880,0.00028996,-0.00013880,-0.00001604,-0.00017858,-0.00057959
0.00138066,0.00028416,-0.00013609,-0.00001586,-0.00017353,-0.00056539
0.00135309,0.00027847,-0.00013344,-0.00001570,-0.00016859,-0.00055148
0.00132606,0.00027290,-0.00013083,-0.00001555,-0.00016377,-0.00053784
0.00129958,0.00026744,-0.00012828,-0.00001541,-0.00015906,-0.00052448
0.00127362,0.00026210,-0.00012578,-0.00001529,-0.00015445,-0.00051138
0.00124819,0.00025685,-0.00012332,-0.00001518,-0.00014995,-0.00049856
0.00122326,0.00025172,-0.00012092,-0.00001508,-0.00014555,-0.00048599
0.00119882,0.00024668,-0.00011856,-0.00001499,-0.00014125,-0.00047367
0.00117488,0.00024175,-0.00011624,-0.00001491,-0.00013705,-0.00046161
0.00115142,0.00023691,-0.00011398,-0.00001484,-0.00013295,-0.00044979
0.00112842,0.00023217,-0.00011175,-0.00001478,-0.00012895,-0.00043821
0.00110588,0.00022753,-0.00010957,-0.00001473,-0.00012504,-0.00042687
0.00108380,0.00022298,-0.00010743,-0.00001469,-0.00012121,-0.00041576
0.00106215,0.00021852,-0.00010533,-0.00001466,-0.00011748,-0.00040489
0.00104094,0.00021415,-0.00010327,-0.00001464,-0.00011384,-0.00039423
0.00102015,0.00020987,-0.00010125,-0.00001462,-0.00011028,-0.00038380
0.00099977,0.00020567,-0.00009928,-0.00001461,-0.00010681,-0.00037358
0.00097980,0.00020156,-0.00009734,-0.00001460,-0.00010342,-0.00036358
0.00096023,0.00019752,-0.00009543,-0.00001461,-0.00010011,-0.00035379
0.00094106,0.00019357,-0.00009357,-0.00001461,-0.00009689,-0.00034420
0.00092226,0.00018970,-0.00009174,-0.00001462,-0.00009374,-0.00033481
0.00090384,0.00018591,-0.00008994,-0.00001464,-0.00009066,-0.00032562
0.00088579,0.00018219,-0.00008819,-0.00001466,-0.00008766,-0.00031663
0.00086810,0.00017855,-0.00008646,-0.00001469,-0.00008474,-0.00030783
0.00085076,0.00017497,-0.00008477,-0.00001472,-0.00008189,-0.00029922
0.00083377,0.00017148,-0.00008311,-0.00001475,-0.00007910,-0.00029079
0.00081712,0.00016805,-0.00008148,-0.00001478,-0.00007639,-0.00028255
0.00080080,0.00016468,-0.00007989,-0.00001482,-0.00007375,-0.00027448
0.00078480,0.00016139,-0.00007832,-0.00001486,-0.00007117,-0.00026659
0.00076913,0.00015816,-0.00007679,-0.00001490,-0.00006866,-0.00025887
0.00075377,0.00015500,-0.00007529,-0.00001494,-0.00006621,-0.00025133
0.00073871,0.00015190,-0.00007381,-0.00001499,-0.00006382,-0.00024394
0.00072396,0.00014886,-0.00007237,-0.00001503,-0.00006150,-0.00023673
0.00070950,0.00014588,-0.00007095,-0.00001508,-0.00005923,-0.00022967
0.00069533,0.00014297,-0.00006956,-0.00001513,-0.00005703,-0.00022277
0.00068144,0.00014011,-0.00006820,-0.00001517,-0.00005488,-0.00021603
0.00066783,0.00013730,-0.00006686,-0.00001522,-0.00005279,-0.00020944
0.00065449,0.00013456,-0.00006555,-0.00001527,-0.00005076,-0.00020300
0.00064142,0.00013187,-0.00006426,-0.00001531,-0.00004878,-0.00019671
0.00062861,0.00012923,-0.00006300,-0.00001536,-0.00004685,-0.00019056
0.00061606,0.00012665,-0.00006177,-0.00001541,-0.00004497,-0.00018456
0.00060375,0.00012411,-0.00006056,-0.00001545,-0.00004315,-0.00017870
0.00059169,0.00012163,-0.00005937,-0.00001549,-0.00004138,-0.00017297
0.00057987,0.00011920,-0.00005820,-0.00001553,-0.00003965,-0.00016738
0.00056829,0.00011681,-0.00005706,-0.00001558,-0.00003798,-0.00016193
0.00055694,0.00011448,-0.00005594,-0.00001561,-0.00003635,-0.00015660
0.00054582,0.00011219,-0.00005484,-0.00001565,-0.00003477,-0.00015141
0.00053492,0.00010994,-0.00005377,-0.00001569,-0.00003323,-0.00014634
0.00052423,0.00010774,-0.00005271,-0.00001572,-0.00003174,-0.00014139
0.00051376,0.00010559,-0.00005167,-0.00001575,-0.00003029,-0.00013656
0.00050350,0.00010348,-0.00005066,-0.00001578,-0.00002888,-0.00013186
0.00049344,0.00010141,-0.00004966,-0.00001580,-0.00002752,-0.00012727
0.00048359,0.00009938,-0.00004869,-0.00001583,-0.00002619,-0.00012280
0.00047393,0.00009739,-0.00004773,-0.00001585,-0.00002491,-0.00011845
0.00046446,0.00009544,-0.00004679,-0.00001587,-0.00002366,-0.00011420
0.00045518,0.00009354,-0.00004587,-0.00001588,-0.00002246,-0.00011006
0.00044609,0.00009166,-0.00004497,-0.00001589,-0.00002129,-0.00010604
0.00043718,0.00008983,-0.00004409,-0.00001590,-0.00002015,-0.00010211
0.00042845,0.00008803,-0.00004322,-0.00001591,-0.00001906,-0.00009830
0.00041989,0.00008627,-0.00004237,-0.00001591,-0.00001799,-0.00009458
0.00041150,0.00008455,-0.00004154,-0.00001591,-0.00001697,-0.00009096
0.00040328,0.00008286,-0.00004072,-0.00001590,-0.00001597,-0.00008745
0.00039523,0.00008120,-0.00003992,-0.00001590,-0.00001501,-0.00008403
0.00038733,0.00007958,-0.00003913,-0.00001588,-0.00001408,-0.00008070
0.00037960,0.00007798,-0.00003836,-0.00001587,-0.00001318,-0.00007747
0.00037201,0.00007643,-0.00003760,-0.00001585,-0.00001231,-0.00007433
0.00036458,0.00007490,-0.00003686,-0.00001583,-0.00001147,-0.00007127
0.00035730,0.00007340,-0.00003614,-0.00001581,-0.00001067,-0.00006831
0.00035016,0.00007193,-0.00003543,-0.00001578,-0.00000989,-0.00006543
0.00034317,0.00007049,-0.00003473,-0.00001574,-0.00000913,-0.00006264
0.00033631,0.00006908,-0.00003404,-0.00001571,-0.00000841,-0.00005993
0.00032959,0.00006770,-0.00003337,-0.00001567,-0.00000771,-0.00005730
0.00032301,0.00006635,-0.00003271,-0.00001563,-0.00000704,-0.00005475
0.00031656,0.00006502,-0.00003207,-0.00001558,-0.00000639,-0.00005228
0.00031023,0.00006372,-0.00003144,-0.00001553,-0.00000577,-0.00004988
0.00030403,0.00006244,-0.00003082,-0.00001548,-0.00000517,-0.00004757
0.00029796,0.00006120,-0.00003021,-0.00001542,-0.00000460,-0.00004532
0.00029201,0.00005997,-0.00002961,-0.00001536,-0.00000404,-0.00004315
0.00028617,0.00005877,-0.00002903,-0.00001530,-0.00000351,-0.00004104
0.00028046,0.00005760,-0.00002845,-0.00001523,-0.00000301,-0.00003901
0.00027485,0.00005645,-0.00002789,-0.00001516,-0.00000252,-0.00003704
0.00026936,0.00005532,-0.00002734,-0.00001508,-0.00000205,-0.00003514
0.00026398,0.00005421,-0.00002680,-0.00001501,-0.00000161,-0.00003331
0.00025871,0.00005313,-0.00002627,-0.00001493,-0.00000118,-0.00003153
0.00025354,0.00005206,-0.00002575,-0.00001484,-0.00000078,-0.00002982
0.00024847,0.00005102,-0.00002524,-0.00001476,-0.00000039,-0.00002817
0.00024351,0.00005000,-0.00002474,-0.00001467,-0.00000002,-0.00002658
0.00023864,0.00004900,-0.00002425,-0.00001457,0.00000033,-0.00002505
0.00023387,0.00004802,-0.00002378,-0.00001448,0.00000067,-0.00002358
0.00022920,0.00004706,-0.00002330,-0.00001438,0.00000099,-0.00002215
0.00022462,0.00004612,-0.00002284,-0.00001428,0.00000129,-0.00002079
0.00022013,0.00004520,-0.00002239,-0.00001417,0.00000158,-0.00001947
0.00021574,0.00004429,-0.00002195,-0.00001407,0.00000185,-0.00001821
0.00021142,0.00004341,-0.00002151,-0.00001396,0.00000210,-0.00001700
0.00020720,0.00004254,-0.00002109,-0.00001385,0.00000235,-0.00001583
0.00020306,0.00004169,-0.00002067,-0.00001373,0.00000257,-0.00001471
0.00019900,0.00004085,-0.00002026,-0.00001361,0.00000279,-0.00001364
0.00019503,0.00004004,-0.00001986,-0.00001350,0.00000299,-0.00001262
0.00019113,0.00003924,-0.00001947,-0.00001337,0.00000318,-0.00001164
0.00018731,0.00003845,-0.00001908,-0.00001325,0.00000336,-0.00001070
0.00018357,0.00003768,-0.00001870,-0.00001313,0.00000352,-0.00000980
0.00017990,0.00003693,-0.00001833,-0.00001300,0.00000368,-0.00000894
0.00017630,0.00003619,-0.00001797,-0.00001287,0.00000382,-0.00000812
0.00017278,0.00003547,-0.00001761,-0.00001274,0.00000395,-0.00000734
0.00016933,0.00003476,-0.00001726,-0.00001261,0.00000407,-0.00000660
0.00016594,0.00003406,-0.00001692,-0.00001247,0.00000418,-0.00000589
0.00016263,0.00003338,-0.00001659,-0.00001234,0.00000429,-0.00000522
0.00015938,0.00003271,-0.00001626,-0.00001220,0.00000438,-0.00000458
0.00015619,0.00003206,-0.00001593,-0.00001206,0.00000446,-0.00000398
0.00015307,0.00003142,-0.00001562,-0.00001192,0.00000454,-0.00000340
0.00015001,0.00003079,-0.00001531,-0.00001178,0.00000461,-0.00000286
0.00014701,0.00003017,-0.00001500,-0.00001164,0.00000467,-0.00000235
0.00014407,0.00002957,-0.00001471,-0.00001150,0.00000472,-0.00000186
0.00014119,0.00002898,-0.00001441,-0.00001136,0.00000476,-0.00000140
0.00013837,0.00002840,-0.00001413,-0.00001121,0.00000480,-0.00000097
0.00013561,0.00002783,-0.00001385,-0.00001107,0.00000483,-0.00000057
0.00013290,0.00002727,-0.00001357,-0.00001093,0.00000486,-0.00000019
0.00013024,0.00002673,-0.00001330,-0.00001078,0.00000487,0.00000017
0.00012764,0.00002619,-0.00001304,-0.00001063,0.00000489,0.00000050
0.00012509,0.00002567,-0.00001278,-0.00001049,0.00000489,0.00000081
0.00012259,0.00002516,-0.00001252,-0.00001034,0.00000490,0.00000110
0.00012014,0.00002465,-0.00001228,-0.00001020,0.00000489,0.00000137
0.00011773,0.00002416,-0.00001203,-0.00001005,0.00000489,0.00000162
0.00011538,0.00002368,-0.00001179,-0.00000990,0.00000487,0.00000185
0.00011307,0.00002320,-0.00001156,-0.00000976,0.00000486,0.00000207
0.00011081,0.00002274,-0.00001133,-0.00000961,0.00000484,0.00000226
0.00010860,0.00002229,-0.00001110,-0.00000947,0.00000481,0.00000244
0.00010643,0.00002184,-0.00001088,-0.00000932,0.00000479,0.00000260
0.00010430,0.00002140,-0.00001067,-0.00000918,0.00000476,0.00000275
0.00010221,0.00002097,-0.00001045,-0.00000903,0.00000472,0.00000289
0.00010017,0.00002056,-0.00001024,-0.00000889,0.00000468,0.00000301
0.00009817,0.00002014,-0.00001004,-0.00000875,0.00000464,0.00000312
0.00009621,0.00001974,-0.00000984,-0.00000861,0.00000460,0.00000321
0.00009428,0.00001935,-0.00000964,-0.00000846,0.00000456,0.00000330
0.00009240,0.00001896,-0.00000945,-0.00000832,0.00000451,0.00000337
0.00009055,0.00001858,-0.00000926,-0.00000819,0.00000446,0.00000343
0.00008874,0.00001821,-0.00000908,-0.00000805,0.00000441,0.00000348
0.00008697,0.00001784,-0.00000890,-0.00000791,0.00000436,0.00000353
0.00008523,0.00001749,-0.00000872,-0.00000777,0.00000431,0.00000356
0.00008352,0.00001714,-0.00000855,-0.00000764,0.00000425,0.00000359
0.00008185,0.00001680,-0.00000838,-0.00000750,0.00000420,0.00000361
0.00008022,0.00001646,-0.00000821,-0.00000737,0.00000414,0.00000362
0.00007861,0.00001613,-0.00000805,-0.00000724,0.00000408,0.00000362
0.00007704,0.00001581,-0.00000789,-0.00000711,0.00000402,0.00000362
0.00007550,0.00001549,-0.00000773,-0.00000698,0.00000396,0.00000362
0.00007399,0.00001518,-0.00000757,-0.00000686,0.00000390,0.00000361
0.00007251,0.00001488,-0.00000742,-0.00000673,0.00000384,0.00000359
0.00007106,0.00001458,-0.00000728,-0.00000661,0.00000378,0.00000357
0.00006964,0.00001429,-0.00000713,-0.00000648,0.00000372,0.00000354
0.00006825,0.00001400,-0.00000699,-0.00000636,0.00000366,0.00000351
0.00006688,0.00001372,-0.00000685,-0.00000624,0.00000360,0.00000348
0.00006555,0.00001345,-0.00000671,-0.00000613,0.00000354,0.00000345
0.00006424,0.00001318,-0.00000658,-0.00000601,0.00000348,0.00000341
0.00006295,0.00001292,-0.00000645,-0.00000590,0.00000342,0.00000337
0.00006169,0.00001266,-0.00000632,-0.00000578,0.00000335,0.00000333
0.00006046,0.00001240,-0.00000619,-0.00000567,0.00000329,0.00000328
0.00005925,0.00001216,-0.00000607,-0.00000556,0.00000323,0.00000323
0.00005807,0.00001191,-0.00000595,-0.00000546,0.00000318,0.00000319
0.00005690,0.00001167,-0.00000583,-0.00000535,0.00000312,0.00000314
0.00005577,0.00001144,-0.00000571,-0.00000524,0.00000306,0.00000309
0.00005465,0.00001121,-0.00000560,-0.00000514,0.00000300,0.00000304
0.00005356,0.00001099,-0.00000549,-0.00000504,0.00000294,0.00000299
0.00005249,0.00001077,-0.00000538,-0.00000494,0.00000289,0.00000294
0.00005144,0.00001055,-0.00000527,-0.00000485,0.00000283,0.00000289
0.00005041,0.00001034,-0.00000516,-0.00000475,0.00000278,0.00000283
0.00004940,0.00001014,-0.00000506,-0.00000466,0.00000272,0.00000278
0.00004841,0.00000993,-0.00000496,-0.00000456,0.00000267,0.00000273
0.00004744,0.00000973,-0.00000486,-0.00000447,0.00000262,0.00000268
0.00004650,0.00000954,-0.00000476,-0.00000438,0.00000257,0.00000263
0.00004557,0.00000935,-0.00000467,-0.00000430,0.00000252,0.00000258
0.00004465,0.00000916,-0.00000457,-0.00000421,0.00000247,0.00000253
0.00004376,0.00000898,-0.00000448,-0.00000413,0.00000242,0.00000248
0.00004289,0.00000880,-0.00000439,-0.00000405,0.00000237,0.00000243
0.00004203,0.00000862,-0.00000431,-0.00000396,0.00000232,0.00000238
0.00004119,0.00000845,-0.00000422,-0.00000389,0.00000228,0.00000234
0.00004036,0.00000828,-0.00000413,-0.00000381,0.00000223,0.00000229
0.00003956,0.00000812,-0.00000405,-0.00000373,0.00000219,0.00000225
0.00003877,0.00000795,-0.00000397,-0.00000366,0.00000214,0.00000220
0.00003799,0.00000779,-0.00000389,-0.00000358,0.00000210,0.00000216
0.00003723,0.00000764,-0.00000381,-0.00000351,0.00000206,0.00000211
0.00003649,0.00000749,-0.00000374,-0.00000344,0.00000202,0.00000207
0.00003576,0.00000734,-0.00000366,-0.00000337,0.00000198,0.00000203
0.00003504,0.00000719,-0.00000359,-0.00000331,0.00000194,0.00000199
0.00003434,0.00000705,-0.00000352,-0.00000324,0.00000190,0.00000195
0.00003365,0.00000690,-0.00000345,-0.00000317,0.00000186,0.00000191
0.00003298,0.00000677,-0.00000338,-0.00000311,0.00000182,0.00000187
0.00003232,0.00000663,-0.00000331,-0.00000305,0.00000179,0.00000184
0.00003167,0.00000650,-0.00000324,-0.00000299,0.00000175,0.00000180
0.00003104,0.00000637,-0.00000318,-0.00000293,0.00000172,0.00000176
0.00003042,0.00000624,-0.00000312,-0.00000287,0.00000168,0.00000173
0.00002981,0.00000612,-0.00000305,-0.00000281,0.00000165,0.00000169
0.00002922,0.00000599,-0.00000299,-0.00000276,0.00000162,0.00000166
0.00002863,0.00000587,-0.00000293,-0.00000272,0.00000158,0.00000164
0.00002806,0.00000576,-0.00000287,-0.00000268,0.00000155,0.00000162
0.00002750,0.00000564,-0.00000282,-0.00000265,0.00000152,0.00000161
0.00002695,0.00000553,-0.00000276,-0.00000265,0.00000149,0.00000161
0.00002641,0.00000542,-0.00000271,-0.00000266,0.00000146,0.00000163
0.00002588,0.00000531,-0.00000265,-0.00000270,0.00000143,0.00000168
0.00002536,0.00000520,-0.00000260,-0.00000278,0.00000140,0.00000175
0.00002486,0.00000510,-0.00000255,-0.00000290,0.00000138,0.00000186
0.00002436,0.00000500,-0.00000250,-0.00000307,0.00000135,0.00000200
0.00002387,0.00000490,-0.00000245,-0.00000330,0.00000132,0.00000220
0.00002339,0.00000480,-0.00000240,-0.00000359,0.00000130,0.00000244
0.00002293,0.00000470,-0.00000235,-0.00000396,0.00000127,0.00000275
0.00002247,0.00000461,-0.00000230,-0.00000440,0.00000125,0.00000313
0.00002202,0.00000452,-0.00000226,-0.00000494,0.00000122,0.00000358
0.00002158,0.00000443,-0.00000221,-0.00000558,0.00000120,0.00000411
0.00002115,0.00000434,-0.00000217,-0.00000632,0.00000118,0.00000473
0.00002072,0.00000425,-0.00000212,-0.00000717,0.00000115,0.00000545
0.00002031,0.00000417,-0.00000208,-0.00000813,0.00000113,0.00000627
0.00001990,0.00000408,-0.00000204,-0.00000921,0.00000111,0.00000720
0.00001950,0.00000400,-0.00000200,-0.00001042,0.00000109,0.00000824
0.00001911,0.00000392,-0.00000196,-0.00001176,0.00000107,0.00000940
0.00001873,0.00000384,-0.00000192,-0.00001322,0.00000105,0.00001068
0.00001836,0.00000377,-0.00000188,-0.00001482,0.00000103,0.00001209
0.00001799,0.00000369,-0.00000184,-0.00001654,0.00000101,0.00001362
0.00001763,0.00000362,-0.00000181,-0.00001839,0.00000099,0.00001528
0.00001728,0.00000354,-0.00000177,-0.00002037,0.00000098,0.00001707
0.00001693,0.00000347,-0.00000173,-0.00002247,0.00000096,0.00001899
0.00001659,0.00000340,-0.00000170,-0.00002468,0.00000094,0.00002104
0.00001626,0.00000334,-0.00000167,-0.00002701,0.00000092,0.00002321
0.00001594,0.00000327,-0.00000163,-0.00002943,0.00000090,0.00002551
0.00001562,0.00000320,-0.00000160,-0.00003196,0.00000089,0.00002792
0.00001531,0.00000314,-0.00000157,-0.00003457,0.00000087,0.00003045
0.00001500,0.00000308,-0.00000154,-0.00003725,0.00000085,0.00003309
0.00001470,0.00000302,-0.00000151,-0.00004001,0.00000084,0.00003583
0.00001441,0.00000296,-0.00000148,-0.00004282,0.00000082,0.00003867
0.00001412,0.00000290,-0.00000145,-0.00004567,0.00000080,0.00004159
0.00001384,0.00000284,-0.00000142,-0.00004855,0.00000079,0.00004458
0.00001356,0.00000278,-0.00000139,-0.00005146,0.00000077,0.00004765
0.00001329,0.00000273,-0.00000136,-0.00005437,0.00000076,0.00005076
0.00001302,0.00000267,-0.00000133,-0.00005727,0.00000074,0.00005392
0.00001276,0.00000262,-0.00000131,-0.00006016,0.00000073,0.00005712
0.00001251,0.00000257,-0.00000128,-0.00006301,0.00000071,0.00006033
0.00001226,0.00000251,-0.00000126,-0.00006582,0.00000070,0.00006355
0.00001201,0.00000246,-0.00000123,-0.00006858,0.00000069,0.00006676
0.00001177,0.00000241,-0.00000121,-0.00007126,0.00000068,0.00006995
0.00001153,0.00000237,-0.00000118,-0.00007387,0.00000067,0.00007310
0.00001130,0.00000232,-0.00000116,-0.00007638,0.00000066,0.00007621
0.00001108,0.00000227,-0.00000113,-0.00007879,0.00000065,0.00007925
0.00001086,0.00000223,-0.00000111,-0.00008109,0.00000064,0.00008222
0.00001064,0.00000218,-0.00000109,-0.00008327,0.00000063,0.00008511
0.00001043,0.00000214,-0.00000107,-0.00008532,0.00000063,0.00008789
0.00001022,0.00000210,-0.00000105,-0.00008724,0.00000062,0.00009055
0.00001001,0.00000205,-0.00000103,-0.00008901,0.00000062,0.00009309
0.00000981,0.00000201,-0.00000101,-0.00009063,0.00000061,0.00009550
0.00000962,0.00000197,-0.00000099,-0.00009210,0.00000061,0.00009775
0.00000942,0.00000193,-0.00000097,-0.00009341,0.00000061,0.00009985
0.00000924,0.00000189,-0.00000095,-0.00009457,0.00000061,0.00010179
0.00000905,0.00000186,-0.00000093,-0.00009556,0.00000061,0.00010355
0.00000887,0.00000182,-0.00000091,-0.00009639,0.00000061,0.00010513
0.00000869,0.00000178,-0.00000089,-0.00009706,0.00000061,0.00010652
0.00000852,0.00000175,-0.00000087,-0.00009757,0.00000061,0.00010773
0.00000835,0.00000171,-0.00000086,-0.00009792,0.00000061,0.00010875
0.00000818,0.00000168,-0.00000084,-0.00009811,0.00000061,0.00010957
0.00000802,0.00000165,-0.00000082,-0.00009815,0.00000061,0.00011020
0.00000786,0.00000161,-0.00000080,-0.00009804,0.00000061,0.00011064
0.00000770,0.00000158,-0.00000079,-0.00009779,0.00000061,0.00011088
0.00000755,0.00000155,-0.00000077,-0.00009741,0.00000061,0.00011094
0.00000740,0.00000152,-0.00000076,-0.00009689,0.00000061,0.00011082
0.00000725,0.00000149,-0.00000074,-0.00009625,0.00000060,0.00011052
0.00000710,0.00000146,-0.00000073,-0.00009550,0.00000060,0.00011005
0.00000696,0.00000143,-0.00000071,-0.00009463,0.00000060,0.00010942
0.00000682,0.00000140,-0.00000070,-0.00009367,0.00000060,0.00010864
0.00000669,0.00000137,-0.00000068,-0.00009262,0.00000059,0.00010772
0.00000655,0.00000134,-0.00000067,-0.00009148,0.00000059,0.00010667
0.00000642,0.00000132,-0.00000066,-0.00009028,0.00000058,0.00010550
0.00000629,0.00000129,-0.00000064,-0.00008900,0.00000058,0.00010422
0.00000617,0.00000127,-0.00000063,-0.00008768,0.00000057,0.00010284
0.00000604,0.00000124,-0.00000062,-0.00008630,0.00000056,0.00010138
0.00000592,0.00000121,-0.00000061,-0.00008489,0.00000056,0.00009985
0.00000580,0.00000119,-0.00000059,-0.00008345,0.00000055,0.00009826
0.00000569,0.00000117,-0.00000058,-0.00008199,0.00000054,0.00009662
0.00000557,0.00000114,-0.00000057,-0.00008051,0.00000053,0.00009495
0.00000546,0.00000112,-0.00000056,-0.00007902,0.00000052,0.00009324
0.00000535,0.00000110,-0.00000055,-0.00007754,0.00000051,0.00009153
0.00000525,0.00000108,-0.00000054,-0.00007605,0.00000050,0.00008981
0.00000514,0.00000105,-0.00000053,-0.00007458,0.00000049,0.00008809
0.00000504,0.00000103,-0.00000052,-0.00007312,0.00000048,0.00008638
0.00000494,0.00000101,-0.00000051,-0.00007168,0.00000048,0.00008468
0.00000484,0.00000099,-0.00000050,-0.00007025,0.00000047,0.00008301
0.00000474,0.00000097,-0.00000049,-0.00006886,0.00000046,0.00008136
0.00000465,0.00000095,-0.00000048,-0.00006748,0.00000045,0.00007973
0.00000455,0.00000093,-0.00000047,-0.00006613,0.00000044,0.00007814
0.00000446,0.00000092,-0.00000046,-0.00006481,0.00000043,0.00007658
0.00000437,0.00000090,-0.00000045,-0.00006351,0.00000042,0.00007505
0.00000429,0.00000088,-0.00000044,-0.00006224,0.00000041,0.00007355
0.00000420,0.00000086,-0.00000043,-0.00006100,0.00000040,0.00007208
0.00000412,0.00000084,-0.00000042,-0.00005978,0.00000040,0.00007063
0.00000403,0.00000083,-0.00000041,-0.00005858,0.00000039,0.00006922
0.00000395,0.00000081,-0.00000041,-0.00005741,0.00000038,0.00006784
0.00000387,0.00000079,-0.00000040,-0.00005626,0.00000037,0.00006648
0.00000380,0.00000078,-0.00000039,-0.00005514,0.00000037,0.00006515
0.00000372,0.00000076,-0.00000038,-0.00005404,0.00000036,0.00006385
0.00000365,0.00000075,-0.00000037,-0.00005296,0.00000035,0.00006257
0.00000357,0.00000073,-0.00000037,-0.00005190,0.00000034,0.00006132
0.00000350,0.00000072,-0.00000036,-0.00005086,0.00000034,0.00006009
0.00000343,0.00000070,-0.00000035,-0.00004984,0.00000033,0.00005889
0.00000336,0.00000069,-0.00000034,-0.00004884,0.00000032,0.00005771
0.00000330,0.00000068,-0.00000034,-0.00004787,0.00000032,0.00005656
0.00000323,0.00000066,-0.00000033,-0.00004691,0.00000031,0.00005543
0.00000317,0.00000065,-0.00000032,-0.00004597,0.00000031,0.00005432
0.00000310,0.00000064,-0.00000032,-0.00004505,0.00000030,0.00005323
0.00000304,0.00000062,-0.00000031,-0.00004415,0.00000029,0.00005217
0.00000298,0.00000061,-0.00000031,-0.00004327,0.00000029,0.00005113
0.00000292,0.00000060,-0.00000030,-0.00004240,0.00000028,0.00005010
0.00000286,0.00000059,-0.00000029,-0.00004155,0.00000028,0.00004910
0.00000280,0.00000058,-0.00000029,-0.00004072,0.00000027,0.00004812
0.00000275,0.00000056,-0.00000028,-0.00003991,0.00000026,0.00004716
0.00000269,0.00000055,-0.00000028,-0.00003911,0.00000026,0.00004621
0.00000264,0.00000054,-0.00000027,-0.00003833,0.00000025,0.00004529
0.00000259,0.00000053,-0.00000026,-0.00003756,0.00000025,0.00004438
0.00000253,0.00000052,-0.00000026,-0.00003681,0.00000024,0.00004350
0.00000248,0.00000051,-0.00000025,-0.00003607,0.00000024,0.00004263
0.00000243,0.00000050,-0.00000025,-0.00003535,0.00000023,0.00004177
0.00000239,0.00000049,-0.00000024,-0.00003465,0.00000023,0.00004094
0.00000234,0.00000048,-0.00000024,-0.00003395,0.00000023,0.00004012
0.00000229,0.00000047,-0.00000023,-0.00003327,0.00000022,0.00003932
0.00000225,0.00000046,-0.00000023,-0.00003261,0.00000022,0.00003853
0.00000220,0.00000045,-0.00000023,-0.00003196,0.00000021,0.00003776
0.00000216,0.00000044,-0.00000022,-0.00003132,0.00000021,0.00003700
0.00000211,0.00000043,-0.00000022,-0.00003069,0.00000020,0.00003626
0.00000207,0.00000042,-0.00000021,-0.00003008,0.00000020,0.00003554
0.00000203,0.00000042,-0.00000021,-0.00002948,0.00000020,0.00003483
0.00000199,0.00000041,-0.00000020,-0.00002889,0.00000019,0.00003413
0.00000195,0.00000040,-0.00000020,-0.00002831,0.00000019,0.00003345
0.00000191,0.00000039,-0.00000020,-0.00002774,0.00000018,0.00003278
0.00000187,0.00000038,-0.00000019,-0.00002719,0.00000018,0.00003212
0.00000183,0.00000038,-0.00000019,-0.00002664,0.00000018,0.00003148
0.00000180,0.00000037,-0.00000018,-0.00002611,0.00000017,0.00003085
0.00000176,0.00000036,-0.00000018,-0.00002559,0.00000017,0.00003024
0.00000173,0.00000035,-0.00000018,-0.00002508,0.00000017,0.00002963
0.00000169,0.00000035,-0.00000017,-0.00002458,0.00000016,0.00002904
0.00000166,0.00000034,-0.00000017,-0.00002408,0.00000016,0.00002846
0.00000163,0.00000033,-0.00000017,-0.00002360,0.00000016,0.00002789
0.00000159,0.00000033,-0.00000016,-0.00002313,0.00000015,0.00002733
0.00000156,0.00000032,-0.00000016,-0.00002267,0.00000015,0.00002678
0.00000153,0.00000031,-0.00000016,-0.00002221,0.00000015,0.00002625
0.00000150,0.00000031,-0.00000015,-0.00002177,0.00000014,0.00002572
0.00000147,0.00000030,-0.00000015,-0.00002133,0.00000014,0.00002521
0.00000144,0.00000030,-0.00000015,-0.00002091,0.00000014,0.00002470
0.00000141,0.00000029,-0.00000014,-0.00002049,0.00000014,0.00002421
0.00000138,0.00000028,-0.00000014,-0.00002008,0.00000013,0.00002373
0.00000136,0.00000028,-0.00000014,-0.00001968,0.00000013,0.00002325
0.00000133,0.00000027,-0.00000014,-0.00001928,0.00000013,0.00002279
0.00000130,0.00000027,-0.00000013,-0.00001890,0.00000013,0.00002233
0.00000128,0.00000026,-0.00000013,-0.00001852,0.00000012,0.00002188
0.00000125,0.00000026,-0.00000013,-0.00001815,0.00000012,0.00002145
0.00000122,0.00000025,-0.00000013,-0.00001779,0.00000012,0.00002102
0.00000120,0.00000025,-0.00000012,-0.00001743,0.00000012,0.00002060
0.00000118,0.00000024,-0.00000012,-0.00001708,0.00000011,0.00002019
0.00000115,0.00000024,-0.00000012,-0.00001674,0.00000011,0.00001978
0.00000113,0.00000023,-0.00000012,-0.00001641,0.00000011,0.00001939
0.00000111,0.00000023,-0.00000011,-0.00001608,0.00000011,0.00001900
0.00000109,0.00000022,-0.00000011,-0.00001576,0.00000010,0.00001863
0.00000106,0.00000022,-0.00000011,-0.00001545,0.00000010,0.00001826
0.00000104,0.00000021,-0.00000011,-0.00001516,0.00000010,0.00001792
0.00000102,0.00000021,-0.00000010,-0.00001487,0.00000010,0.00001759
0.00000100,0.00000021,-0.00000010,-0.00001461,0.00000010,0.00001729
0.00000098,0.00000020,-0.00000010,-0.00001436,0.00000010,0.00001702
0.00000096,0.00000020,-0.00000010,-0.00001414,0.00000009,0.00001679
0.00000094,0.00000019,-0.00000010,-0.00001395,0.00000009,0.00001660
0.00000092,0.00000019,-0.00000009,-0.00001380,0.00000009,0.00001647
0.00000090,0.00000019,0.00000090,-0.00001368,0.00000009,0.00001640
0.00000089,0.00000018,0.00000089,-0.00001361,0.00000009,0.00001640
0.00000087,0.00000018,0.00000087,-0.00001360,0.00000010,0.00001647
0.00000085,0.00000017,0.00000085,-0.00001364,0.00000010,0.00001664
0.00000083,0.00000017,0.00000083,-0.00001375,0.00000010,0.00001691
0.00000082,0.00000017,0.00000082,-0.00001392,0.00000010,0.00001728
0.00000080,0.00000016,0.00000080,-0.00001418,0.00000011,0.00001776
0.00000079,0.00000016,0.00000079,-0.00001452,0.00000011,0.00001837
0.00000077,0.00000016,0.00000077,-0.00001494,0.00000012,0.00001911
0.00000075,0.00000015,0.00000075,-0.00001547,0.00000012,0.00001998
0.00000074,0.00000015,0.00000074,-0.00001609,0.00000013,0.00002099
0.00000072,0.00000015,0.00000072,-0.00001681,0.00000014,0.00002214
0.00000071,0.00000015,0.00000071,-0.00001764,0.00000014,0.00002345
0.00000070,0.00000014,0.00000070,-0.00001859,0.00000015,0.00002490
0.00000068,0.00000014,0.00000068,-0.00001965,0.00000016,0.00002650
0.00000067,0.00000014,0.00000067,-0.00002082,0.00000017,0.00002825
0.00000065,0.00000013,0.00000065,-0.00002211,0.00000018,0.00003015
0.00000064,0.00000013,0.00000064,-0.00002353,0.00000019,0.00003219
0.00000063,0.00000013,0.00000063,-0.00002506,0.00000020,0.00003438
0.00000062,0.00000013,0.00000062,-0.00002670,0.00000020,0.00003670
0.00000060,0.00000012,0.00000060,-0.00002847,0.00000021,0.00003914
0.00000059,0.00000012,0.00000059,-0.00003034,0.00000022,0.00004170
0.00000058,0.00000012,0.00000058,-0.00003233,0.00000023,0.00004438
0.00000057,0.00000012,0.00000057,-0.00003442,0.00000024,0.00004715
0.00000056,0.00000011,0.00000056,-0.00003661,0.00000025,0.00005002
0.00000055,0.00000011,0.00000055,-0.00003890,0.00000025,0.00005296
0.00000054,0.00000011,0.00000054,-0.00004127,0.00000026,0.00005596
0.00000052,0.00000011,0.00000052,-0.00004373,0.00000026,0.00005902
0.00000051,0.00000011,0.00000051,-0.00004625,0.00000027,0.00006212
0.00000050,0.00000010,0.00000050,-0.00004884,0.00000027,0.00006524
0.00000049,0.00000010,0.00000049,-0.00005147,0.00000027,0.00006837
0.00000048,0.00000010,0.00000048,-0.00005415,0.00000027,0.00007150
0.00000047,0.00000010,0.00000047,-0.00005687,0.00000027,0.00007460
0.00000046,0.00000010,0.00000046,-0.00005960,0.00000027,0.00007768
0.00000046,0.00000009,0.00000046,-0.00006234,0.00000027,0.00008071
0.00000045,0.00000009,0.00000045,-0.00006508,0.00000027,0.00008367
0.00000044,0.00000009,0.00000044,-0.00006780,0.00000027,0.00008656
0.00000043,0.00000009,0.00000043,-0.00007049,0.00000027,0.00008937
0.00000042,0.00000009,0.00000042,-0.00007314,0.00000026,0.00009207
0.00000041,0.00000008,0.00000041,-0.00007574,0.00000026,0.00009467
0.00000040,0.00000008,0.00000040,-0.00007828,0.00000026,0.00009714
0.00000040,0.00000008,0.00000040,-0.00008073,0.00000025,0.00009947
0.00000039,0.00000008,0.00000039,-0.00008310,0.00000025,0.00010167
0.00000038,0.00000008,0.00000038,-0.00008537,0.00000024,0.00010371
0.00000037,0.00000008,0.00000037,-0.00008753,0.00000024,0.00010560
0.00000036,0.00000007,0.00000036,-0.00008957,0.00000023,0.00010732
0.00000036,0.00000007,0.00000036,-0.00009148,0.00000023,0.00010887
0.00000035,0.00000007,0.00000035,-0.00009325,0.00000022,0.00011025
0.00000034,0.00000007,0.00000034,-0.00009488,0.00000022,0.00011146
0.00000034,0.00000007,0.00000034,-0.00009635,0.00000022,0.00011248
0.00000033,0.00000007,0.00000033,-0.00009767,0.00000021,0.00011332
0.00000032,0.00000007,0.00000032,-0.00009882,0.00000021,0.00011399
0.00000032,0.00000006,0.00000032,-0.00009980,0.00000020,0.00011447
0.00000031,0.00000006,0.00000031,-0.00010062,0.00000020,0.00011478
0.00000030,0.00000006,0.00000030,-0.00010126,0.00000020,0.00011491
0.00000030,0.00000006,0.00000030,-0.00010174,0.00000019,0.00011488
0.00000029,0.00000006,0.00000029,-0.00010204,0.00000019,0.00011468
0.00000029,0.00000006,0.00000029,-0.00010218,0.00000019,0.00011432
0.00000028,0.00000006,0.00000028,-0.00010215,0.00000019,0.00011381
0.00000027,0.00000006,0.00000027,-0.00010196,0.00000018,0.00011315
0.00000027,0.00000006,0.00000027,-0.00010162,0.00000018,0.00011236
0.00000026,0.00000005,0.00000026,-0.00010113,0.00000018,0.00011144
0.00000026,0.00000005,0.00000026,-0.00010050,0.00000018,0.00011039
0.00000025,0.00000005,0.00000025,-0.00009973,0.00000018,0.00010924
0.00000025,0.00000005,0.00000025,-0.00009885,0.00000017,0.00010799
0.00000024,0.00000005,0.00000024,-0.00009784,0.00000017,0.00010664
0.00000024,0.00000005,0.00000024,-0.00009674,0.00000017,0.00010521
0.00000023,0.00000005,0.00000023,-0.00009553,0.00000017,0.00010371
0.00000023,0.00000005,0.00000023,-0.00009425,0.00000017,0.00010215
0.00000022,0.00000005,0.00000022,-0.00009289,0.00000016,0.00010054
0.00000022,0.00000005,0.00000022,-0.00009147,0.00000016,0.00009889
0.00000022,0.00000004,0.00000022,-0.00009000,0.00000016,0.00009720
0.00000021,0.00000004,0.00000021,-0.00008849,0.00000016,0.00009549
0.00000021,0.00000004,0.00000021,-0.00008694,0.00000015,0.00009376
0.00000020,0.00000004,0.00000020,-0.00008538,0.00000015,0.00009203
0.00000020,0.00000004,0.00000020,-0.00008380,0.00000015,0.00009029
0.00000019,0.00000004,0.00000019,-0.00008222,0.00000014,0.00008857
0.00000019,0.00000004,0.00000019,-0.00008065,0.00000014,0.00008685
0.00000019,0.00000004,0.00000019,-0.00007908,0.00000014,0.00008515
0.00000018,0.00000004,0.00000018,-0.00007753,0.00000014,0.00008347
0.00000018,0.00000004,0.00000018,-0.00007599,0.00000013,0.00008181
0.00000018,0.00000004,0.00000018,-0.00007448,0.00000013,0.00008018
0.00000017,0.00000004,0.00000017,-0.00007300,0.00000013,0.00007858
0.00000017,0.00000003,0.00000017,-0.00007154,0.00000013,0.00007701
0.00000017,0.00000003,0.00000017,-0.00007011,0.00000012,0.00007547
0.00000016,0.00000003,0.00000016,-0.00006871,0.00000012,0.00007396
0.00000016,0.00000003,0.00000016,-0.00006733,0.00000012,0.00007248
0.00000016,0.00000003,0.00000016,-0.00006598,0.00000012,0.00007103
0.00000015,0.00000003,0.00000015,-0.00006466,0.00000011,0.00006961
0.00000015,0.00000003,0.00000015,-0.00006337,0.00000011,0.00006822
0.00000015,0.00000003,0.00000015,-0.00006210,0.00000011,0.00006686
0.00000014,0.00000003,0.00000014,-0.00006086,0.00000011,0.00006552
0.00000014,0.00000003,0.00000014,-0.00005964,0.00000011,0.00006421
0.00000014,0.00000003,0.00000014,-0.00005845,0.00000010,0.00006292
0.00000014,0.00000003,0.00000014,-0.00005728,0.00000010,0.00006167
0.00000013,0.00000003,0.00000013,-0.00005614,0.00000010,0.00006043
0.00000013,0.00000003,0.00000013,-0.00005501,0.00000010,0.00005922
0.00000013,0.00000003,0.00000013,-0.00005391,0.00000009,0.00005804
0.00000012,0.00000003,0.00000012,-0.00005284,0.00000009,0.00005688
0.00000012,0.00000003,0.00000012,-0.00005178,0.00000009,0.00005574
0.00000012,0.00000002,0.00000012,-0.00005074,0.00000009,0.00005462
0.00000012,0.00000002,0.00000012,-0.00004973,0.00000009,0.00005353
0.00000012,0.00000002,0.00000012,-0.00004873,0.00000009,0.00005246
0.00000011,0.00000002,0.00000011,-0.00004776,0.00000008,0.00005141
0.00000011,0.00000002,0.00000011,-0.00004680,0.00000008,0.00005038
0.00000011,0.00000002,0.00000011,-0.00004586,0.00000008,0.00004937
0.00000011,0.00000002,0.00000011,-0.00004494,0.00000008,0.00004838
0.00000010,0.00000002,0.00000010,-0.00004404,0.00000008,0.00004741
0.00000010,0.00000002,0.00000010,-0.00004316,0.00000007,0.00004646
0.00000010,0.00000002,0.00000010,-0.00004229,0.00000007,0.00004553
0.00000010,0.00000002,0.00000010,-0.00004144,0.00000007,0.00004461
0.00000010,0.00000002,0.00000010,-0.00004061,0.00000007,0.00004372
0.00000009,0.00000002,0.00000009,-0.00003979,0.00000007,0.00004284
0.00000009,0.00000002,0.00000009,-0.00003899,0.00000007,0.00004198
0.00000009,0.00000002,0.00000009,-0.00003820,0.00000007,0.00004113
0.00000009,0.00000002,0.00000009,-0.00003743,0.00000006,0.00004030
0.00000009,0.00000002,0.00000009,-0.00003667,0.00000006,0.00003948
0.00000009,0.00000002,0.00000009,-0.00003593,0.00000006,0.00003869
0.00000008,0.00000002,0.00000008,-0.00003520,0.00000006,0.00003790
0.00000008,0.00000002,0.00000008,-0.00003448,0.00000006,0.00003713
0.00000008,0.00000002,0.00000008,-0.00003378,0.00000006,0.00003637
0.00000008,0.00000002,0.00000008,-0.00003309,0.00000005,0.00003563
0.00000008,0.00000002,0.00000008,-0.00003241,0.00000005,0.00003490
0.00000008,0.00000002,0.00000008,-0.00003174,0.00000005,0.00003418
0.00000007,0.00000002,0.00000007,-0.00003109,0.00000005,0.00003348
0.00000007,0.00000001,0.00000007,-0.00003044,0.00000005,0.00003278
0.00000007,0.00000001,0.00000007,-0.00002981,0.00000005,0.00003210
0.00000007,0.00000001,0.00000007,-0.00002918,0.00000005,0.00003143
0.00000007,0.00000001,0.00000007,-0.00002857,0.00000005,0.00003077
0.00000007,0.00000001,0.00000007,-0.00002796,0.00000004,0.00003012
0.00000007,0.00000001,0.00000007,-0.00002737,0.00000004,0.00002948
0.00000006,0.00000001,0.00000006,-0.00002678,0.00000004,0.00002885
0.00000006,0.00000001,0.00000006,-0.00002620,0.00000004,0.00002823
0.00000006,0.00000001,0.00000006,-0.00002563,0.00000004,0.00002762
0.00000006,0.00000001,0.00000006,-0.00002507,0.00000004,0.00002702
0.00000006,0.00000001,0.00000006,-0.00002451,0.00000004,0.00002642
0.00000006,0.00000001,0.00000006,-0.00002396,0.00000004,0.00002584
0.00000006,0.00000001,0.00000006,-0.00002342,0.00000003,0.00002526
0.00000006,0.00000001,0.00000006,-0.00002288,0.00000003,0.00002468
0.00000005,0.00000001,0.00000005,-0.00002235,0.00000003,0.00002412
0.00000005,0.00000001,0.00000005,-0.00002183,0.00000003,0.00002356
0.00000005,0.00000001,0.00000005,-0.00002131,0.00000003,0.00002300
0.00000005,0.00000001,0.00000005,-0.00002079,0.00000003,0.00002246
0.00000005,0.00000001,0.00000005,-0.00002028,0.00000003,0.00002191
0.00000005,0.00000001,0.00000005,-0.00001978,0.00000003,0.00002138
0.00000005,0.00000001,0.00000005,-0.00001928,0.00000003,0.00002084
0.00000005,0.00000001,0.00000005,-0.00001878,0.00000002,0.00002031
0.00000005,0.00000001,0.00000005,-0.00001829,0.00000002,0.00001979
0.00000005,0.00000001,0.00000005,-0.00001779,0.00000002,0.00001927
0.00000004,0.00000001,0.00000004,-0.00001730,0.00000002,0.00001875
0.00000004,0.00000001,0.00000004,-0.00001682,0.00000002,0.00001823
0.00000004,0.00000001,0.00000004,-0.00001633,0.00000002,0.00001772
0.00000004,0.00000001,0.00000004,-0.00001585,0.00000002,0.00001721
0.00000004,0.00000001,0.00000004,-0.00001537,0.00000002,0.00001670
0.00000004,0.00000001,0.00000004,-0.00001489,0.00000002,0.00001619
0.00000004,0.00000001,0.00000004,-0.00001441,0.00000002,0.00001569
0.00000004,0.00000001,0.00000004,-0.00001393,0.00000001,0.00001518
0.00000004,0.00000001,0.00000004,-0.00001345,0.00000001,0.00001468
0.00000004,0.00000001,0.00000004,-0.00001297,0.00000001,0.00001417
0.00000004,0.00000001,0.00000004,-0.00001249,0.00000001,0.00001367
0.00000004,0.00000001,0.00000004,-0.00001201,0.00000001,0.00001316
0.00000003,0.00000001,0.00000003,-0.00001153,0.00000001,0.00001266
0.00000003,0.00000001,0.00000003,-0.00001104,0.00000001,0.00001215
0.00000003,0.00000001,0.00000003,-0.00001056,0.00000001,0.00001165
0.00000003,0.00000001,0.00000003,-0.00001007,0.00000001,0.00001114
0.00000003,0.00000001,0.00000003,-0.00000958,0.00000001,0.00001063
0.00000003,0.00000001,0.00000003,-0.00000909,0.00000001,0.00001012
0.00000003,0.00000001,0.00000003,-0.00000860,0.00000000,0.00000960
0.00000003,0.00000001,0.00000003,-0.00000810,0.00000000,0.00000909
0.00000003,0.00000001,0.00000003,-0.00000760,0.00000000,0.00000857
0.00000003,0.00000001,0.00000003,-0.00000710,0.00000000,0.00000804
0.00000003,0.00000001,0.00000003,-0.00000659,0.00000000,0.00000752
0.00000003,0.00000001,0.00000003,-0.00000608,0.00000000,0.00000699
0.00000003,0.00000001,0.00000003,-0.00000557,-0.00000000,0.00000646
0.00000003,0.00000001,0.00000003,-0.00000505,-0.00000000,0.00000592
0.00000003,0.00000001,0.00000003,-0.00000452,-0.00000000,0.00000538
0.00000003,0.00000001,0.00000003,-0.00000399,-0.00000000,0.00000483
0.00000003,0.00000001,0.00000003,-0.00000346,-0.00000000,0.00000428
0.00000002,0.00000001,0.00000002,-0.00000292,-0.00000000,0.00000372
0.00000002,0.00000000,0.00000002,-0.00000237,-0.00000001,0.00000316
0.00000002,0.00000000,0.00000002,-0.00000182,-0.00000001,0.00000259
0.00000002,0.00000000,0.00000002,-0.00000127,-0.00000001,0.00000202
0.00000002,0.00000000,0.00000002,-0.00000070,-0.00000001,0.00000144
0.00000002,0.00000000,0.00000002,-0.00000013,-0.00000001,0.00000086
0.00000002,0.00000000,0.00000002,0.00000044,-0.00000001,0.00000027
0.00000002,0.00000000,0.00000002,0.00000103,-0.00000001,-0.00000033
0.00000002,0.00000000,0.00000002,0.00000162,-0.00000001,-0.00000093
0.00000002,0.00000000,0.00000002,0.00000221,-0.00000001,-0.00000154
0.00000002,0.00000000,0.00000002,0.00000282,-0.00000001,-0.00000216
0.00000002,0.00000000,0.00000002,0.00000343,-0.00000001,-0.00000279
0.00000002,0.00000000,0.00000002,0.00000405,-0.00000002,-0.00000342
0.00000002,0.00000000,0.00000002,0.00000468,-0.00000002,-0.00000406
0.00000002,0.00000000,0.00000002,0.00000531,-0.00000002,-0.00000471
0.00000002,0.00000000,0.00000002,0.00000596,-0.00000002,-0.00000536
0.00000002,0.00000000,0.00000002,0.00000661,-0.00000002,-0.00000603
0.00000002,0.00000000,0.00000002,0.00000727,-0.00000002,-0.00000670
0.00000002,0.00000000,0.00000002,0.00000794,-0.00000002,-0.00000738
0.00000002,0.00000000,0.00000002,0.00000862,-0.00000002,-0.00000807
0.00000002,0.00000000,0.00000002,0.00000931,-0.00000002,-0.00000877
0.00000002,0.00000000,0.00000002,0.00001000,-0.00000002,-0.00000948
0.00000002,0.00000000,0.00000002,0.00001071,-0.00000002,-0.00001019
0.00000002,0.00000000,0.00000002,0.00001142,-0.00000002,-0.00001092
0.00000002,0.00000000,0.00000002,0.00001215,-0.00000003,-0.00001165
0.00000001,0.00000000,0.00000001,0.00001288,-0.00000003,-0.00001240
0.00000000,0.00000000,0.00000000,0.00001362,-0.00000003,-0.00001315
0.00000000,0.00000000,0.00000000,0.00001438,-0.00000003,-0.00001391
0.00000000,0.00000000,0.00000000,0.00001514,-0.00000003,-0.00001468
0.00000001,0.00000000,0.00000001,0.00001591,-0.00000003,-0.00001546
0.00000000,0.00000000,0.00000000,0.00001669,-0.00000003,-0.00001626
0.00000000,0.00000000,0.00000000,0.00001749,-0.00000003,-0.00001706
0.00000001,0.00000000,0.00000001,0.00001829,-0.00000003,-0.00001787
0.00000000,0.00000000,0.00000000,0.00001910,-0.00000003,-0.00001869
0.00000001,0.00000000,0.00000001,0.00001992,-0.00000003,-0.00001952
0.00000001,0.00000000,0.00000001,0.00002076,-0.00000004,-0.00002036
0.00000001,0.00000000,0.00000001,0.00002160,-0.00000004,-0.00002121
0.00000001,0.00000000,0.00000001,0.00002246,-0.00000004,-0.00002208
0.00000001,0.00000000,0.00000001,0.00002332,-0.00000004,-0.00002295
0.00000000,0.00000000,0.00000000,0.00002420,-0.00000004,-0.00002383
0.00000001,0.00000000,0.00000001,0.00002508,-0.00000004,-0.00002472
0.00000001,0.00000000,0.00000001,0.00002598,-0.00000004,-0.00002563
0.00000000,0.00000000,0.00000000,0.00002688,-0.00000004,-0.00002654
0.00000000,0.00000000,0.00000000,0.00002780,-0.00000004,-0.00002747
0.00000000,0.00000000,0.00000000,0.00002873,-0.00000004,-0.00002840
0.00000000,0.00000000,0.00000000,0.00002967,-0.00000005,-0.00002935
0.00000000,0.00000000,0.00000000,0.00003062,-0.00000005,-0.00003030
0.00000000,0.00000000,0.00000000,0.00003158,-0.00000005,-0.00003127
0.00000001,0.00000000,0.00000001,0.00003255,-0.00000005,-0.00003224
0.00000000,0.00000000,0.00000000,0.00003353,-0.00000005,-0.00003323
0.00000000,0.00000000,0.00000000,0.00003452,-0.00000005,-0.00003423
0.00000000,0.00000000,0.00000000,0.00003552,-0.00000005,-0.00003524
0.00000001,0.00000000,0.00000001,0.00003654,-0.00000005,-0.00003625
0.00000001,0.00000000,0.00000001,0.00003756,-0.00000005,-0.00003728
0.00000000,0.00000000,0.00000000,0.00003859,-0.00000005,-0.00003832
0.00000000,0.00000000,0.00000000,0.00003964,-0.00000006,-0.00003937
0.00000000,0.00000000,0.00000000,0.00004069,-0.00000006,-0.00004043
0.00000000,0.00000000,0.00000000,0.00004176,-0.00000006,-0.00004150
0.00000000,0.00000000,0.00000000,0.00004283,-0.00000006,-0.00004258
0.00000001,0.00000000,0.00000001,0.00004392,-0.00000006,-0.00004367
0.00000000,0.00000000,0.00000000,0.00004501,-0.00000006,-0.00004477
0.00000001,0.00000000,0.00000001,0.00004612,-0.00000006,-0.00004588
0.00000000,0.00000000,0.00000000,0.00004723,-0.00000006,-0.00004700
0.00000000,0.00000000,0.00000000,0.00004836,-0.00000006,-0.00004813
0.00000000,0.00000000,0.00000000,0.00004949,-0.00000006,-0.00004927
0.00000000,0.00000000,0.00000000,0.00005064,-0.00000007,-0.00005042
0.00000000,0.00000000,0.00000000,0.00005179,-0.00000007,-0.00005158
0.00000000,0.00000000,0.00000000,0.00005296,-0.00000007,-0.00005275
0.00000000,0.00000000,0.00000000,0.00005413,-0.00000007,-0.00005393
0.00000000,0.00000000,0.00000000,0.00005531,-0.00000007,-0.00005512
0.00000000,0.00000000,0.00000000,0.00005651,-0.00000007,-0.00005631
0.00000000,0.00000000,0.00000000,0.00005771,-0.00000007,-0.00005752
0.00000000,0.00000000,0.00000000,0.00005892,-0.00000007,-0.00005873
0.00000001,0.00000000,0.00000001,0.00006014,-0.00000007,-0.00005995
0.00000000,0.00000000,0.00000000,0.00006137,-0.00000007,-0.00006119
0.00000000,0.00000000,0.00000000,0.00006260,-0.00000008,-0.00006243
0.00000000,0.00000000,0.00000000,0.00006385,-0.00000008,-0.00006368
0.00000000,0.00000000,0.00000000,0.00006510,-0.00000008,-0.00006493
0.00000001,0.00000000,0.00000001,0.00006636,-0.00000008,-0.00006620
0.00000000,0.00000000,0.00000000,0.00006763,-0.00000008,-0.00006747
0.00000000,0.00000000,0.00000000,0.00006891,-0.00000008,-0.00006875
0.00000001,0.00000000,0.00000001,0.00007020,-0.00000008,-0.00007004
0.00000001,0.00000000,0.00000001,0.00007149,-0.00000008,-0.00007134
0.00000000,0.00000000,0.00000000,0.00007279,-0.00000008,-0.00007264
0.00000000,0.00000000,0.00000000,0.00007410,-0.00000008,-0.00007395
0.00000001,0.00000000,0.00000001,0.00007541,-0.00000008,-0.00007527
0.00000000,0.00000000,0.00000000,0.00007674,-0.00000009,-0.00007660
0.00000000,0.00000000,0.00000000,0.00007806,-0.00000009,-0.00007793
0.00000000,0.00000000,0.00000000,0.00007940,-0.00000009,-0.00007927
0.00000001,0.00000000,0.00000001,0.00008074,-0.00000009,-0.00008061
0.00000000,0.00000000,0.00000000,0.00008209,-0.00000009,-0.00008196
0.00000001,0.00000000,0.00000001,0.00008344,-0.00000009,-0.00008332
0.00000000,0.00000000,0.00000000,0.00008480,-0.00000009,-0.00008468
0.00000000,0.00000000,0.00000000,0.00008617,-0.00000009,-0.00008605
0.00000000,0.00000000,0.00000000,0.00008754,-0.00000009,-0.00008742
0.00000000,0.00000000,0.00000000,0.00008891,-0.00000009,-0.00008880
0.00000000,0.00000000,0.00000000,0.00009030,-0.00000009,-0.00009018
0.00000000,0.00000000,0.00000000,0.00009168,-0.00000009,-0.00009157
0.00000000,0.00000000,0.00000000,0.00009307,-0.00000010,-0.00009296
0.00000000,0.00000000,0.00000000,0.00009447,-0.00000010,-0.00009436
0.00000000,0.00000000,0.00000000,0.00009586,-0.00000010,-0.00009576
0.00000000,0.00000000,0.00000000,0.00009727,-0.00000010,-0.00009717
0.00000000,0.00000000,0.00000000,0.00009867,-0.00000010,-0.00009857
0.00000001,0.00000000,0.00000001,0.00010008,-0.00000010,-0.00009999
0.00000000,0.00000000,0.00000000,0.00010149,-0.00000010,-0.00010140
0.00000000,0.00000000,0.00000000,0.00010291,-0.00000010,-0.00010282
0.00000000,0.00000000,0.00000000,0.00010433,-0.00000010,-0.00010424
0.00000000,0.00000000,0.00000000,0.00010575,-0.00000010,-0.00010566
0.00000000,0.00000000,0.00000000,0.00010717,-0.00000010,-0.00010709
0.00000000,0.00000000,0.00000000,0.00010860,-0.00000010,-0.00010852
0.00000000,0.00000000,0.00000000,0.00011002,-0.00000010,-0.00010994
0.00000000,0.00000000,0.00000000,0.00011145,-0.00000010,-0.00011137
0.00000000,0.00000000,0.00000000,0.00011288,-0.00000010,-0.00011281
0.00000000,0.00000000,0.00000000,0.00011431,-0.00000011,-0.00011424
0.00000000,0.00000000,0.00000000,0.00011574,-0.00000011,-0.00011567
0.00000000,0.00000000,0.00000000,0.00011717,-0.00000011,-0.00011710
0.00000000,0.00000000,0.00000000,0.00011861,-0.00000011,-0.00011854
0.00000000,0.00000000,0.00000000,0.00012004,-0.00000011,-0.00011997
0.00000000,0.00000000,0.00000000,0.00012147,-0.00000011,-0.00012140
0.00000000,0.00000000,0.00000000,0.00012290,-0.00000011,-0.00012284
0.00000000,0.00000000,0.00000000,0.00012433,-0.00000011,-0.00012427
0.00000000,0.00000000,0.00000000,0.00012576,-0.00000011,-0.00012570
0.00000001,0.00000000,0.00000001,0.00012718,-0.00000011,-0.00012713
0.00000000,0.00000000,0.00000000,0.00012861,-0.00000011,-0.00012855
0.00000000,0.00000000,0.00000000,0.00013003,-0.00000011,-0.00012998
0.00000001,0.00000000,0.00000001,0.00013145,-0.00000011,-0.00013140
0.00000000,0.00000000,0.00000000,0.00013287,-0.00000011,-0.00013282
0.00000000,0.00000000,0.00000000,0.00013428,-0.00000012,-0.00013424
0.00000000,0.00000000,0.00000000,0.00013569,-0.00000012,-0.00013565
0.00000000,0.00000000,0.00000000,0.00013710,-0.00000012,-0.00013706
0.00000000,0.00000000,0.00000000,0.00013851,-0.00000012,-0.00013847
0.00000000,0.00000000,0.00000000,0.00013991,-0.00000012,-0.00013987
0.00000000,0.00000000,0.00000000,0.00014130,-0.00000012,-0.00014126
0.00000000,0.00000000,0.00000000,0.00014269,-0.00000012,-0.00014266
0.00000000,0.00000000,0.00000000,0.00014408,-0.00000012,-0.00014405
0.00000000,0.00000000,0.00000000,0.00014546,-0.00000012,-0.00014543
0.00000000,0.00000000,0.00000000,0.00014684,-0.00000012,-0.00014681
0.00000000,0.00000000,0.00000000,0.00014821,-0.00000013,-0.00014818
0.00000000,0.00000000,0.00000000,0.00014957,-0.00000013,-0.00014954
0.00000000,0.00000000,0.00000000,0.00015092,-0.00000013,-0.00015090
0.00000000,0.00000000,0.00000000,0.00015227,-0.00000013,-0.00015225
0.00000000,0.00000000,0.00000000,0.00015362,-0.00000013,-0.00015360
0.00000000,0.00000000,0.00000000,0.00015495,-0.00000013,-0.00015493
0.00000000,0.00000000,0.00000000,0.00015628,-0.00000013,-0.00015626
0.00000001,0.00000000,0.00000001,0.00015760,-0.00000014,-0.00015759
0.00000000,0.00000000,0.00000000,0.00015891,-0.00000014,-0.00015890
0.00000000,0.00000000,0.00000000,0.00016021,-0.00000014,-0.00016020
0.00000000,0.00000000,0.00000000,0.00016151,-0.00000014,-0.00016150
0.00000000,0.00000000,0.00000000,0.00016279,-0.00000014,-0.00016279
0.00000001,0.00000000,0.00000001,0.00016407,-0.00000015,-0.00016406
0.00000001,0.00000000,0.00000001,0.00016533,-0.00000015,-0.00016533
0.00000000,0.00000000,0.00000000,0.00016659,-0.00000015,-0.00016659
0.00000000,0.00000000,0.00000000,0.00016783,-0.00000015,-0.00016783
0.00000000,0.00000000,0.00000000,0.00016906,-0.00000016,-0.00016907
0.00000000,0.00000000,0.00000000,0.00017029,-0.00000016,-0.00017029
0.00000000,0.00000000,0.00000000,0.00017150,-0.00000016,-0.00017151
0.00000001,0.00000000,0.00000001,0.00017270,-0.00000017,-0.00017271
0.00000000,0.00000000,0.00000000,0.00017388,-0.00000017,-0.00017390
0.00000001,0.00000000,0.00000001,0.00017506,-0.00000017,-0.00017508
0.00000000,0.00000000,0.00000000,0.00017622,-0.00000018,-0.00017624
0.00000000,0.00000000,0.00000000,0.00017737,-0.00000018,-0.00017739
0.00000000,0.00000000,0.00000000,0.00017851,-0.00000018,-0.00017853
0.00000000,0.00000000,0.00000000,0.00017963,-0.00000019,-0.00017966
0.00000000,0.00000000,0.00000000,0.00018074,-0.00000019,-0.00018077
0.00000000,0.00000000,0.00000000,0.00018183,-0.00000020,-0.00018187
0.00000000,0.00000000,0.00000000,0.00018291,-0.00000020,-0.00018295
0.00000000,0.00000000,0.00000000,0.00018398,-0.00000021,-0.00018402
0.00000001,0.00000000,0.00000001,0.00018503,-0.00000021,-0.00018507
0.00000000,0.00000000,0.00000000,0.00018607,-0.00000022,-0.00018611
0.00000000,0.00000000,0.00000000,0.00018709,-0.00000022,-0.00018714
0.00000000,0.00000000,0.00000000,0.00018809,-0.00000023,-0.00018814
0.00000000,0.00000000,0.00000000,0.00018908,-0.00000023,-0.00018914
0.00000000,0.00000000,0.00000000,0.00019005,-0.00000024,-0.00019011
0.00000000,0.00000000,0.00000000,0.00019101,-0.00000025,-0.00019107
0.00000000,0.00000000,0.00000000,0.00019195,-0.00000025,-0.00019201
0.00000000,0.00000000,0.00000000,0.00019287,-0.00000026,-0.00019294
0.00000000,0.00000000,0.00000000,0.00019377,-0.00000027,-0.00019384
0.00000000,0.00000000,0.00000000,0.00019466,-0.00000027,-0.00019473
0.00000000,0.00000000,0.00000000,0.00019553,-0.00000028,-0.00019561
0.00000000,0.00000000,0.00000000,0.00019638,-0.00000029,-0.00019646
0.00000000,0.00000000,0.00000000,0.00019721,-0.00000030,-0.00019730
0.00000001,0.00000000,0.00000001,0.00019803,-0.00000031,-0.00019811
0.00000000,0.00000000,0.00000000,0.00019882,-0.00000031,-0.00019891
0.00000000,0.00000000,0.00000000,0.00019960,-0.00000032,-0.00019969
0.00000000,0.00000000,0.00000000,0.00020035,-0.00000033,-0.00020045
0.00000000,0.00000000,0.00000000,0.00020109,-0.00000034,-0.00020119
0.00000000,0.00000000,0.00000000,0.00020181,-0.00000035,-0.00020191
0.00000000,0.00000000,0.00000000,0.00020251,-0.00000036,-0.00020261
0.00000000,0.00000000,0.00000000,0.00020318,-0.00000037,-0.00020330
0.00000001,0.00000000,0.00000001,0.00020384,-0.00000038,-0.00020396
0.00000000,0.00000000,0.00000000,0.00020448,-0.00000039,-0.00020460
0.00000000,0.00000000,0.00000000,0.00020509,-0.00000040,-0.00020521
0.00000000,0.00000000,0.00000000,0.00020569,-0.00000041,-0.00020581
0.00000000,0.00000000,0.00000000,0.00020626,-0.00000042,-0.00020639
0.00000001,0.00000000,0.00000001,0.00020681,-0.00000043,-0.00020695
0.00000000,0.00000000,0.00000000,0.00020734,-0.00000044,-0.00020748
0.00000000,0.00000000,0.00000000,0.00020785,-0.00000045,-0.00020799
0.00000000,0.00000000,0.00000000,0.00020834,-0.00000046,-0.00020848
0.00000000,0.00000000,0.00000000,0.00020880,-0.00000047,-0.00020895
0.00000000,0.00000000,0.00000000,0.00020925,-0.00000049,-0.00020940
0.00000000,0.00000000,0.00000000,0.00020967,-0.00000050,-0.00020982
0.00000000,0.00000000,0.00000000,0.00021007,-0.00000051,-0.00021022
0.00000000,0.00000000,0.00000000,0.00021044,-0.00000052,-0.00021060
0.00000001,0.00000000,0.00000001,0.00021079,-0.00000053,-0.00021096
0.00000000,0.00000000,0.00000000,0.00021112,-0.00000054,-0.00021129
0.00000000,0.00000000,0.00000000,0.00021143,-0.00000056,-0.00021160
0.00000000,0.00000000,0.00000000,0.00021172,-0.00000057,-0.00021189
0.00000000,0.00000000,0.00000000,0.00021198,-0.00000058,-0.00021215
0.00000000,0.00000000,0.00000000,0.00021221,-0.00000059,-0.00021239
0.00000000,0.00000000,0.00000000,0.00021243,-0.00000060,-0.00021261
0.00000000,0.00000000,0.00000000,0.00021262,-0.00000062,-0.00021280
0.00000000,0.00000000,0.00000000,0.00021279,-0.00000063,-0.00021297
0.00000001,0.00000000,0.00000001,0.00021293,-0.00000064,-0.00021312
0.00000000,0.00000000,0.00000000,0.00021305,-0.00000065,-0.00021324
0.00000000,0.00000000,0.00000000,0.00021314,-0.00000066,-0.00021334
0.00000000,0.00000000,0.00000000,0.00021322,-0.00000067,-0.00021341
0.00000000,0.00000000,0.00000000,0.00021326,-0.00000069,-0.00021346
0.00000001,0.00000000,0.00000001,0.00021329,-0.00000070,-0.00021349
0.00000000,0.00000000,0.00000000,0.00021329,-0.00000071,-0.00021349
0.00000000,0.00000000,0.00000000,0.00021326,-0.00000072,-0.00021347
0.00000000,0.00000000,0.00000000,0.00021322,-0.00000073,-0.00021342
0.00000000,0.00000000,0.00000000,0.00021314,-0.00000074,-0.00021335
0.00000000,0.00000000,0.00000000,0.00021305,-0.00000075,-0.00021326
0.00000000,0.00000000,0.00000000,0.00021293,-0.00000076,-0.00021314
0.00000000,0.00000000,0.00000000,0.00021278,-0.00000077,-0.00021300
0.00000000,0.00000000,0.00000000,0.00021262,-0.00000078,-0.00021283
0.00000000,0.00000000,0.00000000,0.00021242,-0.00000079,-0.00021264
0.00000000,0.00000000,0.00000000,0.00021221,-0.00000079,-0.00021242
0.00000000,0.00000000,0.00000000,0.00021196,-0.00000080,-0.00021218
0.00000000,0.00000000,0.00000000,0.00021170,-0.00000081,-0.00021192
0.00000000,0.00000000,0.00000000,0.00021141,-0.00000082,-0.00021163
0.00000000,0.00000000,0.00000000,0.00021110,-0.00000083,-0.00021132
0.00000000,0.00000000,0.00000000,0.00021076,-0.00000083,-0.00021098
0.00000000,0.00000000,0.00000000,0.00021040,-0.00000084,-0.00021062
0.00000000,0.00000000,0.00000000,0.00021001,-0.00000084,-0.00021023
0.00000001,0.00000000,0.00000001,0.00020961,-0.00000085,-0.00020983
0.00000001,0.00000000,0.00000001,0.00020917,-0.00000085,-0.00020939
0.00000000,0.00000000,0.00000000,0.00020872,-0.00000086,-0.00020894
0.00000000,0.00000000,0.00000000,0.00020824,-0.00000086,-0.00020846
0.00000000,0.00000000,0.00000000,0.00020774,-0.00000087,-0.00020795
0.00000000,0.00000000,0.00000000,0.00020721,-0.00000087,-0.00020743
0.00000000,0.00000000,0.00000000,0.00020666,-0.00000087,-0.00020688
0.00000000,0.00000000,0.00000000,0.00020609,-0.00000087,-0.00020630
0.00000000,0.00000000,0.00000000,0.00020549,-0.00000088,-0.00020571
0.00000000,0.00000000,0.00000000,0.00020487,-0.00000088,-0.00020509
0.00000000,0.00000000,0.00000000,0.00020423,-0.00000088,-0.00020444
0.00000000,0.00000000,0.00000000,0.00020357,-0.00000088,-0.00020378
0.00000000,0.00000000,0.00000000,0.00020288,-0.00000088,-0.00020309
0.00000000,0.00000000,0.00000000,0.00020217,-0.00000088,-0.00020238
0.00000000,0.00000000,0.00000000,0.00020144,-0.00000087,-0.00020165
0.00000000,0.00000000,0.00000000,0.00020069,-0.00000087,-0.00020089
0.00000000,0.00000000,0.00000000,0.00019991,-0.00000087,-0.00020012
0.00000001,0.00000000,0.00000001,0.00019912,-0.00000087,-0.00019932
0.00000000,0.00000000,0.00000000,0.00019830,-0.00000086,-0.00019850
0.00000000,0.00000000,0.00000000,0.00019746,-0.00000086,-0.00019766
0.00000001,0.00000000,0.00000001,0.00019660,-0.00000086,-0.00019680
0.00000000,0.00000000,0.00000000,0.00019572,-0.00000085,-0.00019591
0.00000000,0.00000000,0.00000000,0.00019482,-0.00000084,-0.00019501
0.00000000,0.00000000,0.00000000,0.00019389,-0.00000084,-0.00019409
0.00000000,0.00000000,0.00000000,0.00019295,-0.00000083,-0.00019314
0.00000000,0.00000000,0.00000000,0.00019199,-0.00000083,-0.00019218
0.00000000,0.00000000,0.00000000,0.00019101,-0.00000082,-0.00019119
0.00000000,0.00000000,0.00000000,0.00019001,-0.00000081,-0.00019019
0.00000000,0.00000000,0.00000000,0.00018899,-0.00000080,-0.00018917
0.00000000,0.00000000,0.00000000,0.00018795,-0.00000079,-0.00018813
0.00000000,0.00000000,0.00000000,0.00018689,-0.00000079,-0.00018707
0.00000000,0.00000000,0.00000000,0.00018582,-0.00000078,-0.00018599
0.00000000,0.00000000,0.00000000,0.00018472,-0.00000077,-0.00018489
0.00000000,0.00000000,0.00000000,0.00018361,-0.00000076,-0.00018378
0.00000001,0.00000000,0.00000001,0.00018248,-0.00000075,-0.00018265
0.00000000,0.00000000,0.00000000,0.00018134,-0.00000074,-0.00018150
0.00000000,0.00000000,0.00000000,0.00018017,-0.00000073,-0.00018034
0.00000000,0.00000000,0.00000000,0.00017900,-0.00000072,-0.00017916
0.00000000,0.00000000,0.00000000,0.00017780,-0.00000070,-0.00017796
0.00000000,0.00000000,0.00000000,0.00017659,-0.00000069,-0.00017675
0.00000000,0.00000000,0.00000000,0.00017537,-0.00000068,-0.00017552
0.00000000,0.00000000,0.00000000,0.00017412,-0.00000067,-0.00017428
0.00000000,0.00000000,0.00000000,0.00017287,-0.00000066,-0.00017302
0.00000000,0.00000000,0.00000000,0.00017160,-0.00000064,-0.00017175
0.00000000,0.00000000,0.00000000,0.00017032,-0.00000063,-0.00017046
0.00000000,0.00000000,0.00000000,0.00016902,-0.00000062,-0.00016916
0.00000000,0.00000000,0.00000000,0.00016771,-0.00000061,-0.00016785
0.00000000,0.00000000,0.00000000,0.00016639,-0.00000059,-0.00016652
0.00000000,0.00000000,0.00000000,0.00016505,-0.00000058,-0.00016518
0.00000000,0.00000000,0.00000000,0.00016370,-0.00000057,-0.00016383
0.00000000,0.00000000,0.00000000,0.00016235,-0.00000055,-0.00016247
0.00000001,0.00000000,0.00000001,0.00016098,-0.00000054,-0.00016110
0.00000000,0.00000000,0.00000000,0.00015959,-0.00000053,-0.00015972
0.00000000,0.00000000,0.00000000,0.00015820,-0.00000051,-0.00015833
0.00000000,0.00000000,0.00000000,0.00015680,-0.00000050,-0.00015692
0.00000000,0.00000000,0.00000000,0.00015539,-0.00000049,-0.00015551
0.00000000,0.00000000,0.00000000,0.00015397,-0.00000047,-0.00015409
0.00000000,0.00000000,0.00000000,0.00015254,-0.00000046,-0.00015266
0.00000000,0.00000000,0.00000000,0.00015111,-0.00000045,-0.00015122
0.00000001,0.00000000,0.00000001,0.00014966,-0.00000043,-0.00014977
0.00000000,0.00000000,0.00000000,0.00014821,-0.00000042,-0.00014832
0.00000000,0.00000000,0.00000000,0.00014675,-0.00000041,-0.00014686
0.00000000,0.00000000,0.00000000,0.00014529,-0.00000040,-0.00014539
0.00000000,0.00000000,0.00000000,0.00014382,-0.00000038,-0.00014392
0.00000000,0.00000000,0.00000000,0.00014234,-0.00000037,-0.00014244
0.00000000,0.00000000,0.00000000,0.00014086,-0.00000036,-0.00014096
0.00000000,0.00000000,0.00000000,0.00013938,-0.00000035,-0.00013947
0.00000000,0.00000000,0.00000000,0.00013789,-0.00000033,-0.00013798
0.00000000,0.00000000,0.00000000,0.00013639,-0.00000032,-0.00013648
0.00000000,0.00000000,0.00000000,0.00013489,-0.00000031,-0.00013498
0.00000000,0.00000000,0.00000000,0.00013339,-0.00000030,-0.00013348
0.00000000,0.00000000,0.00000000,0.00013189,-0.00000029,-0.00013198
0.00000000,0.00000000,0.00000000,0.00013039,-0.00000027,-0.00013047
0.00000001,0.00000000,0.00000001,0.00012888,-0.00000026,-0.00012896
0.00000000,0.00000000,0.00000000,0.00012737,-0.00000025,-0.00012745
0.00000001,0.00000000,0.00000001,0.00012586,-0.00000024,-0.00012594
0.00000000,0.00000000,0.00000000,0.00012436,-0.00000023,-0.00012443
0.00000000,0.00000000,0.00000000,0.00012285,-0.00000022,-0.00012292
0.00000001,0.00000000,0.00000001,0.00012134,-0.00000021,-0.00012142
0.00000000,0.00000000,0.00000000,0.00011983,-0.00000020,-0.00011991
0.00000000,0.00000000,0.00000000,0.00011833,-0.00000019,-0.00011840
0.00000000,0.00000000,0.00000000,0.00011683,-0.00000018,-0.00011690
0.00000000,0.00000000,0.00000000,0.00011533,-0.00000017,-0.00011540
0.00000000,0.00000000,0.00000000,0.00011383,-0.00000016,-0.00011390
0.00000000,0.00000000,0.00000000,0.00011233,-0.00000015,-0.00011240
0.00000000,0.00000000,0.00000000,0.00011084,-0.00000015,-0.00011091
0.00000000,0.00000000,0.00000000,0.00010936,-0.00000014,-0.00010942
0.00000000,0.00000000,0.00000000,0.00010787,-0.00000013,-0.00010794
0.00000001,0.00000000,0.00000001,0.00010640,-0.00000012,-0.00010646
0.00000001,0.00000000,0.00000001,0.00010492,-0.00000011,-0.00010498
0.00000000,0.00000000,0.00000000,0.00010346,-0.00000011,-0.00010352
0.00000000,0.00000000,0.00000000,0.00010200,-0.00000010,-0.00010205
0.00000000,0.00000000,0.00000000,0.00010054,-0.00000009,-0.00010060
0.00000000,0.00000000,0.00000000,0.00009909,-0.00000009,-0.00009915
0.00000000,0.00000000,0.00000000,0.00009765,-0.00000008,-0.00009771
0.00000000,0.00000000,0.00000000,0.00009622,-0.00000007,-0.00009627
0.00000000,0.00000000,0.00000000,0.00009479,-0.00000007,-0.00009485
0.00000000,0.00000000,0.00000000,0.00009338,-0.00000006,-0.00009343
0.00000001,0.00000000,0.00000001,0.00009197,-0.00000006,-0.00009202
0.00000001,0.00000000,0.00000001,0.00009057,-0.00000005,-0.00009062
0.00000000,0.00000000,0.00000000,0.00008918,-0.00000005,-0.00008922
0.00000000,0.00000000,0.00000000,0.00008779,-0.00000004,-0.00008784
0.00000000,0.00000000,0.00000000,0.00008642,-0.00000004,-0.00008647
0.00000000,0.00000000,0.00000000,0.00008506,-0.00000003,-0.00008511
0.00000000,0.00000000,0.00000000,0.00008371,-0.00000003,-0.00008375
0.00000000,0.00000000,0.00000000,0.00008237,-0.00000002,-0.00008241
0.00000000,0.00000000,0.00000000,0.00008104,-0.00000002,-0.00008108
0.00000000,0.00000000,0.00000000,0.00007972,-0.00000002,-0.00007976
0.00000000,0.00000000,0.00000000,0.00007841,-0.00000001,-0.00007845
0.00000000,0.00000000,0.00000000,0.00007712,-0.00000001,-0.00007716
0.00000001,0.00000000,0.00000001,0.00007583,-0.00000001,-0.00007587
0.00000000,0.00000000,0.00000000,0.00007456,-0.00000000,-0.00007460
0.00000000,0.00000000,0.00000000,0.00007330,-0.00000000,-0.00007334
0.00000000,0.00000000,0.00000000,0.00007206,0.00000000,-0.00007209
0.00000000,0.00000000,0.00000000,0.00007082,0.00000000,-0.00007086
0.00000000,0.00000000,0.00000000,0.00006960,0.00000001,-0.00006964
0.00000000,0.00000000,0.00000000,0.00006839,0.00000001,-0.00006843
0.00000000,0.00000000,0.00000000,0.00006720,0.00000001,-0.00006723
0.00000000,0.00000000,0.00000000,0.00006602,0.00000001,-0.00006605
0.00000000,0.00000000,0.00000000,0.00006485,0.00000001,-0.00006488
0.00000000,0.00000000,0.00000000,0.00006370,0.00000002,-0.00006373
0.00000000,0.00000000,0.00000000,0.00006256,0.00000002,-0.00006259
0.00000000,0.00000000,0.00000000,0.00006143,0.00000002,-0.00006146
0.00000000,0.00000000,0.00000000,0.00006032,0.00000002,-0.00006035
0.00000000,0.00000000,0.00000000,0.00005922,0.00000002,-0.00005925
0.00000000,0.00000000,0.00000000,0.00005814,0.00000002,-0.00005817
0.00000000,0.00000000,0.00000000,0.00005707,0.00000002,-0.00005710
0.00000000,0.00000000,0.00000000,0.00005602,0.00000002,-0.00005605
0.00000000,0.00000000,0.00000000,0.00005498,0.00000003,-0.00005501
0.00000000,0.00000000,0.00000000,0.00005395,0.00000003,-0.00005398
0.00000001,0.00000000,0.00000001,0.00005294,0.00000003,-0.00005297
0.00000000,0.00000000,0.00000000,0.00005195,0.00000003,-0.00005197
0.00000000,0.00000000,0.00000000,0.00005097,0.00000003,-0.00005099
0.00000000,0.00000000,0.00000000,0.00005000,0.00000003,-0.00005003
0.00000000,0.00000000,0.00000000,0.00004905,0.00000003,-0.00004907
0.00000000,0.00000000,0.00000000,0.00004811,0.00000003,-0.00004814
0.00000000,0.00000000,0.00000000,0.00004719,0.00000003,-0.00004721
0.00000000,0.00000000,0.00000000,0.00004628,0.00000003,-0.00004631
0.00000000,0.00000000,0.00000000,0.00004539,0.00000003,-0.00004541
0.00000000,0.00000000,0.00000000,0.00004451,0.00000003,-0.00004453
0.00000000,0.00000000,0.00000000,0.00004365,0.00000003,-0.00004367
0.00000000,0.00000000,0.00000000,0.00004280,0.00000003,-0.00004282
0.00000000,0.00000000,0.00000000,0.00004196,0.00000003,-0.00004198
0.00000000,0.00000000,0.00000000,0.00004114,0.00000003,-0.00004116
0.00000000,0.00000000,0.00000000,0.00004034,0.00000003,-0.00004036
0.00000000,0.00000000,0.00000000,0.00003954,0.00000003,-0.00003956
0.00000000,0.00000000,0.00000000,0.00003877,0.00000003,-0.00003879
0.00000000,0.00000000,0.00000000,0.00003800,0.00000003,-0.00003802
0.00000000,0.00000000,0.00000000,0.00003725,0.00000003,-0.00003727
0.00000000,0.00000000,0.00000000,0.00003651,0.00000003,-0.00003653
0.00000000,0.00000000,0.00000000,0.00003579,0.00000003,-0.00003581
0.00000000,0.00000000,0.00000000,0.00003508,0.00000003,-0.00003510
0.00000000,0.00000000,0.00000000,0.00003438,0.00000003,-0.00003440
0.00000000,0.00000000,0.00000000,0.00003370,0.00000003,-0.00003372
0.00000000,0.00000000,0.00000000,0.00003303,0.00000002,-0.00003305
0.00000000,0.00000000,0.00000000,0.00003237,0.00000002,-0.00003239
0.00000000,0.00000000,0.00000000,0.00003173,0.00000002,-0.00003174
0.00000000,0.00000000,0.00000000,0.00003109,0.00000002,-0.00003111
0.00000000,0.00000000,0.00000000,0.00003047,0.00000002,-0.00003049
0.00000001,0.00000000,0.00000001,0.00002987,0.00000002,-0.00002988
0.00000000,0.00000000,0.00000000,0.00002927,0.00000002,-0.00002928
0.00000000,0.00000000,0.00000000,0.00002868,0.00000002,-0.00002870
0.00000000,0.00000000,0.00000000,0.00002811,0.00000002,-0.00002813
0.00000000,0.00000000,0.00000000,0.00002755,0.00000002,-0.00002756
0.00000000,0.00000000,0.00000000,0.00002700,0.00000002,-0.00002701
0.00000000,0.00000000,0.00000000,0.00002646,0.00000002,-0.00002647
0.00000000,0.00000000,0.00000000,0.00002593,0.00000002,-0.00002594
0.00000000,0.00000000,0.00000000,0.00002541,0.00000002,-0.00002542
0.00000000,0.00000000,0.00000000,0.00002490,0.00000002,-0.00002492
0.00000000,0.00000000,0.00000000,0.00002440,0.00000002,-0.00002442
0.00000000,0.00000000,0.00000000,0.00002392,0.00000002,-0.00002393
0.00000000,0.00000000,0.00000000,0.00002344,0.00000002,-0.00002345
0.00000000,0.00000000,0.00000000,0.00002297,0.00000002,-0.00002298
0.00000000,0.00000000,0.00000000,0.00002251,0.00000002,-0.00002252
0.00000000,0.00000000,0.00000000,0.00002206,0.00000002,-0.00002207
0.00000000,0.00000000,0.00000000,0.00002162,0.00000002,-0.00002163
0.00000000,0.00000000,0.00000000,0.00002119,0.00000002,-0.00002120
0.00000000,0.00000000,0.00000000,0.00002076,0.00000002,-0.00002077
0.00000000,0.00000000,0.00000000,0.00002034,0.00000002,-0.00002035
0.00000000,0.00000000,0.00000000,0.00001993,0.00000002,-0.00001994
0.00000000,0.00000000,0.00000000,0.00001951,0.00000002,-0.00001953
0.00000000,0.00000000,0.00000000,0.00001909,0.00000002,-0.00001911
0.00000000,0.00000000,0.00000000,0.00001866,0.00000002,-0.00001869
0.00000000,0.00000000,0.00000000,0.00001822,0.00000001,-0.00001826
0.00000000,0.00000000,0.00000000,0.00001776,0.00000002,-0.00001782
0.00000000,0.00000000,0.00000000,0.00001728,0.00000002,-0.00001735
0.00000000,0.00000000,0.00000000,0.00001675,0.00000002,-0.00001686
0.00000000,0.00000000,0.00000000,0.00001619,0.00000002,-0.00001633
0.00000000,0.00000000,0.00000000,0.00001558,0.00000002,-0.00001576
0.00000000,0.00000000,0.00000000,0.00001491,0.00000002,-0.00001514
0.00000000,0.00000000,0.00000000,0.00001417,0.00000002,-0.00001447
0.00000000,0.00000000,0.00000000,0.00001336,0.00000002,-0.00001374
0.00000000,0.00000000,0.00000000,0.00001247,0.00000002,-0.00001293
0.00000000,0.00000000,0.00000000,0.00001148,0.00000002,-0.00001205
0.00000000,0.00000000,0.00000000,0.00001040,0.00000002,-0.00001108
0.00000000,0.00000000,0.00000000,0.00000922,0.00000003,-0.00001002
0.00000000,0.00000000,0.00000000,0.00000793,0.00000003,-0.00000886
0.00000001,0.00000000,0.00000001,0.00000652,0.00000003,-0.00000760
0.00000000,0.00000000,0.00000000,0.00000500,0.00000003,-0.00000623
0.00000000,0.00000000,0.00000000,0.00000336,0.00000004,-0.00000475
0.00000000,0.00000000,0.00000000,0.00000160,0.00000004,-0.00000315
0.00000000,0.00000000,0.00000000,-0.00000029,0.00000004,-0.00000144
0.00000000,0.00000000,0.00000000,-0.00000230,0.00000004,0.00000040
0.00000000,0.00000000,0.00000000,-0.00000443,0.00000004,0.00000236
0.00000000,0.00000000,0.00000000,-0.00000668,0.00000004,0.00000444
0.00000000,0.00000000,0.00000000,-0.00000904,0.00000005,0.00000664
0.00000000,0.00000000,0.00000000,-0.00001152,0.00000005,0.00000897
0.00000000,0.00000000,0.00000000,-0.00001410,0.00000005,0.00001141
0.00000000,0.00000000,0.00000000,-0.00001678,0.00000005,0.00001397
0.00000000,0.00000000,0.00000000,-0.00001956,0.00000005,0.00001663
0.00000000,0.00000000,0.00000000,-0.00002242,0.00000005,0.00001941
0.00000000,0.00000000,0.00000000,-0.00002535,0.00000005,0.00002228
0.00000000,0.00000000,0.00000000,-0.00002835,0.00000005,0.00002525
0.00000000,0.00000000,0.00000000,-0.00003140,0.00000005,0.00002830
0.00000000,0.00000000,0.00000000,-0.00003450,0.00000005,0.00003143
0.00000000,0.00000000,0.00000000,-0.00003764,0.00000004,0.00003462
0.00000000,0.00000000,0.00000000,-0.00004079,0.00000004,0.00003788
0.00000000,0.00000000,0.00000000,-0.00004396,0.00000004,0.00004118
0.00000000,0.00000000,0.00000000,-0.00004712,0.00000004,0.00004452
0.00000000,0.00000000,0.00000000,-0.00005027,0.00000004,0.00004789
0.00000000,0.00000000,0.00000000,-0.00005340,0.00000004,0.00005128
0.00000000,0.00000000,0.00000000,-0.00005648,0.00000004,0.00005466
0.00000000,0.00000000,0.00000000,-0.00005952,0.00000005,0.00005804
0.00000000,0.00000000,0.00000000,-0.00006249,0.00000005,0.00006140
0.00000000,0.00000000,0.00000000,-0.00006539,0.00000005,0.00006472
0.00000000,0.00000000,0.00000000,-0.00006820,0.00000006,0.00006799
0.00000000,0.00000000,0.00000000,-0.00007092,0.00000006,0.00007121
0.00000000,0.00000000,0.00000000,-0.00007352,0.00000007,0.00007435
0.00000000,0.00000000,0.00000000,-0.00007601,0.00000008,0.00007740
0.00000000,0.00000000,0.00000000,-0.00007838,0.00000009,0.00008036
0.00000000,0.00000000,0.00000000,-0.00008060,0.00000010,0.00008320
0.00000000,0.00000000,0.00000000,-0.00008269,0.00000011,0.00008593
0.00000000,0.00000000,0.00000000,-0.00008462,0.00000012,0.00008852
0.00000000,0.00000000,0.00000000,-0.00008639,0.00000013,0.00009096
0.00000000,0.00000000,0.00000000,-0.00008801,0.00000015,0.00009325
0.00000000,0.00000000,0.00000000,-0.00008945,0.00000016,0.00009537
0.00000000,0.00000000,0.00000000,-0.00009073,0.00000018,0.00009732
0.00000000,0.00000000,0.00000000,-0.00009184,0.00000020,0.00009910
0.00000000,0.00000000,0.00000000,-0.00009278,0.00000022,0.00010068
0.00000000,0.00000000,0.00000000,-0.00009354,0.00000023,0.00010208
0.00000000,0.00000000,0.00000000,-0.00009413,0.00000025,0.00010328
0.00000000,0.00000000,0.00000000,-0.00009456,0.00000027,0.00010428
0.00000000,0.00000000,0.00000000,-0.00009482,0.00000029,0.00010509
0.00000000,0.00000000,0.00000000,-0.00009492,0.00000030,0.00010570
0.00000000,0.00000000,0.00000000,-0.00009486,0.00000032,0.00010611
0.00000000,0.00000000,0.00000000,-0.00009465,0.00000034,0.00010633
0.00000000,0.00000000,0.00000000,-0.00009430,0.00000035,0.00010636
0.00000000,0.00000000,0.00000000,-0.00009381,0.00000036,0.00010621
0.00000000,0.00000000,0.00000000,-0.00009320,0.00000037,0.00010589
0.00000000,0.00000000,0.00000000,-0.00009246,0.00000039,0.00010539
0.00000000,0.00000000,0.00000000,-0.00009162,0.00000039,0.00010474
0.00000000,0.00000000,0.00000000,-0.00009067,0.00000040,0.00010394
0.00000000,0.00000000,0.00000000,-0.00008963,0.00000041,0.00010300
0.00000000,0.00000000,0.00000000,-0.00008851,0.00000041,0.00010193
0.00000000,0.00000000,0.00000000,-0.00008731,0.00000042,0.00010075
0.00000000,0.00000000,0.00000000,-0.00008606,0.00000042,0.00009947
0.00000000,0.00000000,0.00000000,-0.00008474,0.00000042,0.00009810
0.00000000,0.00000000,0.00000000,-0.00008339,0.00000042,0.00009665
0.00000000,0.00000000,0.00000000,-0.00008200,0.00000041,0.00009514
0.00000000,0.00000000,0.00000000,-0.00008058,0.00000041,0.00009357
0.00000000,0.00000000,0.00000000,-0.00007914,0.00000041,0.00009197
0.00000000,0.00000000,0.00000000,-0.00007769,0.00000040,0.00009034
0.00000000,0.00000000,0.00000000,-0.00007624,0.00000040,0.00008868
0.00000000,0.00000000,0.00000000,-0.00007479,0.00000039,0.00008702
0.00000000,0.00000000,0.00000000,-0.00007334,0.00000038,0.00008536
0.00000000,0.00000000,0.00000000,-0.00007191,0.00000038,0.00008371
0.00000000,0.00000000,0.00000000,-0.00007049,0.00000037,0.00008207
0.00000000,0.00000000,0.00000000,-0.00006910,0.00000036,0.00008045
0.00000000,0.00000000,0.00000000,-0.00006772,0.00000035,0.00007885
0.00000000,0.00000000,0.00000000,-0.00006637,0.00000035,0.00007728
0.00000000,0.00000000,0.00000000,-0.00006504,0.00000034,0.00007573
0.00000000,0.00000000,0.00000000,-0.00006374,0.00000033,0.00007422
0.00000000,0.00000000,0.00000000,-0.00006247,0.00000033,0.00007273
0.00000000,0.00000000,0.00000000,-0.00006122,0.00000032,0.00007128
0.00000000,0.00000000,0.00000000,-0.00005999,0.00000031,0.00006985
0.00000000,0.00000000,0.00000000,-0.00005879,0.00000031,0.00006846
0.00000000,0.00000000,0.00000000,-0.00005762,0.00000030,0.00006709
0.00000000,0.00000000,0.00000000,-0.00005647,0.00000030,0.00006575
0.00000000,0.00000000,0.00000000,-0.00005534,0.00000029,0.00006443
0.00000000,0.00000000,0.00000000,-0.00005423,0.00000028,0.00006314
0.00000000,0.00000000,0.00000000,-0.00005315,0.00000028,0.00006188
0.00000000,0.00000000,0.00000000,-0.00005208,0.00000027,0.00006064
0.00000000,0.00000000,0.00000000,-0.00005104,0.00000027,0.00005943
0.00000000,0.00000000,0.00000000,-0.00005002,0.00000026,0.00005824
0.00000000,0.00000000,0.00000000,-0.00004902,0.00000026,0.00005708
0.00000000,0.00000000,0.00000000,-0.00004804,0.00000025,0.00005593
0.00000000,0.00000000,0.00000000,-0.00004708,0.00000025,0.00005482
0.00000000,0.00000000,0.00000000,-0.00004614,0.00000024,0.00005372
0.00000000,0.00000000,0.00000000,-0.00004521,0.00000024,0.00005264
0.00000000,0.00000000,0.00000000,-0.00004431,0.00000023,0.00005159
0.00000000,0.00000000,0.00000000,-0.00004342,0.00000023,0.00005056
0.00000000,0.00000000,0.00000000,-0.00004256,0.00000022,0.00004955
0.00000000,0.00000000,0.00000000,-0.00004170,0.00000022,0.00004856
0.00000000,0.00000000,0.00000000,-0.00004087,0.00000021,0.00004759
0.00000000,0.00000000,0.00000000,-0.00004005,0.00000021,0.00004663
0.00000000,0.00000000,0.00000000,-0.00003925,0.00000021,0.00004570
0.00000000,0.00000000,0.00000000,-0.00003847,0.00000020,0.00004479
0.00000000,0.00000000,0.00000000,-0.00003770,0.00000020,0.00004389
0.00000000,0.00000000,0.00000000,-0.00003694,0.00000019,0.00004301
0.00000000,0.00000000,0.00000000,-0.00003620,0.00000019,0.00004215
0.00000000,0.00000000,0.00000000,-0.00003548,0.00000019,0.00004131
0.00000000,0.00000000,0.00000000,-0.00003477,0.00000018,0.00004048
0.00000000,0.00000000,0.00000000,-0.00003408,0.00000018,0.00003968
0.00000000,0.00000000,0.00000000,-0.00003339,0.00000018,0.00003888
0.00000000,0.00000000,0.00000000,-0.00003273,0.00000017,0.00003810
0.00000000,0.00000000,0.00000000,-0.00003207,0.00000017,0.00003734
0.00000000,0.00000000,0.00000000,-0.00003143,0.00000016,0.00003660
0.00000000,0.00000000,0.00000000,-0.00003080,0.00000016,0.00003586
0.00000000,0.00000000,0.00000000,-0.00003019,0.00000016,0.00003515
0.00000000,0.00000000,0.00000000,-0.00002958,0.00000016,0.00003444
0.00000000,0.00000000,0.00000000,-0.00002899,0.00000015,0.00003375
0.00000000,0.00000000,0.00000000,-0.00002841,0.00000015,0.00003308
0.00000000,0.00000000,0.00000000,-0.00002784,0.00000015,0.00003242
0.00000000,0.00000000,0.00000000,-0.00002729,0.00000014,0.00003177
0.00000000,0.00000000,0.00000000,-0.00002674,0.00000014,0.00003113
0.00000000,0.00000000,0.00000000,-0.00002620,0.00000014,0.00003051
0.00000000,0.00000000,0.00000000,-0.00002568,0.00000013,0.00002990
0.00000000,0.00000000,0.00000000,-0.00002517,0.00000013,0.00002930
0.00000000,0.00000000,0.00000000,-0.00002466,0.00000013,0.00002872
0.00000000,0.00000000,0.00000000,-0.00002417,0.00000013,0.00002814
0.00000000,0.00000000,0.00000000,-0.00002369,0.00000012,0.00002758
0.00000000,0.00000000,0.00000000,-0.00002321,0.00000012,0.00002703
0.00000000,0.00000000,0.00000000,-0.00002275,0.00000012,0.00002649
0.00000000,0.00000000,0.00000000,-0.00002229,0.00000012,0.00002596
0.00000000,0.00000000,0.00000000,-0.00002185,0.00000011,0.00002544
0.00000000,0.00000000,0.00000000,-0.00002141,0.00000011,0.00002493
0.00000000,0.00000000,0.00000000,-0.00002098,0.00000011,0.00002443
0.00000000,0.00000000,0.00000000,-0.00002056,0.00000011,0.00002394
0.00000000,0.00000000,0.00000000,-0.00002015,0.00000011,0.00002346
0.00000000,0.00000000,0.00000000,-0.00001975,0.00000010,0.00002299
0.00000000,0.00000000,0.00000000,-0.00001935,0.00000010,0.00002253
0.00000000,0.00000000,0.00000000,-0.00001897,0.00000010,0.00002208
0.00000000,0.00000000,0.00000000,-0.00001859,0.00000010,0.00002164
0.00000000,0.00000000,0.00000000,-0.00001822,0.00000010,0.00002121
0.00000000,0.00000000,0.00000000,-0.00001785,0.00000009,0.00002079
0.00000000,0.00000000,0.00000000,-0.00001749,0.00000009,0.00002037
0.00000000,0.00000000,0.00000000,-0.00001714,0.00000009,0.00001996
0.00000000,0.00000000,0.00000000,-0.00001680,0.00000009,0.00001956
0.00000000,0.00000000,0.00000000,-0.00001647,0.00000009,0.00001917
0.00000000,0.00000000,0.00000000,-0.00001614,0.00000008,0.00001879
0.00000000,0.00000000,0.00000000,-0.00001582,0.00000008,0.00001841
0.00000000,0.00000000,0.00000000,-0.00001550,0.00000008,0.00001805
0.00000000,0.00000000,0.00000000,-0.00001520,0.00000008,0.00001770
0.00000000,0.00000000,0.00000000,-0.00001491,0.00000008,0.00001737
0.00000000,0.00000000,0.00000000,-0.00001463,0.00000008,0.00001705
0.00000000,0.00000000,0.00000000,-0.00001437,0.00000008,0.00001676
0.00000000,0.00000000,0.00000000,-0.00001414,0.00000008,0.00001651
0.00000000,0.00000000,0.00000000,-0.00001392,0.00000008,0.00001629
0.00000000,0.00000000,0.00000000,-0.00001375,0.00000008,0.00001612
0.00000000,0.00000000,0.00000000,-0.00001360,0.00000008,0.00001600
0.00000000,0.00000000,0.00000000,-0.00001350,0.00000008,0.00001595
0.00000000,0.00000000,0.00000000,-0.00001346,0.00000008,0.00001597
0.00000000,0.00000000,0.00000000,-0.00001346,0.00000009,0.00001607
0.00000000,0.00000000,0.00000000,-0.00001353,0.00000009,0.00001626
0.00000000,0.00000000,0.00000000,-0.00001367,0.00000010,0.00001655
0.00000000,0.00000000,0.00000000,-0.00001388,0.00000011,0.00001695
0.00000000,0.00000000,0.00000000,-0.00001418,0.00000012,0.00001747
0.00000000,0.00000000,0.00000000,-0.00001456,0.00000013,0.00001812
0.00000000,0.00000000,0.00000000,-0.00001504,0.00000014,0.00001889
0.00000000,0.00000000,0.00000000,-0.00001562,0.00000015,0.00001981
0.00000000,0.00000000,0.00000000,-0.00001631,0.00000016,0.00002087
0.00000000,0.00000000,0.00000000,-0.00001711,0.00000018,0.00002207
0.00000000,0.00000000,0.00000000,-0.00001802,0.00000020,0.00002343
0.00000000,0.00000000,0.00000000,-0.00001906,0.00000021,0.00002494
0.00000000,0.00000000,0.00000000,-0.00002021,0.00000023,0.00002660
0.00000000,0.00000000,0.00000000,-0.00002149,0.00000025,0.00002842
0.00000000,0.00000000,0.00000000,-0.00002290,0.00000026,0.00003038
0.00000000,0.00000000,0.00000000,-0.00002443,0.00000028,0.00003249
0.00000000,0.00000000,0.00000000,-0.00002609,0.00000030,0.00003474
0.00000000,0.00000000,0.00000000,-0.00002787,0.00000032,0.00003712
0.00000000,0.00000000,0.00000000,-0.00002977,0.00000034,0.00003963
0.00000000,0.00000000,0.00000000,-0.00003179,0.00000035,0.00004225
0.00000000,0.00000000,0.00000000,-0.00003392,0.00000037,0.00004499
0.00000000,0.00000000,0.00000000,-0.00003616,0.00000038,0.00004782
0.00000000,0.00000000,0.00000000,-0.00003850,0.00000040,0.00005073
0.00000000,0.00000000,0.00000000,-0.00004093,0.00000041,0.00005372
0.00000000,0.00000000,0.00000000,-0.00004345,0.00000042,0.00005676
0.00000000,0.00000000,0.00000000,-0.00004605,0.00000043,0.00005986
0.00000000,0.00000000,0.00000000,-0.00004871,0.00000043,0.00006298
0.00000000,0.00000000,0.00000000,-0.00005143,0.00000044,0.00006612
0.00000000,0.00000000,0.00000000,-0.00005419,0.00000045,0.00006927
0.00000000,0.00000000,0.00000000,-0.00005699,0.00000045,0.00007240
0.00000000,0.00000000,0.00000000,-0.00005981,0.00000045,0.00007551
0.00000000,0.00000000,0.00000000,-0.00006263,0.00000045,0.00007858
0.00000000,0.00000000,0.00000000,-0.00006546,0.00000045,0.00008159
0.00000000,0.00000000,0.00000000,-0.00006827,0.00000045,0.00008454
0.00000000,0.00000000,0.00000000,-0.00007105,0.00000044,0.00008742
0.00000000,0.00000000,0.00000000,-0.00007379,0.00000044,0.00009020
0.00000000,0.00000000,0.00000000,-0.00007648,0.00000043,0.00009288
0.00000000,0.00000000,0.00000000,-0.00007910,0.00000043,0.00009544
0.00000000,0.00000000,0.00000000,-0.00008165,0.00000042,0.00009788
0.00000000,0.00000000,0.00000000,-0.00008411,0.00000041,0.00010019
0.00000000,0.00000000,0.00000000,-0.00008647,0.00000040,0.00010236
0.00000000,0.00000000,0.00000000,-0.00008872,0.00000040,0.00010438
0.00000000,0.00000000,0.00000000,-0.00009085,0.00000039,0.00010625
0.00000000,0.00000000,0.00000000,-0.00009285,0.00000038,0.00010795
0.00000000,0.00000000,0.00000000,-0.00009472,0.00000037,0.00010949
0.00000000,0.00000000,0.00000000,-0.00009644,0.00000037,0.00011086
0.00000000,0.00000000,0.00000000,-0.00009801,0.00000036,0.00011206
0.00000000,0.00000000,0.00000000,-0.00009943,0.00000035,0.00011308
0.00000000,0.00000000,0.00000000,-0.00010068,0.00000035,0.00011393
0.00000000,0.00000000,0.00000000,-0.00010178,0.00000034,0.00011460
0.00000000,0.00000000,0.00000000,-0.00010270,0.00000033,0.00011509
0.00000000,0.00000000,0.00000000,-0.00010345,0.00000033,0.00011541
0.00000000,0.00000000,0.00000000,-0.00010403,0.00000032,0.00011556
0.00000000,0.00000000,0.00000000,-0.00010445,0.00000032,0.00011554
0.00000000,0.00000000,0.00000000,-0.00010469,0.00000031,0.00011536
0.00000000,0.00000000,0.00000000,-0.00010477,0.00000031,0.00011502
0.00000000,0.00000000,0.00000000,-0.00010469,0.00000031,0.00011453
0.00000000,0.00000000,0.00000000,-0.00010444,0.00000030,0.00011389
0.00000000,0.00000000,0.00000000,-0.00010405,0.00000030,0.00011312
0.00000000,0.00000000,0.00000000,-0.00010351,0.00000030,0.00011221
0.00000000,0.00000000,0.00000000,-0.00010282,0.00000029,0.00011119
0.00000000,0.00000000,0.00000000,-0.00010201,0.00000029,0.00011005
0.00000000,0.00000000,0.00000000,-0.00010108,0.00000029,0.00010880
0.00000000,0.00000000,0.00000000,-0.00010003,0.00000028,0.00010747
0.00000000,0.00000000,0.00000000,-0.00009888,0.00000028,0.00010605
0.00000000,0.00000000,0.00000000,-0.00009763,0.00000028,0.00010455
0.00000000,0.00000000,0.00000000,-0.00009630,0.00000027,0.00010299
0.00000000,0.00000000,0.00000000,-0.00009491,0.00000027,0.00010138
0.00000000,0.00000000,0.00000000,-0.00009345,0.00000027,0.00009972
0.00000000,0.00000000,0.00000000,-0.00009194,0.00000026,0.00009803
0.00000000,0.00000000,0.00000000,-0.00009039,0.00000026,0.00009631
0.00000000,0.00000000,0.00000000,-0.00008881,0.00000025,0.00009458
0.00000000,0.00000000,0.00000000,-0.00008721,0.00000025,0.00009283
0.00000000,0.00000000,0.00000000,-0.00008559,0.00000024,0.00009108
0.00000000,0.00000000,0.00000000,-0.00008398,0.00000024,0.00008934
0.00000000,0.00000000,0.00000000,-0.00008237,0.00000024,0.00008761
0.00000000,0.00000000,0.00000000,-0.00008076,0.00000023,0.00008590
0.00000000,0.00000000,0.00000000,-0.00007918,0.00000023,0.00008420
0.00000000,0.00000000,0.00000000,-0.00007761,0.00000022,0.00008253
0.00000000,0.00000000,0.00000000,-0.00007607,0.00000022,0.00008089
0.00000000,0.00000000,0.00000000,-0.00007455,0.00000021,0.00007928
0.00000000,0.00000000,0.00000000,-0.00007306,0.00000021,0.00007769
0.00000000,0.00000000,0.00000000,-0.00007160,0.00000020,0.00007614
0.00000000,0.00000000,0.00000000,-0.00007017,0.00000020,0.00007462
